relative_path,lfs_oid_sha256,expected_size_bytes,downloaded_bytes,sha256_verified,skipped_existing,error
Synchronised V abd S datasets/Categorised IOVNB Dataset/M (Driver B)/S-M.csv,26a1ee080da4db98e175e15d6fec631e6f8c285c13817d9d74ecc90ed280d103,19798721,19798721,True,False,
Synchronised V abd S datasets/Categorised IOVNB Dataset/M (Driver B)/V-M.csv,ecf977cb798082d59ad1b03ce5631a61dbf525dfe484eb005ca630b5e95b86af,22507823,22507823,True,False,
Synchronised V abd S datasets/Categorised IOVNB Dataset/S (Driver A)/S1/S-S1.csv,e79a2eea18143b825438f9a11c7d724a97c9e18329776defd4d9291d03d4aaca,9631499,9631499,True,False,
Synchronised V abd S datasets/Categorised IOVNB Dataset/S (Driver A)/S1/V-S1.csv,29e92ed9bcb2d711e651246675c435b3f9499c040cfcad367624e8720c0dc891,10967129,10967129,True,False,
Synchronised V abd S datasets/Categorised IOVNB Dataset/S (Driver A)/S2/S-S2.csv,8f48d68ef4ab225c8381af6fb8ec0f36fe6f6048977eeebecc74cfec50d13cb8,17469302,17469302,True,False,
Synchronised V abd S datasets/Categorised IOVNB Dataset/S (Driver A)/S2/V-S2.csv,0514c4dd38fe24dd7e196ee206b880f4ccd984a255b80e6de984839bce40952c,20091681,20091681,True,False,
Synchronised V abd S datasets/Categorised IOVNB Dataset/S (Driver A)/S3a/S-S3a.csv,b9e45dc8d856271f0a69030b7dd98f32c6b6b88b627138d67e8d3a1b7c5329fe,4580130,4580130,True,False,
Synchronised V abd S datasets/Categorised IOVNB Dataset/S (Driver A)/S3a/V-S3a.csv,1cac1c8045c4f85423f01425881dd7e6814ae167100590c988a5ef141eb9e73f,5286764,5286764,True,False,
Synchronised V abd S datasets/Categorised IOVNB Dataset/S (Driver A)/S3b/S-S3b.csv,19447009a96bd80bb896f3a728283ae2990d94b4cf1ed37f69866ed78ca36901,1253565,1253565,True,False,
Synchronised V abd S datasets/Categorised IOVNB Dataset/S (Driver A)/S3b/V-S3b.csv,d44d29d46b7c46c574cdc90d5633cc90ac1b9cee57fb7f6b90d865aecc14ff64,1464196,1464196,True,False,
Synchronised V abd S datasets/Categorised IOVNB Dataset/S (Driver A)/S3c/S-S3c.csv,b87fa6978d7d50087ca63bfee5230692013485aaccef5474dbc847a9c1498739,6881631,6881631,True,False,
Synchronised V abd S datasets/Categorised IOVNB Dataset/S (Driver A)/S3c/V-S3c.csv,d7a98f02899d331265eb0b892e44d343892ad6ec9dcb1e90ce6c6f80b264c0f3,7976092,7976092,True,False,
Synchronised V abd S datasets/Categorised IOVNB Dataset/S (Driver A)/S4/S-S4.csv,a2bb1e1eb28d111f84963240c54b790f32366f6c5b09dff1713770b52d3f5616,17574514,17574514,True,False,
Synchronised V abd S datasets/Categorised IOVNB Dataset/S (Driver A)/S4/V-S4.csv,8a83103ce0f0b03ffc5adc772193c6738d1df3ac8f0fb4bab055597ac5bcd2c2,20164189,20164189,True,False,
Synchronised V abd S datasets/Categorised IOVNB Dataset/Vf (Driver E)/V-Vfa01/S-Vfa01.csv,7f46f770cd49c85185446420bc10db9e7a9ffe4aa190e3b1cc1111220eab04b2,2134667,2134667,True,False,
Synchronised V abd S datasets/Categorised IOVNB Dataset/Vf (Driver E)/V-Vfa01/V-Vfa01.csv,81ad22765340419e1ea88e69e2a92dc38c260f244c5aeb951c88fb668908ad37,2398099,2398099,True,False,
Synchronised V abd S datasets/Categorised IOVNB Dataset/Vf (Driver E)/V-Vfa02/S-Vfa02.csv,ec666af90866254a55578f4e9371860b64602cad0694b02defcc56eec5d85a44,12603657,12603657,True,False,
Synchronised V abd S datasets/Categorised IOVNB Dataset/Vf (Driver E)/V-Vfa02/V-Vfa02.csv,bce837348c306ba343b36f2d44878f0ac1e68ada3c2852bba50056749f40ca7d,13955001,13955001,True,False,
Synchronised V abd S datasets/Categorised IOVNB Dataset/Vta (Driver E)/Vta01a/S-Vta1a.csv,19b9d26888e58c71e28ca6de34dd423e9a779a29b1cf0976d3b2f4f7dac56601,4766740,4766740,True,False,
Synchronised V abd S datasets/Categorised IOVNB Dataset/Vta (Driver E)/Vta01a/V-Vta1a.csv,9522a6f43094ef5de4cfad4bb48a7805c8f470eee3b481564f5cacef28e2afec,5444513,5444513,True,False,
Synchronised V abd S datasets/Categorised IOVNB Dataset/Vta (Driver E)/Vta01b/S-Vta1b.csv,aca49109fc93729d942d13e2008699ac4471fcffae38396127fffaecbe42d5d7,178260,178260,True,False,
Synchronised V abd S datasets/Categorised IOVNB Dataset/Vta (Driver E)/Vta01b/V-Vta1b.csv,35b4e74bd1597d9f82895c3451dbe71a2d4084a3718cbdf8ea7fbb04f206db94,205277,205277,True,False,
Synchronised V abd S datasets/Categorised IOVNB Dataset/Vta (Driver E)/Vta02/S-Vta2.csv,97ef388d6e5cc3ce17ae3d56d69c77052e5d51a6234176eb95a5e4de6cec7fe5,2038713,2038713,True,False,
Synchronised V abd S datasets/Categorised IOVNB Dataset/Vta (Driver E)/Vta02/V-vta2.csv,e7d255100464c70212aa0129e558b7a48d59d606041c8ce2e160e881f9b151e2,2307461,2307461,True,False,
Synchronised V abd S datasets/Categorised IOVNB Dataset/Vta (Driver E)/Vta03/S-Vta3.csv,7c5479fc893131a8c4d75daf73c3b5ae25512a1e194a6ced50fa24633de0f215,116809,116809,True,False,
Synchronised V abd S datasets/Categorised IOVNB Dataset/Vta (Driver E)/Vta03/V-vta3.csv,ef8bf81fdf5df786006e5805dbe09c29c71447cd274991bf47371c28c0f3c19f,137891,137891,True,False,
Synchronised V abd S datasets/Categorised IOVNB Dataset/Vta (Driver E)/Vta04/S-Vta4.csv,0d16cd6deaddf30a98461a546ce47621f4b57fa3fd902623765bad1dd83c0887,331302,331302,True,False,
Synchronised V abd S datasets/Categorised IOVNB Dataset/Vta (Driver E)/Vta04/V-vta4.csv,71acb4e5c50919df05f1f56a0192d392793e9b10e66bbf6a101b6314ee398c33,380874,380874,True,False,
Synchronised V abd S datasets/Categorised IOVNB Dataset/Vta (Driver E)/Vta05/S-Vta5.csv,b9030167541be560621a7aa9ef6a89710cb666ec47ad204f65cb1d96f7606fa0,57485,57485,True,False,
Synchronised V abd S datasets/Categorised IOVNB Dataset/Vta (Driver E)/Vta05/V-vta5.csv,6819d97f1291b377496982e51f5ba2178a083edaf8664b9258ead5e1151d33a2,66401,66401,True,False,
Synchronised V abd S datasets/Categorised IOVNB Dataset/Vta (Driver E)/Vta06/S-Vta6.csv,15ad54e093b7ff783a88db02952fe634ba5b640173c93462d28152f71dcfa8a5,254665,254665,True,False,
Synchronised V abd S datasets/Categorised IOVNB Dataset/Vta (Driver E)/Vta06/V-vta6.csv,728629ca2a30457e7909e79c6a50040a1337274b7ada2003b2863e62a40c547a,289249,289249,True,False,
Synchronised V abd S datasets/Categorised IOVNB Dataset/Vta (Driver E)/Vta07/S-Vta7.csv,eb6e66dbb3397aea7af0c93fe212e9ca0fc8310341083ce64652fe7842248acf,155360,155360,True,False,
Synchronised V abd S datasets/Categorised IOVNB Dataset/Vta (Driver E)/Vta07/V-vta7.csv,031765759d3336fa67fd8c6b98fdfb3a5786d284a5626734375ec61fe8f63e4d,179784,179784,True,False,
Synchronised V abd S datasets/Categorised IOVNB Dataset/Vta (Driver E)/Vta08/S-Vta8.csv,cc1b57b0b539f1e756662c49ff4c4925d66e44396ad283e4d5fa472024675dec,678900,678900,True,False,
Synchronised V abd S datasets/Categorised IOVNB Dataset/Vta (Driver E)/Vta08/V-vta8.csv,93cef7816fb58c250c87bfa3dc02bce8a3a3c211ba08ee72b4a9d4dddf00d481,753939,753939,True,False,
Synchronised V abd S datasets/Categorised IOVNB Dataset/Vta (Driver E)/Vta09/S-Vta9.csv,150b73335a4283e2aba5aa8c5320d32271bf20546005e7f5f60918d8381f5475,29554,29554,True,False,
Synchronised V abd S datasets/Categorised IOVNB Dataset/Vta (Driver E)/Vta09/V-vta9.csv,4f662af06a2ab067efc4741a2b39f478f59e802f763b7bce5d376f420d9de63b,33110,33110,True,False,
Synchronised V abd S datasets/Categorised IOVNB Dataset/Vta (Driver E)/Vta10/S-Vta10.csv,212ba000dbad28b3375cb0e6a3b205a0415be2f3248ecff35e0c3db0089cf0a7,279232,279232,True,False,
Synchronised V abd S datasets/Categorised IOVNB Dataset/Vta (Driver E)/Vta10/V-vta10.csv,6f9911ce3037bf56e8c56b52dd5a87aa70088fe645daed359a5e69578a319834,317921,317921,True,False,
Synchronised V abd S datasets/Categorised IOVNB Dataset/Vta (Driver E)/Vta11/S-Vta11.csv,af147288035d510dc6b315959b7b36dc63d5b327d57c8a9578bc573c18734128,95272,95272,True,False,
Synchronised V abd S datasets/Categorised IOVNB Dataset/Vta (Driver E)/Vta11/V-vta11.csv,e9d6bf8959e32ea8ab098741a11de015d64d00c1a326c3c175916d5b678a7083,111690,111690,True,False,
Synchronised V abd S datasets/Categorised IOVNB Dataset/Vta (Driver E)/Vta12/S-Vta12.csv,9dc5cfe05e00e91feb1f6bf45e19e2c152567776bc6507bfaf037ffa63cd8662,114418,114418,True,False,
Synchronised V abd S datasets/Categorised IOVNB Dataset/Vta (Driver E)/Vta12/V-vta12.csv,21c4f30690769a052de0f97125d4c0e455e7fc527bd8d3e98e34e8bfb2bee81b,128904,128904,True,False,
Synchronised V abd S datasets/Categorised IOVNB Dataset/Vta (Driver E)/Vta13/S-Vta13.csv,b4a8f30e4fa8c1399c9c4d58a8220305d233e99789f2997e47be9dbb2dfa1eb0,76217,76217,True,False,
Synchronised V abd S datasets/Categorised IOVNB Dataset/Vta (Driver E)/Vta13/V-vta13.csv,398df644de6920ef827742a99166cf05c5728f4dddf1379b993123c62419677b,86963,86963,True,False,
Synchronised V abd S datasets/Categorised IOVNB Dataset/Vta (Driver E)/Vta14/S-Vta14.csv,49535f49178bb6c542a62fe57747adc19164fbf3a4a7b0afee19d5cc2bee6894,540523,540523,True,False,
Synchronised V abd S datasets/Categorised IOVNB Dataset/Vta (Driver E)/Vta14/V-vta14.csv,ddd26e084b97fe661ae6e783efbdbc5f45add9e5288cf7800370577ff2bc2b08,612352,612352,True,False,
Synchronised V abd S datasets/Categorised IOVNB Dataset/Vta (Driver E)/Vta15/S-Vta15.csv,9404fbd7420b32f5ca6f369e8a1377bbf854b5b6e3ee38a137c67bf73db5d7f7,156907,156907,True,False,
Synchronised V abd S datasets/Categorised IOVNB Dataset/Vta (Driver E)/Vta15/V-vta15.csv,313565b6b7a44f7e80939527063b87519c0f5bc1937fa84683585e4287076100,175132,175132,True,False,
Synchronised V abd S datasets/Categorised IOVNB Dataset/Vta (Driver E)/Vta16/S-Vta16.csv,efef0aa0fae9e4cc0a40a85335a013fccb96797175819d46d97dfb13a854ce02,2111083,2111083,True,False,
Synchronised V abd S datasets/Categorised IOVNB Dataset/Vta (Driver E)/Vta16/V-vta16.csv,07cc3f87b51c3e68cdf517cb296e68bf0d17f49230baa724bbe96736af2c9da3,2410634,2410634,True,False,
Synchronised V abd S datasets/Categorised IOVNB Dataset/Vta (Driver E)/Vta17/S-Vta17.csv,d918e507f6cf2b0c38004a61e90211e0c43c0a69fe268b468bb0471d80b439ab,839635,839635,True,False,
Synchronised V abd S datasets/Categorised IOVNB Dataset/Vta (Driver E)/Vta17/V-vta17.csv,21dbfe17ff301ac645e0a2be39fd45d9da758d087ccf9e95875b90225a193781,972437,972437,True,False,
Synchronised V abd S datasets/Categorised IOVNB Dataset/Vta (Driver E)/Vta19/S-Vta19.csv,695cf51819c0f0f8b7894df11af667ab2e819bfff991330ceb8d4a3492a22428,54578,54578,True,False,
Synchronised V abd S datasets/Categorised IOVNB Dataset/Vta (Driver E)/Vta19/V-vta19.csv,e5e7fb443b7a92a20ca13cae51d51a73330edda63786f1f7fb37b27aa45d80bc,61675,61675,True,False,
Synchronised V abd S datasets/Categorised IOVNB Dataset/Vta (Driver E)/Vta20/S-Vta20.csv,82c7e730c3aefbc0bbdc6fc9b9d3d6c20071e392bbdf34b78736f54e99632260,582891,582891,True,False,
Synchronised V abd S datasets/Categorised IOVNB Dataset/Vta (Driver E)/Vta20/V-vta20.csv,a5e1f1e6afba77c64cc0a16f389d859f75ea22196cdfca82a523e148c0eafd93,596090,596090,True,False,
Synchronised V abd S datasets/Categorised IOVNB Dataset/Vta (Driver E)/Vta21/S-Vta21.csv,f22951b5bc4fed96a34f9affcb7c1c7118a4461ba8f3c22d910398a5f44d248c,388495,388495,True,False,
Synchronised V abd S datasets/Categorised IOVNB Dataset/Vta (Driver E)/Vta21/V-vta21.csv,82687cefc4799459174ad6f7411fdea28250146d29144ed210c4188aad0999f4,450180,450180,True,False,
Synchronised V abd S datasets/Categorised IOVNB Dataset/Vta (Driver E)/Vta22/S-Vta22.csv,9291970633a370e9f89e966b1790193f80ccce7b4c32a162ac2eed0a1a2b4a82,290331,290331,True,False,
Synchronised V abd S datasets/Categorised IOVNB Dataset/Vta (Driver E)/Vta22/V-vta22.csv,ddd4bb7ffd3aaf080e55c61c4ea5f92388b255fb65405188fa0932cc0dcfcf5c,338739,338739,True,False,
Synchronised V abd S datasets/Categorised IOVNB Dataset/Vta (Driver E)/Vta23/S-Vta23.csv,c5f9f4161bd33ec880d4cabab48189a02db647f86315860dd21bb48f5764cd75,206507,206507,True,False,
Synchronised V abd S datasets/Categorised IOVNB Dataset/Vta (Driver E)/Vta23/V-vta23.csv,8b3508e408d88064cea06fe861879d79c92e368abf43706b87b7cce9ace42d8d,242444,242444,True,False,
Synchronised V abd S datasets/Categorised IOVNB Dataset/Vta (Driver E)/Vta24/S-Vta24.csv,ae6059b51b52fd216c38f4f9f26893207fec80e5a9c75991a51c709b1766f8ce,217212,217212,True,False,
Synchronised V abd S datasets/Categorised IOVNB Dataset/Vta (Driver E)/Vta24/V-vta24.csv,db3726bc5e11c73f1623ff74da229726d014e04a4dbf5ded403906f23ed8f3e5,250448,250448,True,False,
Synchronised V abd S datasets/Categorised IOVNB Dataset/Vta (Driver E)/Vta25/S-Vta25.csv,9ff0c54126af8ccb8bd2707f2cb01505b87d823b74898a55999c312ae3ac69a1,118562,118562,True,False,
Synchronised V abd S datasets/Categorised IOVNB Dataset/Vta (Driver E)/Vta25/V-vta25.csv,4241b50add001a19bab00fa0e165b88fd2280f74fcbae46539c6f8bcc893f79a,135915,135915,True,False,
Synchronised V abd S datasets/Categorised IOVNB Dataset/Vta (Driver E)/Vta26/S-Vta26.csv,d2d0de4a8ff2793825af978523c888e3579c788c98db13542b19f429288bf4d9,358553,358553,True,False,
Synchronised V abd S datasets/Categorised IOVNB Dataset/Vta (Driver E)/Vta26/V-vta26.csv,e1067b6fd8561c4fd7b851f387c6a43df2c6fcd088f0552a321db210a4d05e09,401896,401896,True,False,
Synchronised V abd S datasets/Categorised IOVNB Dataset/Vta (Driver E)/Vta27/S-Vta27.csv,9607f8bbfcb7e92021b113e0971be3f8fec50267d9a4abae875d1062ab10d6d6,471023,471023,True,False,
Synchronised V abd S datasets/Categorised IOVNB Dataset/Vta (Driver E)/Vta27/V-vta27.csv,766e63d6975426dcee66bb9b100daf6291240da1d65b4b1db851d4fd40e334c7,550395,550395,True,False,
Synchronised V abd S datasets/Categorised IOVNB Dataset/Vta (Driver E)/Vta28/S-Vta28.csv,30bece8d988e898902ad4e77d090ea33c80486222293104f78d42bd8611e03fa,781902,781902,True,False,
Synchronised V abd S datasets/Categorised IOVNB Dataset/Vta (Driver E)/Vta28/V-vta28.csv,4778fd71aeb0165a77de1f0abb3a3ecad5b756993e5ec64a24fc025b02c315d2,901238,901238,True,False,
Synchronised V abd S datasets/Categorised IOVNB Dataset/Vta (Driver E)/Vta29/S-Vta29.csv,dc24cf9cd6b8cce2553f283d5c042396d7a4df29b7094321a09585e65d996476,4387027,4387027,True,False,
Synchronised V abd S datasets/Categorised IOVNB Dataset/Vta (Driver E)/Vta29/V-vta29.csv,6c6fbb29e6400817be84ecf2370d98025cfff9debf2f2e73c3ddaa3a9560dd1d,5117097,5117097,True,False,
Synchronised V abd S datasets/Categorised IOVNB Dataset/Vta (Driver E)/Vta30/S-Vta30.csv,d6f65e16288c2fd1150435bca4c2383e323d55935824a8ae21799a8563271ccb,3175640,3175640,True,False,
Synchronised V abd S datasets/Categorised IOVNB Dataset/Vta (Driver E)/Vta30/V-vta30.csv,d73b5ac746240670e9a420fa38bf910eacef4e7eb6a85e4c86c76abcae33fec1,3628928,3628928,True,False,
Synchronised V abd S datasets/Categorised IOVNB Dataset/Vtb (Driver E)/Vtb01/S-Vtb1.csv,7bdca3360c9411c58fdc41e4366fc79f336b087fd89c6d295976504c5e559e64,6052896,6052896,True,False,
Synchronised V abd S datasets/Categorised IOVNB Dataset/Vtb (Driver E)/Vtb01/V-vtb1.csv,8ab039c67c83f62ed1abad0e74c1a92886584e16a67951771fcf9d55cf3d999a,6989783,6989783,True,False,
Synchronised V abd S datasets/Categorised IOVNB Dataset/Vtb (Driver E)/Vtb02/S-Vtb2.csv,6552ab344fe50a0163f980f3d852fef80ac8520530985902206eb7d15b44cfb1,1053029,1053029,True,False,
Synchronised V abd S datasets/Categorised IOVNB Dataset/Vtb (Driver E)/Vtb02/V-vtb2.csv,4a194e6885091663a1df0f3572f8f42118bca278e39680912ce1aa3d4995ee83,1200565,1200565,True,False,
Synchronised V abd S datasets/Categorised IOVNB Dataset/Vtb (Driver E)/Vtb03/S-Vtb3.csv,7cadb0617ec69513de0ee718c707acc72cdb76261ec0ab33e629d8354cbaf883,1530275,1530275,True,False,
Synchronised V abd S datasets/Categorised IOVNB Dataset/Vtb (Driver E)/Vtb03/V-vtb3.csv,17e9cc28a2a6b29038bb969725a96d8f46d514694d7b57686fa4ff0e2118577d,1739502,1739502,True,False,
Synchronised V abd S datasets/Categorised IOVNB Dataset/Vtb (Driver E)/Vtb04/S-Vtb4.csv,cdc2626adc124083a440cefb8a5ed0299e4c5e25aa4a5612316fb3dc784708c4,103090,103090,True,False,
Synchronised V abd S datasets/Categorised IOVNB Dataset/Vtb (Driver E)/Vtb04/V-vtb4.csv,b5aac0532f3eb63843807d10c6130b6c0b39f94c844acd3027ddb2f200b0be6b,118374,118374,True,False,
Synchronised V abd S datasets/Categorised IOVNB Dataset/Vtb (Driver E)/Vtb05/S-Vtb5.csv,4753710832962b5ce8452cf62e314f81744a51dfa166f57f4dd7f678d4a199e8,12010333,12010333,True,False,
Synchronised V abd S datasets/Categorised IOVNB Dataset/Vtb (Driver E)/Vtb05/V-vtb5.csv,a4aac15f70c4555ee69c2898b1254d25a815afa56cdb3e93f592819475272000,13567208,13567208,True,False,
Synchronised V abd S datasets/Categorised IOVNB Dataset/Vtb (Driver E)/Vtb06/S-Vtb6.csv,8ab4e1f0373173eb17f93426a6a2de2c1f01080fbc915c56443308256da28baa,94210,94210,True,False,
Synchronised V abd S datasets/Categorised IOVNB Dataset/Vtb (Driver E)/Vtb06/V-vtb6.csv,3f55326e614a377761a52e9ef1bc09e23653f0d37029679f4c171cacf364cfa3,105659,105659,True,False,
Synchronised V abd S datasets/Categorised IOVNB Dataset/Vtb (Driver E)/Vtb07/S-Vtb7.csv,b798d898dc371334ce8627ed416fcbfc423852b204993bdfe884a2dc11b56696,87349,87349,True,False,
Synchronised V abd S datasets/Categorised IOVNB Dataset/Vtb (Driver E)/Vtb07/V-vtb7.csv,d2a5d2206394b29e775ffa7a240d49770c49168a898d78e0f87e8426dc6f2f32,101086,101086,True,False,
Synchronised V abd S datasets/Categorised IOVNB Dataset/Vtb (Driver E)/Vtb08/S-Vtb8.csv,cdd40e3a04fe2f39eddf8dbaac68db124e0a1d858e70d08992ebc81708701e16,126023,126023,True,False,
Synchronised V abd S datasets/Categorised IOVNB Dataset/Vtb (Driver E)/Vtb08/V-vtb8.csv,0f11eea4a2c183a7bae05c0cc6f795d4344c2bbf621010129de8584747db93b2,138162,138162,True,False,
Synchronised V abd S datasets/Categorised IOVNB Dataset/Vtb (Driver E)/Vtb09/S-Vtb9.csv,0a9dcbe6816e28e6c663f1b90668d37e024f314ee9bc91a674d49eb28b7fb01c,85640,85640,True,False,
Synchronised V abd S datasets/Categorised IOVNB Dataset/Vtb (Driver E)/Vtb09/V-vtb9.csv,ce69ae88e13086a35f6c21ed468959f79084a8e833e60ef886c303ce76297318,93354,93354,True,False,
Synchronised V abd S datasets/Categorised IOVNB Dataset/Vtb (Driver E)/Vtb10/S-Vtb10.csv,b81e128fd1594a0730f36d285c1c447d17a370e6637616e4017b44ff3c714742,37176,37176,True,False,
Synchronised V abd S datasets/Categorised IOVNB Dataset/Vtb (Driver E)/Vtb10/V-vtb10.csv,5b0fe6e9f967fe9e9615defbf3674f9e8843747b6658867e8fee452e17a58d88,42725,42725,True,False,
Synchronised V abd S datasets/Categorised IOVNB Dataset/Vtb (Driver E)/Vtb11/S-Vtb11.csv,cd3ec5fb7285089c5e37e8f42e7e899875839b7911ebec77751d8b1a01d90510,68659,68659,True,False,
Synchronised V abd S datasets/Categorised IOVNB Dataset/Vtb (Driver E)/Vtb11/V-vtb11.csv,e611eb46d62fb695e3b4e64943a50102a770d818b6e0f5a93b021d8eb2d13c71,74838,74838,True,False,
Synchronised V abd S datasets/Categorised IOVNB Dataset/Vtb (Driver E)/Vtb12/S-Vtb12.csv,00e8dc12482919e0cfc43218275390f295c3f3b75e34ebeef0ade8b4809a3f5a,83892,83892,True,False,
Synchronised V abd S datasets/Categorised IOVNB Dataset/Vtb (Driver E)/Vtb12/V-vtb12.csv,dad39fa7ff152dc13ab8e7d903047bcfdb7882c8fe03b7c0f8f12eef07cbc115,94747,94747,True,False,
Synchronised V abd S datasets/Categorised IOVNB Dataset/Vw (Driver E)/Vw01/S-Vw1.csv,41fb71ae3223748b2c0513d5b58338f92f25c85a5dd4e2816a932b263cf5f05b,3524952,3524952,True,False,
Synchronised V abd S datasets/Categorised IOVNB Dataset/Vw (Driver E)/Vw01/V-Vw1.csv,125a3ab348bca6b5d9fb2d52b7ba1f27d4a31f03b7b60b16ef778f7935bb4380,4001856,4001856,True,False,
Synchronised V abd S datasets/Categorised IOVNB Dataset/Vw (Driver E)/Vw02/S-Vw2.csv,c153268bf5f53e173934f50084c598d0c29ba93aad4a3b50b14a314d5402dbab,9883172,9883172,True,False,
Synchronised V abd S datasets/Categorised IOVNB Dataset/Vw (Driver E)/Vw02/V-Vw2.csv,6aeca8956af02a64051042fa4b807e858691ea36b0c5a6642f78a33d5af113db,11341576,11341576,True,False,
Synchronised V abd S datasets/Categorised IOVNB Dataset/Vw (Driver E)/Vw03/S-Vw3.csv,6fa0f3d88a6c7c80cf7adf82b9e969d2de489e799b4f9a604758c8ce479ce7a3,720455,720455,True,False,
Synchronised V abd S datasets/Categorised IOVNB Dataset/Vw (Driver E)/Vw03/V-Vw3.csv,b89ca7c566b668ab0f4c16eda1343f9e0527a31bf6c603212e146ba84928dd6f,839545,839545,True,False,
Synchronised V abd S datasets/Categorised IOVNB Dataset/Vw (Driver E)/Vw04/S-Vw4.csv,0d79ef3cd96f48b611e5da7dd14f4cb6ed0f1f747d247d26847918545440b9d3,23607418,23607418,True,False,
Synchronised V abd S datasets/Categorised IOVNB Dataset/Vw (Driver E)/Vw04/V-Vw4.csv,db9ba7d930842b5f15543c71c1b350f52bef0fe0c27653279d3c35cffb331556,27124526,27124526,True,False,
Synchronised V abd S datasets/Categorised IOVNB Dataset/Vw (Driver E)/Vw05/S-Vw5.csv,0750e1ddccb84440e4984f308872a2ff20c64019b64e27815d79496a7e6dbce6,188883,188883,True,False,
Synchronised V abd S datasets/Categorised IOVNB Dataset/Vw (Driver E)/Vw05/V-Vw5.csv,a9972e12e8ea995a1387b768f625d1cf85444916bff03d0b50d2b133ee97116f,216316,216316,True,False,
Synchronised V abd S datasets/Categorised IOVNB Dataset/Vw (Driver E)/Vw06/S-Vw6.csv,9543a52492106a1ee4ad815f5a2f183e2f7142979f4edb2ae34755d0c4b3a087,238315,238315,True,False,
Synchronised V abd S datasets/Categorised IOVNB Dataset/Vw (Driver E)/Vw06/V-Vw6.csv,2399eafd439216c38749ebc2b2751251f22dd4e3c46b7bce8c42d23b50e485cb,278191,278191,True,False,
Synchronised V abd S datasets/Categorised IOVNB Dataset/Vw (Driver E)/Vw07/S-Vw7.csv,953176680614bf889a938ee4cc940227d820206a2f58942f8a5ff74ada4e7b2f,300843,300843,True,False,
Synchronised V abd S datasets/Categorised IOVNB Dataset/Vw (Driver E)/Vw07/V-Vw7.csv,3ba9d21d1532b4e15dc41ed9e4baa996e1ccf7b447f2fc41ee44564a5dd1f5ef,346895,346895,True,False,
Synchronised V abd S datasets/Categorised IOVNB Dataset/Vw (Driver E)/Vw08/S-Vw8.csv,f1321e689b66128e7b116b9aedb0e8e5304f9566781f8111c4d1f4a933c543a2,287123,287123,True,False,
Synchronised V abd S datasets/Categorised IOVNB Dataset/Vw (Driver E)/Vw08/V-Vw8.csv,0b08f02c7568c47b79ae137f9811b6bead3d1550e60a0be496f7430b0fbb49de,332609,332609,True,False,
Synchronised V abd S datasets/Categorised IOVNB Dataset/Vw (Driver E)/Vw09/S-Vw9.csv,40d96f99b100518c0f2dbe6bf9dbfc94b89e25c865b3d1e6b795d132127d917c,103572,103572,True,False,
Synchronised V abd S datasets/Categorised IOVNB Dataset/Vw (Driver E)/Vw09/V-Vw9.csv,ec3f3b288fe0793b17db003d0b9e1f6a0d6ec594b017ac2251a438df4743dfe7,121383,121383,True,False,
Synchronised V abd S datasets/Categorised IOVNB Dataset/Vw (Driver E)/Vw10/S-Vw10.csv,b2aa8e3d7bae40e9f17cd20fe4c80d79f34b012a07e3b8aeb0eedf5ed42b7790,123092,123092,True,False,
Synchronised V abd S datasets/Categorised IOVNB Dataset/Vw (Driver E)/Vw10/V-Vw10.csv,acec110be8eb7ef43784d195d1bd55e44ac13833ab258b8d7ab696e18ac6b5bd,141457,141457,True,False,
Synchronised V abd S datasets/Categorised IOVNB Dataset/Vw (Driver E)/Vw11/S-Vw11.csv,b9dd70fc7282ba469fdf8835062286bb3cb53bbf4f6d3d2dff4d71c5b597a5c1,924189,924189,True,False,
Synchronised V abd S datasets/Categorised IOVNB Dataset/Vw (Driver E)/Vw11/V-Vw11.csv,5e50658cbdd33fc9dfc0dd462a68996ab31cd6b584b67e6713d4f3d3bf04d455,1032515,1032515,True,False,
Synchronised V abd S datasets/Categorised IOVNB Dataset/Vw (Driver E)/Vw12/S-Vw12.csv,e5598004be4250cba1361d3b7fea8cb45526ce6e8b8efb7466c5a03a2e6fd57e,170958,170958,True,False,
Synchronised V abd S datasets/Categorised IOVNB Dataset/Vw (Driver E)/Vw12/V-Vw12.csv,f474667235581e514d44f371cc81039aacc6c0604669f552f127bdb8c60e370b,188273,188273,True,False,
Synchronised V abd S datasets/Categorised IOVNB Dataset/Vw (Driver E)/Vw13/S-Vw13.csv,8dbdb8d7c3c0790c66dc33bfffd3eb98d59010f849ef15bdf7097b67f23b8733,53041,53041,True,False,
Synchronised V abd S datasets/Categorised IOVNB Dataset/Vw (Driver E)/Vw13/V-Vw13.csv,2b5e7012d2fce26807d48ce46effd70d217574516c6fb77467beffde7f97e767,59207,59207,True,False,
Synchronised V abd S datasets/Categorised IOVNB Dataset/Vw (Driver E)/Vw14a/S-Vw14a.csv,de5b5da05baa7bedd0d9fa66c6faa908823ab731849c1dad0156d400252e4646,585872,585872,True,False,
Synchronised V abd S datasets/Categorised IOVNB Dataset/Vw (Driver E)/Vw14a/V-Vw14a.csv,442bef4ccc4464f0a0a31a332ea9c71e5e14baf7b50080c647e6fa6f7ddb5dbf,651054,651054,True,False,
Synchronised V abd S datasets/Categorised IOVNB Dataset/Vw (Driver E)/Vw14b/S-Vw14b.csv,5f13f8ede6117bb26ea26f977f19282415dc4064368b6ad3a502c8d3c1150b3f,3668924,3668924,True,False,
Synchronised V abd S datasets/Categorised IOVNB Dataset/Vw (Driver E)/Vw14b/V-Vw14b.csv,ee81d26af18170ab6473f2f51bc6f8221be5b7fb233829c537d680b4ba2fa199,4120915,4120915,True,False,
Synchronised V abd S datasets/Categorised IOVNB Dataset/Vw (Driver E)/Vw14c/S-Vw14c.csv,ce97c12ec0c9cff740dfe3a18e17aa0be0b8b7ec43bc53daa01b357dd6bf11d7,2957471,2957471,True,False,
Synchronised V abd S datasets/Categorised IOVNB Dataset/Vw (Driver E)/Vw14c/V-Vw14c.csv,1b3b6d1e2e4d7c89cbe66f7888534cee2d13bf1287d52432a995b7cad8a82c7f,3363425,3363425,True,False,
Synchronised V abd S datasets/Categorised IOVNB Dataset/Vw (Driver E)/Vw15/S-Vw15.csv,7e440cc28168a538f694c07d24b374c75af7cce13cb108e342f5eb2ef5633728,254039,254039,True,False,
Synchronised V abd S datasets/Categorised IOVNB Dataset/Vw (Driver E)/Vw15/V-Vw15.csv,bd65ae3932fc1b6ec64d0347c34bfa66bf3ff8ef276f8aff31c546e0bac2684f,263885,263885,True,False,
Synchronised V abd S datasets/Categorised IOVNB Dataset/Vw (Driver E)/Vw16a/S-Vw16a.csv,1b25f604e07545448be54970cd480b23bc7a37814118d6b86dad10ff29ba8d0f,1100323,1100323,True,False,
Synchronised V abd S datasets/Categorised IOVNB Dataset/Vw (Driver E)/Vw16a/V-Vw16a.csv,0b92aa13c01d1436e10a3b3272a8649e6639630f72d3e2b3c618ae2957a97989,1241037,1241037,True,False,
Synchronised V abd S datasets/Categorised IOVNB Dataset/Vw (Driver E)/Vw16b/S-Vw16b.csv,817fd5f786beebb804b39e00c0da1a541e37074b7dcb843fdb43ea94dbefa190,211892,211892,True,False,
Synchronised V abd S datasets/Categorised IOVNB Dataset/Vw (Driver E)/Vw16b/V-Vw16b.csv,1e81b217eaf6c2340aafbbc122ad738d876013366737437155a4e722eb6fd8ed,239979,239979,True,False,
Synchronised V abd S datasets/Categorised IOVNB Dataset/Vw (Driver E)/Vw17/S-Vw17.csv,cc55c4ce1a945a78ccfa71d3f3e290a30145f88610d1e6cbc541cb1c48cd6ce4,62489,62489,True,False,
Synchronised V abd S datasets/Categorised IOVNB Dataset/Vw (Driver E)/Vw17/V-Vw17.csv,62ab9ddd16621eb70afaeec7237ae7b31499ae5df9e9d57324fc07fe648a48ee,71065,71065,True,False,
Synchronised V abd S datasets/Categorised IOVNB Dataset/Y (Driver D)/Y1/S-Y1.csv,cf17b89f6eec6872de2412f8a17a82ab9821a881c20cbcadc23d867d9e1dde84,13039543,13039543,True,False,
Synchronised V abd S datasets/Categorised IOVNB Dataset/Y (Driver D)/Y1/V-Y1.csv,505749fb081d5a2b0d5e8eeee5865173071feda5a004ffff044560c0a1e16605,14986075,14986075,True,False,
Synchronised V abd S datasets/Uncategorised IOVNB Dataset/S-Dataset/S-M.csv,344ca318664ad2059a3a0e6cc828de48d0d4639f73e9033b1c3855f5c2c4b202,19798716,19798716,True,False,
Synchronised V abd S datasets/Uncategorised IOVNB Dataset/S-Dataset/S-S1.csv,8c4d2678fd79cce7c819437a7d85d7d5cb9e47a63dac7d171ead3f9d052deff1,10011984,10011984,True,False,
Synchronised V abd S datasets/Uncategorised IOVNB Dataset/S-Dataset/S-S2.csv,33787323eade6857d1f8b10f4764bd60040109db697eaa91a119050d1e78feb9,17469297,17469297,True,False,
Synchronised V abd S datasets/Uncategorised IOVNB Dataset/S-Dataset/S-S3a.csv,21c733a257fb0cd5f44a5e73081ae9eabaf4385478f8da7d2e950f26cf645b4f,4730156,4730156,True,False,
Synchronised V abd S datasets/Uncategorised IOVNB Dataset/S-Dataset/S-S3b.csv,b4d103f19dc93cc422393360b0b1baa26797bc24cc59230db927e6cd1c044d9e,1297427,1297427,True,False,
Synchronised V abd S datasets/Uncategorised IOVNB Dataset/S-Dataset/S-S3c.csv,d4f5a3522e31009cc7ea1e851f7666b89829f4950700ca4cbd55f8d5b62692f5,7158727,7158727,True,False,
Synchronised V abd S datasets/Uncategorised IOVNB Dataset/S-Dataset/S-S4.csv,13ec9fc341829e888d69bfbb5d9c7d818c0349ead0297446175aac770bf67421,17574509,17574509,True,False,
Synchronised V abd S datasets/Uncategorised IOVNB Dataset/S-Dataset/S-Vfa01.csv,59612a4ab4b732f4772effbb7e00105a27b9848db7c6404bd85a7ecaa9bd367f,2134661,2134661,True,False,
Synchronised V abd S datasets/Uncategorised IOVNB Dataset/S-Dataset/S-Vfa02.csv,d3c86779c5a037d2fe0d90769e8c799aa46b4a33ce0034f3d18cb43b82bd65d4,12603651,12603651,True,False,
Synchronised V abd S datasets/Uncategorised IOVNB Dataset/S-Dataset/S-Vta10.csv,b02ea9000fc508d0acbc84137fd77c03a772f3cd58c730588299e488475a5468,296597,296597,True,False,
Synchronised V abd S datasets/Uncategorised IOVNB Dataset/S-Dataset/S-Vta11.csv,a8838cdec1e38d3ff382fa33a320698978c717d7932d4e36d1a3afb0277ad95a,99409,99409,True,False,
Synchronised V abd S datasets/Uncategorised IOVNB Dataset/S-Dataset/S-Vta12.csv,8fc611d1e26ae49599eba948b284679403a2dc2455e1eeb8ad5b0d33b9522427,119914,119914,True,False,
Synchronised V abd S datasets/Uncategorised IOVNB Dataset/S-Dataset/S-Vta13.csv,e8b7b3fafaf9aed8587b3881808c60e0d96a44a8e864dba68792e6349898bb9e,79167,79167,True,False,
Synchronised V abd S datasets/Uncategorised IOVNB Dataset/S-Dataset/S-Vta14.csv,c5433508ada00b74f18af8926580a37df39ff18ce3d7686dc15d1684c558343b,578774,578774,True,False,
Synchronised V abd S datasets/Uncategorised IOVNB Dataset/S-Dataset/S-Vta15.csv,d5e3d159bc26c867810747da6a28fe2ac1b89e010284aa3b008a5b68e578658e,166282,166282,True,False,
Synchronised V abd S datasets/Uncategorised IOVNB Dataset/S-Dataset/S-Vta16.csv,78d47491d031a6b198cfab5fe960842e00f8fd3d3c62df74fb861febc66dabf8,2231230,2231230,True,False,
Synchronised V abd S datasets/Uncategorised IOVNB Dataset/S-Dataset/S-Vta17.csv,5a3aad2a0324398c646d6cf7fec25d6f3a172c327d13949d34bddd5d66766cba,897277,897277,True,False,
Synchronised V abd S datasets/Uncategorised IOVNB Dataset/S-Dataset/S-Vta19.csv,3423bcd27075ff76520189ea3f358e0e66bb7a7d1779d7fd769e5ba88135eb64,55537,55537,True,False,
Synchronised V abd S datasets/Uncategorised IOVNB Dataset/S-Dataset/S-Vta1a.csv,a9a6dc797fc3ca55254ad1d14eb040684d0e60eb1a1116d5d4c15c87f73a7914,4766735,4766735,True,False,
Synchronised V abd S datasets/Uncategorised IOVNB Dataset/S-Dataset/S-Vta1b.csv,1e62e9f210b84448e082f9dd9113485251e5b5c828e5367c2f7a903f6a41b91b,188978,188978,True,False,
Synchronised V abd S datasets/Uncategorised IOVNB Dataset/S-Dataset/S-Vta2.csv,0cac6f803344236e0e837921cffe5eedae8fae5bbf27ccba7f7e0dfad28a9c5d,2149518,2149518,True,False,
Synchronised V abd S datasets/Uncategorised IOVNB Dataset/S-Dataset/S-Vta20.csv,46cc5b739067755206657ed5000ae793a9f922a47ca9fedfbd34a081cf85c389,608133,608133,True,False,
Synchronised V abd S datasets/Uncategorised IOVNB Dataset/S-Dataset/S-Vta21.csv,9e0dfb0d30a1ba5867c37af089800fca6df6c377ada82baaa0cc32fd99fe6ab3,414878,414878,True,False,
Synchronised V abd S datasets/Uncategorised IOVNB Dataset/S-Dataset/S-Vta22.csv,3336275769997c639ed0de538f88a3daa45f4f9f551e67a0f9470d53e479b4e1,308800,308800,True,False,
Synchronised V abd S datasets/Uncategorised IOVNB Dataset/S-Dataset/S-Vta23.csv,c6cb54ffdea03f3514c78d3cd424d06fd0136b7a21258375946298477247c477,222406,222406,True,False,
Synchronised V abd S datasets/Uncategorised IOVNB Dataset/S-Dataset/S-Vta24.csv,ede16760a8d19107fcedb0a084685242e48542ac296746f1596f2c7dd32c7fdc,236619,236619,True,False,
Synchronised V abd S datasets/Uncategorised IOVNB Dataset/S-Dataset/S-Vta25.csv,597cb59c618f437610825167de7c9ea610cb7271183210241797fca1814d2a1a,127720,127720,True,False,
Synchronised V abd S datasets/Uncategorised IOVNB Dataset/S-Dataset/S-Vta26.csv,505461570ecf7c3666d353f6b4a339ad9ba2438124f612d2d33db3067cb54fde,387222,387222,True,False,
Synchronised V abd S datasets/Uncategorised IOVNB Dataset/S-Dataset/S-Vta27.csv,0a5b9c6b67355a8d9f2898d18d0417774d5ce664ce37840945020a6c4e7b1d4c,502320,502320,True,False,
Synchronised V abd S datasets/Uncategorised IOVNB Dataset/S-Dataset/S-Vta28.csv,7758d46199aa467768f897427bd5306e98daaee7c83a99ebbd99ea6398d81794,842776,842776,True,False,
Synchronised V abd S datasets/Uncategorised IOVNB Dataset/S-Dataset/S-Vta29.csv,ad6f4046b8cb36e1fc2acf29bc790b795d70c0f585eb4bf8b51898aa0fb93bbd,4387022,4387022,True,False,
Synchronised V abd S datasets/Uncategorised IOVNB Dataset/S-Dataset/S-Vta3.csv,6b9f3372ca12ea7e96968fe3f92bc161d1d52249f1aa7dfab3af1711d905021d,123424,123424,True,False,
Synchronised V abd S datasets/Uncategorised IOVNB Dataset/S-Dataset/S-Vta30.csv,6eddd2c7cee20e5625b2bd17e4299fb61cf7c998776968d078142f0a57fbef6a,3175635,3175635,True,False,
Synchronised V abd S datasets/Uncategorised IOVNB Dataset/S-Dataset/S-Vta4.csv,e6ed618845fe8a0c48f77324353908db61a959d9618247683d6f47b43e230e17,349178,349178,True,False,
Synchronised V abd S datasets/Uncategorised IOVNB Dataset/S-Dataset/S-Vta5.csv,f4780e7cfdcf840fa89bfbd5c68da4fea7a17c864af548d2c269c0f05719238f,60433,60433,True,False,
Synchronised V abd S datasets/Uncategorised IOVNB Dataset/S-Dataset/S-Vta6.csv,4042bf4ac484138343dfcc2d1d923ca261e56dcb6c05ee536940c65c82a1ac70,272232,272232,True,False,
Synchronised V abd S datasets/Uncategorised IOVNB Dataset/S-Dataset/S-Vta7.csv,226b815eaf40a2f5756f0daca329c84eb18dc446c33b3332c456dcdcae08afef,164330,164330,True,False,
Synchronised V abd S datasets/Uncategorised IOVNB Dataset/S-Dataset/S-Vta8.csv,d537ba88363da44ac758ecce88f4806ef2a44ccceede1b6cd2ff7fd1773ddd55,723761,723761,True,False,
Synchronised V abd S datasets/Uncategorised IOVNB Dataset/S-Dataset/S-Vta9.csv,313f6705b2a7b92ea5503edf5ea380b816e75c3d2f032a2914c9be15bcaa4b1a,31642,31642,True,False,
Synchronised V abd S datasets/Uncategorised IOVNB Dataset/S-Dataset/S-Vtb1.csv,54a63803daedf7d05ced73ce1512f5ad8d2abfd423ee422182e3d9c8bc5f5dd5,6052891,6052891,True,False,
Synchronised V abd S datasets/Uncategorised IOVNB Dataset/S-Dataset/S-Vtb10.csv,5fc125c8d12a042ebb41402795f0b35f84f0c96d348f5600f8f593daa15a57ad,38686,38686,True,False,
Synchronised V abd S datasets/Uncategorised IOVNB Dataset/S-Dataset/S-Vtb11.csv,de859ad661ccfeee82d9605a43362bcc2a36f59af8d5c862efc36daa04f67f5d,70204,70204,True,False,
Synchronised V abd S datasets/Uncategorised IOVNB Dataset/S-Dataset/S-Vtb12.csv,00d15f725f9c5f83f0782bd75c442cf6912c244c232b33919466c741e87d4a79,87659,87659,True,False,
Synchronised V abd S datasets/Uncategorised IOVNB Dataset/S-Dataset/S-Vtb2.csv,d22bd5ee3daf27b68c7ba9a90d5d99aa8249a57cf555d14ff769c81e06aed5cb,1053024,1053024,True,False,
Synchronised V abd S datasets/Uncategorised IOVNB Dataset/S-Dataset/S-Vtb3.csv,7ee5a26e7c31aa388cd5f522cdbdb2211f948f025e99ada194eb8a3790029072,1530270,1530270,True,False,
Synchronised V abd S datasets/Uncategorised IOVNB Dataset/S-Dataset/S-Vtb4.csv,046b47ad7199c2790abc95e6bb442a7fce9f469465ed4715be284fca25c9b02b,111008,111008,True,False,
Synchronised V abd S datasets/Uncategorised IOVNB Dataset/S-Dataset/S-Vtb5.csv,b6185b76cbe898588d7d37c9a34a866311f9ff0f62cdf4dbbdc880cecd02c4eb,12612030,12612030,True,False,
Synchronised V abd S datasets/Uncategorised IOVNB Dataset/S-Dataset/S-Vtb6.csv,c03d7f15776730080bb5c110240d480036e6f2a66cc5b8f337bc2a9af9d0b4a1,99549,99549,True,False,
Synchronised V abd S datasets/Uncategorised IOVNB Dataset/S-Dataset/S-Vtb7.csv,47a81f47c46f5133d1d9bd5d4b2891303e4e00e554543ea1f55ba1c29803c109,90646,90646,True,False,
Synchronised V abd S datasets/Uncategorised IOVNB Dataset/S-Dataset/S-Vtb8.csv,9f31f5ea87e4a4a6e0ec7bbadf5c96b6aae12ae04f69b90be5e1b6d9b0a0e243,131319,131319,True,False,
Synchronised V abd S datasets/Uncategorised IOVNB Dataset/S-Dataset/S-Vtb9.csv,4d2b412c205548755ee2a33e4f80a4f1a1641122cf0439e61d2e4c9ffc2263ad,89626,89626,True,False,
Synchronised V abd S datasets/Uncategorised IOVNB Dataset/S-Dataset/S-Vw1.csv,a4fb23c9270c7bc5eaaace8ce06b342d7437619175fa4edfabedd8c179203eb7,3524947,3524947,True,False,
Synchronised V abd S datasets/Uncategorised IOVNB Dataset/S-Dataset/S-Vw10.csv,3296af44b42221ad98763b31a96e1de42207530941b4a899d3f60ec003441dfe,129358,129358,True,False,
Synchronised V abd S datasets/Uncategorised IOVNB Dataset/S-Dataset/S-Vw11.csv,f0cc7a58c44f4f4a7fb0ffda50ec48d3a15e938f5185143a76c92e7197237d6b,964445,964445,True,False,
Synchronised V abd S datasets/Uncategorised IOVNB Dataset/S-Dataset/S-Vw12.csv,f69e0f39ab555fe954d219f87d8d552770d10f4b86ec0a8c27716ef119faff16,176321,176321,True,False,
Synchronised V abd S datasets/Uncategorised IOVNB Dataset/S-Dataset/S-Vw13.csv,7002b6e986b2366ab2f97252545fd33b50eb017e3dd0a3b38b6283797a0f9c80,54886,54886,True,False,
Synchronised V abd S datasets/Uncategorised IOVNB Dataset/S-Dataset/S-Vw14a.csv,ef28b592b6fc7ae1e9df258b90094ea26f3cd10d55ff4a687062d60f56e03e8d,608561,608561,True,False,
Synchronised V abd S datasets/Uncategorised IOVNB Dataset/S-Dataset/S-Vw14b.csv,ce2195f70240c4cd5ac68eb75b68188e3cdf1296514a8bc28f135309c729ff32,3869411,3869411,True,False,
Synchronised V abd S datasets/Uncategorised IOVNB Dataset/S-Dataset/S-Vw14c.csv,eb02eb04285257214a30d46465fae51bfc79c53f9677b4f26872f7531b5f7de3,3129600,3129600,True,False,
Synchronised V abd S datasets/Uncategorised IOVNB Dataset/S-Dataset/S-Vw15.csv,6c4905e75b2296818c6338963144dd789b00ac25205e2ac8dfd10464fa40bbf7,268621,268621,True,False,
Synchronised V abd S datasets/Uncategorised IOVNB Dataset/S-Dataset/S-Vw16a.csv,247747c811504a4fcc731a3e780389f7fc470eb9b84ad019a5683d22eb5c362c,1152501,1152501,True,False,
Synchronised V abd S datasets/Uncategorised IOVNB Dataset/S-Dataset/S-Vw16b.csv,744cdb2874f0c9c2b2e8f05da0348a8b8bee49bf4f54ced295385b077cd72aea,221088,221088,True,False,
Synchronised V abd S datasets/Uncategorised IOVNB Dataset/S-Dataset/S-Vw17.csv,4c6ac7bab9c36765acaeb43975e455b13745e5ebd335aec38c495ca08f47d0b6,65869,65869,True,False,
Synchronised V abd S datasets/Uncategorised IOVNB Dataset/S-Dataset/S-Vw2.csv,cf055eb4817080037d4a7916e7895f363c854aad3503482500f1fbf11775e547,9883167,9883167,True,False,
Synchronised V abd S datasets/Uncategorised IOVNB Dataset/S-Dataset/S-Vw3.csv,7a35c1dd571e00e2da76758145f1961f6e3ed9be04f91b9fbeb2676676862a37,754118,754118,True,False,
Synchronised V abd S datasets/Uncategorised IOVNB Dataset/S-Dataset/S-Vw4.csv,9b1df13544c192ace7df4087d64a0294b45952576e0d6532176b15819a70966b,23607413,23607413,True,False,
Synchronised V abd S datasets/Uncategorised IOVNB Dataset/S-Dataset/S-Vw5.csv,2b150cccb61f2cc18f8d294ade513f790efece25dea3d3fd260aa75a3c709d6d,194565,194565,True,False,
Synchronised V abd S datasets/Uncategorised IOVNB Dataset/S-Dataset/S-Vw6.csv,3acfdd4226a2190afe3e79865c731a0583ebda5edf9d0866b15c256a2a71e6ab,246923,246923,True,False,
Synchronised V abd S datasets/Uncategorised IOVNB Dataset/S-Dataset/S-Vw7.csv,82783cbf1d9767a4a9bf4176dabbf8596983cc59ace82585c4ce2cd5ca665e4e,313333,313333,True,False,
Synchronised V abd S datasets/Uncategorised IOVNB Dataset/S-Dataset/S-Vw8.csv,00e6ff8ff5075ffcf25e9504c545158cd89f7a43a6159496dc7c2d4afe4aa654,297380,297380,True,False,
Synchronised V abd S datasets/Uncategorised IOVNB Dataset/S-Dataset/S-Vw9.csv,f1f7d4b0762586d40c23bcaa039f2742ab77a9c70ede381c3ec3e09ca660c14a,106439,106439,True,False,
Synchronised V abd S datasets/Uncategorised IOVNB Dataset/S-Dataset/S-Y1.csv,2a1a582993bfcf54bb16b19d58182e3a4727cd5662a5f0044074ab5ff246fc3c,13039538,13039538,True,False,
Synchronised V abd S datasets/Uncategorised IOVNB Dataset/V-Dataset/V-M.csv,ecf977cb798082d59ad1b03ce5631a61dbf525dfe484eb005ca630b5e95b86af,22507823,22507823,True,False,
Synchronised V abd S datasets/Uncategorised IOVNB Dataset/V-Dataset/V-S1.csv,29e92ed9bcb2d711e651246675c435b3f9499c040cfcad367624e8720c0dc891,10967129,10967129,True,False,
Synchronised V abd S datasets/Uncategorised IOVNB Dataset/V-Dataset/V-S2.csv,0514c4dd38fe24dd7e196ee206b880f4ccd984a255b80e6de984839bce40952c,20091681,20091681,True,False,
Synchronised V abd S datasets/Uncategorised IOVNB Dataset/V-Dataset/V-S3a.csv,1cac1c8045c4f85423f01425881dd7e6814ae167100590c988a5ef141eb9e73f,5286764,5286764,True,False,
Synchronised V abd S datasets/Uncategorised IOVNB Dataset/V-Dataset/V-S3b.csv,d44d29d46b7c46c574cdc90d5633cc90ac1b9cee57fb7f6b90d865aecc14ff64,1464196,1464196,True,False,
Synchronised V abd S datasets/Uncategorised IOVNB Dataset/V-Dataset/V-S3c.csv,d7a98f02899d331265eb0b892e44d343892ad6ec9dcb1e90ce6c6f80b264c0f3,7976092,7976092,True,False,
Synchronised V abd S datasets/Uncategorised IOVNB Dataset/V-Dataset/V-S4.csv,8a83103ce0f0b03ffc5adc772193c6738d1df3ac8f0fb4bab055597ac5bcd2c2,20164189,20164189,True,False,
Synchronised V abd S datasets/Uncategorised IOVNB Dataset/V-Dataset/V-Vfa01.csv,81ad22765340419e1ea88e69e2a92dc38c260f244c5aeb951c88fb668908ad37,2398099,2398099,True,False,
Synchronised V abd S datasets/Uncategorised IOVNB Dataset/V-Dataset/V-Vfa02.csv,bce837348c306ba343b36f2d44878f0ac1e68ada3c2852bba50056749f40ca7d,13955001,13955001,True,False,
Synchronised V abd S datasets/Uncategorised IOVNB Dataset/V-Dataset/V-Vta1a.csv,9522a6f43094ef5de4cfad4bb48a7805c8f470eee3b481564f5cacef28e2afec,5444513,5444513,True,False,
Synchronised V abd S datasets/Uncategorised IOVNB Dataset/V-Dataset/V-Vta1b.csv,35b4e74bd1597d9f82895c3451dbe71a2d4084a3718cbdf8ea7fbb04f206db94,205277,205277,True,False,
Synchronised V abd S datasets/Uncategorised IOVNB Dataset/V-Dataset/V-Vw1.csv,125a3ab348bca6b5d9fb2d52b7ba1f27d4a31f03b7b60b16ef778f7935bb4380,4001856,4001856,True,False,
Synchronised V abd S datasets/Uncategorised IOVNB Dataset/V-Dataset/V-Vw10.csv,acec110be8eb7ef43784d195d1bd55e44ac13833ab258b8d7ab696e18ac6b5bd,141457,141457,True,False,
Synchronised V abd S datasets/Uncategorised IOVNB Dataset/V-Dataset/V-Vw11.csv,5e50658cbdd33fc9dfc0dd462a68996ab31cd6b584b67e6713d4f3d3bf04d455,1032515,1032515,True,False,
Synchronised V abd S datasets/Uncategorised IOVNB Dataset/V-Dataset/V-Vw12.csv,f474667235581e514d44f371cc81039aacc6c0604669f552f127bdb8c60e370b,188273,188273,True,False,
Synchronised V abd S datasets/Uncategorised IOVNB Dataset/V-Dataset/V-Vw13.csv,2b5e7012d2fce26807d48ce46effd70d217574516c6fb77467beffde7f97e767,59207,59207,True,False,
Synchronised V abd S datasets/Uncategorised IOVNB Dataset/V-Dataset/V-Vw14a.csv,442bef4ccc4464f0a0a31a332ea9c71e5e14baf7b50080c647e6fa6f7ddb5dbf,651054,651054,True,False,
Synchronised V abd S datasets/Uncategorised IOVNB Dataset/V-Dataset/V-Vw14b.csv,ee81d26af18170ab6473f2f51bc6f8221be5b7fb233829c537d680b4ba2fa199,4120915,4120915,True,False,
Synchronised V abd S datasets/Uncategorised IOVNB Dataset/V-Dataset/V-Vw14c.csv,1b3b6d1e2e4d7c89cbe66f7888534cee2d13bf1287d52432a995b7cad8a82c7f,3363425,3363425,True,False,
Synchronised V abd S datasets/Uncategorised IOVNB Dataset/V-Dataset/V-Vw15.csv,bd65ae3932fc1b6ec64d0347c34bfa66bf3ff8ef276f8aff31c546e0bac2684f,263885,263885,True,False,
Synchronised V abd S datasets/Uncategorised IOVNB Dataset/V-Dataset/V-Vw16a.csv,0b92aa13c01d1436e10a3b3272a8649e6639630f72d3e2b3c618ae2957a97989,1241037,1241037,True,False,
Synchronised V abd S datasets/Uncategorised IOVNB Dataset/V-Dataset/V-Vw16b.csv,1e81b217eaf6c2340aafbbc122ad738d876013366737437155a4e722eb6fd8ed,239979,239979,True,False,
Synchronised V abd S datasets/Uncategorised IOVNB Dataset/V-Dataset/V-Vw17.csv,62ab9ddd16621eb70afaeec7237ae7b31499ae5df9e9d57324fc07fe648a48ee,71065,71065,True,False,
Synchronised V abd S datasets/Uncategorised IOVNB Dataset/V-Dataset/V-Vw2.csv,6aeca8956af02a64051042fa4b807e858691ea36b0c5a6642f78a33d5af113db,11341576,11341576,True,False,
Synchronised V abd S datasets/Uncategorised IOVNB Dataset/V-Dataset/V-Vw3.csv,b89ca7c566b668ab0f4c16eda1343f9e0527a31bf6c603212e146ba84928dd6f,839545,839545,True,False,
Synchronised V abd S datasets/Uncategorised IOVNB Dataset/V-Dataset/V-Vw4.csv,db9ba7d930842b5f15543c71c1b350f52bef0fe0c27653279d3c35cffb331556,27124526,27124526,True,False,
Synchronised V abd S datasets/Uncategorised IOVNB Dataset/V-Dataset/V-Vw5.csv,a9972e12e8ea995a1387b768f625d1cf85444916bff03d0b50d2b133ee97116f,216316,216316,True,False,
Synchronised V abd S datasets/Uncategorised IOVNB Dataset/V-Dataset/V-Vw6.csv,2399eafd439216c38749ebc2b2751251f22dd4e3c46b7bce8c42d23b50e485cb,278191,278191,True,False,
Synchronised V abd S datasets/Uncategorised IOVNB Dataset/V-Dataset/V-Vw7.csv,3ba9d21d1532b4e15dc41ed9e4baa996e1ccf7b447f2fc41ee44564a5dd1f5ef,346895,346895,True,False,
Synchronised V abd S datasets/Uncategorised IOVNB Dataset/V-Dataset/V-Vw8.csv,0b08f02c7568c47b79ae137f9811b6bead3d1550e60a0be496f7430b0fbb49de,332609,332609,True,False,
Synchronised V abd S datasets/Uncategorised IOVNB Dataset/V-Dataset/V-Vw9.csv,ec3f3b288fe0793b17db003d0b9e1f6a0d6ec594b017ac2251a438df4743dfe7,121383,121383,True,False,
Synchronised V abd S datasets/Uncategorised IOVNB Dataset/V-Dataset/V-Y1.csv,505749fb081d5a2b0d5e8eeee5865173071feda5a004ffff044560c0a1e16605,14986075,14986075,True,False,
Synchronised V abd S datasets/Uncategorised IOVNB Dataset/V-Dataset/V-vta10.csv,6f9911ce3037bf56e8c56b52dd5a87aa70088fe645daed359a5e69578a319834,317921,317921,True,False,
Synchronised V abd S datasets/Uncategorised IOVNB Dataset/V-Dataset/V-vta11.csv,e9d6bf8959e32ea8ab098741a11de015d64d00c1a326c3c175916d5b678a7083,111690,111690,True,False,
Synchronised V abd S datasets/Uncategorised IOVNB Dataset/V-Dataset/V-vta12.csv,21c4f30690769a052de0f97125d4c0e455e7fc527bd8d3e98e34e8bfb2bee81b,128904,128904,True,False,
Synchronised V abd S datasets/Uncategorised IOVNB Dataset/V-Dataset/V-vta13.csv,398df644de6920ef827742a99166cf05c5728f4dddf1379b993123c62419677b,86963,86963,True,False,
Synchronised V abd S datasets/Uncategorised IOVNB Dataset/V-Dataset/V-vta14.csv,ddd26e084b97fe661ae6e783efbdbc5f45add9e5288cf7800370577ff2bc2b08,612352,612352,True,False,
Synchronised V abd S datasets/Uncategorised IOVNB Dataset/V-Dataset/V-vta15.csv,313565b6b7a44f7e80939527063b87519c0f5bc1937fa84683585e4287076100,175132,175132,True,False,
Synchronised V abd S datasets/Uncategorised IOVNB Dataset/V-Dataset/V-vta16.csv,07cc3f87b51c3e68cdf517cb296e68bf0d17f49230baa724bbe96736af2c9da3,2410634,2410634,True,False,
Synchronised V abd S datasets/Uncategorised IOVNB Dataset/V-Dataset/V-vta17.csv,21dbfe17ff301ac645e0a2be39fd45d9da758d087ccf9e95875b90225a193781,972437,972437,True,False,
Synchronised V abd S datasets/Uncategorised IOVNB Dataset/V-Dataset/V-vta19.csv,e5e7fb443b7a92a20ca13cae51d51a73330edda63786f1f7fb37b27aa45d80bc,61675,61675,True,False,
Synchronised V abd S datasets/Uncategorised IOVNB Dataset/V-Dataset/V-vta2.csv,e7d255100464c70212aa0129e558b7a48d59d606041c8ce2e160e881f9b151e2,2307461,2307461,True,False,
Synchronised V abd S datasets/Uncategorised IOVNB Dataset/V-Dataset/V-vta20.csv,a5e1f1e6afba77c64cc0a16f389d859f75ea22196cdfca82a523e148c0eafd93,596090,596090,True,False,
Synchronised V abd S datasets/Uncategorised IOVNB Dataset/V-Dataset/V-vta21.csv,82687cefc4799459174ad6f7411fdea28250146d29144ed210c4188aad0999f4,450180,450180,True,False,
Synchronised V abd S datasets/Uncategorised IOVNB Dataset/V-Dataset/V-vta22.csv,ddd4bb7ffd3aaf080e55c61c4ea5f92388b255fb65405188fa0932cc0dcfcf5c,338739,338739,True,False,
Synchronised V abd S datasets/Uncategorised IOVNB Dataset/V-Dataset/V-vta23.csv,8b3508e408d88064cea06fe861879d79c92e368abf43706b87b7cce9ace42d8d,242444,242444,True,False,
Synchronised V abd S datasets/Uncategorised IOVNB Dataset/V-Dataset/V-vta24.csv,db3726bc5e11c73f1623ff74da229726d014e04a4dbf5ded403906f23ed8f3e5,250448,250448,True,False,
Synchronised V abd S datasets/Uncategorised IOVNB Dataset/V-Dataset/V-vta25.csv,4241b50add001a19bab00fa0e165b88fd2280f74fcbae46539c6f8bcc893f79a,135915,135915,True,False,
Synchronised V abd S datasets/Uncategorised IOVNB Dataset/V-Dataset/V-vta26.csv,e1067b6fd8561c4fd7b851f387c6a43df2c6fcd088f0552a321db210a4d05e09,401896,401896,True,False,
Synchronised V abd S datasets/Uncategorised IOVNB Dataset/V-Dataset/V-vta27.csv,766e63d6975426dcee66bb9b100daf6291240da1d65b4b1db851d4fd40e334c7,550395,550395,True,False,
Synchronised V abd S datasets/Uncategorised IOVNB Dataset/V-Dataset/V-vta28.csv,4778fd71aeb0165a77de1f0abb3a3ecad5b756993e5ec64a24fc025b02c315d2,901238,901238,True,False,
Synchronised V abd S datasets/Uncategorised IOVNB Dataset/V-Dataset/V-vta29.csv,6c6fbb29e6400817be84ecf2370d98025cfff9debf2f2e73c3ddaa3a9560dd1d,5117097,5117097,True,False,
Synchronised V abd S datasets/Uncategorised IOVNB Dataset/V-Dataset/V-vta3.csv,ef8bf81fdf5df786006e5805dbe09c29c71447cd274991bf47371c28c0f3c19f,137891,137891,True,False,
Synchronised V abd S datasets/Uncategorised IOVNB Dataset/V-Dataset/V-vta30.csv,d73b5ac746240670e9a420fa38bf910eacef4e7eb6a85e4c86c76abcae33fec1,3628928,3628928,True,False,
Synchronised V abd S datasets/Uncategorised IOVNB Dataset/V-Dataset/V-vta4.csv,71acb4e5c50919df05f1f56a0192d392793e9b10e66bbf6a101b6314ee398c33,380874,380874,True,False,
Synchronised V abd S datasets/Uncategorised IOVNB Dataset/V-Dataset/V-vta5.csv,6819d97f1291b377496982e51f5ba2178a083edaf8664b9258ead5e1151d33a2,66401,66401,True,False,
Synchronised V abd S datasets/Uncategorised IOVNB Dataset/V-Dataset/V-vta6.csv,728629ca2a30457e7909e79c6a50040a1337274b7ada2003b2863e62a40c547a,289249,289249,True,False,
Synchronised V abd S datasets/Uncategorised IOVNB Dataset/V-Dataset/V-vta7.csv,031765759d3336fa67fd8c6b98fdfb3a5786d284a5626734375ec61fe8f63e4d,179784,179784,True,False,
Synchronised V abd S datasets/Uncategorised IOVNB Dataset/V-Dataset/V-vta8.csv,93cef7816fb58c250c87bfa3dc02bce8a3a3c211ba08ee72b4a9d4dddf00d481,753939,753939,True,False,
Synchronised V abd S datasets/Uncategorised IOVNB Dataset/V-Dataset/V-vta9.csv,4f662af06a2ab067efc4741a2b39f478f59e802f763b7bce5d376f420d9de63b,33110,33110,True,False,
Synchronised V abd S datasets/Uncategorised IOVNB Dataset/V-Dataset/V-vtb1.csv,8ab039c67c83f62ed1abad0e74c1a92886584e16a67951771fcf9d55cf3d999a,6989783,6989783,True,False,
Synchronised V abd S datasets/Uncategorised IOVNB Dataset/V-Dataset/V-vtb10.csv,5b0fe6e9f967fe9e9615defbf3674f9e8843747b6658867e8fee452e17a58d88,42725,42725,True,False,
Synchronised V abd S datasets/Uncategorised IOVNB Dataset/V-Dataset/V-vtb11.csv,e611eb46d62fb695e3b4e64943a50102a770d818b6e0f5a93b021d8eb2d13c71,74838,74838,True,False,
Synchronised V abd S datasets/Uncategorised IOVNB Dataset/V-Dataset/V-vtb12.csv,dad39fa7ff152dc13ab8e7d903047bcfdb7882c8fe03b7c0f8f12eef07cbc115,94747,94747,True,False,
Synchronised V abd S datasets/Uncategorised IOVNB Dataset/V-Dataset/V-vtb2.csv,4a194e6885091663a1df0f3572f8f42118bca278e39680912ce1aa3d4995ee83,1200565,1200565,True,False,
Synchronised V abd S datasets/Uncategorised IOVNB Dataset/V-Dataset/V-vtb3.csv,17e9cc28a2a6b29038bb969725a96d8f46d514694d7b57686fa4ff0e2118577d,1739502,1739502,True,False,
Synchronised V abd S datasets/Uncategorised IOVNB Dataset/V-Dataset/V-vtb4.csv,b5aac0532f3eb63843807d10c6130b6c0b39f94c844acd3027ddb2f200b0be6b,118374,118374,True,False,
Synchronised V abd S datasets/Uncategorised IOVNB Dataset/V-Dataset/V-vtb5.csv,a4aac15f70c4555ee69c2898b1254d25a815afa56cdb3e93f592819475272000,13567208,13567208,True,False,
Synchronised V abd S datasets/Uncategorised IOVNB Dataset/V-Dataset/V-vtb6.csv,3f55326e614a377761a52e9ef1bc09e23653f0d37029679f4c171cacf364cfa3,105659,105659,True,False,
Synchronised V abd S datasets/Uncategorised IOVNB Dataset/V-Dataset/V-vtb7.csv,d2a5d2206394b29e775ffa7a240d49770c49168a898d78e0f87e8426dc6f2f32,101086,101086,True,False,
Synchronised V abd S datasets/Uncategorised IOVNB Dataset/V-Dataset/V-vtb8.csv,0f11eea4a2c183a7bae05c0cc6f795d4344c2bbf621010129de8584747db93b2,138162,138162,True,False,
Synchronised V abd S datasets/Uncategorised IOVNB Dataset/V-Dataset/V-vtb9.csv,ce69ae88e13086a35f6c21ed468959f79084a8e833e60ef886c303ce76297318,93354,93354,True,False,
Unsynchronised V and S Dataset/Categorised IOVNB (V) Dataset/V Dataset/M (Driver B)/V-M.csv,b7d62314fbcf376310f503e6dc664e0672d095926523297b5a539a7b29a9cad0,21659868,21659868,True,False,
Unsynchronised V and S Dataset/Categorised IOVNB (V) Dataset/V Dataset/S (Driver A)/S1/V-S1.csv,2e086e38c5d1787fcb67500bf34e2097a4e6708ce9479018f00bdf5cb119552e,10505959,10505959,True,False,
Unsynchronised V and S Dataset/Categorised IOVNB (V) Dataset/V Dataset/S (Driver A)/S2/V-S2.csv,fe19bd930b9503304fd9ca807501b39170ddba6c828edb09caa9d19acc70a88f,19297256,19297256,True,False,
Unsynchronised V and S Dataset/Categorised IOVNB (V) Dataset/V Dataset/S (Driver A)/S3a/V-S3a.csv,aff9b34045c90e930b8c759770d435df4f136f97ce532593829c57e112277600,5089354,5089354,True,False,
Unsynchronised V and S Dataset/Categorised IOVNB (V) Dataset/V Dataset/S (Driver A)/S3b/V-S3b.csv,a644af9c4f30e17743bbf4f0ee75652cb003ca4369dfa4f9f1452d1ca3ffe389,1410120,1410120,True,False,
Unsynchronised V and S Dataset/Categorised IOVNB (V) Dataset/V Dataset/S (Driver A)/S3c/V-S3c.csv,9a4ff741b9581eb24797aff592479f3ce821f1272c91e7e23a30c8cb81d1e918,7687239,7687239,True,False,
Unsynchronised V and S Dataset/Categorised IOVNB (V) Dataset/V Dataset/S (Driver A)/S4/V-S4.csv,8bea1d9748bc5e3237c1aa512692f79ba4e5eb52b1defe1f88b13bf851886538,19863006,19863006,True,False,
Unsynchronised V and S Dataset/Categorised IOVNB (V) Dataset/V Dataset/St (Driver C)/St1/V-St1.csv,d386dd533a38e6a8e053788f274c619b3a2bcd097daa0983144b491573ca9237,11545416,11545416,True,False,
Unsynchronised V and S Dataset/Categorised IOVNB (V) Dataset/V Dataset/St (Driver C)/St4/V-St4.csv,8d1849f9a61a7612e70c4326d747ddd4a6c41a33ad812eb68e42f8d6b2934e6d,2794203,2794203,True,False,
Unsynchronised V and S Dataset/Categorised IOVNB (V) Dataset/V Dataset/St (Driver C)/St6/V-St6.csv,a1e027d958baca7a2a12cbf927f4998e26d635f3e1ad211bb13db7927b3e227c,10437990,10437990,True,False,
Unsynchronised V and S Dataset/Categorised IOVNB (V) Dataset/V Dataset/St (Driver C)/St7/V-St7.csv,dff3ac18f9f2056275868af8caada86ea8c903c48c3b35d207bb808602aba88f,8944996,8944996,True,False,
Unsynchronised V and S Dataset/Categorised IOVNB (V) Dataset/V Dataset/Vf (Driver E)/V-Vfa01/V-Vfa01.csv,81ad22765340419e1ea88e69e2a92dc38c260f244c5aeb951c88fb668908ad37,2398099,2398099,True,False,
Unsynchronised V and S Dataset/Categorised IOVNB (V) Dataset/V Dataset/Vf (Driver E)/V-Vfa02/V-Vfa02.csv,bce837348c306ba343b36f2d44878f0ac1e68ada3c2852bba50056749f40ca7d,13955001,13955001,True,False,
Unsynchronised V and S Dataset/Categorised IOVNB (V) Dataset/V Dataset/Vf (Driver E)/V-Vfb01a/V-Vfb01a.csv,38a385d3fe81076bd82ef911f674ec34bc8954159397361614db1386f2abfdee,3363089,3363089,True,False,
Unsynchronised V and S Dataset/Categorised IOVNB (V) Dataset/V Dataset/Vf (Driver E)/V-Vfb01b/V-Vfb01b.csv,eef2a336860a2a4a467ea7a76407b66ed602f0b8779dfa19a2be8ef16ef00ae7,795266,795266,True,False,
Unsynchronised V and S Dataset/Categorised IOVNB (V) Dataset/V Dataset/Vf (Driver E)/V-Vfb01c/V-Vfb01c.csv,25cb9562fd74e86e18c8d04aee38d6c8f65c3b4ce1bb1de8226aa22e0af08718,1280169,1280169,True,False,
Unsynchronised V and S Dataset/Categorised IOVNB (V) Dataset/V Dataset/Vf (Driver E)/V-Vfb01d/V-Vfb01d.csv,b41878109b774666af1698b374c2273f3c0c9092888522ac8fadaf10f3b70160,2123447,2123447,True,False,
Unsynchronised V and S Dataset/Categorised IOVNB (V) Dataset/V Dataset/Vf (Driver E)/V-Vfb02a/V-Vfb02a.csv,ac664839bde2f1519a0a39acf261c819066cff48409cdf12cabe3c562b8bfa30,7418599,7418599,True,False,
Unsynchronised V and S Dataset/Categorised IOVNB (V) Dataset/V Dataset/Vf (Driver E)/V-Vfb02b/V-Vfb02b.csv,50cc9f72afb63f25ed42b2d2bf5b09e48ec768750603c7d078b9c9bfa272ae30,2240834,2240834,True,False,
Unsynchronised V and S Dataset/Categorised IOVNB (V) Dataset/V Dataset/Vf (Driver E)/V-Vfb02c/V-Vfb02c.csv,c68f61a381555a0c5669b9952b59d7424f1bef82fd05b1cb8fbc26bb549b12aa,132991,132991,True,False,
Unsynchronised V and S Dataset/Categorised IOVNB (V) Dataset/V Dataset/Vf (Driver E)/V-Vfb02d/V-Vfb02d.csv,51dd189b27452c83f76b58e751a510cbc5d9b4e1d300396274f2efb8bd450232,182339,182339,True,False,
Unsynchronised V and S Dataset/Categorised IOVNB (V) Dataset/V Dataset/Vf (Driver E)/V-Vfb02e/V-Vfb02e.csv,ebf89d496674e64391e89820fb2ad6db5a66f3204375c3abc5db1f225cabbcf3,202703,202703,True,False,
Unsynchronised V and S Dataset/Categorised IOVNB (V) Dataset/V Dataset/Vf (Driver E)/V-Vfb02f/V-Vfb02f.csv,5430fd60efdb7a85fc42837e647f245a860d996c86cc73634fd7d2ab3175c5a1,136684,136684,True,False,
Unsynchronised V and S Dataset/Categorised IOVNB (V) Dataset/V Dataset/Vf (Driver E)/V-Vfb02g/V-Vfb02g.csv,09c317c6e7e3b8534459610c7b47a23787563febc6fdeae015f04f037737a878,5570770,5570770,True,False,
Unsynchronised V and S Dataset/Categorised IOVNB (V) Dataset/V Dataset/Vta (Driver E)/Vta01a/V-Vta1a.csv,4857a85a1c6f13eb48f80fc695e1e339af90dff1cbf8accaa5da13dd63304a49,5288733,5288733,True,False,
Unsynchronised V and S Dataset/Categorised IOVNB (V) Dataset/V Dataset/Vta (Driver E)/Vta01b/V-Vta1b.csv,23b4e70ca03acb6aadb4c1d2e68d1dd6f996e695dd56e1fb2f6ff6ffaac3b46e,198110,198110,True,False,
Unsynchronised V and S Dataset/Categorised IOVNB (V) Dataset/V Dataset/Vta (Driver E)/Vta02/V-Vta2.csv,7bb966aa72278f3c8fbf39510fa53fce1daccbf465e8153adb6f4d520c1bf2be,2222734,2222734,True,False,
Unsynchronised V and S Dataset/Categorised IOVNB (V) Dataset/V Dataset/Vta (Driver E)/Vta03/V-Vta3.csv,2c6b7e53f2faa0d1c5cbe25d47a3293a878504f12226b0ea77b873807d827172,175163,175163,True,False,
Unsynchronised V and S Dataset/Categorised IOVNB (V) Dataset/V Dataset/Vta (Driver E)/Vta04/V-Vta4.csv,f21eda72f506f4c4c0c3cf5828b096edbddc59bf1bbb4da6619f9f060622e754,370003,370003,True,False,
Unsynchronised V and S Dataset/Categorised IOVNB (V) Dataset/V Dataset/Vta (Driver E)/Vta05/V-Vta5.csv,2c199c21f3a7e70e4265c051307848828120c404ec2ce16d962c53bab423d739,73728,73728,True,False,
Unsynchronised V and S Dataset/Categorised IOVNB (V) Dataset/V Dataset/Vta (Driver E)/Vta06/V-Vta6.csv,0f372c0946092966eba77bcdaf6bb3ebf6b15c60a6ed2f290e4426f61466135b,284633,284633,True,False,
Unsynchronised V and S Dataset/Categorised IOVNB (V) Dataset/V Dataset/Vta (Driver E)/Vta07/V-Vta7.csv,b79e883cc8d3b4c6d5fef0954aa707bea947b8d796bd138c7b3eec1f6e6390c2,176565,176565,True,False,
Unsynchronised V and S Dataset/Categorised IOVNB (V) Dataset/V Dataset/Vta (Driver E)/Vta08/V-Vta8.csv,316f79fa86937f147795c702bea668d605e188c7d6f0f399c445ef12e37f964e,732865,732865,True,False,
Unsynchronised V and S Dataset/Categorised IOVNB (V) Dataset/V Dataset/Vta (Driver E)/Vta09/V-Vta9.csv,c0f9419e6cb8b5937663af729a2aa007fbb3c8add15074bff78a0b120ecaf8ac,46738,46738,True,False,
Unsynchronised V and S Dataset/Categorised IOVNB (V) Dataset/V Dataset/Vta (Driver E)/Vta10/V-Vta10.csv,b16817eecd63a0f8bc27ae8b3490760e394391535c798587602f6feaab856001,321356,321356,True,False,
Unsynchronised V and S Dataset/Categorised IOVNB (V) Dataset/V Dataset/Vta (Driver E)/Vta11/V-Vta11.csv,a18d901420f06dd598597716786334afd1648000037568c782429d973507028e,122161,122161,True,False,
Unsynchronised V and S Dataset/Categorised IOVNB (V) Dataset/V Dataset/Vta (Driver E)/Vta12/V-Vta12.csv,c24b48fcf0ee5ab1be0416a5b0b5d4fc087cc65fc990f850e799e705fa1cb1bd,140652,140652,True,False,
Unsynchronised V and S Dataset/Categorised IOVNB (V) Dataset/V Dataset/Vta (Driver E)/Vta13/V-Vta13.csv,5d9f5a8f99d21cff2f3d85ee4faec473b74c28be2c3dfc0ff1976375fc84501a,98450,98450,True,False,
Unsynchronised V and S Dataset/Categorised IOVNB (V) Dataset/V Dataset/Vta (Driver E)/Vta14/V-Vta14.csv,27cac1b546258a188c9034560b73cf970e950213894325345570bfc1fa50b7e1,593318,593318,True,False,
Unsynchronised V and S Dataset/Categorised IOVNB (V) Dataset/V Dataset/Vta (Driver E)/Vta15/V-Vta15.csv,c16729168b373c1aba8e71f6af00e5e92fcd232d513b2b5ac2c275586694aded,177465,177465,True,False,
Unsynchronised V and S Dataset/Categorised IOVNB (V) Dataset/V Dataset/Vta (Driver E)/Vta16/V-Vta16.csv,8de195165a29ddea5f138d704fb3107405d823c32e54b8d49009b120ba4894aa,2312817,2312817,True,False,
Unsynchronised V and S Dataset/Categorised IOVNB (V) Dataset/V Dataset/Vta (Driver E)/Vta17/V-Vta17.csv,b866394640dd88ec9b8946f3bd8b4f4bb9e56253b4ef77fff7e23889a25d5a5d,944997,944997,True,False,
Unsynchronised V and S Dataset/Categorised IOVNB (V) Dataset/V Dataset/Vta (Driver E)/Vta19/V-Vta19.csv,c52a7a642ebb61501d2ce4f805e06ca218e91d5ade7f1327f5c46d9933c33ecc,62292,62292,True,False,
Unsynchronised V and S Dataset/Categorised IOVNB (V) Dataset/V Dataset/Vta (Driver E)/Vta20/V-Vta20.csv,17c4e9933bfb1d2c9e006dfacfc5a760532804e9fe3b1120f97b94c2c1785ffb,577317,577317,True,False,
Unsynchronised V and S Dataset/Categorised IOVNB (V) Dataset/V Dataset/Vta (Driver E)/Vta21/V-Vta21.csv,12f6c6a3f00af8e2e5f9cdb368f5952e32986dfd437707b83fd6890893458aa8,430922,430922,True,False,
Unsynchronised V and S Dataset/Categorised IOVNB (V) Dataset/V Dataset/Vta (Driver E)/Vta22/V-Vta22.csv,7e2e52e2b9b568ea3e1c463c7ec77e5fd56b371f3149ff3149d00482a8ca8de9,323518,323518,True,False,
Unsynchronised V and S Dataset/Categorised IOVNB (V) Dataset/V Dataset/Vta (Driver E)/Vta23/V-Vta23.csv,b3a4d14906d1783b565ee27c43d012804cfefaef14a4c6f5114ea683269ff06f,232810,232810,True,False,
Unsynchronised V and S Dataset/Categorised IOVNB (V) Dataset/V Dataset/Vta (Driver E)/Vta24/V-Vta24.csv,51f89a408dec57e46d4d6ea80454e7974c38cb59d90f2a8a109899e88197ed41,241654,241654,True,False,
Unsynchronised V and S Dataset/Categorised IOVNB (V) Dataset/V Dataset/Vta (Driver E)/Vta25/V-Vta25.csv,a02be7752e5d606c88dfa5a875f5a02684f06d68fa97f25112ad975aa0621448,129385,129385,True,False,
Unsynchronised V and S Dataset/Categorised IOVNB (V) Dataset/V Dataset/Vta (Driver E)/Vta26/V-Vta26.csv,f5233605b530d4511c259b149fecf142aff34e80d444567f68a4ad08a986505a,388954,388954,True,False,
Unsynchronised V and S Dataset/Categorised IOVNB (V) Dataset/V Dataset/Vta (Driver E)/Vta27/V-Vta27.csv,bb8cee07da2802f0b543cd9ffe682262a19e8e0e9d6692b1eb792e03bc512d3b,583915,583915,True,False,
Unsynchronised V and S Dataset/Categorised IOVNB (V) Dataset/V Dataset/Vta (Driver E)/Vta28/V-Vta28.csv,db64f82bd2badebe3c63394495045aeee9579f1e62fe0532a09c7752c4dba5d9,859662,859662,True,False,
Unsynchronised V and S Dataset/Categorised IOVNB (V) Dataset/V Dataset/Vta (Driver E)/Vta29/V-Vta29.csv,e3794b1e4da783ad5ee5eb98eb687b78f1a0ebcec519aa6d68ae029d10d72313,4907770,4907770,True,False,
Unsynchronised V and S Dataset/Categorised IOVNB (V) Dataset/V Dataset/Vta (Driver E)/Vta30/V-Vta30.csv,15d33059adbdee84391153fe23d43d63c3bf7370e5da8cca66fb9c5d334730c8,3460420,3460420,True,False,
Unsynchronised V and S Dataset/Categorised IOVNB (V) Dataset/V Dataset/Vtb (Driver E)/Vtb01/V-Vtb1.csv,fcb832a379d1827c6863690b7c39805e06f0318aac7ed24c5b515cfe90fdb516,6696680,6696680,True,False,
Unsynchronised V and S Dataset/Categorised IOVNB (V) Dataset/V Dataset/Vtb (Driver E)/Vtb02/V-Vtb2.csv,18bd17ba2fc06a70a2fca32d7a913c5543011be583b60e1db8a78a4167f84482,1149458,1149458,True,False,
Unsynchronised V and S Dataset/Categorised IOVNB (V) Dataset/V Dataset/Vtb (Driver E)/Vtb03/V-Vtb3.csv,cffedec2b0088ae62d8323417cd25905a94261aa8e58ec81759d81bb72058620,1663807,1663807,True,False,
Unsynchronised V and S Dataset/Categorised IOVNB (V) Dataset/V Dataset/Vtb (Driver E)/Vtb04/V-Vtb4.csv,f918795f7af8b69e24261fab948424422fab381d0226b605b85be5a4b7cccf4d,127079,127079,True,False,
Unsynchronised V and S Dataset/Categorised IOVNB (V) Dataset/V Dataset/Vtb (Driver E)/Vtb05/V-Vtb5.csv,9d7f2694d9311d71e9d6258ca29dcbd75ad4e7f8077662619c72a50d33c67892,13070303,13070303,True,False,
Unsynchronised V and S Dataset/Categorised IOVNB (V) Dataset/V Dataset/Vtb (Driver E)/Vtb06/V-Vtb6.csv,d2d563ba86d9d9ef1a636a3a9ecca4ff4983a15b6214a44db999f64934af8dc7,104997,104997,True,False,
Unsynchronised V and S Dataset/Categorised IOVNB (V) Dataset/V Dataset/Vtb (Driver E)/Vtb07/V-Vtb7.csv,f5830144b2f857d1a0f0e94a1b95ed267065fbac8819a37b079280da56f7cae4,94550,94550,True,False,
Unsynchronised V and S Dataset/Categorised IOVNB (V) Dataset/V Dataset/Vtb (Driver E)/Vtb08/V-Vtb8.csv,31be17ec68f9a1adda4657812effda6203fa058bd043dd76b19639ce98febe6b,138144,138144,True,False,
Unsynchronised V and S Dataset/Categorised IOVNB (V) Dataset/V Dataset/Vtb (Driver E)/Vtb09/V-Vtb9.csv,d50851c0f724a3b839674071240deacdcb3ed1ea2d582691ea459355c32fa45f,92473,92473,True,False,
Unsynchronised V and S Dataset/Categorised IOVNB (V) Dataset/V Dataset/Vtb (Driver E)/Vtb10/V-Vtb10.csv,b0958971cd26d31ac74cb0f3496e9bfbd1a0cdcec022b2a192e727539bb8d0b1,40687,40687,True,False,
Unsynchronised V and S Dataset/Categorised IOVNB (V) Dataset/V Dataset/Vtb (Driver E)/Vtb11/V-Vtb11.csv,bb66b9394af2f8f9183e5cc986ce94fcd36627455e6e3512206b974082b6ca62,88068,88068,True,False,
Unsynchronised V and S Dataset/Categorised IOVNB (V) Dataset/V Dataset/Vtb (Driver E)/Vtb12/V-Vtb12.csv,f6c0b0e704bb745648fe30f48c2e38c1f0ea0f653b71f51a837e9a21b845ceb8,98988,98988,True,False,
Unsynchronised V and S Dataset/Categorised IOVNB (V) Dataset/V Dataset/Vtb (Driver E)/Vtb13/V-Vtb13.csv,9f390441ed26e49d93ca33acb873026c5e132042f52e2eab57579f8bead333f7,256729,256729,True,False,
Unsynchronised V and S Dataset/Categorised IOVNB (V) Dataset/V Dataset/Vw (Driver E)/Vw01/V-Vw1.csv,a1769fa8c7cf3ca863e806973e124d867bd6dd1e9c14b3e752ff52031da1d295,3923291,3923291,True,False,
Unsynchronised V and S Dataset/Categorised IOVNB (V) Dataset/V Dataset/Vw (Driver E)/Vw02/V-Vw2.csv,7916a97a4b23780647c96200533f3a1c6866e6e224ac040b603abd14b48b15de,10887065,10887065,True,False,
Unsynchronised V and S Dataset/Categorised IOVNB (V) Dataset/V Dataset/Vw (Driver E)/Vw03/V-Vw3.csv,bf061d676cd45ae8fcef4d07714dc9a6a32a148a8b9123fa7a085f44221b017c,821795,821795,True,False,
Unsynchronised V and S Dataset/Categorised IOVNB (V) Dataset/V Dataset/Vw (Driver E)/Vw04/V-Vw4.csv,a5d06dc8196ee06f0def86fd0803d1a06e3b8cd545a144baeb32988d4af22130,26069987,26069987,True,False,
Unsynchronised V and S Dataset/Categorised IOVNB (V) Dataset/V Dataset/Vw (Driver E)/Vw05/V-Vw5.csv,f6820ac906fb572c385d25e5ab00c5bc3d2cbc82d286c74cd7faf30d711669d7,215664,215664,True,False,
Unsynchronised V and S Dataset/Categorised IOVNB (V) Dataset/V Dataset/Vw (Driver E)/Vw06/V-Vw6.csv,f453e4ac1bc32ff555b7cffe32583757a04f7ec230b681f14a5f2095b04ceef0,269988,269988,True,False,
Unsynchronised V and S Dataset/Categorised IOVNB (V) Dataset/V Dataset/Vw (Driver E)/Vw07/V-Vw7.csv,690ccc6eb832fe061ce33465a828966b96edc5e739a431f208616886614da738,350184,350184,True,False,
Unsynchronised V and S Dataset/Categorised IOVNB (V) Dataset/V Dataset/Vw (Driver E)/Vw08/V-Vw8.csv,aa0e1facaeefa7b45a4288790314e55630dea68e34e62755a87865794f8a266c,332898,332898,True,False,
Unsynchronised V and S Dataset/Categorised IOVNB (V) Dataset/V Dataset/Vw (Driver E)/Vw09/V-Vw9.csv,29f6fa4f216308cc77018ed542bff4a6c3a44588a6286505277ccbd27636c8af,125970,125970,True,False,
Unsynchronised V and S Dataset/Categorised IOVNB (V) Dataset/V Dataset/Vw (Driver E)/Vw10/V-Vw10.csv,8b4da8dba6ac4e043429be4c1ca9b57da87a880ea19b59044413594a43d1a942,138464,138464,True,False,
Unsynchronised V and S Dataset/Categorised IOVNB (V) Dataset/V Dataset/Vw (Driver E)/Vw11/V-Vw10.csv,8b4da8dba6ac4e043429be4c1ca9b57da87a880ea19b59044413594a43d1a942,138464,138464,True,False,
Unsynchronised V and S Dataset/Categorised IOVNB (V) Dataset/V Dataset/Vw (Driver E)/Vw12/V-Vw12.csv,528a947acd6738f3330989e7335ace72f817ac2b6b546938f8fa3d7927cb7210,212441,212441,True,False,
Unsynchronised V and S Dataset/Categorised IOVNB (V) Dataset/V Dataset/Vw (Driver E)/Vw13/V-Vw13.csv,681a39826d9a127c53c6df4b9c8729f772d283b34229a12a6db335ca3a9a9920,58854,58854,True,False,
Unsynchronised V and S Dataset/Categorised IOVNB (V) Dataset/V Dataset/Vw (Driver E)/Vw14a/V-Vw14a.csv,be656f544b45a72a38ac5bfc4d24aeaa4ab24a24c8654639829e913491908c78,627655,627655,True,False,
Unsynchronised V and S Dataset/Categorised IOVNB (V) Dataset/V Dataset/Vw (Driver E)/Vw14b/V-Vw14b.csv,2e6874fa703cb762c70a792d9490d6454e7050b7f55c89c354ad3deda9137b34,3987718,3987718,True,False,
Unsynchronised V and S Dataset/Categorised IOVNB (V) Dataset/V Dataset/Vw (Driver E)/Vw14c/V-Vw14c.csv,cf68527313ded423bd25dd72f004239f31453b8948365a550c6db3385fdf9b70,3237111,3237111,True,False,
Unsynchronised V and S Dataset/Categorised IOVNB (V) Dataset/V Dataset/Vw (Driver E)/Vw15/V-Vw15.csv,f3a2e28fb59fef4a54f34b90bccd00fc94b6930b535992e3578c5a3444f6430c,253875,253875,True,False,
Unsynchronised V and S Dataset/Categorised IOVNB (V) Dataset/V Dataset/Vw (Driver E)/Vw16a/V-Vw16a.csv,ab1e8b5802ea478eb6fee564ce4b9cca1363bacaec78a9472ba834a529f3d9a9,1209828,1209828,True,False,
Unsynchronised V and S Dataset/Categorised IOVNB (V) Dataset/V Dataset/Vw (Driver E)/Vw16b/V-Vw16b.csv,c267851b7fbd16e978fe898a57440b2ca5c3cf72ae6d165db4cc27bab1f2e581,236875,236875,True,False,
Unsynchronised V and S Dataset/Categorised IOVNB (V) Dataset/V Dataset/Vw (Driver E)/Vw17/V-Vw17.csv,75149cbe1a9e953612c634d2b51972d905b019ea07955b5b50307469812902d6,68566,68566,True,False,
Unsynchronised V and S Dataset/Categorised IOVNB (V) Dataset/V Dataset/Y (Driver D)/Y1/V-Y1.csv,eb685d9619b0c7811d6c7ad5162e6401aee0aeb948cee3c37f3196d5e78ebfc3,14394860,14394860,True,False,
Unsynchronised V and S Dataset/Categorised IOVNB (V) Dataset/V Dataset/Y (Driver D)/Y2/V-Y2.csv,24e309a5f7d7e5661a661ef92c54b32e478907a08818e898dad0f62e049f1996,11546741,11546741,True,False,
Unsynchronised V and S Dataset/Uncategorised IOVNB (V and S) Dataset/S-Dataset/S-A1.csv,3050749766c5d214395e7600bc87ec486abef5818062f84cda6848127cdf3cbe,1072488,1072488,True,False,
Unsynchronised V and S Dataset/Uncategorised IOVNB (V and S) Dataset/S-Dataset/S-A10.csv,d18e3a40a8b880a4c77f851f7994c73e11fa69e631854aab6f47317e66cff29e,1677197,1677197,True,False,
Unsynchronised V and S Dataset/Uncategorised IOVNB (V and S) Dataset/S-Dataset/S-A11.csv,06c77c5949ca221c178b34e045856dbb7fbaa956e076b49bf2e137cbd0dbc831,926919,926919,True,False,
Unsynchronised V and S Dataset/Uncategorised IOVNB (V and S) Dataset/S-Dataset/S-A12.csv,be0397885e58113d4965b3ce2e7e0570266bc0e2411e614edaa3a3cb346ba68d,830964,830964,True,False,
Unsynchronised V and S Dataset/Uncategorised IOVNB (V and S) Dataset/S-Dataset/S-A13.csv,5ae24236b3e0dc404e0d66eb4e3b40b697b9895521ec79c484b27dcfe0fb90fb,1654726,1654726,True,False,
Unsynchronised V and S Dataset/Uncategorised IOVNB (V and S) Dataset/S-Dataset/S-A2.csv,274f08e89892f21e6c8b7d0b5d68e878098d7e75b78d1fda214cbc72bb4ab21d,2114097,2114097,True,False,
Unsynchronised V and S Dataset/Uncategorised IOVNB (V and S) Dataset/S-Dataset/S-A3.csv,235d6258bf44576ec50ad063019a4d5f5707c1c7a4daffb2aa6e86752a2fc36e,2003758,2003758,True,False,
Unsynchronised V and S Dataset/Uncategorised IOVNB (V and S) Dataset/S-Dataset/S-A4.csv,b9255e5bf8a7d9c871f7569fefc0a0971e7b1aff6e3cc80a7bb50451841b4c4d,5884413,5884413,True,False,
Unsynchronised V and S Dataset/Uncategorised IOVNB (V and S) Dataset/S-Dataset/S-A5.csv,811a9bb4c003bb3c15e68ed99faa8c05d9b5fa2394baaf18425bddbb9ebed523,15172267,15172267,True,False,
Unsynchronised V and S Dataset/Uncategorised IOVNB (V and S) Dataset/S-Dataset/S-A6.csv,84efa25088fd8ea4487f126e770eedf4979ef9050442c9e1d98681f12295af61,15372302,15372302,True,False,
Unsynchronised V and S Dataset/Uncategorised IOVNB (V and S) Dataset/S-Dataset/S-A7.csv,0315c2a0372a80d8232e59418681884ec220404dfe8961adabc6911645908364,7790641,7790641,True,False,
Unsynchronised V and S Dataset/Uncategorised IOVNB (V and S) Dataset/S-Dataset/S-A8.csv,a621628a167ed2a8bd19df2f35de0381be2a5836d328918cc3b6187e3da279d9,11875802,11875802,True,False,
Unsynchronised V and S Dataset/Uncategorised IOVNB (V and S) Dataset/S-Dataset/S-A9.csv,a832cd8b9175e0c8f2ced8dcff686da6bfaa2a3d97bc2c25c800032650ad40f9,2260778,2260778,True,False,
Unsynchronised V and S Dataset/Uncategorised IOVNB (V and S) Dataset/S-Dataset/S-I.csv,eb764c90baae81396923cefb79fff8c438ebd3647c0c67a478544a51ef642ca0,983096,983096,True,False,
Unsynchronised V and S Dataset/Uncategorised IOVNB (V and S) Dataset/S-Dataset/S-M.csv,26a1ee080da4db98e175e15d6fec631e6f8c285c13817d9d74ecc90ed280d103,19798721,19798721,True,False,
Unsynchronised V and S Dataset/Uncategorised IOVNB (V and S) Dataset/S-Dataset/S-S1.csv,e79a2eea18143b825438f9a11c7d724a97c9e18329776defd4d9291d03d4aaca,9631499,9631499,True,False,
Unsynchronised V and S Dataset/Uncategorised IOVNB (V and S) Dataset/S-Dataset/S-S2.csv,8f48d68ef4ab225c8381af6fb8ec0f36fe6f6048977eeebecc74cfec50d13cb8,17469302,17469302,True,False,
Unsynchronised V and S Dataset/Uncategorised IOVNB (V and S) Dataset/S-Dataset/S-S3a.csv,b9e45dc8d856271f0a69030b7dd98f32c6b6b88b627138d67e8d3a1b7c5329fe,4580130,4580130,True,False,
Unsynchronised V and S Dataset/Uncategorised IOVNB (V and S) Dataset/S-Dataset/S-S3b.csv,b4d103f19dc93cc422393360b0b1baa26797bc24cc59230db927e6cd1c044d9e,1297427,1297427,True,False,
Unsynchronised V and S Dataset/Uncategorised IOVNB (V and S) Dataset/S-Dataset/S-S3c.csv,b87fa6978d7d50087ca63bfee5230692013485aaccef5474dbc847a9c1498739,6881631,6881631,True,False,
Unsynchronised V and S Dataset/Uncategorised IOVNB (V and S) Dataset/S-Dataset/S-S4.csv,a2bb1e1eb28d111f84963240c54b790f32366f6c5b09dff1713770b52d3f5616,17574514,17574514,True,False,
Unsynchronised V and S Dataset/Uncategorised IOVNB (V and S) Dataset/S-Dataset/S-T1.csv,95c06470898ec471bb154647bbdd6b20e5ec985c456ad481fe419f45ffb8d44d,3801675,3801675,True,False,
Unsynchronised V and S Dataset/Uncategorised IOVNB (V and S) Dataset/S-Dataset/S-T10.csv,fa027d79f094ae9c0da4d1ba0577adea71519a196bc72f403983c7fb56a66c4a,1221658,1221658,True,False,
Unsynchronised V and S Dataset/Uncategorised IOVNB (V and S) Dataset/S-Dataset/S-T11.csv,7cb6d3ae941f4fb4610ce167720e668bef90924d3f9e4b14e388d342602a47f5,1030228,1030228,True,False,
Unsynchronised V and S Dataset/Uncategorised IOVNB (V and S) Dataset/S-Dataset/S-T2.csv,1600dfb62bb8d8926ca5ab756d56adefda4ff441348a820fd65bff066e975bff,11342719,11342719,True,False,
Unsynchronised V and S Dataset/Uncategorised IOVNB (V and S) Dataset/S-Dataset/S-T3.csv,104a2b475226a5f4b65e2575f572d86382df3db2402785daa360154c2aee1856,9838523,9838523,True,False,
Unsynchronised V and S Dataset/Uncategorised IOVNB (V and S) Dataset/S-Dataset/S-T4.csv,cffeb53c595758a6119476f60cd03fe6c8bf8907cfcc63afbeef1e7259749e62,11029809,11029809,True,False,
Unsynchronised V and S Dataset/Uncategorised IOVNB (V and S) Dataset/S-Dataset/S-T5.csv,b619e4d2e8f804e00080f3789684a1458a597993ab260e0c99fbf661b26130ab,7021030,7021030,True,False,
Unsynchronised V and S Dataset/Uncategorised IOVNB (V and S) Dataset/S-Dataset/S-T6.csv,0da7149843ae7fb71554843c911dc96df30df95f3c7e3e02881560da7a3d9760,12912624,12912624,True,False,
Unsynchronised V and S Dataset/Uncategorised IOVNB (V and S) Dataset/S-Dataset/S-T7.csv,4224ed025a6f6d82cf1f7022b50e584f4dccf440466fb995e3ba3fa85a380697,15381654,15381654,True,False,
Unsynchronised V and S Dataset/Uncategorised IOVNB (V and S) Dataset/S-Dataset/S-T8.csv,61a97e57d7bf63adc9d675a274f652d100720b7c6fd1e2e76e9ea7af7a6c4bf6,7229081,7229081,True,False,
Unsynchronised V and S Dataset/Uncategorised IOVNB (V and S) Dataset/S-Dataset/S-T9.csv,da2dd80204264d31b7cd40b6d315f97d73328233a4cb88ddde03187195b29831,11946986,11946986,True,False,
Unsynchronised V and S Dataset/Uncategorised IOVNB (V and S) Dataset/S-Dataset/S-Vfa01.csv,7f46f770cd49c85185446420bc10db9e7a9ffe4aa190e3b1cc1111220eab04b2,2134667,2134667,True,False,
Unsynchronised V and S Dataset/Uncategorised IOVNB (V and S) Dataset/S-Dataset/S-Vfa02.csv,ec666af90866254a55578f4e9371860b64602cad0694b02defcc56eec5d85a44,12603657,12603657,True,False,
Unsynchronised V and S Dataset/Uncategorised IOVNB (V and S) Dataset/S-Dataset/S-Vta10.csv,212ba000dbad28b3375cb0e6a3b205a0415be2f3248ecff35e0c3db0089cf0a7,279232,279232,True,False,
Unsynchronised V and S Dataset/Uncategorised IOVNB (V and S) Dataset/S-Dataset/S-Vta11.csv,af147288035d510dc6b315959b7b36dc63d5b327d57c8a9578bc573c18734128,95272,95272,True,False,
Unsynchronised V and S Dataset/Uncategorised IOVNB (V and S) Dataset/S-Dataset/S-Vta12.csv,9dc5cfe05e00e91feb1f6bf45e19e2c152567776bc6507bfaf037ffa63cd8662,114418,114418,True,False,
Unsynchronised V and S Dataset/Uncategorised IOVNB (V and S) Dataset/S-Dataset/S-Vta13.csv,b4a8f30e4fa8c1399c9c4d58a8220305d233e99789f2997e47be9dbb2dfa1eb0,76217,76217,True,False,
Unsynchronised V and S Dataset/Uncategorised IOVNB (V and S) Dataset/S-Dataset/S-Vta14.csv,49535f49178bb6c542a62fe57747adc19164fbf3a4a7b0afee19d5cc2bee6894,540523,540523,True,False,
Unsynchronised V and S Dataset/Uncategorised IOVNB (V and S) Dataset/S-Dataset/S-Vta15.csv,9404fbd7420b32f5ca6f369e8a1377bbf854b5b6e3ee38a137c67bf73db5d7f7,156907,156907,True,False,
Unsynchronised V and S Dataset/Uncategorised IOVNB (V and S) Dataset/S-Dataset/S-Vta16.csv,efef0aa0fae9e4cc0a40a85335a013fccb96797175819d46d97dfb13a854ce02,2111083,2111083,True,False,
Unsynchronised V and S Dataset/Uncategorised IOVNB (V and S) Dataset/S-Dataset/S-Vta17.csv,d918e507f6cf2b0c38004a61e90211e0c43c0a69fe268b468bb0471d80b439ab,839635,839635,True,False,
Unsynchronised V and S Dataset/Uncategorised IOVNB (V and S) Dataset/S-Dataset/S-Vta19.csv,695cf51819c0f0f8b7894df11af667ab2e819bfff991330ceb8d4a3492a22428,54578,54578,True,False,
Unsynchronised V and S Dataset/Uncategorised IOVNB (V and S) Dataset/S-Dataset/S-Vta1a.csv,19b9d26888e58c71e28ca6de34dd423e9a779a29b1cf0976d3b2f4f7dac56601,4766740,4766740,True,False,
Unsynchronised V and S Dataset/Uncategorised IOVNB (V and S) Dataset/S-Dataset/S-Vta1b.csv,aca49109fc93729d942d13e2008699ac4471fcffae38396127fffaecbe42d5d7,178260,178260,True,False,
Unsynchronised V and S Dataset/Uncategorised IOVNB (V and S) Dataset/S-Dataset/S-Vta2.csv,97ef388d6e5cc3ce17ae3d56d69c77052e5d51a6234176eb95a5e4de6cec7fe5,2038713,2038713,True,False,
Unsynchronised V and S Dataset/Uncategorised IOVNB (V and S) Dataset/S-Dataset/S-Vta20.csv,82c7e730c3aefbc0bbdc6fc9b9d3d6c20071e392bbdf34b78736f54e99632260,582891,582891,True,False,
Unsynchronised V and S Dataset/Uncategorised IOVNB (V and S) Dataset/S-Dataset/S-Vta21.csv,f22951b5bc4fed96a34f9affcb7c1c7118a4461ba8f3c22d910398a5f44d248c,388495,388495,True,False,
Unsynchronised V and S Dataset/Uncategorised IOVNB (V and S) Dataset/S-Dataset/S-Vta22.csv,9291970633a370e9f89e966b1790193f80ccce7b4c32a162ac2eed0a1a2b4a82,290331,290331,True,False,
Unsynchronised V and S Dataset/Uncategorised IOVNB (V and S) Dataset/S-Dataset/S-Vta23.csv,c5f9f4161bd33ec880d4cabab48189a02db647f86315860dd21bb48f5764cd75,206507,206507,True,False,
Unsynchronised V and S Dataset/Uncategorised IOVNB (V and S) Dataset/S-Dataset/S-Vta24.csv,ae6059b51b52fd216c38f4f9f26893207fec80e5a9c75991a51c709b1766f8ce,217212,217212,True,False,
Unsynchronised V and S Dataset/Uncategorised IOVNB (V and S) Dataset/S-Dataset/S-Vta25.csv,9ff0c54126af8ccb8bd2707f2cb01505b87d823b74898a55999c312ae3ac69a1,118562,118562,True,False,
Unsynchronised V and S Dataset/Uncategorised IOVNB (V and S) Dataset/S-Dataset/S-Vta26.csv,d2d0de4a8ff2793825af978523c888e3579c788c98db13542b19f429288bf4d9,358553,358553,True,False,
Unsynchronised V and S Dataset/Uncategorised IOVNB (V and S) Dataset/S-Dataset/S-Vta27.csv,9607f8bbfcb7e92021b113e0971be3f8fec50267d9a4abae875d1062ab10d6d6,471023,471023,True,False,
Unsynchronised V and S Dataset/Uncategorised IOVNB (V and S) Dataset/S-Dataset/S-Vta28.csv,30bece8d988e898902ad4e77d090ea33c80486222293104f78d42bd8611e03fa,781902,781902,True,False,
Unsynchronised V and S Dataset/Uncategorised IOVNB (V and S) Dataset/S-Dataset/S-Vta29.csv,dc24cf9cd6b8cce2553f283d5c042396d7a4df29b7094321a09585e65d996476,4387027,4387027,True,False,
Unsynchronised V and S Dataset/Uncategorised IOVNB (V and S) Dataset/S-Dataset/S-Vta3.csv,7c5479fc893131a8c4d75daf73c3b5ae25512a1e194a6ced50fa24633de0f215,116809,116809,True,False,
Unsynchronised V and S Dataset/Uncategorised IOVNB (V and S) Dataset/S-Dataset/S-Vta30.csv,d6f65e16288c2fd1150435bca4c2383e323d55935824a8ae21799a8563271ccb,3175640,3175640,True,False,
Unsynchronised V and S Dataset/Uncategorised IOVNB (V and S) Dataset/S-Dataset/S-Vta4.csv,0d16cd6deaddf30a98461a546ce47621f4b57fa3fd902623765bad1dd83c0887,331302,331302,True,False,
Unsynchronised V and S Dataset/Uncategorised IOVNB (V and S) Dataset/S-Dataset/S-Vta5.csv,b9030167541be560621a7aa9ef6a89710cb666ec47ad204f65cb1d96f7606fa0,57485,57485,True,False,
Unsynchronised V and S Dataset/Uncategorised IOVNB (V and S) Dataset/S-Dataset/S-Vta6.csv,15ad54e093b7ff783a88db02952fe634ba5b640173c93462d28152f71dcfa8a5,254665,254665,True,False,
Unsynchronised V and S Dataset/Uncategorised IOVNB (V and S) Dataset/S-Dataset/S-Vta7.csv,eb6e66dbb3397aea7af0c93fe212e9ca0fc8310341083ce64652fe7842248acf,155360,155360,True,False,
Unsynchronised V and S Dataset/Uncategorised IOVNB (V and S) Dataset/S-Dataset/S-Vta8.csv,cc1b57b0b539f1e756662c49ff4c4925d66e44396ad283e4d5fa472024675dec,678900,678900,True,False,
Unsynchronised V and S Dataset/Uncategorised IOVNB (V and S) Dataset/S-Dataset/S-Vta9.csv,150b73335a4283e2aba5aa8c5320d32271bf20546005e7f5f60918d8381f5475,29554,29554,True,False,
Unsynchronised V and S Dataset/Uncategorised IOVNB (V and S) Dataset/S-Dataset/S-Vtb1.csv,7bdca3360c9411c58fdc41e4366fc79f336b087fd89c6d295976504c5e559e64,6052896,6052896,True,False,
Unsynchronised V and S Dataset/Uncategorised IOVNB (V and S) Dataset/S-Dataset/S-Vtb10.csv,b81e128fd1594a0730f36d285c1c447d17a370e6637616e4017b44ff3c714742,37176,37176,True,False,
Unsynchronised V and S Dataset/Uncategorised IOVNB (V and S) Dataset/S-Dataset/S-Vtb11.csv,cd3ec5fb7285089c5e37e8f42e7e899875839b7911ebec77751d8b1a01d90510,68659,68659,True,False,
Unsynchronised V and S Dataset/Uncategorised IOVNB (V and S) Dataset/S-Dataset/S-Vtb12.csv,00e8dc12482919e0cfc43218275390f295c3f3b75e34ebeef0ade8b4809a3f5a,83892,83892,True,False,
Unsynchronised V and S Dataset/Uncategorised IOVNB (V and S) Dataset/S-Dataset/S-Vtb2.csv,6552ab344fe50a0163f980f3d852fef80ac8520530985902206eb7d15b44cfb1,1053029,1053029,True,False,
Unsynchronised V and S Dataset/Uncategorised IOVNB (V and S) Dataset/S-Dataset/S-Vtb3.csv,7cadb0617ec69513de0ee718c707acc72cdb76261ec0ab33e629d8354cbaf883,1530275,1530275,True,False,
Unsynchronised V and S Dataset/Uncategorised IOVNB (V and S) Dataset/S-Dataset/S-Vtb4.csv,cdc2626adc124083a440cefb8a5ed0299e4c5e25aa4a5612316fb3dc784708c4,103090,103090,True,False,
Unsynchronised V and S Dataset/Uncategorised IOVNB (V and S) Dataset/S-Dataset/S-Vtb5.csv,4753710832962b5ce8452cf62e314f81744a51dfa166f57f4dd7f678d4a199e8,12010333,12010333,True,False,
Unsynchronised V and S Dataset/Uncategorised IOVNB (V and S) Dataset/S-Dataset/S-Vtb6.csv,8ab4e1f0373173eb17f93426a6a2de2c1f01080fbc915c56443308256da28baa,94210,94210,True,False,
Unsynchronised V and S Dataset/Uncategorised IOVNB (V and S) Dataset/S-Dataset/S-Vtb7.csv,b798d898dc371334ce8627ed416fcbfc423852b204993bdfe884a2dc11b56696,87349,87349,True,False,
Unsynchronised V and S Dataset/Uncategorised IOVNB (V and S) Dataset/S-Dataset/S-Vtb8.csv,cdd40e3a04fe2f39eddf8dbaac68db124e0a1d858e70d08992ebc81708701e16,126023,126023,True,False,
Unsynchronised V and S Dataset/Uncategorised IOVNB (V and S) Dataset/S-Dataset/S-Vtb9.csv,0a9dcbe6816e28e6c663f1b90668d37e024f314ee9bc91a674d49eb28b7fb01c,85640,85640,True,False,
Unsynchronised V and S Dataset/Uncategorised IOVNB (V and S) Dataset/S-Dataset/S-Vw1.csv,41fb71ae3223748b2c0513d5b58338f92f25c85a5dd4e2816a932b263cf5f05b,3524952,3524952,True,False,
Unsynchronised V and S Dataset/Uncategorised IOVNB (V and S) Dataset/S-Dataset/S-Vw10.csv,b2aa8e3d7bae40e9f17cd20fe4c80d79f34b012a07e3b8aeb0eedf5ed42b7790,123092,123092,True,False,
Unsynchronised V and S Dataset/Uncategorised IOVNB (V and S) Dataset/S-Dataset/S-Vw11.csv,b9dd70fc7282ba469fdf8835062286bb3cb53bbf4f6d3d2dff4d71c5b597a5c1,924189,924189,True,False,
Unsynchronised V and S Dataset/Uncategorised IOVNB (V and S) Dataset/S-Dataset/S-Vw12.csv,e5598004be4250cba1361d3b7fea8cb45526ce6e8b8efb7466c5a03a2e6fd57e,170958,170958,True,False,
Unsynchronised V and S Dataset/Uncategorised IOVNB (V and S) Dataset/S-Dataset/S-Vw13.csv,8dbdb8d7c3c0790c66dc33bfffd3eb98d59010f849ef15bdf7097b67f23b8733,53041,53041,True,False,
Unsynchronised V and S Dataset/Uncategorised IOVNB (V and S) Dataset/S-Dataset/S-Vw14a.csv,de5b5da05baa7bedd0d9fa66c6faa908823ab731849c1dad0156d400252e4646,585872,585872,True,False,
Unsynchronised V and S Dataset/Uncategorised IOVNB (V and S) Dataset/S-Dataset/S-Vw14b.csv,5f13f8ede6117bb26ea26f977f19282415dc4064368b6ad3a502c8d3c1150b3f,3668924,3668924,True,False,
Unsynchronised V and S Dataset/Uncategorised IOVNB (V and S) Dataset/S-Dataset/S-Vw14c.csv,ce97c12ec0c9cff740dfe3a18e17aa0be0b8b7ec43bc53daa01b357dd6bf11d7,2957471,2957471,True,False,
Unsynchronised V and S Dataset/Uncategorised IOVNB (V and S) Dataset/S-Dataset/S-Vw15.csv,7e440cc28168a538f694c07d24b374c75af7cce13cb108e342f5eb2ef5633728,254039,254039,True,False,
Unsynchronised V and S Dataset/Uncategorised IOVNB (V and S) Dataset/S-Dataset/S-Vw16a.csv,1b25f604e07545448be54970cd480b23bc7a37814118d6b86dad10ff29ba8d0f,1100323,1100323,True,False,
Unsynchronised V and S Dataset/Uncategorised IOVNB (V and S) Dataset/S-Dataset/S-Vw16b.csv,817fd5f786beebb804b39e00c0da1a541e37074b7dcb843fdb43ea94dbefa190,211892,211892,True,False,
Unsynchronised V and S Dataset/Uncategorised IOVNB (V and S) Dataset/S-Dataset/S-Vw17.csv,cc55c4ce1a945a78ccfa71d3f3e290a30145f88610d1e6cbc541cb1c48cd6ce4,62489,62489,True,False,
Unsynchronised V and S Dataset/Uncategorised IOVNB (V and S) Dataset/S-Dataset/S-Vw2.csv,c153268bf5f53e173934f50084c598d0c29ba93aad4a3b50b14a314d5402dbab,9883172,9883172,True,False,
Unsynchronised V and S Dataset/Uncategorised IOVNB (V and S) Dataset/S-Dataset/S-Vw3.csv,6fa0f3d88a6c7c80cf7adf82b9e969d2de489e799b4f9a604758c8ce479ce7a3,720455,720455,True,False,
Unsynchronised V and S Dataset/Uncategorised IOVNB (V and S) Dataset/S-Dataset/S-Vw4.csv,0d79ef3cd96f48b611e5da7dd14f4cb6ed0f1f747d247d26847918545440b9d3,23607418,23607418,True,False,
Unsynchronised V and S Dataset/Uncategorised IOVNB (V and S) Dataset/S-Dataset/S-Vw5.csv,0750e1ddccb84440e4984f308872a2ff20c64019b64e27815d79496a7e6dbce6,188883,188883,True,False,
Unsynchronised V and S Dataset/Uncategorised IOVNB (V and S) Dataset/S-Dataset/S-Vw6.csv,9543a52492106a1ee4ad815f5a2f183e2f7142979f4edb2ae34755d0c4b3a087,238315,238315,True,False,
Unsynchronised V and S Dataset/Uncategorised IOVNB (V and S) Dataset/S-Dataset/S-Vw7.csv,953176680614bf889a938ee4cc940227d820206a2f58942f8a5ff74ada4e7b2f,300843,300843,True,False,
Unsynchronised V and S Dataset/Uncategorised IOVNB (V and S) Dataset/S-Dataset/S-Vw8.csv,f1321e689b66128e7b116b9aedb0e8e5304f9566781f8111c4d1f4a933c543a2,287123,287123,True,False,
Unsynchronised V and S Dataset/Uncategorised IOVNB (V and S) Dataset/S-Dataset/S-Vw9.csv,40d96f99b100518c0f2dbe6bf9dbfc94b89e25c865b3d1e6b795d132127d917c,103572,103572,True,False,
Unsynchronised V and S Dataset/Uncategorised IOVNB (V and S) Dataset/S-Dataset/S-Y1.csv,cf17b89f6eec6872de2412f8a17a82ab9821a881c20cbcadc23d867d9e1dde84,13039543,13039543,True,False,
Unsynchronised V and S Dataset/Uncategorised IOVNB (V and S) Dataset/V-Dataset/V-M.csv,b7d62314fbcf376310f503e6dc664e0672d095926523297b5a539a7b29a9cad0,21659868,21659868,True,False,
Unsynchronised V and S Dataset/Uncategorised IOVNB (V and S) Dataset/V-Dataset/V-S1.csv,2e086e38c5d1787fcb67500bf34e2097a4e6708ce9479018f00bdf5cb119552e,10505959,10505959,True,False,
Unsynchronised V and S Dataset/Uncategorised IOVNB (V and S) Dataset/V-Dataset/V-S2.csv,fe19bd930b9503304fd9ca807501b39170ddba6c828edb09caa9d19acc70a88f,19297256,19297256,True,False,
Unsynchronised V and S Dataset/Uncategorised IOVNB (V and S) Dataset/V-Dataset/V-S3a.csv,aff9b34045c90e930b8c759770d435df4f136f97ce532593829c57e112277600,5089354,5089354,True,False,
Unsynchronised V and S Dataset/Uncategorised IOVNB (V and S) Dataset/V-Dataset/V-S3b.csv,a644af9c4f30e17743bbf4f0ee75652cb003ca4369dfa4f9f1452d1ca3ffe389,1410120,1410120,True,False,
Unsynchronised V and S Dataset/Uncategorised IOVNB (V and S) Dataset/V-Dataset/V-S3c.csv,9a4ff741b9581eb24797aff592479f3ce821f1272c91e7e23a30c8cb81d1e918,7687239,7687239,True,False,
Unsynchronised V and S Dataset/Uncategorised IOVNB (V and S) Dataset/V-Dataset/V-S4.csv,8bea1d9748bc5e3237c1aa512692f79ba4e5eb52b1defe1f88b13bf851886538,19863006,19863006,True,False,
Unsynchronised V and S Dataset/Uncategorised IOVNB (V and S) Dataset/V-Dataset/V-St1.csv,d386dd533a38e6a8e053788f274c619b3a2bcd097daa0983144b491573ca9237,11545416,11545416,True,False,
Unsynchronised V and S Dataset/Uncategorised IOVNB (V and S) Dataset/V-Dataset/V-St4.csv,8d1849f9a61a7612e70c4326d747ddd4a6c41a33ad812eb68e42f8d6b2934e6d,2794203,2794203,True,False,
Unsynchronised V and S Dataset/Uncategorised IOVNB (V and S) Dataset/V-Dataset/V-St6.csv,a1e027d958baca7a2a12cbf927f4998e26d635f3e1ad211bb13db7927b3e227c,10437990,10437990,True,False,
Unsynchronised V and S Dataset/Uncategorised IOVNB (V and S) Dataset/V-Dataset/V-St7.csv,dff3ac18f9f2056275868af8caada86ea8c903c48c3b35d207bb808602aba88f,8944996,8944996,True,False,
Unsynchronised V and S Dataset/Uncategorised IOVNB (V and S) Dataset/V-Dataset/V-Vfa01.csv,81ad22765340419e1ea88e69e2a92dc38c260f244c5aeb951c88fb668908ad37,2398099,2398099,True,False,
Unsynchronised V and S Dataset/Uncategorised IOVNB (V and S) Dataset/V-Dataset/V-Vfa02.csv,bce837348c306ba343b36f2d44878f0ac1e68ada3c2852bba50056749f40ca7d,13955001,13955001,True,False,
Unsynchronised V and S Dataset/Uncategorised IOVNB (V and S) Dataset/V-Dataset/V-Vfb01a.csv,38a385d3fe81076bd82ef911f674ec34bc8954159397361614db1386f2abfdee,3363089,3363089,True,False,
Unsynchronised V and S Dataset/Uncategorised IOVNB (V and S) Dataset/V-Dataset/V-Vfb01b.csv,eef2a336860a2a4a467ea7a76407b66ed602f0b8779dfa19a2be8ef16ef00ae7,795266,795266,True,False,
Unsynchronised V and S Dataset/Uncategorised IOVNB (V and S) Dataset/V-Dataset/V-Vfb01c.csv,25cb9562fd74e86e18c8d04aee38d6c8f65c3b4ce1bb1de8226aa22e0af08718,1280169,1280169,True,False,
Unsynchronised V and S Dataset/Uncategorised IOVNB (V and S) Dataset/V-Dataset/V-Vfb01d.csv,b41878109b774666af1698b374c2273f3c0c9092888522ac8fadaf10f3b70160,2123447,2123447,True,False,
Unsynchronised V and S Dataset/Uncategorised IOVNB (V and S) Dataset/V-Dataset/V-Vfb02a.csv,ac664839bde2f1519a0a39acf261c819066cff48409cdf12cabe3c562b8bfa30,7418599,7418599,True,False,
Unsynchronised V and S Dataset/Uncategorised IOVNB (V and S) Dataset/V-Dataset/V-Vfb02b.csv,50cc9f72afb63f25ed42b2d2bf5b09e48ec768750603c7d078b9c9bfa272ae30,2240834,2240834,True,False,
Unsynchronised V and S Dataset/Uncategorised IOVNB (V and S) Dataset/V-Dataset/V-Vfb02c.csv,c68f61a381555a0c5669b9952b59d7424f1bef82fd05b1cb8fbc26bb549b12aa,132991,132991,True,False,
Unsynchronised V and S Dataset/Uncategorised IOVNB (V and S) Dataset/V-Dataset/V-Vfb02d.csv,51dd189b27452c83f76b58e751a510cbc5d9b4e1d300396274f2efb8bd450232,182339,182339,True,False,
Unsynchronised V and S Dataset/Uncategorised IOVNB (V and S) Dataset/V-Dataset/V-Vfb02e.csv,ebf89d496674e64391e89820fb2ad6db5a66f3204375c3abc5db1f225cabbcf3,202703,202703,True,False,
Unsynchronised V and S Dataset/Uncategorised IOVNB (V and S) Dataset/V-Dataset/V-Vfb02f.csv,5430fd60efdb7a85fc42837e647f245a860d996c86cc73634fd7d2ab3175c5a1,136684,136684,True,False,
Unsynchronised V and S Dataset/Uncategorised IOVNB (V and S) Dataset/V-Dataset/V-Vfb02g.csv,09c317c6e7e3b8534459610c7b47a23787563febc6fdeae015f04f037737a878,5570770,5570770,True,False,
Unsynchronised V and S Dataset/Uncategorised IOVNB (V and S) Dataset/V-Dataset/V-Vta10.csv,b16817eecd63a0f8bc27ae8b3490760e394391535c798587602f6feaab856001,321356,321356,True,False,
Unsynchronised V and S Dataset/Uncategorised IOVNB (V and S) Dataset/V-Dataset/V-Vta11.csv,a18d901420f06dd598597716786334afd1648000037568c782429d973507028e,122161,122161,True,False,
Unsynchronised V and S Dataset/Uncategorised IOVNB (V and S) Dataset/V-Dataset/V-Vta12.csv,c24b48fcf0ee5ab1be0416a5b0b5d4fc087cc65fc990f850e799e705fa1cb1bd,140652,140652,True,False,
Unsynchronised V and S Dataset/Uncategorised IOVNB (V and S) Dataset/V-Dataset/V-Vta13.csv,5d9f5a8f99d21cff2f3d85ee4faec473b74c28be2c3dfc0ff1976375fc84501a,98450,98450,True,False,
Unsynchronised V and S Dataset/Uncategorised IOVNB (V and S) Dataset/V-Dataset/V-Vta14.csv,27cac1b546258a188c9034560b73cf970e950213894325345570bfc1fa50b7e1,593318,593318,True,False,
Unsynchronised V and S Dataset/Uncategorised IOVNB (V and S) Dataset/V-Dataset/V-Vta15.csv,c16729168b373c1aba8e71f6af00e5e92fcd232d513b2b5ac2c275586694aded,177465,177465,True,False,
Unsynchronised V and S Dataset/Uncategorised IOVNB (V and S) Dataset/V-Dataset/V-Vta16.csv,8de195165a29ddea5f138d704fb3107405d823c32e54b8d49009b120ba4894aa,2312817,2312817,True,False,
Unsynchronised V and S Dataset/Uncategorised IOVNB (V and S) Dataset/V-Dataset/V-Vta17.csv,b866394640dd88ec9b8946f3bd8b4f4bb9e56253b4ef77fff7e23889a25d5a5d,944997,944997,True,False,
Unsynchronised V and S Dataset/Uncategorised IOVNB (V and S) Dataset/V-Dataset/V-Vta18.csv,45c297e082a30cf055a7e71e889dd2c6d71b968645bcd49e14affb059be06793,21300,21300,True,False,
Unsynchronised V and S Dataset/Uncategorised IOVNB (V and S) Dataset/V-Dataset/V-Vta19.csv,c52a7a642ebb61501d2ce4f805e06ca218e91d5ade7f1327f5c46d9933c33ecc,62292,62292,True,False,
Unsynchronised V and S Dataset/Uncategorised IOVNB (V and S) Dataset/V-Dataset/V-Vta1a.csv,4857a85a1c6f13eb48f80fc695e1e339af90dff1cbf8accaa5da13dd63304a49,5288733,5288733,True,False,
Unsynchronised V and S Dataset/Uncategorised IOVNB (V and S) Dataset/V-Dataset/V-Vta1b.csv,23b4e70ca03acb6aadb4c1d2e68d1dd6f996e695dd56e1fb2f6ff6ffaac3b46e,198110,198110,True,False,
Unsynchronised V and S Dataset/Uncategorised IOVNB (V and S) Dataset/V-Dataset/V-Vta2.csv,7bb966aa72278f3c8fbf39510fa53fce1daccbf465e8153adb6f4d520c1bf2be,2222734,2222734,True,False,
Unsynchronised V and S Dataset/Uncategorised IOVNB (V and S) Dataset/V-Dataset/V-Vta20.csv,17c4e9933bfb1d2c9e006dfacfc5a760532804e9fe3b1120f97b94c2c1785ffb,577317,577317,True,False,
Unsynchronised V and S Dataset/Uncategorised IOVNB (V and S) Dataset/V-Dataset/V-Vta21.csv,12f6c6a3f00af8e2e5f9cdb368f5952e32986dfd437707b83fd6890893458aa8,430922,430922,True,False,
Unsynchronised V and S Dataset/Uncategorised IOVNB (V and S) Dataset/V-Dataset/V-Vta22.csv,7e2e52e2b9b568ea3e1c463c7ec77e5fd56b371f3149ff3149d00482a8ca8de9,323518,323518,True,False,
Unsynchronised V and S Dataset/Uncategorised IOVNB (V and S) Dataset/V-Dataset/V-Vta23.csv,b3a4d14906d1783b565ee27c43d012804cfefaef14a4c6f5114ea683269ff06f,232810,232810,True,False,
Unsynchronised V and S Dataset/Uncategorised IOVNB (V and S) Dataset/V-Dataset/V-Vta24.csv,51f89a408dec57e46d4d6ea80454e7974c38cb59d90f2a8a109899e88197ed41,241654,241654,True,False,
Unsynchronised V and S Dataset/Uncategorised IOVNB (V and S) Dataset/V-Dataset/V-Vta25.csv,a02be7752e5d606c88dfa5a875f5a02684f06d68fa97f25112ad975aa0621448,129385,129385,True,False,
Unsynchronised V and S Dataset/Uncategorised IOVNB (V and S) Dataset/V-Dataset/V-Vta26.csv,f5233605b530d4511c259b149fecf142aff34e80d444567f68a4ad08a986505a,388954,388954,True,False,
Unsynchronised V and S Dataset/Uncategorised IOVNB (V and S) Dataset/V-Dataset/V-Vta27.csv,bb8cee07da2802f0b543cd9ffe682262a19e8e0e9d6692b1eb792e03bc512d3b,583915,583915,True,False,
Unsynchronised V and S Dataset/Uncategorised IOVNB (V and S) Dataset/V-Dataset/V-Vta28.csv,db64f82bd2badebe3c63394495045aeee9579f1e62fe0532a09c7752c4dba5d9,859662,859662,True,False,
Unsynchronised V and S Dataset/Uncategorised IOVNB (V and S) Dataset/V-Dataset/V-Vta29.csv,e3794b1e4da783ad5ee5eb98eb687b78f1a0ebcec519aa6d68ae029d10d72313,4907770,4907770,True,False,
Unsynchronised V and S Dataset/Uncategorised IOVNB (V and S) Dataset/V-Dataset/V-Vta3.csv,2c6b7e53f2faa0d1c5cbe25d47a3293a878504f12226b0ea77b873807d827172,175163,175163,True,False,
Unsynchronised V and S Dataset/Uncategorised IOVNB (V and S) Dataset/V-Dataset/V-Vta30.csv,15d33059adbdee84391153fe23d43d63c3bf7370e5da8cca66fb9c5d334730c8,3460420,3460420,True,False,
Unsynchronised V and S Dataset/Uncategorised IOVNB (V and S) Dataset/V-Dataset/V-Vta4.csv,f21eda72f506f4c4c0c3cf5828b096edbddc59bf1bbb4da6619f9f060622e754,370003,370003,True,False,
Unsynchronised V and S Dataset/Uncategorised IOVNB (V and S) Dataset/V-Dataset/V-Vta5.csv,2c199c21f3a7e70e4265c051307848828120c404ec2ce16d962c53bab423d739,73728,73728,True,False,
Unsynchronised V and S Dataset/Uncategorised IOVNB (V and S) Dataset/V-Dataset/V-Vta6.csv,0f372c0946092966eba77bcdaf6bb3ebf6b15c60a6ed2f290e4426f61466135b,284633,284633,True,False,
Unsynchronised V and S Dataset/Uncategorised IOVNB (V and S) Dataset/V-Dataset/V-Vta7.csv,b79e883cc8d3b4c6d5fef0954aa707bea947b8d796bd138c7b3eec1f6e6390c2,176565,176565,True,False,
Unsynchronised V and S Dataset/Uncategorised IOVNB (V and S) Dataset/V-Dataset/V-Vta8.csv,316f79fa86937f147795c702bea668d605e188c7d6f0f399c445ef12e37f964e,732865,732865,True,False,
Unsynchronised V and S Dataset/Uncategorised IOVNB (V and S) Dataset/V-Dataset/V-Vta9.csv,c0f9419e6cb8b5937663af729a2aa007fbb3c8add15074bff78a0b120ecaf8ac,46738,46738,True,False,
Unsynchronised V and S Dataset/Uncategorised IOVNB (V and S) Dataset/V-Dataset/V-Vtb1.csv,fcb832a379d1827c6863690b7c39805e06f0318aac7ed24c5b515cfe90fdb516,6696680,6696680,True,False,
Unsynchronised V and S Dataset/Uncategorised IOVNB (V and S) Dataset/V-Dataset/V-Vtb10.csv,b0958971cd26d31ac74cb0f3496e9bfbd1a0cdcec022b2a192e727539bb8d0b1,40687,40687,True,False,
Unsynchronised V and S Dataset/Uncategorised IOVNB (V and S) Dataset/V-Dataset/V-Vtb11.csv,bb66b9394af2f8f9183e5cc986ce94fcd36627455e6e3512206b974082b6ca62,88068,88068,True,False,
Unsynchronised V and S Dataset/Uncategorised IOVNB (V and S) Dataset/V-Dataset/V-Vtb12.csv,f6c0b0e704bb745648fe30f48c2e38c1f0ea0f653b71f51a837e9a21b845ceb8,98988,98988,True,False,
Unsynchronised V and S Dataset/Uncategorised IOVNB (V and S) Dataset/V-Dataset/V-Vtb13.csv,9f390441ed26e49d93ca33acb873026c5e132042f52e2eab57579f8bead333f7,256729,256729,True,False,
Unsynchronised V and S Dataset/Uncategorised IOVNB (V and S) Dataset/V-Dataset/V-Vtb2.csv,18bd17ba2fc06a70a2fca32d7a913c5543011be583b60e1db8a78a4167f84482,1149458,1149458,True,False,
Unsynchronised V and S Dataset/Uncategorised IOVNB (V and S) Dataset/V-Dataset/V-Vtb3.csv,cffedec2b0088ae62d8323417cd25905a94261aa8e58ec81759d81bb72058620,1663807,1663807,True,False,
Unsynchronised V and S Dataset/Uncategorised IOVNB (V and S) Dataset/V-Dataset/V-Vtb4.csv,f918795f7af8b69e24261fab948424422fab381d0226b605b85be5a4b7cccf4d,127079,127079,True,False,
Unsynchronised V and S Dataset/Uncategorised IOVNB (V and S) Dataset/V-Dataset/V-Vtb5.csv,9d7f2694d9311d71e9d6258ca29dcbd75ad4e7f8077662619c72a50d33c67892,13070303,13070303,True,False,
Unsynchronised V and S Dataset/Uncategorised IOVNB (V and S) Dataset/V-Dataset/V-Vtb6.csv,d2d563ba86d9d9ef1a636a3a9ecca4ff4983a15b6214a44db999f64934af8dc7,104997,104997,True,False,
Unsynchronised V and S Dataset/Uncategorised IOVNB (V and S) Dataset/V-Dataset/V-Vtb7.csv,f5830144b2f857d1a0f0e94a1b95ed267065fbac8819a37b079280da56f7cae4,94550,94550,True,False,
Unsynchronised V and S Dataset/Uncategorised IOVNB (V and S) Dataset/V-Dataset/V-Vtb8.csv,31be17ec68f9a1adda4657812effda6203fa058bd043dd76b19639ce98febe6b,138144,138144,True,False,
Unsynchronised V and S Dataset/Uncategorised IOVNB (V and S) Dataset/V-Dataset/V-Vtb9.csv,d50851c0f724a3b839674071240deacdcb3ed1ea2d582691ea459355c32fa45f,92473,92473,True,False,
Unsynchronised V and S Dataset/Uncategorised IOVNB (V and S) Dataset/V-Dataset/V-Vw1.csv,a1769fa8c7cf3ca863e806973e124d867bd6dd1e9c14b3e752ff52031da1d295,3923291,3923291,True,False,
Unsynchronised V and S Dataset/Uncategorised IOVNB (V and S) Dataset/V-Dataset/V-Vw10.csv,8b4da8dba6ac4e043429be4c1ca9b57da87a880ea19b59044413594a43d1a942,138464,138464,True,False,
Unsynchronised V and S Dataset/Uncategorised IOVNB (V and S) Dataset/V-Dataset/V-Vw11.csv,fbc4db25436965faef80f6c0d41c55bf1bbcb9e2a7bde120cc38573323221dff,997043,997043,True,False,
Unsynchronised V and S Dataset/Uncategorised IOVNB (V and S) Dataset/V-Dataset/V-Vw12.csv,528a947acd6738f3330989e7335ace72f817ac2b6b546938f8fa3d7927cb7210,212441,212441,True,False,
Unsynchronised V and S Dataset/Uncategorised IOVNB (V and S) Dataset/V-Dataset/V-Vw13.csv,681a39826d9a127c53c6df4b9c8729f772d283b34229a12a6db335ca3a9a9920,58854,58854,True,False,
Unsynchronised V and S Dataset/Uncategorised IOVNB (V and S) Dataset/V-Dataset/V-Vw14a.csv,be656f544b45a72a38ac5bfc4d24aeaa4ab24a24c8654639829e913491908c78,627655,627655,True,False,
Unsynchronised V and S Dataset/Uncategorised IOVNB (V and S) Dataset/V-Dataset/V-Vw14b.csv,2e6874fa703cb762c70a792d9490d6454e7050b7f55c89c354ad3deda9137b34,3987718,3987718,True,False,
Unsynchronised V and S Dataset/Uncategorised IOVNB (V and S) Dataset/V-Dataset/V-Vw14c.csv,cf68527313ded423bd25dd72f004239f31453b8948365a550c6db3385fdf9b70,3237111,3237111,True,False,
Unsynchronised V and S Dataset/Uncategorised IOVNB (V and S) Dataset/V-Dataset/V-Vw15.csv,f3a2e28fb59fef4a54f34b90bccd00fc94b6930b535992e3578c5a3444f6430c,253875,253875,True,False,
Unsynchronised V and S Dataset/Uncategorised IOVNB (V and S) Dataset/V-Dataset/V-Vw16a.csv,ab1e8b5802ea478eb6fee564ce4b9cca1363bacaec78a9472ba834a529f3d9a9,1209828,1209828,True,False,
Unsynchronised V and S Dataset/Uncategorised IOVNB (V and S) Dataset/V-Dataset/V-Vw16b.csv,c267851b7fbd16e978fe898a57440b2ca5c3cf72ae6d165db4cc27bab1f2e581,236875,236875,True,False,
Unsynchronised V and S Dataset/Uncategorised IOVNB (V and S) Dataset/V-Dataset/V-Vw17.csv,75149cbe1a9e953612c634d2b51972d905b019ea07955b5b50307469812902d6,68566,68566,True,False,
Unsynchronised V and S Dataset/Uncategorised IOVNB (V and S) Dataset/V-Dataset/V-Vw2.csv,7916a97a4b23780647c96200533f3a1c6866e6e224ac040b603abd14b48b15de,10887065,10887065,True,False,
Unsynchronised V and S Dataset/Uncategorised IOVNB (V and S) Dataset/V-Dataset/V-Vw3.csv,bf061d676cd45ae8fcef4d07714dc9a6a32a148a8b9123fa7a085f44221b017c,821795,821795,True,False,
Unsynchronised V and S Dataset/Uncategorised IOVNB (V and S) Dataset/V-Dataset/V-Vw4.csv,a5d06dc8196ee06f0def86fd0803d1a06e3b8cd545a144baeb32988d4af22130,26069987,26069987,True,False,
Unsynchronised V and S Dataset/Uncategorised IOVNB (V and S) Dataset/V-Dataset/V-Vw5.csv,f6820ac906fb572c385d25e5ab00c5bc3d2cbc82d286c74cd7faf30d711669d7,215664,215664,True,False,
Unsynchronised V and S Dataset/Uncategorised IOVNB (V and S) Dataset/V-Dataset/V-Vw6.csv,f453e4ac1bc32ff555b7cffe32583757a04f7ec230b681f14a5f2095b04ceef0,269988,269988,True,False,
Unsynchronised V and S Dataset/Uncategorised IOVNB (V and S) Dataset/V-Dataset/V-Vw7.csv,690ccc6eb832fe061ce33465a828966b96edc5e739a431f208616886614da738,350184,350184,True,False,
Unsynchronised V and S Dataset/Uncategorised IOVNB (V and S) Dataset/V-Dataset/V-Vw8.csv,aa0e1facaeefa7b45a4288790314e55630dea68e34e62755a87865794f8a266c,332898,332898,True,False,
Unsynchronised V and S Dataset/Uncategorised IOVNB (V and S) Dataset/V-Dataset/V-Vw9.csv,29f6fa4f216308cc77018ed542bff4a6c3a44588a6286505277ccbd27636c8af,125970,125970,True,False,
Unsynchronised V and S Dataset/Uncategorised IOVNB (V and S) Dataset/V-Dataset/V-Y1.csv,eb685d9619b0c7811d6c7ad5162e6401aee0aeb948cee3c37f3196d5e78ebfc3,14394860,14394860,True,False,
Unsynchronised V and S Dataset/Uncategorised IOVNB (V and S) Dataset/V-Dataset/V-Y2.csv,24e309a5f7d7e5661a661ef92c54b32e478907a08818e898dad0f62e049f1996,11546741,11546741,True,False,
