session_id,stream,relative_path,total_rows,rows_with_fix,availability_fraction,has_gnss_fields,has_accuracy_field,mean_accuracy_m,worst_accuracy_m,outage_count,total_outage_s,longest_outage_s,documented_outages_found,position_update_rate_hz,position_update_count,median_update_interval_s,p90_update_interval_s,max_update_interval_s,position_hold_count,longest_position_hold_s,evidence,note
M,smartphone,Synchronised V abd S datasets/Categorised IOVNB Dataset/M (Driver B)/S-M.csv,105974,105974,1.0,True,True,3.1833392620548433,13.617527,0,0.0,0.0,False,0.17766769262967583,1091,9.0,9.099999999999909,130.0,9,130.0,VERIFIED_FROM_FILE,no GNSS gaps at or above the minimum duration threshold
M,vehicle,Synchronised V abd S datasets/Categorised IOVNB Dataset/M (Driver B)/V-M.csv,105974,105974,1.0,True,False,,,0,0.0,0.0,False,9.584512890197413,101570,0.09999999999854481,0.10000000000582077,2.6000000000058208,0,0.0,VERIFIED_FROM_FILE,no GNSS gaps at or above the minimum duration threshold
S1,smartphone,Synchronised V abd S datasets/Categorised IOVNB Dataset/S (Driver A)/S1/S-S1.csv,51746,51746,1.0,True,True,2.8789278398330307,32.0,0,0.0,0.0,False,0.10278745644599302,532,9.0,9.09900000000016,70.0010000000002,5,70.0010000000002,VERIFIED_FROM_FILE,no GNSS gaps at or above the minimum duration threshold
S1,vehicle,Synchronised V abd S datasets/Categorised IOVNB Dataset/S (Driver A)/S1/V-S1.csv,51746,51746,1.0,True,False,,,0,0.0,0.0,False,9.563049570006765,49485,0.09999999999854481,0.10000000000582077,2.0,0,0.0,VERIFIED_FROM_FILE,no GNSS gaps at or above the minimum duration threshold
S2,smartphone,Synchronised V abd S datasets/Categorised IOVNB Dataset/S (Driver A)/S2/S-S2.csv,93876,93876,1.0,True,True,3.0165644041075463,8.0,0,0.0,0.0,False,0.10229956359441489,941,9.0,9.100000000000364,146.0,10,146.0,VERIFIED_FROM_FILE,no GNSS gaps at or above the minimum duration threshold
S2,vehicle,Synchronised V abd S datasets/Categorised IOVNB Dataset/S (Driver A)/S2/V-S2.csv,93876,93876,1.0,True,False,,,0,0.0,0.0,False,9.546631158455392,89620,0.09999999999854481,0.10000000000582077,2.8999999999941792,0,0.0,VERIFIED_FROM_FILE,no GNSS gaps at or above the minimum duration threshold
S3A,smartphone,Synchronised V abd S datasets/Categorised IOVNB Dataset/S (Driver A)/S3a/S-S3a.csv,24621,24621,1.0,True,True,3.6149222208683645,8.0,0,0.0,0.0,False,0.10309702652690567,254,9.0,9.001000000000204,65.0,3,65.0,VERIFIED_FROM_FILE,no GNSS gaps at or above the minimum duration threshold
S3A,vehicle,Synchronised V abd S datasets/Categorised IOVNB Dataset/S (Driver A)/S3a/V-S3a.csv,24621,24621,1.0,True,False,,,0,0.0,0.0,False,9.614541023558083,23672,0.10000000000582077,0.10000000000582077,1.5,0,0.0,VERIFIED_FROM_FILE,no GNSS gaps at or above the minimum duration threshold
S3B,smartphone,Synchronised V abd S datasets/Categorised IOVNB Dataset/S (Driver A)/S3b/S-S3b.csv,6813,6813,1.0,True,True,3.618963745780126,6.0,0,0.0,0.0,False,,74,9.0,9.100000000000017,11.000999999999749,0,0.0,VERIFIED_FROM_FILE,no GNSS gaps at or above the minimum duration threshold
S3B,vehicle,Synchronised V abd S datasets/Categorised IOVNB Dataset/S (Driver A)/S3b/V-S3b.csv,6813,6813,1.0,True,False,,,0,0.0,0.0,False,9.655020551967159,6578,0.10000000000582077,0.10000000000582077,0.5,0,0.0,VERIFIED_FROM_FILE,no GNSS gaps at or above the minimum duration threshold
S3C,smartphone,Synchronised V abd S datasets/Categorised IOVNB Dataset/S (Driver A)/S3c/S-S3c.csv,37183,37183,1.0,True,True,4.284538633246376,24.0,0,0.0,0.0,False,0.10512132213512726,391,9.0,9.098999999999705,60.00099999999975,5,60.00099999999975,VERIFIED_FROM_FILE,no GNSS gaps at or above the minimum duration threshold
S3C,vehicle,Synchronised V abd S datasets/Categorised IOVNB Dataset/S (Driver A)/S3c/V-S3c.csv,37183,37183,1.0,True,False,,,0,0.0,0.0,False,9.74692055295574,36242,0.10000000000582077,0.10000000000582077,10.80000000000291,0,0.0,VERIFIED_FROM_FILE,no GNSS gaps at or above the minimum duration threshold
S4,smartphone,Synchronised V abd S datasets/Categorised IOVNB Dataset/S (Driver A)/S4/S-S4.csv,94600,94600,1.0,True,True,3.144048625792812,24.0,0,0.0,0.0,False,2.6472854660900076,932,9.0,9.001000000000204,332.0,13,332.0,VERIFIED_FROM_FILE,no GNSS gaps at or above the minimum duration threshold
S4,vehicle,Synchronised V abd S datasets/Categorised IOVNB Dataset/S (Driver A)/S4/V-S4.csv,94600,94600,1.0,True,False,,,0,0.0,0.0,False,9.20939967652935,87121,0.09999999999854481,0.10000000000582077,2.1000000000058208,0,0.0,VERIFIED_FROM_FILE,no GNSS gaps at or above the minimum duration threshold
VFA01,smartphone,Synchronised V abd S datasets/Categorised IOVNB Dataset/Vf (Driver E)/V-Vfa01/S-Vfa01.csv,11486,11486,1.0,True,True,4.363485982935748,8.0,0,0.0,0.0,False,0.10693302924618349,123,9.0,9.002000000000006,34.0,1,34.0,VERIFIED_FROM_FILE,no GNSS gaps at or above the minimum duration threshold
VFA01,vehicle,Synchronised V abd S datasets/Categorised IOVNB Dataset/Vf (Driver E)/V-Vfa01/V-Vfa01.csv,11535,11535,1.0,True,False,,,0,0.0,0.0,False,9.736431420149112,11231,0.09999999999854481,0.10000000000582077,1.6999999999970896,0,0.0,VERIFIED_FROM_FILE,no GNSS gaps at or above the minimum duration threshold
VFA02,smartphone,Synchronised V abd S datasets/Categorised IOVNB Dataset/Vf (Driver E)/V-Vfa02/S-Vfa02.csv,67523,67523,1.0,True,True,4.256594049435007,8.0,0,0.0,0.0,False,0.11055945008381621,747,9.0,9.001000000000204,20.0,0,0.0,VERIFIED_FROM_FILE,no GNSS gaps at or above the minimum duration threshold
VFA02,vehicle,Synchronised V abd S datasets/Categorised IOVNB Dataset/Vf (Driver E)/V-Vfa02/V-Vfa02.csv,67755,67755,1.0,True,False,,,0,0.0,0.0,False,9.952622723381642,67434,0.09999999999854481,0.10000000000582077,0.9000000000014552,0,0.0,VERIFIED_FROM_FILE,no GNSS gaps at or above the minimum duration threshold
VTA1A,smartphone,Synchronised V abd S datasets/Categorised IOVNB Dataset/Vta (Driver E)/Vta01a/S-Vta1a.csv,25676,25676,1.0,True,True,4.4723087708365785,12.0,0,0.0,0.0,False,0.9813003651730696,2520,1.0,1.0010000000000048,36.0,1,36.0,VERIFIED_FROM_FILE,no GNSS gaps at or above the minimum duration threshold
VTA1A,vehicle,Synchronised V abd S datasets/Categorised IOVNB Dataset/Vta (Driver E)/Vta01a/V-Vta1a.csv,25676,25676,1.0,True,False,,,0,0.0,0.0,False,9.99493670886076,25663,0.09999999999854481,0.10000000000582077,0.5,0,0.0,VERIFIED_FROM_FILE,no GNSS gaps at or above the minimum duration threshold
VTA1B,smartphone,Synchronised V abd S datasets/Categorised IOVNB Dataset/Vta (Driver E)/Vta01b/S-Vta1b.csv,954,954,1.0,True,True,4.9958071278826,6.0,0,0.0,0.0,False,0.9905163329820854,95,1.0,1.0010000000002037,2.0,0,0.0,VERIFIED_FROM_FILE,no GNSS gaps at or above the minimum duration threshold
VTA1B,vehicle,Synchronised V abd S datasets/Categorised IOVNB Dataset/Vta (Driver E)/Vta01b/V-Vta1b.csv,953,953,1.0,True,False,,,0,0.0,0.0,False,10.000000000000306,953,0.09999999999854481,0.10000000000582077,0.10000000000582077,0,0.0,VERIFIED_FROM_FILE,no GNSS gaps at or above the minimum duration threshold
VTA2,smartphone,Synchronised V abd S datasets/Categorised IOVNB Dataset/Vta (Driver E)/Vta02/S-Vta2.csv,10991,10991,1.0,True,True,4.47056682740424,8.0,0,0.0,0.0,False,0.9323983804367858,1023,1.0,1.0010000000002037,45.0,1,45.0,VERIFIED_FROM_FILE,no GNSS gaps at or above the minimum duration threshold
VTA2,vehicle,Synchronised V abd S datasets/Categorised IOVNB Dataset/Vta (Driver E)/Vta02/V-vta2.csv,10991,10991,1.0,True,False,,,0,0.0,0.0,False,9.834394904458598,10809,0.09999999999854481,0.10000000000582077,1.1999999999970896,0,0.0,VERIFIED_FROM_FILE,no GNSS gaps at or above the minimum duration threshold
VTA3,smartphone,Synchronised V abd S datasets/Categorised IOVNB Dataset/Vta (Driver E)/Vta03/S-Vta3.csv,645,645,1.0,True,True,4.62015503875969,6.0,0,0.0,0.0,False,0.07766990291262135,5,9.0,19.85,24.5,0,0.0,VERIFIED_FROM_FILE,no GNSS gaps at or above the minimum duration threshold
VTA3,vehicle,Synchronised V abd S datasets/Categorised IOVNB Dataset/Vta (Driver E)/Vta03/V-vta3.csv,645,645,1.0,True,False,,,0,0.0,0.0,False,9.968944099378657,643,0.09999999999854481,0.10000000000582077,0.3000000000029104,0,0.0,VERIFIED_FROM_FILE,no GNSS gaps at or above the minimum duration threshold
VTA4,smartphone,Synchronised V abd S datasets/Categorised IOVNB Dataset/Vta (Driver E)/Vta04/S-Vta4.csv,1789,1789,1.0,True,True,4.279485746226943,6.0,0,0.0,0.0,False,0.11236018179877415,21,9.0,9.001000000000005,9.002999999999986,0,0.0,VERIFIED_FROM_FILE,no GNSS gaps at or above the minimum duration threshold
VTA4,vehicle,Synchronised V abd S datasets/Categorised IOVNB Dataset/Vta (Driver E)/Vta04/V-vta4.csv,1789,1789,1.0,True,False,,,0,0.0,0.0,False,9.999999999999837,1789,0.09999999999854481,0.10000000000582077,0.10000000000582077,0,0.0,VERIFIED_FROM_FILE,no GNSS gaps at or above the minimum duration threshold
VTA5,smartphone,Synchronised V abd S datasets/Categorised IOVNB Dataset/Vta (Driver E)/Vta05/S-Vta5.csv,307,307,1.0,True,True,4.0,4.0,0,0.0,0.0,False,0.1111111111111111,4,9.0,9.00079999999998,9.000999999999976,0,0.0,VERIFIED_FROM_FILE,no GNSS gaps at or above the minimum duration threshold
VTA5,vehicle,Synchronised V abd S datasets/Categorised IOVNB Dataset/Vta (Driver E)/Vta05/V-vta5.csv,307,307,1.0,True,False,,,0,0.0,0.0,False,10.000000000000476,307,0.09999999999854481,0.10000000000582077,0.10000000000582077,0,0.0,VERIFIED_FROM_FILE,no GNSS gaps at or above the minimum duration threshold
VTA6,smartphone,Synchronised V abd S datasets/Categorised IOVNB Dataset/Vta (Driver E)/Vta06/S-Vta6.csv,1376,1376,1.0,True,True,4.3270348837209305,6.0,0,0.0,0.0,False,0.11244377811094455,16,9.0,9.000999999999976,9.00200000000001,0,0.0,VERIFIED_FROM_FILE,no GNSS gaps at or above the minimum duration threshold
VTA6,vehicle,Synchronised V abd S datasets/Categorised IOVNB Dataset/Vta (Driver E)/Vta06/V-vta6.csv,1376,1376,1.0,True,False,,,0,0.0,0.0,False,10.0,1376,0.09999999999854481,0.10000000000582077,0.10000000000582077,0,0.0,VERIFIED_FROM_FILE,no GNSS gaps at or above the minimum duration threshold
VTA7,smartphone,Synchronised V abd S datasets/Categorised IOVNB Dataset/Vta (Driver E)/Vta07/S-Vta7.csv,840,840,1.0,True,True,4.285714285714286,6.0,0,0.0,0.0,False,0.11235814783835409,10,9.0,9.00020000000004,9.000999999999976,0,0.0,VERIFIED_FROM_FILE,no GNSS gaps at or above the minimum duration threshold
VTA7,vehicle,Synchronised V abd S datasets/Categorised IOVNB Dataset/Vta (Driver E)/Vta07/V-vta7.csv,840,840,1.0,True,False,,,0,0.0,0.0,False,9.999999999999826,840,0.09999999999854481,0.10000000000582077,0.10000000000582077,0,0.0,VERIFIED_FROM_FILE,no GNSS gaps at or above the minimum duration threshold
VTA8,smartphone,Synchronised V abd S datasets/Categorised IOVNB Dataset/Vta (Driver E)/Vta08/S-Vta8.csv,3676,3676,1.0,True,True,3.5484221980413495,6.0,0,0.0,0.0,False,0.08886420438767009,33,9.0,9.000999999999976,82.00199999999995,1,82.00199999999995,VERIFIED_FROM_FILE,no GNSS gaps at or above the minimum duration threshold
VTA8,vehicle,Synchronised V abd S datasets/Categorised IOVNB Dataset/Vta (Driver E)/Vta08/V-vta8.csv,3676,3676,1.0,True,False,,,0,0.0,0.0,False,9.034013605442176,3321,0.09999999999854481,0.10000000000582077,1.7999999999956344,0,0.0,VERIFIED_FROM_FILE,no GNSS gaps at or above the minimum duration threshold
VTA9,smartphone,Synchronised V abd S datasets/Categorised IOVNB Dataset/Vta (Driver E)/Vta09/S-Vta9.csv,156,156,1.0,True,True,5.153846153846154,6.0,0,0.0,0.0,False,0.11112345816201771,2,8.999000000000024,8.999000000000024,8.999000000000024,0,0.0,VERIFIED_FROM_FILE,no GNSS gaps at or above the minimum duration threshold
VTA9,vehicle,Synchronised V abd S datasets/Categorised IOVNB Dataset/Vta (Driver E)/Vta09/V-vta9.csv,156,156,1.0,True,False,,,0,0.0,0.0,False,10.0,156,0.09999999999854481,0.10000000000582077,0.10000000000582077,0,0.0,VERIFIED_FROM_FILE,no GNSS gaps at or above the minimum duration threshold
VTA10,smartphone,Synchronised V abd S datasets/Categorised IOVNB Dataset/Vta (Driver E)/Vta10/S-Vta10.csv,1502,1502,1.0,True,True,3.719041278295606,4.0,0,0.0,0.0,False,0.1111111111111112,17,9.0,9.000999999999976,9.00100000000009,0,0.0,VERIFIED_FROM_FILE,no GNSS gaps at or above the minimum duration threshold
VTA10,vehicle,Synchronised V abd S datasets/Categorised IOVNB Dataset/Vta (Driver E)/Vta10/V-vta10.csv,1502,1502,1.0,True,False,,,0,0.0,0.0,False,10.000000000000098,1502,0.09999999999854481,0.10000000000582077,0.10000000000582077,0,0.0,VERIFIED_FROM_FILE,no GNSS gaps at or above the minimum duration threshold
VTA11,smartphone,Synchronised V abd S datasets/Categorised IOVNB Dataset/Vta (Driver E)/Vta11/S-Vta11.csv,510,510,1.0,True,True,4.235294117647059,6.0,0,0.0,0.0,False,0.1111111111111111,6,9.0,9.000599999999986,9.000999999999976,0,0.0,VERIFIED_FROM_FILE,no GNSS gaps at or above the minimum duration threshold
VTA11,vehicle,Synchronised V abd S datasets/Categorised IOVNB Dataset/Vta (Driver E)/Vta11/V-vta11.csv,510,510,1.0,True,False,,,0,0.0,0.0,False,9.999999999999714,510,0.09999999999854481,0.10000000000582077,0.10000000000582077,0,0.0,VERIFIED_FROM_FILE,no GNSS gaps at or above the minimum duration threshold
VTA12,smartphone,Synchronised V abd S datasets/Categorised IOVNB Dataset/Vta (Driver E)/Vta12/S-Vta12.csv,610,610,1.0,True,True,3.737704918032787,4.0,0,0.0,0.0,False,0.1111111111111111,7,9.0,9.0,9.0,0,0.0,VERIFIED_FROM_FILE,no GNSS gaps at or above the minimum duration threshold
VTA12,vehicle,Synchronised V abd S datasets/Categorised IOVNB Dataset/Vta (Driver E)/Vta12/V-vta12.csv,610,610,1.0,True,False,,,0,0.0,0.0,False,9.99999999999976,610,0.09999999999854481,0.10000000000582077,0.10000000000582077,0,0.0,VERIFIED_FROM_FILE,no GNSS gaps at or above the minimum duration threshold
VTA13,smartphone,Synchronised V abd S datasets/Categorised IOVNB Dataset/Vta (Driver E)/Vta13/S-Vta13.csv,404,404,1.0,True,True,3.0024752475247523,4.0,0,0.0,0.0,False,0.1385003185507331,6,9.0,9.000599999999986,9.000999999999976,0,0.0,VERIFIED_FROM_FILE,no GNSS gaps at or above the minimum duration threshold
VTA13,vehicle,Synchronised V abd S datasets/Categorised IOVNB Dataset/Vta (Driver E)/Vta13/V-vta13.csv,404,404,1.0,True,False,,,0,0.0,0.0,False,10.000000000001084,404,0.09999999999854481,0.10000000000582077,0.10000000000582077,0,0.0,VERIFIED_FROM_FILE,no GNSS gaps at or above the minimum duration threshold
VTA14,smartphone,Synchronised V abd S datasets/Categorised IOVNB Dataset/Vta (Driver E)/Vta14/S-Vta14.csv,2885,2885,1.0,True,True,5.158752166377816,8.0,0,0.0,0.0,False,0.11114970475859678,33,9.0,9.000999999999976,9.001999999999953,0,0.0,VERIFIED_FROM_FILE,no GNSS gaps at or above the minimum duration threshold
VTA14,vehicle,Synchronised V abd S datasets/Categorised IOVNB Dataset/Vta (Driver E)/Vta14/V-vta14.csv,2885,2885,1.0,True,False,,,0,0.0,0.0,False,10.000000000000203,2885,0.09999999999854481,0.10000000000582077,0.10000000000582077,0,0.0,VERIFIED_FROM_FILE,no GNSS gaps at or above the minimum duration threshold
VTA15,smartphone,Synchronised V abd S datasets/Categorised IOVNB Dataset/Vta (Driver E)/Vta15/S-Vta15.csv,833,833,1.0,True,True,5.783913565426171,6.0,0,0.0,0.0,False,0.11450381679389326,10,9.0,9.0,9.0,0,0.0,VERIFIED_FROM_FILE,no GNSS gaps at or above the minimum duration threshold
VTA15,vehicle,Synchronised V abd S datasets/Categorised IOVNB Dataset/Vta (Driver E)/Vta15/V-vta15.csv,833,833,1.0,True,False,,,0,0.0,0.0,False,10.00000000000035,833,0.09999999999854481,0.10000000000582077,0.10000000000582077,0,0.0,VERIFIED_FROM_FILE,no GNSS gaps at or above the minimum duration threshold
VTA16,smartphone,Synchronised V abd S datasets/Categorised IOVNB Dataset/Vta (Driver E)/Vta16/S-Vta16.csv,11335,11335,1.0,True,True,4.2,6.0,0,0.0,0.0,False,0.10739327238839087,122,9.0,9.001000000000204,34.003999999999905,1,34.003999999999905,VERIFIED_FROM_FILE,no GNSS gaps at or above the minimum duration threshold
VTA16,vehicle,Synchronised V abd S datasets/Categorised IOVNB Dataset/Vta (Driver E)/Vta16/V-vta16.csv,11335,11335,1.0,True,False,,,0,0.0,0.0,False,9.918828304217387,11243,0.09999999999854481,0.10000000000582077,0.4000000000014552,0,0.0,VERIFIED_FROM_FILE,no GNSS gaps at or above the minimum duration threshold
VTA17,smartphone,Synchronised V abd S datasets/Categorised IOVNB Dataset/Vta (Driver E)/Vta17/S-Vta17.csv,4519,4519,1.0,True,True,3.6355388360256695,6.0,0,0.0,0.0,False,0.110116071328247,50,9.0,9.001000000000204,11.100000000000364,0,0.0,VERIFIED_FROM_FILE,no GNSS gaps at or above the minimum duration threshold
VTA17,vehicle,Synchronised V abd S datasets/Categorised IOVNB Dataset/Vta (Driver E)/Vta17/V-vta17.csv,4519,4519,1.0,True,False,,,0,0.0,0.0,False,9.853917662682699,4453,0.09999999999854481,0.10000000000582077,0.5,0,0.0,VERIFIED_FROM_FILE,no GNSS gaps at or above the minimum duration threshold
VTA19,smartphone,Synchronised V abd S datasets/Categorised IOVNB Dataset/Vta (Driver E)/Vta19/S-Vta19.csv,292,292,1.0,True,True,3.6164383561643834,4.0,0,0.0,0.0,False,0.1111111111111111,4,9.0,9.0,9.0,0,0.0,VERIFIED_FROM_FILE,no GNSS gaps at or above the minimum duration threshold
VTA19,vehicle,Synchronised V abd S datasets/Categorised IOVNB Dataset/Vta (Driver E)/Vta19/V-vta19.csv,292,292,1.0,True,False,,,0,0.0,0.0,False,9.518900343643088,278,0.09999999999854481,0.10000000000582077,0.20000000000436557,0,0.0,VERIFIED_FROM_FILE,no GNSS gaps at or above the minimum duration threshold
VTA20,smartphone,Synchronised V abd S datasets/Categorised IOVNB Dataset/Vta (Driver E)/Vta20/S-Vta20.csv,3223,3223,1.0,True,True,3.3437790878063915,6.0,0,0.0,0.0,False,0.028168925918854715,10,9.0,62.100200000000044,238.501,1,238.501,VERIFIED_FROM_FILE,no GNSS gaps at or above the minimum duration threshold
VTA20,vehicle,Synchronised V abd S datasets/Categorised IOVNB Dataset/Vta (Driver E)/Vta20/V-vta20.csv,3223,3223,1.0,True,False,,,0,0.0,0.0,False,5.859714463066472,1889,0.09999999999854481,0.3000000000029104,1.4000000000014552,0,0.0,VERIFIED_FROM_FILE,no GNSS gaps at or above the minimum duration threshold
VTA21,smartphone,Synchronised V abd S datasets/Categorised IOVNB Dataset/Vta (Driver E)/Vta21/S-Vta21.csv,2079,2079,1.0,True,True,6.141986103896103,32.0,0,0.0,0.0,False,0.11263467189030363,24,9.0,9.000999999999976,14.999000000000024,0,0.0,VERIFIED_FROM_FILE,no GNSS gaps at or above the minimum duration threshold
VTA21,vehicle,Synchronised V abd S datasets/Categorised IOVNB Dataset/Vta (Driver E)/Vta21/V-vta21.csv,2079,2079,1.0,True,False,,,0,0.0,0.0,False,9.966313763233739,2072,0.09999999999854481,0.10000000000582077,0.3000000000029104,0,0.0,VERIFIED_FROM_FILE,no GNSS gaps at or above the minimum duration threshold
VTA22,smartphone,Synchronised V abd S datasets/Categorised IOVNB Dataset/Vta (Driver E)/Vta22/S-Vta22.csv,1564,1564,1.0,True,True,4.0,4.0,0,0.0,0.0,False,0.11455448413420398,18,9.0,9.000999999999976,9.000999999999976,0,0.0,VERIFIED_FROM_FILE,no GNSS gaps at or above the minimum duration threshold
VTA22,vehicle,Synchronised V abd S datasets/Categorised IOVNB Dataset/Vta (Driver E)/Vta22/V-vta22.csv,1564,1564,1.0,True,False,,,0,0.0,0.0,False,9.999999999999813,1564,0.09999999999854481,0.10000000000582077,0.10000000000582077,0,0.0,VERIFIED_FROM_FILE,no GNSS gaps at or above the minimum duration threshold
VTA23,smartphone,Synchronised V abd S datasets/Categorised IOVNB Dataset/Vta (Driver E)/Vta23/S-Vta23.csv,1110,1110,1.0,True,True,5.059459459459459,8.0,0,0.0,0.0,False,0.11299435028248594,13,9.0,9.000899999999978,9.000999999999976,0,0.0,VERIFIED_FROM_FILE,no GNSS gaps at or above the minimum duration threshold
VTA23,vehicle,Synchronised V abd S datasets/Categorised IOVNB Dataset/Vta (Driver E)/Vta23/V-vta23.csv,1110,1110,1.0,True,False,,,0,0.0,0.0,False,9.945897204688778,1104,0.09999999999854481,0.10000000000582077,0.5999999999985448,0,0.0,VERIFIED_FROM_FILE,no GNSS gaps at or above the minimum duration threshold
VTA24,smartphone,Synchronised V abd S datasets/Categorised IOVNB Dataset/Vta (Driver E)/Vta24/S-Vta24.csv,1171,1171,1.0,True,True,3.9812126387702818,6.0,0,0.0,0.0,False,0.09155552842799164,10,9.0,12.600799999999985,27.0,0,0.0,VERIFIED_FROM_FILE,no GNSS gaps at or above the minimum duration threshold
VTA24,vehicle,Synchronised V abd S datasets/Categorised IOVNB Dataset/Vta (Driver E)/Vta24/V-vta24.csv,1171,1171,1.0,True,False,,,0,0.0,0.0,False,9.52991452991453,1116,0.09999999999854481,0.10000000000582077,0.3000000000029104,0,0.0,VERIFIED_FROM_FILE,no GNSS gaps at or above the minimum duration threshold
VTA25,smartphone,Synchronised V abd S datasets/Categorised IOVNB Dataset/Vta (Driver E)/Vta25/S-Vta25.csv,646,646,1.0,True,True,3.0,3.0,0,0.0,0.0,False,0.08077805421822996,6,9.0,18.400000000000002,22.0,0,0.0,VERIFIED_FROM_FILE,no GNSS gaps at or above the minimum duration threshold
VTA25,vehicle,Synchronised V abd S datasets/Categorised IOVNB Dataset/Vta (Driver E)/Vta25/V-vta25.csv,646,646,1.0,True,False,,,0,0.0,0.0,False,8.356589147286822,540,0.09999999999854481,0.19999999999708962,1.0,0,0.0,VERIFIED_FROM_FILE,no GNSS gaps at or above the minimum duration threshold
VTA26,smartphone,Synchronised V abd S datasets/Categorised IOVNB Dataset/Vta (Driver E)/Vta26/S-Vta26.csv,1935,1935,1.0,True,True,3.2180878552971577,6.0,0,0.0,0.0,False,0.07841087297438576,16,9.0,12.000799999999979,61.999000000000024,1,61.999000000000024,VERIFIED_FROM_FILE,no GNSS gaps at or above the minimum duration threshold
VTA26,vehicle,Synchronised V abd S datasets/Categorised IOVNB Dataset/Vta (Driver E)/Vta26/V-vta26.csv,1935,1935,1.0,True,False,,,0,0.0,0.0,False,8.092037228541821,1566,0.09999999999854481,0.19999999999708962,1.2999999999956344,0,0.0,VERIFIED_FROM_FILE,no GNSS gaps at or above the minimum duration threshold
VTA27,smartphone,Synchronised V abd S datasets/Categorised IOVNB Dataset/Vta (Driver E)/Vta27/S-Vta27.csv,2540,2540,1.0,True,True,2.779527559055118,4.0,0,0.0,0.0,False,0.0969305331179321,25,9.0,9.000999999999976,29.600000000000136,0,0.0,VERIFIED_FROM_FILE,no GNSS gaps at or above the minimum duration threshold
VTA27,vehicle,Synchronised V abd S datasets/Categorised IOVNB Dataset/Vta (Driver E)/Vta27/V-vta27.csv,2540,2540,1.0,True,False,,,0,0.0,0.0,False,9.594328475778084,2437,0.09999999999854481,0.10000000000582077,1.3000000000029104,0,0.0,VERIFIED_FROM_FILE,no GNSS gaps at or above the minimum duration threshold
VTA28,smartphone,Synchronised V abd S datasets/Categorised IOVNB Dataset/Vta (Driver E)/Vta28/S-Vta28.csv,4210,4210,1.0,True,True,4.5494061757719715,12.0,0,0.0,0.0,False,0.10518380870571319,43,9.0,9.000999999999976,32.0,1,32.0,VERIFIED_FROM_FILE,no GNSS gaps at or above the minimum duration threshold
VTA28,vehicle,Synchronised V abd S datasets/Categorised IOVNB Dataset/Vta (Driver E)/Vta28/V-vta28.csv,4210,4210,1.0,True,False,,,0,0.0,0.0,False,9.871703492516174,4156,0.09999999999854481,0.10000000000582077,0.3000000000029104,0,0.0,VERIFIED_FROM_FILE,no GNSS gaps at or above the minimum duration threshold
VTA29,smartphone,Synchronised V abd S datasets/Categorised IOVNB Dataset/Vta (Driver E)/Vta29/S-Vta29.csv,23705,23705,1.0,True,True,3.7079519088799833,12.0,0,0.0,0.0,False,0.10485912092539866,249,9.0,9.001000000000204,34.0,2,34.0,VERIFIED_FROM_FILE,no GNSS gaps at or above the minimum duration threshold
VTA29,vehicle,Synchronised V abd S datasets/Categorised IOVNB Dataset/Vta (Driver E)/Vta29/V-vta29.csv,23705,23705,1.0,True,False,,,0,0.0,0.0,False,9.769659129260878,23159,0.09999999999854481,0.10000000000582077,1.0,0,0.0,VERIFIED_FROM_FILE,no GNSS gaps at or above the minimum duration threshold
VTA30,smartphone,Synchronised V abd S datasets/Categorised IOVNB Dataset/Vta (Driver E)/Vta30/S-Vta30.csv,17136,17136,1.0,True,True,20.00560224089636,600.0,0,0.0,0.0,False,0.09281419648590274,160,9.0,10.199799999999977,83.30000000000018,5,83.30000000000018,VERIFIED_FROM_FILE,no GNSS gaps at or above the minimum duration threshold
VTA30,vehicle,Synchronised V abd S datasets/Categorised IOVNB Dataset/Vta (Driver E)/Vta30/V-vta30.csv,17136,17136,1.0,True,False,,,0,0.0,0.0,False,9.330026262036768,15988,0.09999999999854481,0.10000000000582077,1.2000000000043656,0,0.0,VERIFIED_FROM_FILE,no GNSS gaps at or above the minimum duration threshold
VTB1,smartphone,Synchronised V abd S datasets/Categorised IOVNB Dataset/Vtb (Driver E)/Vtb01/S-Vtb1.csv,32459,32459,1.0,True,True,319.39237191533937,2400.0,0,0.0,0.0,False,0.08615634319128654,280,9.0,9.00100000000009,663.4190000000001,2,663.4190000000001,VERIFIED_FROM_FILE,no GNSS gaps at or above the minimum duration threshold
VTB1,vehicle,Synchronised V abd S datasets/Categorised IOVNB Dataset/Vtb (Driver E)/Vtb01/V-vtb1.csv,32459,32459,1.0,True,False,,,0,0.0,0.0,False,9.791730852178212,31783,0.09999999999854481,0.10000000000582077,1.2999999999956344,0,0.0,VERIFIED_FROM_FILE,no GNSS gaps at or above the minimum duration threshold
VTB2,smartphone,Synchronised V abd S datasets/Categorised IOVNB Dataset/Vtb (Driver E)/Vtb02/S-Vtb2.csv,5712,5712,1.0,True,True,3.59593837535014,8.0,0,0.0,0.0,False,0.0977084699031265,56,9.0,9.00260000000003,36.000999999999976,1,36.000999999999976,VERIFIED_FROM_FILE,no GNSS gaps at or above the minimum duration threshold
VTB2,vehicle,Synchronised V abd S datasets/Categorised IOVNB Dataset/Vtb (Driver E)/Vtb02/V-vtb2.csv,5712,5712,1.0,True,False,,,0,0.0,0.0,False,9.231308002101231,5273,0.09999999999854481,0.10000000000582077,1.7000000000043656,0,0.0,VERIFIED_FROM_FILE,no GNSS gaps at or above the minimum duration threshold
VTB3,smartphone,Synchronised V abd S datasets/Categorised IOVNB Dataset/Vtb (Driver E)/Vtb03/S-Vtb3.csv,8240,8240,1.0,True,True,145.2498786407767,2400.0,0,0.0,0.0,False,0.042750702332966906,36,13.000999999999976,49.559799999999996,109.09900000000005,7,109.09900000000005,VERIFIED_FROM_FILE,no GNSS gaps at or above the minimum duration threshold
VTB3,vehicle,Synchronised V abd S datasets/Categorised IOVNB Dataset/Vtb (Driver E)/Vtb03/V-vtb3.csv,8240,8240,1.0,True,False,,,0,0.0,0.0,False,8.19152809807014,6750,0.09999999999854481,0.10000000000582077,1.3000000000029104,0,0.0,VERIFIED_FROM_FILE,no GNSS gaps at or above the minimum duration threshold
VTB4,smartphone,Synchronised V abd S datasets/Categorised IOVNB Dataset/Vtb (Driver E)/Vtb04/S-Vtb4.csv,556,556,1.0,True,True,3.0,4.0,0,0.0,0.0,False,0.11110864203017716,6,9.0,9.001599999999963,9.001999999999953,0,0.0,VERIFIED_FROM_FILE,no GNSS gaps at or above the minimum duration threshold
VTB4,vehicle,Synchronised V abd S datasets/Categorised IOVNB Dataset/Vtb (Driver E)/Vtb04/V-vtb4.csv,556,556,1.0,True,False,,,0,0.0,0.0,False,9.476534296029877,526,0.09999999999854481,0.10000000000582077,0.5999999999985448,0,0.0,VERIFIED_FROM_FILE,no GNSS gaps at or above the minimum duration threshold
VTB5,smartphone,Synchronised V abd S datasets/Categorised IOVNB Dataset/Vtb (Driver E)/Vtb05/S-Vtb5.csv,64388,64388,1.0,True,True,3.9985556314841273,8.0,0,0.0,0.0,False,0.1090688580288585,703,9.0,9.001000000000204,40.001000000000204,1,40.001000000000204,VERIFIED_FROM_FILE,no GNSS gaps at or above the minimum duration threshold
VTB5,vehicle,Synchronised V abd S datasets/Categorised IOVNB Dataset/Vtb (Driver E)/Vtb05/V-vtb5.csv,64388,64388,1.0,True,False,,,0,0.0,0.0,False,9.92467423548231,63903,0.09999999999854481,0.10000000000582077,1.3000000000029104,0,0.0,VERIFIED_FROM_FILE,no GNSS gaps at or above the minimum duration threshold
VTB6,smartphone,Synchronised V abd S datasets/Categorised IOVNB Dataset/Vtb (Driver E)/Vtb06/S-Vtb6.csv,498,498,1.0,True,True,4.9156626506024095,6.0,0,0.0,0.0,False,0.1111111111111111,6,9.0,9.001199999999699,9.001999999999498,0,0.0,VERIFIED_FROM_FILE,no GNSS gaps at or above the minimum duration threshold
VTB6,vehicle,Synchronised V abd S datasets/Categorised IOVNB Dataset/Vtb (Driver E)/Vtb06/V-vtb6.csv,498,498,1.0,True,False,,,0,0.0,0.0,False,9.999999999997657,498,0.10000000000582077,0.10000000000582077,0.10000000000582077,0,0.0,VERIFIED_FROM_FILE,no GNSS gaps at or above the minimum duration threshold
VTB7,smartphone,Synchronised V abd S datasets/Categorised IOVNB Dataset/Vtb (Driver E)/Vtb07/S-Vtb7.csv,461,461,1.0,True,True,4.828633405639914,6.0,0,0.0,0.0,False,0.11110864203017885,6,9.0,9.000599999999576,9.000999999999294,0,0.0,VERIFIED_FROM_FILE,no GNSS gaps at or above the minimum duration threshold
VTB7,vehicle,Synchronised V abd S datasets/Categorised IOVNB Dataset/Vtb (Driver E)/Vtb07/V-vtb7.csv,461,461,1.0,True,False,,,0,0.0,0.0,False,10.0,461,0.10000000000582077,0.10000000000582077,0.10000000000582077,0,0.0,VERIFIED_FROM_FILE,no GNSS gaps at or above the minimum duration threshold
VTB8,smartphone,Synchronised V abd S datasets/Categorised IOVNB Dataset/Vtb (Driver E)/Vtb08/S-Vtb8.csv,668,668,1.0,True,True,4.0,4.0,0,0.0,0.0,False,0.1111111111111111,8,9.0,9.000399999999718,9.000999999999294,0,0.0,VERIFIED_FROM_FILE,no GNSS gaps at or above the minimum duration threshold
VTB8,vehicle,Synchronised V abd S datasets/Categorised IOVNB Dataset/Vtb (Driver E)/Vtb08/V-vtb8.csv,668,668,1.0,True,False,,,0,0.0,0.0,False,10.000000000000437,668,0.10000000000582077,0.10000000000582077,0.10000000000582077,0,0.0,VERIFIED_FROM_FILE,no GNSS gaps at or above the minimum duration threshold
VTB9,smartphone,Synchronised V abd S datasets/Categorised IOVNB Dataset/Vtb (Driver E)/Vtb09/S-Vtb9.csv,452,452,1.0,True,True,4.0,4.0,0,0.0,0.0,False,0.11111604960220331,6,9.0,9.0,9.0,0,0.0,VERIFIED_FROM_FILE,no GNSS gaps at or above the minimum duration threshold
VTB9,vehicle,Synchronised V abd S datasets/Categorised IOVNB Dataset/Vtb (Driver E)/Vtb09/V-vtb9.csv,452,452,1.0,True,False,,,0,0.0,0.0,False,9.999999999998709,452,0.10000000000582077,0.10000000000582077,0.10000000000582077,0,0.0,VERIFIED_FROM_FILE,no GNSS gaps at or above the minimum duration threshold
VTB10,smartphone,Synchronised V abd S datasets/Categorised IOVNB Dataset/Vtb (Driver E)/Vtb10/S-Vtb10.csv,196,196,1.0,True,True,4.0,4.0,0,0.0,0.0,False,0.18181818181818182,3,5.5,8.3,9.0,0,0.0,VERIFIED_FROM_FILE,no GNSS gaps at or above the minimum duration threshold
VTB10,vehicle,Synchronised V abd S datasets/Categorised IOVNB Dataset/Vtb (Driver E)/Vtb10/V-vtb10.csv,195,195,1.0,True,False,,,0,0.0,0.0,False,9.999999999995499,195,0.10000000000582077,0.10000000000582077,0.10000000000582077,0,0.0,VERIFIED_FROM_FILE,no GNSS gaps at or above the minimum duration threshold
VTB11,smartphone,Synchronised V abd S datasets/Categorised IOVNB Dataset/Vtb (Driver E)/Vtb11/S-Vtb11.csv,361,361,1.0,True,True,4.498614958448753,6.0,0,0.0,0.0,False,0.1111111111111111,5,9.0,9.001400000000285,9.002000000000407,0,0.0,VERIFIED_FROM_FILE,no GNSS gaps at or above the minimum duration threshold
VTB11,vehicle,Synchronised V abd S datasets/Categorised IOVNB Dataset/Vtb (Driver E)/Vtb11/V-vtb11.csv,361,361,1.0,True,False,,,0,0.0,0.0,False,10.0,361,0.10000000000582077,0.10000000000582077,0.10000000000582077,0,0.0,VERIFIED_FROM_FILE,no GNSS gaps at or above the minimum duration threshold
VTB12,smartphone,Synchronised V abd S datasets/Categorised IOVNB Dataset/Vtb (Driver E)/Vtb12/S-Vtb12.csv,447,447,1.0,True,True,4.402684563758389,6.0,0,0.0,0.0,False,0.11141750926158095,5,9.0,9.0,9.0,0,0.0,VERIFIED_FROM_FILE,no GNSS gaps at or above the minimum duration threshold
VTB12,vehicle,Synchronised V abd S datasets/Categorised IOVNB Dataset/Vtb (Driver E)/Vtb12/V-vtb12.csv,447,447,1.0,True,False,,,0,0.0,0.0,False,10.000000000001958,447,0.10000000000582077,0.10000000000582077,0.10000000000582077,0,0.0,VERIFIED_FROM_FILE,no GNSS gaps at or above the minimum duration threshold
VW1,smartphone,Synchronised V abd S datasets/Categorised IOVNB Dataset/Vw (Driver E)/Vw01/S-Vw1.csv,20476,20476,1.0,True,True,6.0,6.0,0,0.0,0.0,False,,1,,,,0,0.0,VERIFIED_FROM_FILE,no GNSS gaps at or above the minimum duration threshold; position never changed after the first sample
VW1,vehicle,Synchronised V abd S datasets/Categorised IOVNB Dataset/Vw (Driver E)/Vw01/V-Vw1.csv,20475,20475,1.0,True,False,,,0,0.0,0.0,False,2.583764774836376,5291,0.2999999999956344,0.8000000000029104,6.30000000000291,0,0.0,VERIFIED_FROM_FILE,no GNSS gaps at or above the minimum duration threshold
VW2,smartphone,Synchronised V abd S datasets/Categorised IOVNB Dataset/Vw (Driver E)/Vw02/S-Vw2.csv,52713,52713,1.0,True,True,4.726727752167397,12.0,0,0.0,0.0,False,0.10709809729976075,565,9.0,9.100000000000023,58.000999999999976,2,58.000999999999976,VERIFIED_FROM_FILE,no GNSS gaps at or above the minimum duration threshold
VW2,vehicle,Synchronised V abd S datasets/Categorised IOVNB Dataset/Vw (Driver E)/Vw02/V-Vw2.csv,52712,52712,1.0,True,False,,,0,0.0,0.0,False,9.772533247329783,51513,0.09999999999854481,0.10000000000582077,1.8999999999941792,0,0.0,VERIFIED_FROM_FILE,no GNSS gaps at or above the minimum duration threshold
VW3,smartphone,Synchronised V abd S datasets/Categorised IOVNB Dataset/Vw (Driver E)/Vw03/S-Vw3.csv,3861,3861,1.0,True,True,3.4703444703444704,8.0,0,0.0,0.0,False,0.10928931888164262,41,9.0,9.099999999999454,15.0,0,0.0,VERIFIED_FROM_FILE,no GNSS gaps at or above the minimum duration threshold
VW3,vehicle,Synchronised V abd S datasets/Categorised IOVNB Dataset/Vw (Driver E)/Vw03/V-Vw3.csv,3861,3861,1.0,True,False,,,0,0.0,0.0,False,9.987046632124352,3856,0.09999999999854481,0.10000000000582077,0.3000000000029104,0,0.0,VERIFIED_FROM_FILE,no GNSS gaps at or above the minimum duration threshold
VW4,smartphone,Synchronised V abd S datasets/Categorised IOVNB Dataset/Vw (Driver E)/Vw04/S-Vw4.csv,126526,126526,1.0,True,True,3.5822123516115263,8.0,0,0.0,0.0,False,0.10585901587165807,1340,9.0,9.099999999999909,94.99900000000162,6,94.99900000000162,VERIFIED_FROM_FILE,no GNSS gaps at or above the minimum duration threshold
VW4,vehicle,Synchronised V abd S datasets/Categorised IOVNB Dataset/Vw (Driver E)/Vw04/V-Vw4.csv,126527,126527,1.0,True,False,,,0,0.0,0.0,False,9.781783981158018,123766,0.09999999999854481,0.10000000000582077,2.0,0,0.0,VERIFIED_FROM_FILE,no GNSS gaps at or above the minimum duration threshold
VW5,smartphone,Synchronised V abd S datasets/Categorised IOVNB Dataset/Vw (Driver E)/Vw05/S-Vw5.csv,1012,1012,1.0,True,True,2.5316205533596836,3.0,0,0.0,0.0,False,0.11458213976937932,12,9.0,9.100999999998749,9.100999999998749,0,0.0,VERIFIED_FROM_FILE,no GNSS gaps at or above the minimum duration threshold
VW5,vehicle,Synchronised V abd S datasets/Categorised IOVNB Dataset/Vw (Driver E)/Vw05/V-Vw5.csv,1012,1012,1.0,True,False,,,0,0.0,0.0,False,9.881305637982338,1000,0.09999999999854481,0.10000000000582077,0.3000000000029104,0,0.0,VERIFIED_FROM_FILE,no GNSS gaps at or above the minimum duration threshold
VW6,smartphone,Synchronised V abd S datasets/Categorised IOVNB Dataset/Vw (Driver E)/Vw06/S-Vw6.csv,1281,1281,1.0,True,True,2.483216237314598,3.0,0,0.0,0.0,False,0.11191047162270151,15,9.0,9.100000000000364,9.100000000000364,0,0.0,VERIFIED_FROM_FILE,no GNSS gaps at or above the minimum duration threshold
VW6,vehicle,Synchronised V abd S datasets/Categorised IOVNB Dataset/Vw (Driver E)/Vw06/V-Vw6.csv,1281,1281,1.0,True,False,,,0,0.0,0.0,False,10.0,1281,0.09999999999854481,0.10000000000582077,0.10000000000582077,0,0.0,VERIFIED_FROM_FILE,no GNSS gaps at or above the minimum duration threshold
VW7,smartphone,Synchronised V abd S datasets/Categorised IOVNB Dataset/Vw (Driver E)/Vw07/S-Vw7.csv,1602,1602,1.0,True,True,2.224094881398252,3.0,0,0.0,0.0,False,0.1111111111111111,18,9.0,9.100000000000364,9.100000000000364,0,0.0,VERIFIED_FROM_FILE,no GNSS gaps at or above the minimum duration threshold
VW7,vehicle,Synchronised V abd S datasets/Categorised IOVNB Dataset/Vw (Driver E)/Vw07/V-Vw7.csv,1602,1602,1.0,True,False,,,0,0.0,0.0,False,9.993753903810209,1601,0.09999999999854481,0.10000000000582077,0.19999999999708962,0,0.0,VERIFIED_FROM_FILE,no GNSS gaps at or above the minimum duration threshold
VW8,smartphone,Synchronised V abd S datasets/Categorised IOVNB Dataset/Vw (Driver E)/Vw08/S-Vw8.csv,1529,1529,1.0,True,True,2.5873119686069326,3.0,0,0.0,0.0,False,0.1111111111111111,17,9.0,9.050500000000284,9.100999999998749,0,0.0,VERIFIED_FROM_FILE,no GNSS gaps at or above the minimum duration threshold
VW8,vehicle,Synchronised V abd S datasets/Categorised IOVNB Dataset/Vw (Driver E)/Vw08/V-Vw8.csv,1529,1529,1.0,True,False,,,0,0.0,0.0,False,9.954188481675203,1522,0.09999999999854481,0.10000000000582077,0.5,0,0.0,VERIFIED_FROM_FILE,no GNSS gaps at or above the minimum duration threshold
VW9,smartphone,Synchronised V abd S datasets/Categorised IOVNB Dataset/Vw (Driver E)/Vw09/S-Vw9.csv,552,552,1.0,True,True,2.5199275362318843,3.0,0,0.0,0.0,False,0.11214324430406025,7,8.951000000000022,9.050000000000182,9.097999999999956,0,0.0,VERIFIED_FROM_FILE,no GNSS gaps at or above the minimum duration threshold
VW9,vehicle,Synchronised V abd S datasets/Categorised IOVNB Dataset/Vw (Driver E)/Vw09/V-Vw9.csv,553,553,1.0,True,False,,,0,0.0,0.0,False,10.000000000000528,553,0.09999999999854481,0.10000000000582077,0.10000000000582077,0,0.0,VERIFIED_FROM_FILE,no GNSS gaps at or above the minimum duration threshold
VW10,smartphone,Synchronised V abd S datasets/Categorised IOVNB Dataset/Vw (Driver E)/Vw10/S-Vw10.csv,652,652,1.0,True,True,2.276073619631902,3.0,0,0.0,0.0,False,0.1111111111111111,8,9.0,9.040000000000145,9.100000000000364,0,0.0,VERIFIED_FROM_FILE,no GNSS gaps at or above the minimum duration threshold
VW10,vehicle,Synchronised V abd S datasets/Categorised IOVNB Dataset/Vw (Driver E)/Vw10/V-Vw10.csv,652,652,1.0,True,False,,,0,0.0,0.0,False,10.000000000000224,652,0.09999999999854481,0.10000000000582077,0.10000000000582077,0,0.0,VERIFIED_FROM_FILE,no GNSS gaps at or above the minimum duration threshold
VW11,smartphone,Synchronised V abd S datasets/Categorised IOVNB Dataset/Vw (Driver E)/Vw11/S-Vw11.csv,4909,4909,1.0,True,True,2.482583010796496,4.0,0,0.0,0.0,False,0.09948186528497409,49,9.0,9.100000000000364,49.0,1,49.0,VERIFIED_FROM_FILE,no GNSS gaps at or above the minimum duration threshold
VW11,vehicle,Synchronised V abd S datasets/Categorised IOVNB Dataset/Vw (Driver E)/Vw11/V-Vw11.csv,4909,4909,1.0,True,False,,,0,0.0,0.0,False,9.207416462917632,4520,0.09999999999854481,0.10000000000582077,1.1999999999970896,0,0.0,VERIFIED_FROM_FILE,no GNSS gaps at or above the minimum duration threshold
VW12,smartphone,Synchronised V abd S datasets/Categorised IOVNB Dataset/Vw (Driver E)/Vw12/S-Vw12.csv,918,918,1.0,True,True,3.6013071895424837,4.0,0,0.0,0.0,False,0.11641443538998836,11,9.0,9.1,9.100000000000001,0,0.0,VERIFIED_FROM_FILE,no GNSS gaps at or above the minimum duration threshold
VW12,vehicle,Synchronised V abd S datasets/Categorised IOVNB Dataset/Vw (Driver E)/Vw12/V-Vw12.csv,918,918,1.0,True,False,,,0,0.0,0.0,False,9.999999999999524,918,0.09999999999854481,0.10000000000582077,0.10000000000582077,0,0.0,VERIFIED_FROM_FILE,no GNSS gaps at or above the minimum duration threshold
VW13,smartphone,Synchronised V abd S datasets/Categorised IOVNB Dataset/Vw (Driver E)/Vw13/S-Vw13.csv,284,284,1.0,True,True,4.0,4.0,0,0.0,0.0,False,0.11583458820803892,4,8.900999999999998,8.979400000000002,8.999000000000002,0,0.0,VERIFIED_FROM_FILE,no GNSS gaps at or above the minimum duration threshold
VW13,vehicle,Synchronised V abd S datasets/Categorised IOVNB Dataset/Vw (Driver E)/Vw13/V-Vw13.csv,284,284,1.0,True,False,,,0,0.0,0.0,False,9.999999999998971,284,0.09999999999854481,0.10000000000582077,0.10000000000582077,0,0.0,VERIFIED_FROM_FILE,no GNSS gaps at or above the minimum duration threshold
VW14A,smartphone,Synchronised V abd S datasets/Categorised IOVNB Dataset/Vw (Driver E)/Vw14a/S-Vw14a.csv,3138,3138,1.0,True,True,4.0573613766730405,6.0,0,0.0,0.0,False,0.11290322580645161,36,9.0,9.001000000000005,9.001000000000005,0,0.0,VERIFIED_FROM_FILE,no GNSS gaps at or above the minimum duration threshold
VW14A,vehicle,Synchronised V abd S datasets/Categorised IOVNB Dataset/Vw (Driver E)/Vw14a/V-Vw14a.csv,3138,3138,1.0,True,False,,,0,0.0,0.0,False,9.999999999999861,3138,0.09999999999854481,0.10000000000582077,0.10000000000582077,0,0.0,VERIFIED_FROM_FILE,no GNSS gaps at or above the minimum duration threshold
VW14B,smartphone,Synchronised V abd S datasets/Categorised IOVNB Dataset/Vw (Driver E)/Vw14b/S-Vw14b.csv,19588,19588,1.0,True,True,4.528384725342046,6.0,0,0.0,0.0,False,0.11133804323899732,219,9.0,9.000999999999976,9.100999999999999,0,0.0,VERIFIED_FROM_FILE,no GNSS gaps at or above the minimum duration threshold
VW14B,vehicle,Synchronised V abd S datasets/Categorised IOVNB Dataset/Vw (Driver E)/Vw14b/V-Vw14b.csv,19588,19588,1.0,True,False,,,0,0.0,0.0,False,9.999999999999977,19588,0.09999999999854481,0.10000000000582077,0.10099999999511056,0,0.0,VERIFIED_FROM_FILE,no GNSS gaps at or above the minimum duration threshold
VW14C,smartphone,Synchronised V abd S datasets/Categorised IOVNB Dataset/Vw (Driver E)/Vw14c/S-Vw14c.csv,15826,15826,1.0,True,True,3.216668772905346,6.0,0,0.0,0.0,False,0.09993600252146223,157,9.0,9.100000000000364,48.0,1,48.0,VERIFIED_FROM_FILE,no GNSS gaps at or above the minimum duration threshold
VW14C,vehicle,Synchronised V abd S datasets/Categorised IOVNB Dataset/Vw (Driver E)/Vw14c/V-Vw14c.csv,15826,15826,1.0,True,False,,,0,0.0,0.0,False,9.421132457027293,14909,0.09999999999854481,0.10000000000582077,1.9000000000014552,0,0.0,VERIFIED_FROM_FILE,no GNSS gaps at or above the minimum duration threshold
VW15,smartphone,Synchronised V abd S datasets/Categorised IOVNB Dataset/Vw (Driver E)/Vw15/S-Vw15.csv,1380,1380,1.0,True,True,6.0,6.0,0,0.0,0.0,False,,1,,,,0,0.0,VERIFIED_FROM_FILE,no GNSS gaps at or above the minimum duration threshold; position never changed after the first sample
VW15,vehicle,Synchronised V abd S datasets/Categorised IOVNB Dataset/Vw (Driver E)/Vw15/V-Vw15.csv,1391,1391,1.0,True,False,,,0,0.0,0.0,False,6.410071942446043,892,0.09999999999854481,0.2999999999956344,2.599999999998545,0,0.0,VERIFIED_FROM_FILE,no GNSS gaps at or above the minimum duration threshold
VW16A,smartphone,Synchronised V abd S datasets/Categorised IOVNB Dataset/Vw (Driver E)/Vw16a/S-Vw16a.csv,5879,5879,1.0,True,True,3.5437999659806088,6.0,0,0.0,0.0,False,0.10268697586856065,61,9.0,9.100999999999999,46.001999999999995,1,46.001999999999995,VERIFIED_FROM_FILE,no GNSS gaps at or above the minimum duration threshold
VW16A,vehicle,Synchronised V abd S datasets/Categorised IOVNB Dataset/Vw (Driver E)/Vw16a/V-Vw16a.csv,5879,5879,1.0,True,False,,,0,0.0,0.0,False,9.744811160258664,5729,0.09999999999854481,0.10000000000582077,0.7999999999956344,0,0.0,VERIFIED_FROM_FILE,no GNSS gaps at or above the minimum duration threshold
VW16B,smartphone,Synchronised V abd S datasets/Categorised IOVNB Dataset/Vw (Driver E)/Vw16b/S-Vw16b.csv,1126,1126,1.0,True,True,5.0435168738898755,6.0,0,0.0,0.0,False,0.11111008231405267,13,9.0,9.099899999999911,9.100999999999999,0,0.0,VERIFIED_FROM_FILE,no GNSS gaps at or above the minimum duration threshold
VW16B,vehicle,Synchronised V abd S datasets/Categorised IOVNB Dataset/Vw (Driver E)/Vw16b/V-Vw16b.csv,1126,1126,1.0,True,False,,,0,0.0,0.0,False,10.0,1126,0.09999999999854481,0.10000000000582077,0.10000000000582077,0,0.0,VERIFIED_FROM_FILE,no GNSS gaps at or above the minimum duration threshold
VW17,smartphone,Synchronised V abd S datasets/Categorised IOVNB Dataset/Vw (Driver E)/Vw17/S-Vw17.csv,329,329,1.0,True,True,6.0,6.0,0,0.0,0.0,False,0.1190428951232093,4,8.901000000000067,9.05939999999996,9.098999999999933,0,0.0,VERIFIED_FROM_FILE,no GNSS gaps at or above the minimum duration threshold
VW17,vehicle,Synchronised V abd S datasets/Categorised IOVNB Dataset/Vw (Driver E)/Vw17/V-Vw17.csv,329,329,1.0,True,False,,,0,0.0,0.0,False,9.999999999999112,329,0.09999999999854481,0.10000000000582077,0.10000000000582077,0,0.0,VERIFIED_FROM_FILE,no GNSS gaps at or above the minimum duration threshold
Y1,smartphone,Synchronised V abd S datasets/Categorised IOVNB Dataset/Y (Driver D)/Y1/S-Y1.csv,70285,70285,1.0,True,True,3.2586247990325106,24.0,0,0.0,0.0,False,0.10789652723038605,721,9.0,9.00310000000054,95.0,7,95.0,VERIFIED_FROM_FILE,no GNSS gaps at or above the minimum duration threshold
Y1,vehicle,Synchronised V abd S datasets/Categorised IOVNB Dataset/Y (Driver D)/Y1/V-Y1.csv,70285,70285,1.0,True,False,,,0,0.0,0.0,False,8.857802473000474,67912,0.09999999999854481,0.10000000000582077,384.6000000000058,2,384.6000000000058,VERIFIED_FROM_FILE,no GNSS gaps at or above the minimum duration threshold
M,smartphone,Synchronised V abd S datasets/Uncategorised IOVNB Dataset/S-Dataset/S-M.csv,105974,105974,1.0,True,True,3.1833392620548433,13.617527,0,0.0,0.0,False,0.17766769262967583,1091,9.0,9.099999999999909,130.0,9,130.0,VERIFIED_FROM_FILE,no GNSS gaps at or above the minimum duration threshold
S1,smartphone,Synchronised V abd S datasets/Uncategorised IOVNB Dataset/S-Dataset/S-S1.csv,51746,51746,1.0,True,True,2.8789278398330307,32.0,0,0.0,0.0,False,0.10278745644599302,532,9.0,9.09900000000016,70.0010000000002,5,70.0010000000002,VERIFIED_FROM_FILE,no GNSS gaps at or above the minimum duration threshold
S2,smartphone,Synchronised V abd S datasets/Uncategorised IOVNB Dataset/S-Dataset/S-S2.csv,93876,93876,1.0,True,True,3.0165644041075463,8.0,0,0.0,0.0,False,0.10229956359441489,941,9.0,9.100000000000364,146.0,10,146.0,VERIFIED_FROM_FILE,no GNSS gaps at or above the minimum duration threshold
S3A,smartphone,Synchronised V abd S datasets/Uncategorised IOVNB Dataset/S-Dataset/S-S3a.csv,24621,24621,1.0,True,True,3.6149222208683645,8.0,0,0.0,0.0,False,0.10309702652690567,254,9.0,9.001000000000204,65.0,3,65.0,VERIFIED_FROM_FILE,no GNSS gaps at or above the minimum duration threshold
S3B,smartphone,Synchronised V abd S datasets/Uncategorised IOVNB Dataset/S-Dataset/S-S3b.csv,6813,6813,1.0,True,True,3.618963745780126,6.0,0,0.0,0.0,False,,74,9.0,9.100000000000017,11.000999999999749,0,0.0,VERIFIED_FROM_FILE,no GNSS gaps at or above the minimum duration threshold
S3C,smartphone,Synchronised V abd S datasets/Uncategorised IOVNB Dataset/S-Dataset/S-S3c.csv,37183,37183,1.0,True,True,4.284538633246376,24.0,0,0.0,0.0,False,0.10512132213512726,391,9.0,9.098999999999705,60.00099999999975,5,60.00099999999975,VERIFIED_FROM_FILE,no GNSS gaps at or above the minimum duration threshold
S4,smartphone,Synchronised V abd S datasets/Uncategorised IOVNB Dataset/S-Dataset/S-S4.csv,94600,94600,1.0,True,True,3.144048625792812,24.0,0,0.0,0.0,False,2.6472854660900076,932,9.0,9.001000000000204,332.0,13,332.0,VERIFIED_FROM_FILE,no GNSS gaps at or above the minimum duration threshold
VFA01,smartphone,Synchronised V abd S datasets/Uncategorised IOVNB Dataset/S-Dataset/S-Vfa01.csv,11486,11486,1.0,True,True,4.363485982935748,8.0,0,0.0,0.0,False,0.10693302924618349,123,9.0,9.002000000000006,34.0,1,34.0,VERIFIED_FROM_FILE,no GNSS gaps at or above the minimum duration threshold
VFA02,smartphone,Synchronised V abd S datasets/Uncategorised IOVNB Dataset/S-Dataset/S-Vfa02.csv,67523,67523,1.0,True,True,4.256594049435007,8.0,0,0.0,0.0,False,0.11055945008381621,747,9.0,9.001000000000204,20.0,0,0.0,VERIFIED_FROM_FILE,no GNSS gaps at or above the minimum duration threshold
VTA10,smartphone,Synchronised V abd S datasets/Uncategorised IOVNB Dataset/S-Dataset/S-Vta10.csv,1502,1502,1.0,True,True,3.719041278295606,4.0,0,0.0,0.0,False,0.1111111111111112,17,9.0,9.000999999999976,9.00100000000009,0,0.0,VERIFIED_FROM_FILE,no GNSS gaps at or above the minimum duration threshold
VTA11,smartphone,Synchronised V abd S datasets/Uncategorised IOVNB Dataset/S-Dataset/S-Vta11.csv,510,510,1.0,True,True,4.235294117647059,6.0,0,0.0,0.0,False,0.1111111111111111,6,9.0,9.000599999999986,9.000999999999976,0,0.0,VERIFIED_FROM_FILE,no GNSS gaps at or above the minimum duration threshold
VTA12,smartphone,Synchronised V abd S datasets/Uncategorised IOVNB Dataset/S-Dataset/S-Vta12.csv,610,610,1.0,True,True,3.737704918032787,4.0,0,0.0,0.0,False,0.1111111111111111,7,9.0,9.0,9.0,0,0.0,VERIFIED_FROM_FILE,no GNSS gaps at or above the minimum duration threshold
VTA13,smartphone,Synchronised V abd S datasets/Uncategorised IOVNB Dataset/S-Dataset/S-Vta13.csv,404,404,1.0,True,True,3.0024752475247523,4.0,0,0.0,0.0,False,0.1385003185507331,6,9.0,9.000599999999986,9.000999999999976,0,0.0,VERIFIED_FROM_FILE,no GNSS gaps at or above the minimum duration threshold
VTA14,smartphone,Synchronised V abd S datasets/Uncategorised IOVNB Dataset/S-Dataset/S-Vta14.csv,2885,2885,1.0,True,True,5.158752166377816,8.0,0,0.0,0.0,False,0.11114970475859678,33,9.0,9.000999999999976,9.001999999999953,0,0.0,VERIFIED_FROM_FILE,no GNSS gaps at or above the minimum duration threshold
VTA15,smartphone,Synchronised V abd S datasets/Uncategorised IOVNB Dataset/S-Dataset/S-Vta15.csv,833,833,1.0,True,True,5.783913565426171,6.0,0,0.0,0.0,False,0.11450381679389326,10,9.0,9.0,9.0,0,0.0,VERIFIED_FROM_FILE,no GNSS gaps at or above the minimum duration threshold
VTA16,smartphone,Synchronised V abd S datasets/Uncategorised IOVNB Dataset/S-Dataset/S-Vta16.csv,11335,11335,1.0,True,True,4.2,6.0,0,0.0,0.0,False,0.10739327238839087,122,9.0,9.001000000000204,34.003999999999905,1,34.003999999999905,VERIFIED_FROM_FILE,no GNSS gaps at or above the minimum duration threshold
VTA17,smartphone,Synchronised V abd S datasets/Uncategorised IOVNB Dataset/S-Dataset/S-Vta17.csv,4519,4519,1.0,True,True,3.6355388360256695,6.0,0,0.0,0.0,False,0.110116071328247,50,9.0,9.001000000000204,11.100000000000364,0,0.0,VERIFIED_FROM_FILE,no GNSS gaps at or above the minimum duration threshold
VTA19,smartphone,Synchronised V abd S datasets/Uncategorised IOVNB Dataset/S-Dataset/S-Vta19.csv,292,292,1.0,True,True,3.6164383561643834,4.0,0,0.0,0.0,False,0.1111111111111111,4,9.0,9.0,9.0,0,0.0,VERIFIED_FROM_FILE,no GNSS gaps at or above the minimum duration threshold
VTA1A,smartphone,Synchronised V abd S datasets/Uncategorised IOVNB Dataset/S-Dataset/S-Vta1a.csv,25676,25676,1.0,True,True,4.4723087708365785,12.0,0,0.0,0.0,False,0.9813003651730696,2520,1.0,1.0010000000000048,36.0,1,36.0,VERIFIED_FROM_FILE,no GNSS gaps at or above the minimum duration threshold
VTA1B,smartphone,Synchronised V abd S datasets/Uncategorised IOVNB Dataset/S-Dataset/S-Vta1b.csv,954,954,1.0,True,True,4.9958071278826,6.0,0,0.0,0.0,False,0.9905163329820854,95,1.0,1.0010000000002037,2.0,0,0.0,VERIFIED_FROM_FILE,no GNSS gaps at or above the minimum duration threshold
VTA2,smartphone,Synchronised V abd S datasets/Uncategorised IOVNB Dataset/S-Dataset/S-Vta2.csv,10991,10991,1.0,True,True,4.47056682740424,8.0,0,0.0,0.0,False,0.9323983804367858,1023,1.0,1.0010000000002037,45.0,1,45.0,VERIFIED_FROM_FILE,no GNSS gaps at or above the minimum duration threshold
VTA20,smartphone,Synchronised V abd S datasets/Uncategorised IOVNB Dataset/S-Dataset/S-Vta20.csv,3223,3223,1.0,True,True,3.3437790878063915,6.0,0,0.0,0.0,False,0.028168925918854715,10,9.0,62.100200000000044,238.501,1,238.501,VERIFIED_FROM_FILE,no GNSS gaps at or above the minimum duration threshold
VTA21,smartphone,Synchronised V abd S datasets/Uncategorised IOVNB Dataset/S-Dataset/S-Vta21.csv,2079,2079,1.0,True,True,6.141986103896103,32.0,0,0.0,0.0,False,0.11263467189030363,24,9.0,9.000999999999976,14.999000000000024,0,0.0,VERIFIED_FROM_FILE,no GNSS gaps at or above the minimum duration threshold
VTA22,smartphone,Synchronised V abd S datasets/Uncategorised IOVNB Dataset/S-Dataset/S-Vta22.csv,1564,1564,1.0,True,True,4.0,4.0,0,0.0,0.0,False,0.11455448413420398,18,9.0,9.000999999999976,9.000999999999976,0,0.0,VERIFIED_FROM_FILE,no GNSS gaps at or above the minimum duration threshold
VTA23,smartphone,Synchronised V abd S datasets/Uncategorised IOVNB Dataset/S-Dataset/S-Vta23.csv,1110,1110,1.0,True,True,5.059459459459459,8.0,0,0.0,0.0,False,0.11299435028248594,13,9.0,9.000899999999978,9.000999999999976,0,0.0,VERIFIED_FROM_FILE,no GNSS gaps at or above the minimum duration threshold
VTA24,smartphone,Synchronised V abd S datasets/Uncategorised IOVNB Dataset/S-Dataset/S-Vta24.csv,1171,1171,1.0,True,True,3.9812126387702818,6.0,0,0.0,0.0,False,0.09155552842799164,10,9.0,12.600799999999985,27.0,0,0.0,VERIFIED_FROM_FILE,no GNSS gaps at or above the minimum duration threshold
VTA25,smartphone,Synchronised V abd S datasets/Uncategorised IOVNB Dataset/S-Dataset/S-Vta25.csv,646,646,1.0,True,True,3.0,3.0,0,0.0,0.0,False,0.08077805421822996,6,9.0,18.400000000000002,22.0,0,0.0,VERIFIED_FROM_FILE,no GNSS gaps at or above the minimum duration threshold
VTA26,smartphone,Synchronised V abd S datasets/Uncategorised IOVNB Dataset/S-Dataset/S-Vta26.csv,1935,1935,1.0,True,True,3.2180878552971577,6.0,0,0.0,0.0,False,0.07841087297438576,16,9.0,12.000799999999979,61.999000000000024,1,61.999000000000024,VERIFIED_FROM_FILE,no GNSS gaps at or above the minimum duration threshold
VTA27,smartphone,Synchronised V abd S datasets/Uncategorised IOVNB Dataset/S-Dataset/S-Vta27.csv,2540,2540,1.0,True,True,2.779527559055118,4.0,0,0.0,0.0,False,0.0969305331179321,25,9.0,9.000999999999976,29.600000000000136,0,0.0,VERIFIED_FROM_FILE,no GNSS gaps at or above the minimum duration threshold
VTA28,smartphone,Synchronised V abd S datasets/Uncategorised IOVNB Dataset/S-Dataset/S-Vta28.csv,4210,4210,1.0,True,True,4.5494061757719715,12.0,0,0.0,0.0,False,0.10518380870571319,43,9.0,9.000999999999976,32.0,1,32.0,VERIFIED_FROM_FILE,no GNSS gaps at or above the minimum duration threshold
VTA29,smartphone,Synchronised V abd S datasets/Uncategorised IOVNB Dataset/S-Dataset/S-Vta29.csv,23705,23705,1.0,True,True,3.7079519088799833,12.0,0,0.0,0.0,False,0.10485912092539866,249,9.0,9.001000000000204,34.0,2,34.0,VERIFIED_FROM_FILE,no GNSS gaps at or above the minimum duration threshold
VTA3,smartphone,Synchronised V abd S datasets/Uncategorised IOVNB Dataset/S-Dataset/S-Vta3.csv,645,645,1.0,True,True,4.62015503875969,6.0,0,0.0,0.0,False,0.07766990291262135,5,9.0,19.85,24.5,0,0.0,VERIFIED_FROM_FILE,no GNSS gaps at or above the minimum duration threshold
VTA30,smartphone,Synchronised V abd S datasets/Uncategorised IOVNB Dataset/S-Dataset/S-Vta30.csv,17136,17136,1.0,True,True,20.00560224089636,600.0,0,0.0,0.0,False,0.09281419648590274,160,9.0,10.199799999999977,83.30000000000018,5,83.30000000000018,VERIFIED_FROM_FILE,no GNSS gaps at or above the minimum duration threshold
VTA4,smartphone,Synchronised V abd S datasets/Uncategorised IOVNB Dataset/S-Dataset/S-Vta4.csv,1789,1789,1.0,True,True,4.279485746226943,6.0,0,0.0,0.0,False,0.11236018179877415,21,9.0,9.001000000000005,9.002999999999986,0,0.0,VERIFIED_FROM_FILE,no GNSS gaps at or above the minimum duration threshold
VTA5,smartphone,Synchronised V abd S datasets/Uncategorised IOVNB Dataset/S-Dataset/S-Vta5.csv,307,307,1.0,True,True,4.0,4.0,0,0.0,0.0,False,0.1111111111111111,4,9.0,9.00079999999998,9.000999999999976,0,0.0,VERIFIED_FROM_FILE,no GNSS gaps at or above the minimum duration threshold
VTA6,smartphone,Synchronised V abd S datasets/Uncategorised IOVNB Dataset/S-Dataset/S-Vta6.csv,1376,1376,1.0,True,True,4.3270348837209305,6.0,0,0.0,0.0,False,0.11244377811094455,16,9.0,9.000999999999976,9.00200000000001,0,0.0,VERIFIED_FROM_FILE,no GNSS gaps at or above the minimum duration threshold
VTA7,smartphone,Synchronised V abd S datasets/Uncategorised IOVNB Dataset/S-Dataset/S-Vta7.csv,840,840,1.0,True,True,4.285714285714286,6.0,0,0.0,0.0,False,0.11235814783835409,10,9.0,9.00020000000004,9.000999999999976,0,0.0,VERIFIED_FROM_FILE,no GNSS gaps at or above the minimum duration threshold
VTA8,smartphone,Synchronised V abd S datasets/Uncategorised IOVNB Dataset/S-Dataset/S-Vta8.csv,3676,3676,1.0,True,True,3.5484221980413495,6.0,0,0.0,0.0,False,0.08886420438767009,33,9.0,9.000999999999976,82.00199999999995,1,82.00199999999995,VERIFIED_FROM_FILE,no GNSS gaps at or above the minimum duration threshold
VTA9,smartphone,Synchronised V abd S datasets/Uncategorised IOVNB Dataset/S-Dataset/S-Vta9.csv,156,156,1.0,True,True,5.153846153846154,6.0,0,0.0,0.0,False,0.11112345816201771,2,8.999000000000024,8.999000000000024,8.999000000000024,0,0.0,VERIFIED_FROM_FILE,no GNSS gaps at or above the minimum duration threshold
VTB1,smartphone,Synchronised V abd S datasets/Uncategorised IOVNB Dataset/S-Dataset/S-Vtb1.csv,32459,32459,1.0,True,True,319.39237191533937,2400.0,0,0.0,0.0,False,0.08615634319128654,280,9.0,9.00100000000009,663.4190000000001,2,663.4190000000001,VERIFIED_FROM_FILE,no GNSS gaps at or above the minimum duration threshold
VTB10,smartphone,Synchronised V abd S datasets/Uncategorised IOVNB Dataset/S-Dataset/S-Vtb10.csv,196,196,1.0,True,True,4.0,4.0,0,0.0,0.0,False,0.18181818181818182,3,5.5,8.3,9.0,0,0.0,VERIFIED_FROM_FILE,no GNSS gaps at or above the minimum duration threshold
VTB11,smartphone,Synchronised V abd S datasets/Uncategorised IOVNB Dataset/S-Dataset/S-Vtb11.csv,361,361,1.0,True,True,4.498614958448753,6.0,0,0.0,0.0,False,0.1111111111111111,5,9.0,9.001400000000285,9.002000000000407,0,0.0,VERIFIED_FROM_FILE,no GNSS gaps at or above the minimum duration threshold
VTB12,smartphone,Synchronised V abd S datasets/Uncategorised IOVNB Dataset/S-Dataset/S-Vtb12.csv,447,447,1.0,True,True,4.402684563758389,6.0,0,0.0,0.0,False,0.11141750926158095,5,9.0,9.0,9.0,0,0.0,VERIFIED_FROM_FILE,no GNSS gaps at or above the minimum duration threshold
VTB2,smartphone,Synchronised V abd S datasets/Uncategorised IOVNB Dataset/S-Dataset/S-Vtb2.csv,5712,5712,1.0,True,True,3.59593837535014,8.0,0,0.0,0.0,False,0.0977084699031265,56,9.0,9.00260000000003,36.000999999999976,1,36.000999999999976,VERIFIED_FROM_FILE,no GNSS gaps at or above the minimum duration threshold
VTB3,smartphone,Synchronised V abd S datasets/Uncategorised IOVNB Dataset/S-Dataset/S-Vtb3.csv,8240,8240,1.0,True,True,145.2498786407767,2400.0,0,0.0,0.0,False,0.042750702332966906,36,13.000999999999976,49.559799999999996,109.09900000000005,7,109.09900000000005,VERIFIED_FROM_FILE,no GNSS gaps at or above the minimum duration threshold
VTB4,smartphone,Synchronised V abd S datasets/Uncategorised IOVNB Dataset/S-Dataset/S-Vtb4.csv,556,556,1.0,True,True,3.0,4.0,0,0.0,0.0,False,0.11110864203017716,6,9.0,9.001599999999963,9.001999999999953,0,0.0,VERIFIED_FROM_FILE,no GNSS gaps at or above the minimum duration threshold
VTB5,smartphone,Synchronised V abd S datasets/Uncategorised IOVNB Dataset/S-Dataset/S-Vtb5.csv,64388,64388,1.0,True,True,3.9985556314841273,8.0,0,0.0,0.0,False,0.1090688580288585,703,9.0,9.001000000000204,40.001000000000204,1,40.001000000000204,VERIFIED_FROM_FILE,no GNSS gaps at or above the minimum duration threshold
VTB6,smartphone,Synchronised V abd S datasets/Uncategorised IOVNB Dataset/S-Dataset/S-Vtb6.csv,498,498,1.0,True,True,4.9156626506024095,6.0,0,0.0,0.0,False,0.1111111111111111,6,9.0,9.001199999999699,9.001999999999498,0,0.0,VERIFIED_FROM_FILE,no GNSS gaps at or above the minimum duration threshold
VTB7,smartphone,Synchronised V abd S datasets/Uncategorised IOVNB Dataset/S-Dataset/S-Vtb7.csv,461,461,1.0,True,True,4.828633405639914,6.0,0,0.0,0.0,False,0.11110864203017885,6,9.0,9.000599999999576,9.000999999999294,0,0.0,VERIFIED_FROM_FILE,no GNSS gaps at or above the minimum duration threshold
VTB8,smartphone,Synchronised V abd S datasets/Uncategorised IOVNB Dataset/S-Dataset/S-Vtb8.csv,668,668,1.0,True,True,4.0,4.0,0,0.0,0.0,False,0.1111111111111111,8,9.0,9.000399999999718,9.000999999999294,0,0.0,VERIFIED_FROM_FILE,no GNSS gaps at or above the minimum duration threshold
VTB9,smartphone,Synchronised V abd S datasets/Uncategorised IOVNB Dataset/S-Dataset/S-Vtb9.csv,452,452,1.0,True,True,4.0,4.0,0,0.0,0.0,False,0.11111604960220331,6,9.0,9.0,9.0,0,0.0,VERIFIED_FROM_FILE,no GNSS gaps at or above the minimum duration threshold
VW1,smartphone,Synchronised V abd S datasets/Uncategorised IOVNB Dataset/S-Dataset/S-Vw1.csv,20476,20476,1.0,True,True,6.0,6.0,0,0.0,0.0,False,,1,,,,0,0.0,VERIFIED_FROM_FILE,no GNSS gaps at or above the minimum duration threshold; position never changed after the first sample
VW10,smartphone,Synchronised V abd S datasets/Uncategorised IOVNB Dataset/S-Dataset/S-Vw10.csv,652,652,1.0,True,True,2.276073619631902,3.0,0,0.0,0.0,False,0.1111111111111111,8,9.0,9.040000000000145,9.100000000000364,0,0.0,VERIFIED_FROM_FILE,no GNSS gaps at or above the minimum duration threshold
VW11,smartphone,Synchronised V abd S datasets/Uncategorised IOVNB Dataset/S-Dataset/S-Vw11.csv,4909,4909,1.0,True,True,2.482583010796496,4.0,0,0.0,0.0,False,0.09948186528497409,49,9.0,9.100000000000364,49.0,1,49.0,VERIFIED_FROM_FILE,no GNSS gaps at or above the minimum duration threshold
VW12,smartphone,Synchronised V abd S datasets/Uncategorised IOVNB Dataset/S-Dataset/S-Vw12.csv,918,918,1.0,True,True,3.6013071895424837,4.0,0,0.0,0.0,False,0.11641443538998836,11,9.0,9.1,9.100000000000001,0,0.0,VERIFIED_FROM_FILE,no GNSS gaps at or above the minimum duration threshold
VW13,smartphone,Synchronised V abd S datasets/Uncategorised IOVNB Dataset/S-Dataset/S-Vw13.csv,284,284,1.0,True,True,4.0,4.0,0,0.0,0.0,False,0.11583458820803892,4,8.900999999999998,8.979400000000002,8.999000000000002,0,0.0,VERIFIED_FROM_FILE,no GNSS gaps at or above the minimum duration threshold
VW14A,smartphone,Synchronised V abd S datasets/Uncategorised IOVNB Dataset/S-Dataset/S-Vw14a.csv,3138,3138,1.0,True,True,4.0573613766730405,6.0,0,0.0,0.0,False,0.11290322580645161,36,9.0,9.001000000000005,9.001000000000005,0,0.0,VERIFIED_FROM_FILE,no GNSS gaps at or above the minimum duration threshold
VW14B,smartphone,Synchronised V abd S datasets/Uncategorised IOVNB Dataset/S-Dataset/S-Vw14b.csv,19588,19588,1.0,True,True,4.528384725342046,6.0,0,0.0,0.0,False,0.11133804323899732,219,9.0,9.000999999999976,9.100999999999999,0,0.0,VERIFIED_FROM_FILE,no GNSS gaps at or above the minimum duration threshold
VW14C,smartphone,Synchronised V abd S datasets/Uncategorised IOVNB Dataset/S-Dataset/S-Vw14c.csv,15826,15826,1.0,True,True,3.216668772905346,6.0,0,0.0,0.0,False,0.09993600252146223,157,9.0,9.100000000000364,48.0,1,48.0,VERIFIED_FROM_FILE,no GNSS gaps at or above the minimum duration threshold
VW15,smartphone,Synchronised V abd S datasets/Uncategorised IOVNB Dataset/S-Dataset/S-Vw15.csv,1380,1380,1.0,True,True,6.0,6.0,0,0.0,0.0,False,,1,,,,0,0.0,VERIFIED_FROM_FILE,no GNSS gaps at or above the minimum duration threshold; position never changed after the first sample
VW16A,smartphone,Synchronised V abd S datasets/Uncategorised IOVNB Dataset/S-Dataset/S-Vw16a.csv,5879,5879,1.0,True,True,3.5437999659806088,6.0,0,0.0,0.0,False,0.10268697586856065,61,9.0,9.100999999999999,46.001999999999995,1,46.001999999999995,VERIFIED_FROM_FILE,no GNSS gaps at or above the minimum duration threshold
VW16B,smartphone,Synchronised V abd S datasets/Uncategorised IOVNB Dataset/S-Dataset/S-Vw16b.csv,1126,1126,1.0,True,True,5.0435168738898755,6.0,0,0.0,0.0,False,0.11111008231405267,13,9.0,9.099899999999911,9.100999999999999,0,0.0,VERIFIED_FROM_FILE,no GNSS gaps at or above the minimum duration threshold
VW17,smartphone,Synchronised V abd S datasets/Uncategorised IOVNB Dataset/S-Dataset/S-Vw17.csv,329,329,1.0,True,True,6.0,6.0,0,0.0,0.0,False,0.1190428951232093,4,8.901000000000067,9.05939999999996,9.098999999999933,0,0.0,VERIFIED_FROM_FILE,no GNSS gaps at or above the minimum duration threshold
VW2,smartphone,Synchronised V abd S datasets/Uncategorised IOVNB Dataset/S-Dataset/S-Vw2.csv,52713,52713,1.0,True,True,4.726727752167397,12.0,0,0.0,0.0,False,0.10709809729976075,565,9.0,9.100000000000023,58.000999999999976,2,58.000999999999976,VERIFIED_FROM_FILE,no GNSS gaps at or above the minimum duration threshold
VW3,smartphone,Synchronised V abd S datasets/Uncategorised IOVNB Dataset/S-Dataset/S-Vw3.csv,3861,3861,1.0,True,True,3.4703444703444704,8.0,0,0.0,0.0,False,0.10928931888164262,41,9.0,9.099999999999454,15.0,0,0.0,VERIFIED_FROM_FILE,no GNSS gaps at or above the minimum duration threshold
VW4,smartphone,Synchronised V abd S datasets/Uncategorised IOVNB Dataset/S-Dataset/S-Vw4.csv,126526,126526,1.0,True,True,3.5822123516115263,8.0,0,0.0,0.0,False,0.10585901587165807,1340,9.0,9.099999999999909,94.99900000000162,6,94.99900000000162,VERIFIED_FROM_FILE,no GNSS gaps at or above the minimum duration threshold
VW5,smartphone,Synchronised V abd S datasets/Uncategorised IOVNB Dataset/S-Dataset/S-Vw5.csv,1012,1012,1.0,True,True,2.5316205533596836,3.0,0,0.0,0.0,False,0.11458213976937932,12,9.0,9.100999999998749,9.100999999998749,0,0.0,VERIFIED_FROM_FILE,no GNSS gaps at or above the minimum duration threshold
VW6,smartphone,Synchronised V abd S datasets/Uncategorised IOVNB Dataset/S-Dataset/S-Vw6.csv,1281,1281,1.0,True,True,2.483216237314598,3.0,0,0.0,0.0,False,0.11191047162270151,15,9.0,9.100000000000364,9.100000000000364,0,0.0,VERIFIED_FROM_FILE,no GNSS gaps at or above the minimum duration threshold
VW7,smartphone,Synchronised V abd S datasets/Uncategorised IOVNB Dataset/S-Dataset/S-Vw7.csv,1602,1602,1.0,True,True,2.224094881398252,3.0,0,0.0,0.0,False,0.1111111111111111,18,9.0,9.100000000000364,9.100000000000364,0,0.0,VERIFIED_FROM_FILE,no GNSS gaps at or above the minimum duration threshold
VW8,smartphone,Synchronised V abd S datasets/Uncategorised IOVNB Dataset/S-Dataset/S-Vw8.csv,1529,1529,1.0,True,True,2.5873119686069326,3.0,0,0.0,0.0,False,0.1111111111111111,17,9.0,9.050500000000284,9.100999999998749,0,0.0,VERIFIED_FROM_FILE,no GNSS gaps at or above the minimum duration threshold
VW9,smartphone,Synchronised V abd S datasets/Uncategorised IOVNB Dataset/S-Dataset/S-Vw9.csv,552,552,1.0,True,True,2.5199275362318843,3.0,0,0.0,0.0,False,0.11214324430406025,7,8.951000000000022,9.050000000000182,9.097999999999956,0,0.0,VERIFIED_FROM_FILE,no GNSS gaps at or above the minimum duration threshold
Y1,smartphone,Synchronised V abd S datasets/Uncategorised IOVNB Dataset/S-Dataset/S-Y1.csv,70285,70285,1.0,True,True,3.2586247990325106,24.0,0,0.0,0.0,False,0.10789652723038605,721,9.0,9.00310000000054,95.0,7,95.0,VERIFIED_FROM_FILE,no GNSS gaps at or above the minimum duration threshold
M,vehicle,Synchronised V abd S datasets/Uncategorised IOVNB Dataset/V-Dataset/V-M.csv,105974,105974,1.0,True,False,,,0,0.0,0.0,False,9.584512890197413,101570,0.09999999999854481,0.10000000000582077,2.6000000000058208,0,0.0,VERIFIED_FROM_FILE,no GNSS gaps at or above the minimum duration threshold
S1,vehicle,Synchronised V abd S datasets/Uncategorised IOVNB Dataset/V-Dataset/V-S1.csv,51746,51746,1.0,True,False,,,0,0.0,0.0,False,9.563049570006765,49485,0.09999999999854481,0.10000000000582077,2.0,0,0.0,VERIFIED_FROM_FILE,no GNSS gaps at or above the minimum duration threshold
S2,vehicle,Synchronised V abd S datasets/Uncategorised IOVNB Dataset/V-Dataset/V-S2.csv,93876,93876,1.0,True,False,,,0,0.0,0.0,False,9.546631158455392,89620,0.09999999999854481,0.10000000000582077,2.8999999999941792,0,0.0,VERIFIED_FROM_FILE,no GNSS gaps at or above the minimum duration threshold
S3A,vehicle,Synchronised V abd S datasets/Uncategorised IOVNB Dataset/V-Dataset/V-S3a.csv,24621,24621,1.0,True,False,,,0,0.0,0.0,False,9.614541023558083,23672,0.10000000000582077,0.10000000000582077,1.5,0,0.0,VERIFIED_FROM_FILE,no GNSS gaps at or above the minimum duration threshold
S3B,vehicle,Synchronised V abd S datasets/Uncategorised IOVNB Dataset/V-Dataset/V-S3b.csv,6813,6813,1.0,True,False,,,0,0.0,0.0,False,9.655020551967159,6578,0.10000000000582077,0.10000000000582077,0.5,0,0.0,VERIFIED_FROM_FILE,no GNSS gaps at or above the minimum duration threshold
S3C,vehicle,Synchronised V abd S datasets/Uncategorised IOVNB Dataset/V-Dataset/V-S3c.csv,37183,37183,1.0,True,False,,,0,0.0,0.0,False,9.74692055295574,36242,0.10000000000582077,0.10000000000582077,10.80000000000291,0,0.0,VERIFIED_FROM_FILE,no GNSS gaps at or above the minimum duration threshold
S4,vehicle,Synchronised V abd S datasets/Uncategorised IOVNB Dataset/V-Dataset/V-S4.csv,94600,94600,1.0,True,False,,,0,0.0,0.0,False,9.20939967652935,87121,0.09999999999854481,0.10000000000582077,2.1000000000058208,0,0.0,VERIFIED_FROM_FILE,no GNSS gaps at or above the minimum duration threshold
VFA01,vehicle,Synchronised V abd S datasets/Uncategorised IOVNB Dataset/V-Dataset/V-Vfa01.csv,11535,11535,1.0,True,False,,,0,0.0,0.0,False,9.736431420149112,11231,0.09999999999854481,0.10000000000582077,1.6999999999970896,0,0.0,VERIFIED_FROM_FILE,no GNSS gaps at or above the minimum duration threshold
VFA02,vehicle,Synchronised V abd S datasets/Uncategorised IOVNB Dataset/V-Dataset/V-Vfa02.csv,67755,67755,1.0,True,False,,,0,0.0,0.0,False,9.952622723381642,67434,0.09999999999854481,0.10000000000582077,0.9000000000014552,0,0.0,VERIFIED_FROM_FILE,no GNSS gaps at or above the minimum duration threshold
VTA10,vehicle,Synchronised V abd S datasets/Uncategorised IOVNB Dataset/V-Dataset/V-vta10.csv,1502,1502,1.0,True,False,,,0,0.0,0.0,False,10.000000000000098,1502,0.09999999999854481,0.10000000000582077,0.10000000000582077,0,0.0,VERIFIED_FROM_FILE,no GNSS gaps at or above the minimum duration threshold
VTA11,vehicle,Synchronised V abd S datasets/Uncategorised IOVNB Dataset/V-Dataset/V-vta11.csv,510,510,1.0,True,False,,,0,0.0,0.0,False,9.999999999999714,510,0.09999999999854481,0.10000000000582077,0.10000000000582077,0,0.0,VERIFIED_FROM_FILE,no GNSS gaps at or above the minimum duration threshold
VTA12,vehicle,Synchronised V abd S datasets/Uncategorised IOVNB Dataset/V-Dataset/V-vta12.csv,610,610,1.0,True,False,,,0,0.0,0.0,False,9.99999999999976,610,0.09999999999854481,0.10000000000582077,0.10000000000582077,0,0.0,VERIFIED_FROM_FILE,no GNSS gaps at or above the minimum duration threshold
VTA13,vehicle,Synchronised V abd S datasets/Uncategorised IOVNB Dataset/V-Dataset/V-vta13.csv,404,404,1.0,True,False,,,0,0.0,0.0,False,10.000000000001084,404,0.09999999999854481,0.10000000000582077,0.10000000000582077,0,0.0,VERIFIED_FROM_FILE,no GNSS gaps at or above the minimum duration threshold
VTA14,vehicle,Synchronised V abd S datasets/Uncategorised IOVNB Dataset/V-Dataset/V-vta14.csv,2885,2885,1.0,True,False,,,0,0.0,0.0,False,10.000000000000203,2885,0.09999999999854481,0.10000000000582077,0.10000000000582077,0,0.0,VERIFIED_FROM_FILE,no GNSS gaps at or above the minimum duration threshold
VTA15,vehicle,Synchronised V abd S datasets/Uncategorised IOVNB Dataset/V-Dataset/V-vta15.csv,833,833,1.0,True,False,,,0,0.0,0.0,False,10.00000000000035,833,0.09999999999854481,0.10000000000582077,0.10000000000582077,0,0.0,VERIFIED_FROM_FILE,no GNSS gaps at or above the minimum duration threshold
VTA16,vehicle,Synchronised V abd S datasets/Uncategorised IOVNB Dataset/V-Dataset/V-vta16.csv,11335,11335,1.0,True,False,,,0,0.0,0.0,False,9.918828304217387,11243,0.09999999999854481,0.10000000000582077,0.4000000000014552,0,0.0,VERIFIED_FROM_FILE,no GNSS gaps at or above the minimum duration threshold
VTA17,vehicle,Synchronised V abd S datasets/Uncategorised IOVNB Dataset/V-Dataset/V-vta17.csv,4519,4519,1.0,True,False,,,0,0.0,0.0,False,9.853917662682699,4453,0.09999999999854481,0.10000000000582077,0.5,0,0.0,VERIFIED_FROM_FILE,no GNSS gaps at or above the minimum duration threshold
VTA19,vehicle,Synchronised V abd S datasets/Uncategorised IOVNB Dataset/V-Dataset/V-vta19.csv,292,292,1.0,True,False,,,0,0.0,0.0,False,9.518900343643088,278,0.09999999999854481,0.10000000000582077,0.20000000000436557,0,0.0,VERIFIED_FROM_FILE,no GNSS gaps at or above the minimum duration threshold
VTA1A,vehicle,Synchronised V abd S datasets/Uncategorised IOVNB Dataset/V-Dataset/V-Vta1a.csv,25676,25676,1.0,True,False,,,0,0.0,0.0,False,9.99493670886076,25663,0.09999999999854481,0.10000000000582077,0.5,0,0.0,VERIFIED_FROM_FILE,no GNSS gaps at or above the minimum duration threshold
VTA1B,vehicle,Synchronised V abd S datasets/Uncategorised IOVNB Dataset/V-Dataset/V-Vta1b.csv,953,953,1.0,True,False,,,0,0.0,0.0,False,10.000000000000306,953,0.09999999999854481,0.10000000000582077,0.10000000000582077,0,0.0,VERIFIED_FROM_FILE,no GNSS gaps at or above the minimum duration threshold
VTA2,vehicle,Synchronised V abd S datasets/Uncategorised IOVNB Dataset/V-Dataset/V-vta2.csv,10991,10991,1.0,True,False,,,0,0.0,0.0,False,9.834394904458598,10809,0.09999999999854481,0.10000000000582077,1.1999999999970896,0,0.0,VERIFIED_FROM_FILE,no GNSS gaps at or above the minimum duration threshold
VTA20,vehicle,Synchronised V abd S datasets/Uncategorised IOVNB Dataset/V-Dataset/V-vta20.csv,3223,3223,1.0,True,False,,,0,0.0,0.0,False,5.859714463066472,1889,0.09999999999854481,0.3000000000029104,1.4000000000014552,0,0.0,VERIFIED_FROM_FILE,no GNSS gaps at or above the minimum duration threshold
VTA21,vehicle,Synchronised V abd S datasets/Uncategorised IOVNB Dataset/V-Dataset/V-vta21.csv,2079,2079,1.0,True,False,,,0,0.0,0.0,False,9.966313763233739,2072,0.09999999999854481,0.10000000000582077,0.3000000000029104,0,0.0,VERIFIED_FROM_FILE,no GNSS gaps at or above the minimum duration threshold
VTA22,vehicle,Synchronised V abd S datasets/Uncategorised IOVNB Dataset/V-Dataset/V-vta22.csv,1564,1564,1.0,True,False,,,0,0.0,0.0,False,9.999999999999813,1564,0.09999999999854481,0.10000000000582077,0.10000000000582077,0,0.0,VERIFIED_FROM_FILE,no GNSS gaps at or above the minimum duration threshold
VTA23,vehicle,Synchronised V abd S datasets/Uncategorised IOVNB Dataset/V-Dataset/V-vta23.csv,1110,1110,1.0,True,False,,,0,0.0,0.0,False,9.945897204688778,1104,0.09999999999854481,0.10000000000582077,0.5999999999985448,0,0.0,VERIFIED_FROM_FILE,no GNSS gaps at or above the minimum duration threshold
VTA24,vehicle,Synchronised V abd S datasets/Uncategorised IOVNB Dataset/V-Dataset/V-vta24.csv,1171,1171,1.0,True,False,,,0,0.0,0.0,False,9.52991452991453,1116,0.09999999999854481,0.10000000000582077,0.3000000000029104,0,0.0,VERIFIED_FROM_FILE,no GNSS gaps at or above the minimum duration threshold
VTA25,vehicle,Synchronised V abd S datasets/Uncategorised IOVNB Dataset/V-Dataset/V-vta25.csv,646,646,1.0,True,False,,,0,0.0,0.0,False,8.356589147286822,540,0.09999999999854481,0.19999999999708962,1.0,0,0.0,VERIFIED_FROM_FILE,no GNSS gaps at or above the minimum duration threshold
VTA26,vehicle,Synchronised V abd S datasets/Uncategorised IOVNB Dataset/V-Dataset/V-vta26.csv,1935,1935,1.0,True,False,,,0,0.0,0.0,False,8.092037228541821,1566,0.09999999999854481,0.19999999999708962,1.2999999999956344,0,0.0,VERIFIED_FROM_FILE,no GNSS gaps at or above the minimum duration threshold
VTA27,vehicle,Synchronised V abd S datasets/Uncategorised IOVNB Dataset/V-Dataset/V-vta27.csv,2540,2540,1.0,True,False,,,0,0.0,0.0,False,9.594328475778084,2437,0.09999999999854481,0.10000000000582077,1.3000000000029104,0,0.0,VERIFIED_FROM_FILE,no GNSS gaps at or above the minimum duration threshold
VTA28,vehicle,Synchronised V abd S datasets/Uncategorised IOVNB Dataset/V-Dataset/V-vta28.csv,4210,4210,1.0,True,False,,,0,0.0,0.0,False,9.871703492516174,4156,0.09999999999854481,0.10000000000582077,0.3000000000029104,0,0.0,VERIFIED_FROM_FILE,no GNSS gaps at or above the minimum duration threshold
VTA29,vehicle,Synchronised V abd S datasets/Uncategorised IOVNB Dataset/V-Dataset/V-vta29.csv,23705,23705,1.0,True,False,,,0,0.0,0.0,False,9.769659129260878,23159,0.09999999999854481,0.10000000000582077,1.0,0,0.0,VERIFIED_FROM_FILE,no GNSS gaps at or above the minimum duration threshold
VTA3,vehicle,Synchronised V abd S datasets/Uncategorised IOVNB Dataset/V-Dataset/V-vta3.csv,645,645,1.0,True,False,,,0,0.0,0.0,False,9.968944099378657,643,0.09999999999854481,0.10000000000582077,0.3000000000029104,0,0.0,VERIFIED_FROM_FILE,no GNSS gaps at or above the minimum duration threshold
VTA30,vehicle,Synchronised V abd S datasets/Uncategorised IOVNB Dataset/V-Dataset/V-vta30.csv,17136,17136,1.0,True,False,,,0,0.0,0.0,False,9.330026262036768,15988,0.09999999999854481,0.10000000000582077,1.2000000000043656,0,0.0,VERIFIED_FROM_FILE,no GNSS gaps at or above the minimum duration threshold
VTA4,vehicle,Synchronised V abd S datasets/Uncategorised IOVNB Dataset/V-Dataset/V-vta4.csv,1789,1789,1.0,True,False,,,0,0.0,0.0,False,9.999999999999837,1789,0.09999999999854481,0.10000000000582077,0.10000000000582077,0,0.0,VERIFIED_FROM_FILE,no GNSS gaps at or above the minimum duration threshold
VTA5,vehicle,Synchronised V abd S datasets/Uncategorised IOVNB Dataset/V-Dataset/V-vta5.csv,307,307,1.0,True,False,,,0,0.0,0.0,False,10.000000000000476,307,0.09999999999854481,0.10000000000582077,0.10000000000582077,0,0.0,VERIFIED_FROM_FILE,no GNSS gaps at or above the minimum duration threshold
VTA6,vehicle,Synchronised V abd S datasets/Uncategorised IOVNB Dataset/V-Dataset/V-vta6.csv,1376,1376,1.0,True,False,,,0,0.0,0.0,False,10.0,1376,0.09999999999854481,0.10000000000582077,0.10000000000582077,0,0.0,VERIFIED_FROM_FILE,no GNSS gaps at or above the minimum duration threshold
VTA7,vehicle,Synchronised V abd S datasets/Uncategorised IOVNB Dataset/V-Dataset/V-vta7.csv,840,840,1.0,True,False,,,0,0.0,0.0,False,9.999999999999826,840,0.09999999999854481,0.10000000000582077,0.10000000000582077,0,0.0,VERIFIED_FROM_FILE,no GNSS gaps at or above the minimum duration threshold
VTA8,vehicle,Synchronised V abd S datasets/Uncategorised IOVNB Dataset/V-Dataset/V-vta8.csv,3676,3676,1.0,True,False,,,0,0.0,0.0,False,9.034013605442176,3321,0.09999999999854481,0.10000000000582077,1.7999999999956344,0,0.0,VERIFIED_FROM_FILE,no GNSS gaps at or above the minimum duration threshold
VTA9,vehicle,Synchronised V abd S datasets/Uncategorised IOVNB Dataset/V-Dataset/V-vta9.csv,156,156,1.0,True,False,,,0,0.0,0.0,False,10.0,156,0.09999999999854481,0.10000000000582077,0.10000000000582077,0,0.0,VERIFIED_FROM_FILE,no GNSS gaps at or above the minimum duration threshold
VTB1,vehicle,Synchronised V abd S datasets/Uncategorised IOVNB Dataset/V-Dataset/V-vtb1.csv,32459,32459,1.0,True,False,,,0,0.0,0.0,False,9.791730852178212,31783,0.09999999999854481,0.10000000000582077,1.2999999999956344,0,0.0,VERIFIED_FROM_FILE,no GNSS gaps at or above the minimum duration threshold
VTB10,vehicle,Synchronised V abd S datasets/Uncategorised IOVNB Dataset/V-Dataset/V-vtb10.csv,195,195,1.0,True,False,,,0,0.0,0.0,False,9.999999999995499,195,0.10000000000582077,0.10000000000582077,0.10000000000582077,0,0.0,VERIFIED_FROM_FILE,no GNSS gaps at or above the minimum duration threshold
VTB11,vehicle,Synchronised V abd S datasets/Uncategorised IOVNB Dataset/V-Dataset/V-vtb11.csv,361,361,1.0,True,False,,,0,0.0,0.0,False,10.0,361,0.10000000000582077,0.10000000000582077,0.10000000000582077,0,0.0,VERIFIED_FROM_FILE,no GNSS gaps at or above the minimum duration threshold
VTB12,vehicle,Synchronised V abd S datasets/Uncategorised IOVNB Dataset/V-Dataset/V-vtb12.csv,447,447,1.0,True,False,,,0,0.0,0.0,False,10.000000000001958,447,0.10000000000582077,0.10000000000582077,0.10000000000582077,0,0.0,VERIFIED_FROM_FILE,no GNSS gaps at or above the minimum duration threshold
VTB2,vehicle,Synchronised V abd S datasets/Uncategorised IOVNB Dataset/V-Dataset/V-vtb2.csv,5712,5712,1.0,True,False,,,0,0.0,0.0,False,9.231308002101231,5273,0.09999999999854481,0.10000000000582077,1.7000000000043656,0,0.0,VERIFIED_FROM_FILE,no GNSS gaps at or above the minimum duration threshold
VTB3,vehicle,Synchronised V abd S datasets/Uncategorised IOVNB Dataset/V-Dataset/V-vtb3.csv,8240,8240,1.0,True,False,,,0,0.0,0.0,False,8.19152809807014,6750,0.09999999999854481,0.10000000000582077,1.3000000000029104,0,0.0,VERIFIED_FROM_FILE,no GNSS gaps at or above the minimum duration threshold
VTB4,vehicle,Synchronised V abd S datasets/Uncategorised IOVNB Dataset/V-Dataset/V-vtb4.csv,556,556,1.0,True,False,,,0,0.0,0.0,False,9.476534296029877,526,0.09999999999854481,0.10000000000582077,0.5999999999985448,0,0.0,VERIFIED_FROM_FILE,no GNSS gaps at or above the minimum duration threshold
VTB5,vehicle,Synchronised V abd S datasets/Uncategorised IOVNB Dataset/V-Dataset/V-vtb5.csv,64388,64388,1.0,True,False,,,0,0.0,0.0,False,9.92467423548231,63903,0.09999999999854481,0.10000000000582077,1.3000000000029104,0,0.0,VERIFIED_FROM_FILE,no GNSS gaps at or above the minimum duration threshold
VTB6,vehicle,Synchronised V abd S datasets/Uncategorised IOVNB Dataset/V-Dataset/V-vtb6.csv,498,498,1.0,True,False,,,0,0.0,0.0,False,9.999999999997657,498,0.10000000000582077,0.10000000000582077,0.10000000000582077,0,0.0,VERIFIED_FROM_FILE,no GNSS gaps at or above the minimum duration threshold
VTB7,vehicle,Synchronised V abd S datasets/Uncategorised IOVNB Dataset/V-Dataset/V-vtb7.csv,461,461,1.0,True,False,,,0,0.0,0.0,False,10.0,461,0.10000000000582077,0.10000000000582077,0.10000000000582077,0,0.0,VERIFIED_FROM_FILE,no GNSS gaps at or above the minimum duration threshold
VTB8,vehicle,Synchronised V abd S datasets/Uncategorised IOVNB Dataset/V-Dataset/V-vtb8.csv,668,668,1.0,True,False,,,0,0.0,0.0,False,10.000000000000437,668,0.10000000000582077,0.10000000000582077,0.10000000000582077,0,0.0,VERIFIED_FROM_FILE,no GNSS gaps at or above the minimum duration threshold
VTB9,vehicle,Synchronised V abd S datasets/Uncategorised IOVNB Dataset/V-Dataset/V-vtb9.csv,452,452,1.0,True,False,,,0,0.0,0.0,False,9.999999999998709,452,0.10000000000582077,0.10000000000582077,0.10000000000582077,0,0.0,VERIFIED_FROM_FILE,no GNSS gaps at or above the minimum duration threshold
VW1,vehicle,Synchronised V abd S datasets/Uncategorised IOVNB Dataset/V-Dataset/V-Vw1.csv,20475,20475,1.0,True,False,,,0,0.0,0.0,False,2.583764774836376,5291,0.2999999999956344,0.8000000000029104,6.30000000000291,0,0.0,VERIFIED_FROM_FILE,no GNSS gaps at or above the minimum duration threshold
VW10,vehicle,Synchronised V abd S datasets/Uncategorised IOVNB Dataset/V-Dataset/V-Vw10.csv,652,652,1.0,True,False,,,0,0.0,0.0,False,10.000000000000224,652,0.09999999999854481,0.10000000000582077,0.10000000000582077,0,0.0,VERIFIED_FROM_FILE,no GNSS gaps at or above the minimum duration threshold
VW11,vehicle,Synchronised V abd S datasets/Uncategorised IOVNB Dataset/V-Dataset/V-Vw11.csv,4909,4909,1.0,True,False,,,0,0.0,0.0,False,9.207416462917632,4520,0.09999999999854481,0.10000000000582077,1.1999999999970896,0,0.0,VERIFIED_FROM_FILE,no GNSS gaps at or above the minimum duration threshold
VW12,vehicle,Synchronised V abd S datasets/Uncategorised IOVNB Dataset/V-Dataset/V-Vw12.csv,918,918,1.0,True,False,,,0,0.0,0.0,False,9.999999999999524,918,0.09999999999854481,0.10000000000582077,0.10000000000582077,0,0.0,VERIFIED_FROM_FILE,no GNSS gaps at or above the minimum duration threshold
VW13,vehicle,Synchronised V abd S datasets/Uncategorised IOVNB Dataset/V-Dataset/V-Vw13.csv,284,284,1.0,True,False,,,0,0.0,0.0,False,9.999999999998971,284,0.09999999999854481,0.10000000000582077,0.10000000000582077,0,0.0,VERIFIED_FROM_FILE,no GNSS gaps at or above the minimum duration threshold
VW14A,vehicle,Synchronised V abd S datasets/Uncategorised IOVNB Dataset/V-Dataset/V-Vw14a.csv,3138,3138,1.0,True,False,,,0,0.0,0.0,False,9.999999999999861,3138,0.09999999999854481,0.10000000000582077,0.10000000000582077,0,0.0,VERIFIED_FROM_FILE,no GNSS gaps at or above the minimum duration threshold
VW14B,vehicle,Synchronised V abd S datasets/Uncategorised IOVNB Dataset/V-Dataset/V-Vw14b.csv,19588,19588,1.0,True,False,,,0,0.0,0.0,False,9.999999999999977,19588,0.09999999999854481,0.10000000000582077,0.10099999999511056,0,0.0,VERIFIED_FROM_FILE,no GNSS gaps at or above the minimum duration threshold
VW14C,vehicle,Synchronised V abd S datasets/Uncategorised IOVNB Dataset/V-Dataset/V-Vw14c.csv,15826,15826,1.0,True,False,,,0,0.0,0.0,False,9.421132457027293,14909,0.09999999999854481,0.10000000000582077,1.9000000000014552,0,0.0,VERIFIED_FROM_FILE,no GNSS gaps at or above the minimum duration threshold
VW15,vehicle,Synchronised V abd S datasets/Uncategorised IOVNB Dataset/V-Dataset/V-Vw15.csv,1391,1391,1.0,True,False,,,0,0.0,0.0,False,6.410071942446043,892,0.09999999999854481,0.2999999999956344,2.599999999998545,0,0.0,VERIFIED_FROM_FILE,no GNSS gaps at or above the minimum duration threshold
VW16A,vehicle,Synchronised V abd S datasets/Uncategorised IOVNB Dataset/V-Dataset/V-Vw16a.csv,5879,5879,1.0,True,False,,,0,0.0,0.0,False,9.744811160258664,5729,0.09999999999854481,0.10000000000582077,0.7999999999956344,0,0.0,VERIFIED_FROM_FILE,no GNSS gaps at or above the minimum duration threshold
VW16B,vehicle,Synchronised V abd S datasets/Uncategorised IOVNB Dataset/V-Dataset/V-Vw16b.csv,1126,1126,1.0,True,False,,,0,0.0,0.0,False,10.0,1126,0.09999999999854481,0.10000000000582077,0.10000000000582077,0,0.0,VERIFIED_FROM_FILE,no GNSS gaps at or above the minimum duration threshold
VW17,vehicle,Synchronised V abd S datasets/Uncategorised IOVNB Dataset/V-Dataset/V-Vw17.csv,329,329,1.0,True,False,,,0,0.0,0.0,False,9.999999999999112,329,0.09999999999854481,0.10000000000582077,0.10000000000582077,0,0.0,VERIFIED_FROM_FILE,no GNSS gaps at or above the minimum duration threshold
VW2,vehicle,Synchronised V abd S datasets/Uncategorised IOVNB Dataset/V-Dataset/V-Vw2.csv,52712,52712,1.0,True,False,,,0,0.0,0.0,False,9.772533247329783,51513,0.09999999999854481,0.10000000000582077,1.8999999999941792,0,0.0,VERIFIED_FROM_FILE,no GNSS gaps at or above the minimum duration threshold
VW3,vehicle,Synchronised V abd S datasets/Uncategorised IOVNB Dataset/V-Dataset/V-Vw3.csv,3861,3861,1.0,True,False,,,0,0.0,0.0,False,9.987046632124352,3856,0.09999999999854481,0.10000000000582077,0.3000000000029104,0,0.0,VERIFIED_FROM_FILE,no GNSS gaps at or above the minimum duration threshold
VW4,vehicle,Synchronised V abd S datasets/Uncategorised IOVNB Dataset/V-Dataset/V-Vw4.csv,126527,126527,1.0,True,False,,,0,0.0,0.0,False,9.781783981158018,123766,0.09999999999854481,0.10000000000582077,2.0,0,0.0,VERIFIED_FROM_FILE,no GNSS gaps at or above the minimum duration threshold
VW5,vehicle,Synchronised V abd S datasets/Uncategorised IOVNB Dataset/V-Dataset/V-Vw5.csv,1012,1012,1.0,True,False,,,0,0.0,0.0,False,9.881305637982338,1000,0.09999999999854481,0.10000000000582077,0.3000000000029104,0,0.0,VERIFIED_FROM_FILE,no GNSS gaps at or above the minimum duration threshold
VW6,vehicle,Synchronised V abd S datasets/Uncategorised IOVNB Dataset/V-Dataset/V-Vw6.csv,1281,1281,1.0,True,False,,,0,0.0,0.0,False,10.0,1281,0.09999999999854481,0.10000000000582077,0.10000000000582077,0,0.0,VERIFIED_FROM_FILE,no GNSS gaps at or above the minimum duration threshold
VW7,vehicle,Synchronised V abd S datasets/Uncategorised IOVNB Dataset/V-Dataset/V-Vw7.csv,1602,1602,1.0,True,False,,,0,0.0,0.0,False,9.993753903810209,1601,0.09999999999854481,0.10000000000582077,0.19999999999708962,0,0.0,VERIFIED_FROM_FILE,no GNSS gaps at or above the minimum duration threshold
VW8,vehicle,Synchronised V abd S datasets/Uncategorised IOVNB Dataset/V-Dataset/V-Vw8.csv,1529,1529,1.0,True,False,,,0,0.0,0.0,False,9.954188481675203,1522,0.09999999999854481,0.10000000000582077,0.5,0,0.0,VERIFIED_FROM_FILE,no GNSS gaps at or above the minimum duration threshold
VW9,vehicle,Synchronised V abd S datasets/Uncategorised IOVNB Dataset/V-Dataset/V-Vw9.csv,553,553,1.0,True,False,,,0,0.0,0.0,False,10.000000000000528,553,0.09999999999854481,0.10000000000582077,0.10000000000582077,0,0.0,VERIFIED_FROM_FILE,no GNSS gaps at or above the minimum duration threshold
Y1,vehicle,Synchronised V abd S datasets/Uncategorised IOVNB Dataset/V-Dataset/V-Y1.csv,70285,70285,1.0,True,False,,,0,0.0,0.0,False,8.857802473000474,67912,0.09999999999854481,0.10000000000582077,384.6000000000058,2,384.6000000000058,VERIFIED_FROM_FILE,no GNSS gaps at or above the minimum duration threshold
M,vehicle,Unsynchronised V and S Dataset/Categorised IOVNB (V) Dataset/V Dataset/M (Driver B)/V-M.csv,105995,105995,1.0,True,False,,,0,0.0,0.0,False,9.584591289908674,101590,0.09999999999854481,0.10000000000582077,2.6000000000058208,0,0.0,VERIFIED_FROM_FILE,no GNSS gaps at or above the minimum duration threshold
S1,vehicle,Unsynchronised V and S Dataset/Categorised IOVNB (V) Dataset/V Dataset/S (Driver A)/S1/V-S1.csv,51790,51790,1.0,True,False,,,0,0.0,0.0,False,9.563412373522818,49528,0.09999999999854481,0.10000000000582077,2.0,0,0.0,VERIFIED_FROM_FILE,no GNSS gaps at or above the minimum duration threshold
S2,vehicle,Unsynchronised V and S Dataset/Categorised IOVNB (V) Dataset/V Dataset/S (Driver A)/S2/V-S2.csv,93900,93900,1.0,True,False,,,0,0.0,0.0,False,9.545246386998523,89628,0.09999999999854481,0.10000000000582077,2.8999999999941792,0,0.0,VERIFIED_FROM_FILE,no GNSS gaps at or above the minimum duration threshold
S3A,vehicle,Unsynchronised V and S Dataset/Categorised IOVNB (V) Dataset/V Dataset/S (Driver A)/S3a/V-S3a.csv,24660,24660,1.0,True,False,,,0,0.0,0.0,False,9.615150654933256,23711,0.10000000000582077,0.10000000000582077,1.5,0,0.0,VERIFIED_FROM_FILE,no GNSS gaps at or above the minimum duration threshold
S3B,vehicle,Unsynchronised V and S Dataset/Categorised IOVNB (V) Dataset/V Dataset/S (Driver A)/S3b/V-S3b.csv,6840,6840,1.0,True,False,,,0,0.0,0.0,False,9.656382512063043,6605,0.10000000000582077,0.10000000000582077,0.5,0,0.0,VERIFIED_FROM_FILE,no GNSS gaps at or above the minimum duration threshold
S3C,vehicle,Unsynchronised V and S Dataset/Categorised IOVNB (V) Dataset/V Dataset/S (Driver A)/S3c/V-S3c.csv,37220,37220,1.0,True,False,,,0,0.0,0.0,False,9.74717214326014,36279,0.10000000000582077,0.10000000000582077,10.80000000000291,0,0.0,VERIFIED_FROM_FILE,no GNSS gaps at or above the minimum duration threshold
S4,vehicle,Unsynchronised V and S Dataset/Categorised IOVNB (V) Dataset/V Dataset/S (Driver A)/S4/V-S4.csv,97824,97824,1.0,True,False,,,0,0.0,0.0,False,9.232585716914398,90316,0.09999999999854481,0.10000000000582077,2.1000000000058208,0,0.0,VERIFIED_FROM_FILE,no GNSS gaps at or above the minimum duration threshold
ST1,vehicle,Unsynchronised V and S Dataset/Categorised IOVNB (V) Dataset/V Dataset/St (Driver C)/St1/V-St1.csv,57213,57213,1.0,True,False,,,0,0.0,0.0,False,9.822589666503536,56198,0.09999999999854481,0.10000000000582077,2.900000000001455,0,0.0,VERIFIED_FROM_FILE,no GNSS gaps at or above the minimum duration threshold
ST4,vehicle,Unsynchronised V and S Dataset/Categorised IOVNB (V) Dataset/V Dataset/St (Driver C)/St4/V-St4.csv,13591,13591,1.0,True,False,,,0,0.0,0.0,False,9.997792494481237,13588,0.09999999999854481,0.10000000000582077,0.20000000000436557,0,0.0,VERIFIED_FROM_FILE,no GNSS gaps at or above the minimum duration threshold
ST6,vehicle,Unsynchronised V and S Dataset/Categorised IOVNB (V) Dataset/V Dataset/St (Driver C)/St6/V-St6.csv,51360,51360,1.0,True,False,,,0,0.0,0.0,False,9.90751377557974,50885,0.09999999999854481,0.10000000000582077,1.2000000000043656,0,0.0,VERIFIED_FROM_FILE,no GNSS gaps at or above the minimum duration threshold
ST7,vehicle,Unsynchronised V and S Dataset/Categorised IOVNB (V) Dataset/V Dataset/St (Driver C)/St7/V-St7.csv,44427,44427,1.0,True,False,,,0,0.0,0.0,False,9.615717231744895,43365,0.09999999999854481,0.10000000000582077,5.100000000005821,0,0.0,VERIFIED_FROM_FILE,no GNSS gaps at or above the minimum duration threshold
VFA01,vehicle,Unsynchronised V and S Dataset/Categorised IOVNB (V) Dataset/V Dataset/Vf (Driver E)/V-Vfa01/V-Vfa01.csv,11535,11535,1.0,True,False,,,0,0.0,0.0,False,9.736431420149112,11231,0.09999999999854481,0.10000000000582077,1.6999999999970896,0,0.0,VERIFIED_FROM_FILE,no GNSS gaps at or above the minimum duration threshold
VFA02,vehicle,Unsynchronised V and S Dataset/Categorised IOVNB (V) Dataset/V Dataset/Vf (Driver E)/V-Vfa02/V-Vfa02.csv,67755,67755,1.0,True,False,,,0,0.0,0.0,False,9.952622723381642,67434,0.09999999999854481,0.10000000000582077,0.9000000000014552,0,0.0,VERIFIED_FROM_FILE,no GNSS gaps at or above the minimum duration threshold
VFB01A,vehicle,Unsynchronised V and S Dataset/Categorised IOVNB (V) Dataset/V Dataset/Vf (Driver E)/V-Vfb01a/V-Vfb01a.csv,17000,17000,1.0,True,False,,,0,0.0,0.0,False,9.267015706806275,15754,0.09999999999854481,0.10000000000582077,3.6000000000058208,0,0.0,VERIFIED_FROM_FILE,no GNSS gaps at or above the minimum duration threshold
VFB01B,vehicle,Unsynchronised V and S Dataset/Categorised IOVNB (V) Dataset/V Dataset/Vf (Driver E)/V-Vfb01b/V-Vfb01b.csv,3880,3880,1.0,True,False,,,0,0.0,0.0,False,9.912348543438993,3846,0.09999999999854481,0.10000000000582077,0.7000000000043656,0,0.0,VERIFIED_FROM_FILE,no GNSS gaps at or above the minimum duration threshold
VFB01C,vehicle,Unsynchronised V and S Dataset/Categorised IOVNB (V) Dataset/V Dataset/Vf (Driver E)/V-Vfb01c/V-Vfb01c.csv,6320,6320,1.0,True,False,,,0,0.0,0.0,False,9.996834942237673,6318,0.09999999999854481,0.10000000000582077,0.20000000000436557,0,0.0,VERIFIED_FROM_FILE,no GNSS gaps at or above the minimum duration threshold
VFB01D,vehicle,Unsynchronised V and S Dataset/Categorised IOVNB (V) Dataset/V Dataset/Vf (Driver E)/V-Vfb01d/V-Vfb01d.csv,10713,10713,1.0,True,False,,,0,0.0,0.0,False,8.702389843166507,9323,0.09999999999854481,0.10000000000582077,1.1999999999970896,0,0.0,VERIFIED_FROM_FILE,no GNSS gaps at or above the minimum duration threshold
VFB02A,vehicle,Unsynchronised V and S Dataset/Categorised IOVNB (V) Dataset/V Dataset/Vf (Driver E)/V-Vfb02a/V-Vfb02a.csv,35960,35960,1.0,True,False,,,0,0.0,0.0,False,9.994716204566307,35941,0.10000000000582077,0.10000000000582077,0.4000000000014552,0,0.0,VERIFIED_FROM_FILE,no GNSS gaps at or above the minimum duration threshold
VFB02B,vehicle,Unsynchronised V and S Dataset/Categorised IOVNB (V) Dataset/V Dataset/Vf (Driver E)/V-Vfb02b/V-Vfb02b.csv,11000,11000,1.0,True,False,,,0,0.0,0.0,False,9.616328757159666,10578,0.10000000000582077,0.10000000000582077,1.8999999999941792,0,0.0,VERIFIED_FROM_FILE,no GNSS gaps at or above the minimum duration threshold
VFB02C,vehicle,Unsynchronised V and S Dataset/Categorised IOVNB (V) Dataset/V Dataset/Vf (Driver E)/V-Vfb02c/V-Vfb02c.csv,640,640,1.0,True,False,,,0,0.0,0.0,False,9.999999999998634,640,0.10000000000582077,0.10000000000582077,0.10000000000582077,0,0.0,VERIFIED_FROM_FILE,no GNSS gaps at or above the minimum duration threshold
VFB02D,vehicle,Unsynchronised V and S Dataset/Categorised IOVNB (V) Dataset/V Dataset/Vf (Driver E)/V-Vfb02d/V-Vfb02d.csv,880,880,1.0,True,False,,,0,0.0,0.0,False,9.852104664390374,867,0.10000000000582077,0.10000000000582077,0.5999999999912689,0,0.0,VERIFIED_FROM_FILE,no GNSS gaps at or above the minimum duration threshold
VFB02E,vehicle,Unsynchronised V and S Dataset/Categorised IOVNB (V) Dataset/V Dataset/Vf (Driver E)/V-Vfb02e/V-Vfb02e.csv,980,980,1.0,True,False,,,0,0.0,0.0,False,9.999999999999108,980,0.10000000000582077,0.10000000000582077,0.10000000000582077,0,0.0,VERIFIED_FROM_FILE,no GNSS gaps at or above the minimum duration threshold
VFB02F,vehicle,Unsynchronised V and S Dataset/Categorised IOVNB (V) Dataset/V Dataset/Vf (Driver E)/V-Vfb02f/V-Vfb02f.csv,660,660,1.0,True,False,,,0,0.0,0.0,False,9.999999999998675,660,0.10000000000582077,0.10000000000582077,0.10000000000582077,0,0.0,VERIFIED_FROM_FILE,no GNSS gaps at or above the minimum duration threshold
VFB02G,vehicle,Unsynchronised V and S Dataset/Categorised IOVNB (V) Dataset/V Dataset/Vf (Driver E)/V-Vfb02g/V-Vfb02g.csv,27159,27159,1.0,True,False,,,0,0.0,0.0,False,9.995949628102206,27148,0.10000000000582077,0.10000000000582077,0.3000000000029104,0,0.0,VERIFIED_FROM_FILE,no GNSS gaps at or above the minimum duration threshold
VTA1A,vehicle,Unsynchronised V and S Dataset/Categorised IOVNB (V) Dataset/V Dataset/Vta (Driver E)/Vta01a/V-Vta1a.csv,25821,25821,1.0,True,False,,,0,0.0,0.0,False,9.972889233152594,25751,0.09999999999854481,0.10000000000582077,1.0,0,0.0,VERIFIED_FROM_FILE,no GNSS gaps at or above the minimum duration threshold
VTA1B,vehicle,Unsynchronised V and S Dataset/Categorised IOVNB (V) Dataset/V Dataset/Vta (Driver E)/Vta01b/V-Vta1b.csv,956,956,1.0,True,False,,,0,0.0,0.0,False,10.0,956,0.09999999999854481,0.10000000000582077,0.10000000000582077,0,0.0,VERIFIED_FROM_FILE,no GNSS gaps at or above the minimum duration threshold
VTA2,vehicle,Unsynchronised V and S Dataset/Categorised IOVNB (V) Dataset/V Dataset/Vta (Driver E)/Vta02/V-Vta2.csv,10995,10995,1.0,True,False,,,0,0.0,0.0,False,9.834455157358546,10813,0.09999999999854481,0.10000000000582077,1.1999999999970896,0,0.0,VERIFIED_FROM_FILE,no GNSS gaps at or above the minimum duration threshold
VTA3,vehicle,Unsynchronised V and S Dataset/Categorised IOVNB (V) Dataset/V Dataset/Vta (Driver E)/Vta03/V-Vta3.csv,875,875,1.0,True,False,,,0,0.0,0.0,False,9.393592677345382,822,0.09999999999854481,0.10000000000582077,0.4000000000014552,0,0.0,VERIFIED_FROM_FILE,no GNSS gaps at or above the minimum duration threshold
VTA4,vehicle,Unsynchronised V and S Dataset/Categorised IOVNB (V) Dataset/V Dataset/Vta (Driver E)/Vta04/V-Vta4.csv,1809,1809,1.0,True,False,,,0,0.0,0.0,False,10.000000000000242,1809,0.09999999999854481,0.10000000000582077,0.10000000000582077,0,0.0,VERIFIED_FROM_FILE,no GNSS gaps at or above the minimum duration threshold
VTA5,vehicle,Unsynchronised V and S Dataset/Categorised IOVNB (V) Dataset/V Dataset/Vta (Driver E)/Vta05/V-Vta5.csv,357,357,1.0,True,False,,,0,0.0,0.0,False,9.999999999998366,357,0.09999999999854481,0.10000000000582077,0.10000000000582077,0,0.0,VERIFIED_FROM_FILE,no GNSS gaps at or above the minimum duration threshold
VTA6,vehicle,Unsynchronised V and S Dataset/Categorised IOVNB (V) Dataset/V Dataset/Vta (Driver E)/Vta06/V-Vta6.csv,1393,1393,1.0,True,False,,,0,0.0,0.0,False,9.999999999999686,1393,0.09999999999854481,0.10000000000582077,0.10000000000582077,0,0.0,VERIFIED_FROM_FILE,no GNSS gaps at or above the minimum duration threshold
VTA7,vehicle,Unsynchronised V and S Dataset/Categorised IOVNB (V) Dataset/V Dataset/Vta (Driver E)/Vta07/V-Vta7.csv,857,857,1.0,True,False,,,0,0.0,0.0,False,10.00000000000017,857,0.09999999999854481,0.10000000000582077,0.10000000000582077,0,0.0,VERIFIED_FROM_FILE,no GNSS gaps at or above the minimum duration threshold
VTA8,vehicle,Unsynchronised V and S Dataset/Categorised IOVNB (V) Dataset/V Dataset/Vta (Driver E)/Vta08/V-Vta8.csv,3697,3697,1.0,True,False,,,0,0.0,0.0,False,9.039502164502201,3342,0.09999999999854481,0.10000000000582077,1.7999999999956344,0,0.0,VERIFIED_FROM_FILE,no GNSS gaps at or above the minimum duration threshold
VTA9,vehicle,Unsynchronised V and S Dataset/Categorised IOVNB (V) Dataset/V Dataset/Vta (Driver E)/Vta09/V-Vta9.csv,226,226,1.0,True,False,,,0,0.0,0.0,False,10.0,226,0.09999999999854481,0.10000000000582077,0.10000000000582077,0,0.0,VERIFIED_FROM_FILE,no GNSS gaps at or above the minimum duration threshold
VTA10,vehicle,Unsynchronised V and S Dataset/Categorised IOVNB (V) Dataset/V Dataset/Vta (Driver E)/Vta10/V-Vta10.csv,1570,1570,1.0,True,False,,,0,0.0,0.0,False,9.999999999999908,1570,0.09999999999854481,0.10000000000582077,0.10000000000582077,0,0.0,VERIFIED_FROM_FILE,no GNSS gaps at or above the minimum duration threshold
VTA11,vehicle,Unsynchronised V and S Dataset/Categorised IOVNB (V) Dataset/V Dataset/Vta (Driver E)/Vta11/V-Vta11.csv,589,589,1.0,True,False,,,0,0.0,0.0,False,9.999999999999504,589,0.09999999999854481,0.10000000000582077,0.10000000000582077,0,0.0,VERIFIED_FROM_FILE,no GNSS gaps at or above the minimum duration threshold
VTA12,vehicle,Unsynchronised V and S Dataset/Categorised IOVNB (V) Dataset/V Dataset/Vta (Driver E)/Vta12/V-Vta12.csv,690,690,1.0,True,False,,,0,0.0,0.0,False,9.999999999999789,690,0.09999999999854481,0.10000000000582077,0.10000000000582077,0,0.0,VERIFIED_FROM_FILE,no GNSS gaps at or above the minimum duration threshold
VTA13,vehicle,Unsynchronised V and S Dataset/Categorised IOVNB (V) Dataset/V Dataset/Vta (Driver E)/Vta13/V-Vta13.csv,473,473,1.0,True,False,,,0,0.0,0.0,False,9.999999999999075,473,0.09999999999854481,0.10000000000582077,0.10000000000582077,0,0.0,VERIFIED_FROM_FILE,no GNSS gaps at or above the minimum duration threshold
VTA14,vehicle,Unsynchronised V and S Dataset/Categorised IOVNB (V) Dataset/V Dataset/Vta (Driver E)/Vta14/V-Vta14.csv,2893,2893,1.0,True,False,,,0,0.0,0.0,False,9.999999999999849,2893,0.09999999999854481,0.10000000000582077,0.10000000000582077,0,0.0,VERIFIED_FROM_FILE,no GNSS gaps at or above the minimum duration threshold
VTA15,vehicle,Unsynchronised V and S Dataset/Categorised IOVNB (V) Dataset/V Dataset/Vta (Driver E)/Vta15/V-Vta15.csv,869,869,1.0,True,False,,,0,0.0,0.0,False,10.000000000000503,869,0.09999999999854481,0.10000000000582077,0.10000000000582077,0,0.0,VERIFIED_FROM_FILE,no GNSS gaps at or above the minimum duration threshold
VTA16,vehicle,Unsynchronised V and S Dataset/Categorised IOVNB (V) Dataset/V Dataset/Vta (Driver E)/Vta16/V-Vta16.csv,11361,11361,1.0,True,False,,,0,0.0,0.0,False,9.919014084507042,11269,0.09999999999854481,0.10000000000582077,0.4000000000014552,0,0.0,VERIFIED_FROM_FILE,no GNSS gaps at or above the minimum duration threshold
VTA17,vehicle,Unsynchronised V and S Dataset/Categorised IOVNB (V) Dataset/V Dataset/Vta (Driver E)/Vta17/V-Vta17.csv,4594,4594,1.0,True,False,,,0,0.0,0.0,False,9.856303069888899,4528,0.09999999999854481,0.10000000000582077,0.5,0,0.0,VERIFIED_FROM_FILE,no GNSS gaps at or above the minimum duration threshold
VTA19,vehicle,Unsynchronised V and S Dataset/Categorised IOVNB (V) Dataset/V Dataset/Vta (Driver E)/Vta19/V-Vta19.csv,310,310,1.0,True,False,,,0,0.0,0.0,False,9.546925566342592,296,0.09999999999854481,0.10000000000582077,0.20000000000436557,0,0.0,VERIFIED_FROM_FILE,no GNSS gaps at or above the minimum duration threshold
VTA20,vehicle,Unsynchronised V and S Dataset/Categorised IOVNB (V) Dataset/V Dataset/Vta (Driver E)/Vta20/V-Vta20.csv,3223,3223,1.0,True,False,,,0,0.0,0.0,False,5.859714463066472,1889,0.09999999999854481,0.3000000000029104,1.4000000000014552,0,0.0,VERIFIED_FROM_FILE,no GNSS gaps at or above the minimum duration threshold
VTA21,vehicle,Unsynchronised V and S Dataset/Categorised IOVNB (V) Dataset/V Dataset/Vta (Driver E)/Vta21/V-Vta21.csv,2088,2088,1.0,True,False,,,0,0.0,0.0,False,9.966459032103637,2081,0.09999999999854481,0.10000000000582077,0.3000000000029104,0,0.0,VERIFIED_FROM_FILE,no GNSS gaps at or above the minimum duration threshold
VTA22,vehicle,Unsynchronised V and S Dataset/Categorised IOVNB (V) Dataset/V Dataset/Vta (Driver E)/Vta22/V-Vta22.csv,1572,1572,1.0,True,False,,,0,0.0,0.0,False,10.000000000000092,1572,0.09999999999854481,0.10000000000582077,0.10000000000582077,0,0.0,VERIFIED_FROM_FILE,no GNSS gaps at or above the minimum duration threshold
VTA23,vehicle,Unsynchronised V and S Dataset/Categorised IOVNB (V) Dataset/V Dataset/Vta (Driver E)/Vta23/V-Vta23.csv,1119,1119,1.0,True,False,,,0,0.0,0.0,False,9.946332737030799,1113,0.09999999999854481,0.10000000000582077,0.5999999999985448,0,0.0,VERIFIED_FROM_FILE,no GNSS gaps at or above the minimum duration threshold
VTA24,vehicle,Unsynchronised V and S Dataset/Categorised IOVNB (V) Dataset/V Dataset/Vta (Driver E)/Vta24/V-Vta24.csv,1184,1184,1.0,True,False,,,0,0.0,0.0,False,9.535080304310839,1129,0.09999999999854481,0.10000000000582077,0.3000000000029104,0,0.0,VERIFIED_FROM_FILE,no GNSS gaps at or above the minimum duration threshold
VTA25,vehicle,Unsynchronised V and S Dataset/Categorised IOVNB (V) Dataset/V Dataset/Vta (Driver E)/Vta25/V-Vta25.csv,646,646,1.0,True,False,,,0,0.0,0.0,False,8.356589147286822,540,0.09999999999854481,0.19999999999708962,1.0,0,0.0,VERIFIED_FROM_FILE,no GNSS gaps at or above the minimum duration threshold
VTA26,vehicle,Unsynchronised V and S Dataset/Categorised IOVNB (V) Dataset/V Dataset/Vta (Driver E)/Vta26/V-Vta26.csv,1947,1947,1.0,True,False,,,0,0.0,0.0,False,8.103802672148056,1578,0.09999999999854481,0.19999999999708962,1.2999999999956344,0,0.0,VERIFIED_FROM_FILE,no GNSS gaps at or above the minimum duration threshold
VTA27,vehicle,Unsynchronised V and S Dataset/Categorised IOVNB (V) Dataset/V Dataset/Vta (Driver E)/Vta27/V-Vta27.csv,2853,2853,1.0,True,False,,,0,0.0,0.0,False,8.969144460027913,2559,0.09999999999854481,0.10000000000582077,3.099999999998545,0,0.0,VERIFIED_FROM_FILE,no GNSS gaps at or above the minimum duration threshold
VTA28,vehicle,Unsynchronised V and S Dataset/Categorised IOVNB (V) Dataset/V Dataset/Vta (Driver E)/Vta28/V-Vta28.csv,4219,4219,1.0,True,False,,,0,0.0,0.0,False,9.871977240398225,4165,0.09999999999854481,0.10000000000582077,0.3000000000029104,0,0.0,VERIFIED_FROM_FILE,no GNSS gaps at or above the minimum duration threshold
VTA29,vehicle,Unsynchronised V and S Dataset/Categorised IOVNB (V) Dataset/V Dataset/Vta (Driver E)/Vta29/V-Vta29.csv,23737,23737,1.0,True,False,,,0,0.0,0.0,False,9.769969666329631,23191,0.09999999999854481,0.10000000000582077,1.0,0,0.0,VERIFIED_FROM_FILE,no GNSS gaps at or above the minimum duration threshold
VTA30,vehicle,Unsynchronised V and S Dataset/Categorised IOVNB (V) Dataset/V Dataset/Vta (Driver E)/Vta30/V-Vta30.csv,17179,17179,1.0,True,False,,,0,0.0,0.0,False,9.326967862133216,16021,0.09999999999854481,0.10000000000582077,1.2000000000043656,0,0.0,VERIFIED_FROM_FILE,no GNSS gaps at or above the minimum duration threshold
VTB1,vehicle,Unsynchronised V and S Dataset/Categorised IOVNB (V) Dataset/V Dataset/Vtb (Driver E)/Vtb01/V-Vtb1.csv,32459,32459,1.0,True,False,,,0,0.0,0.0,False,9.791730852178212,31783,0.09999999999854481,0.10000000000582077,1.2999999999956344,0,0.0,VERIFIED_FROM_FILE,no GNSS gaps at or above the minimum duration threshold
VTB2,vehicle,Unsynchronised V and S Dataset/Categorised IOVNB (V) Dataset/V Dataset/Vtb (Driver E)/Vtb02/V-Vtb2.csv,5712,5712,1.0,True,False,,,0,0.0,0.0,False,9.231308002101231,5273,0.09999999999854481,0.10000000000582077,1.7000000000043656,0,0.0,VERIFIED_FROM_FILE,no GNSS gaps at or above the minimum duration threshold
VTB3,vehicle,Unsynchronised V and S Dataset/Categorised IOVNB (V) Dataset/V Dataset/Vtb (Driver E)/Vtb03/V-Vtb3.csv,8289,8289,1.0,True,False,,,0,0.0,0.0,False,8.20222007722012,6799,0.09999999999854481,0.10000000000582077,1.3000000000029104,0,0.0,VERIFIED_FROM_FILE,no GNSS gaps at or above the minimum duration threshold
VTB4,vehicle,Unsynchronised V and S Dataset/Categorised IOVNB (V) Dataset/V Dataset/Vtb (Driver E)/Vtb04/V-Vtb4.csv,625,625,1.0,True,False,,,0,0.0,0.0,False,9.53376205787826,594,0.09999999999854481,0.10000000000582077,0.5999999999985448,0,0.0,VERIFIED_FROM_FILE,no GNSS gaps at or above the minimum duration threshold
VTB5,vehicle,Unsynchronised V and S Dataset/Categorised IOVNB (V) Dataset/V Dataset/Vtb (Driver E)/Vtb05/V-Vtb5.csv,64610,64610,1.0,True,False,,,0,0.0,0.0,False,9.90543113188566,63999,0.09999999999854481,0.10000000000582077,1.6999999999970896,0,0.0,VERIFIED_FROM_FILE,no GNSS gaps at or above the minimum duration threshold
VTB6,vehicle,Unsynchronised V and S Dataset/Categorised IOVNB (V) Dataset/V Dataset/Vtb (Driver E)/Vtb06/V-Vtb6.csv,508,508,1.0,True,False,,,0,0.0,0.0,False,10.000000000000574,508,0.10000000000582077,0.10000000000582077,0.10000000000582077,0,0.0,VERIFIED_FROM_FILE,no GNSS gaps at or above the minimum duration threshold
VTB7,vehicle,Unsynchronised V and S Dataset/Categorised IOVNB (V) Dataset/V Dataset/Vtb (Driver E)/Vtb07/V-Vtb7.csv,461,461,1.0,True,False,,,0,0.0,0.0,False,10.0,461,0.10000000000582077,0.10000000000582077,0.10000000000582077,0,0.0,VERIFIED_FROM_FILE,no GNSS gaps at or above the minimum duration threshold
VTB8,vehicle,Unsynchronised V and S Dataset/Categorised IOVNB (V) Dataset/V Dataset/Vtb (Driver E)/Vtb08/V-Vtb8.csv,699,699,1.0,True,False,,,0,0.0,0.0,False,9.999999999999583,699,0.10000000000582077,0.10000000000582077,0.10000000000582077,0,0.0,VERIFIED_FROM_FILE,no GNSS gaps at or above the minimum duration threshold
VTB9,vehicle,Unsynchronised V and S Dataset/Categorised IOVNB (V) Dataset/V Dataset/Vtb (Driver E)/Vtb09/V-Vtb9.csv,457,457,1.0,True,False,,,0,0.0,0.0,False,10.000000000001915,457,0.10000000000582077,0.10000000000582077,0.10000000000582077,0,0.0,VERIFIED_FROM_FILE,no GNSS gaps at or above the minimum duration threshold
VTB10,vehicle,Unsynchronised V and S Dataset/Categorised IOVNB (V) Dataset/V Dataset/Vtb (Driver E)/Vtb10/V-Vtb10.csv,195,195,1.0,True,False,,,0,0.0,0.0,False,9.999999999995499,195,0.10000000000582077,0.10000000000582077,0.10000000000582077,0,0.0,VERIFIED_FROM_FILE,no GNSS gaps at or above the minimum duration threshold
VTB11,vehicle,Unsynchronised V and S Dataset/Categorised IOVNB (V) Dataset/V Dataset/Vtb (Driver E)/Vtb11/V-Vtb11.csv,433,433,1.0,True,False,,,0,0.0,0.0,False,9.999999999997305,433,0.10000000000582077,0.10000000000582077,0.10000000000582077,0,0.0,VERIFIED_FROM_FILE,no GNSS gaps at or above the minimum duration threshold
VTB12,vehicle,Unsynchronised V and S Dataset/Categorised IOVNB (V) Dataset/V Dataset/Vtb (Driver E)/Vtb12/V-Vtb12.csv,490,490,1.0,True,False,,,0,0.0,0.0,False,9.999999999998215,490,0.10000000000582077,0.10000000000582077,0.10000000000582077,0,0.0,VERIFIED_FROM_FILE,no GNSS gaps at or above the minimum duration threshold
VTB13,vehicle,Unsynchronised V and S Dataset/Categorised IOVNB (V) Dataset/V Dataset/Vtb (Driver E)/Vtb13/V-Vtb13.csv,1245,1245,1.0,True,False,,,0,0.0,0.0,False,10.000000000000467,1245,0.10000000000582077,0.10000000000582077,0.10000000000582077,0,0.0,VERIFIED_FROM_FILE,no GNSS gaps at or above the minimum duration threshold
VW1,vehicle,Unsynchronised V and S Dataset/Categorised IOVNB (V) Dataset/V Dataset/Vw (Driver E)/Vw01/V-Vw1.csv,20475,20475,1.0,True,False,,,0,0.0,0.0,False,2.583764774836376,5291,0.2999999999956344,0.8000000000029104,6.30000000000291,0,0.0,VERIFIED_FROM_FILE,no GNSS gaps at or above the minimum duration threshold
VW2,vehicle,Unsynchronised V and S Dataset/Categorised IOVNB (V) Dataset/V Dataset/Vw (Driver E)/Vw02/V-Vw2.csv,52712,52712,1.0,True,False,,,0,0.0,0.0,False,9.772533247329783,51513,0.09999999999854481,0.10000000000582077,1.8999999999941792,0,0.0,VERIFIED_FROM_FILE,no GNSS gaps at or above the minimum duration threshold
VW3,vehicle,Unsynchronised V and S Dataset/Categorised IOVNB (V) Dataset/V Dataset/Vw (Driver E)/Vw03/V-Vw3.csv,3941,3941,1.0,True,False,,,0,0.0,0.0,False,9.98730964467005,3936,0.09999999999854481,0.10000000000582077,0.3000000000029104,0,0.0,VERIFIED_FROM_FILE,no GNSS gaps at or above the minimum duration threshold
VW4,vehicle,Unsynchronised V and S Dataset/Categorised IOVNB (V) Dataset/V Dataset/Vw (Driver E)/Vw04/V-Vw4.csv,126573,126573,1.0,True,False,,,0,0.0,0.0,False,9.781626268052962,123809,0.09999999999854481,0.10000000000582077,2.0,0,0.0,VERIFIED_FROM_FILE,no GNSS gaps at or above the minimum duration threshold
VW5,vehicle,Unsynchronised V and S Dataset/Categorised IOVNB (V) Dataset/V Dataset/Vw (Driver E)/Vw05/V-Vw5.csv,1050,1050,1.0,True,False,,,0,0.0,0.0,False,9.885605338417403,1038,0.09999999999854481,0.10000000000582077,0.3000000000029104,0,0.0,VERIFIED_FROM_FILE,no GNSS gaps at or above the minimum duration threshold
VW6,vehicle,Unsynchronised V and S Dataset/Categorised IOVNB (V) Dataset/V Dataset/Vw (Driver E)/Vw06/V-Vw6.csv,1288,1288,1.0,True,False,,,0,0.0,0.0,False,9.99999999999966,1288,0.09999999999854481,0.10000000000582077,0.10000000000582077,0,0.0,VERIFIED_FROM_FILE,no GNSS gaps at or above the minimum duration threshold
VW7,vehicle,Unsynchronised V and S Dataset/Categorised IOVNB (V) Dataset/V Dataset/Vw (Driver E)/Vw07/V-Vw7.csv,1689,1689,1.0,True,False,,,0,0.0,0.0,False,9.994075829383714,1688,0.09999999999854481,0.10000000000582077,0.19999999999708962,0,0.0,VERIFIED_FROM_FILE,no GNSS gaps at or above the minimum duration threshold
VW8,vehicle,Unsynchronised V and S Dataset/Categorised IOVNB (V) Dataset/V Dataset/Vw (Driver E)/Vw08/V-Vw8.csv,1599,1599,1.0,True,False,,,0,0.0,0.0,False,9.956195244054888,1592,0.09999999999854481,0.10000000000582077,0.5,0,0.0,VERIFIED_FROM_FILE,no GNSS gaps at or above the minimum duration threshold
VW9,vehicle,Unsynchronised V and S Dataset/Categorised IOVNB (V) Dataset/V Dataset/Vw (Driver E)/Vw09/V-Vw9.csv,601,601,1.0,True,False,,,0,0.0,0.0,False,10.0,601,0.09999999999854481,0.10000000000582077,0.10000000000582077,0,0.0,VERIFIED_FROM_FILE,no GNSS gaps at or above the minimum duration threshold
VW10,vehicle,Unsynchronised V and S Dataset/Categorised IOVNB (V) Dataset/V Dataset/Vw (Driver E)/Vw10/V-Vw10.csv,670,670,1.0,True,False,,,0,0.0,0.0,False,9.999999999999783,670,0.09999999999854481,0.10000000000582077,0.10000000000582077,0,0.0,VERIFIED_FROM_FILE,no GNSS gaps at or above the minimum duration threshold
VW10,vehicle,Unsynchronised V and S Dataset/Categorised IOVNB (V) Dataset/V Dataset/Vw (Driver E)/Vw11/V-Vw10.csv,670,670,1.0,True,False,,,0,0.0,0.0,False,9.999999999999783,670,0.09999999999854481,0.10000000000582077,0.10000000000582077,0,0.0,VERIFIED_FROM_FILE,no GNSS gaps at or above the minimum duration threshold
VW12,vehicle,Unsynchronised V and S Dataset/Categorised IOVNB (V) Dataset/V Dataset/Vw (Driver E)/Vw12/V-Vw12.csv,1069,1069,1.0,True,False,,,0,0.0,0.0,False,9.999999999999728,1069,0.09999999999854481,0.10000000000582077,0.10000000000582077,0,0.0,VERIFIED_FROM_FILE,no GNSS gaps at or above the minimum duration threshold
VW13,vehicle,Unsynchronised V and S Dataset/Categorised IOVNB (V) Dataset/V Dataset/Vw (Driver E)/Vw13/V-Vw13.csv,297,297,1.0,True,False,,,0,0.0,0.0,False,10.000000000000492,297,0.09999999999854481,0.10000000000582077,0.10000000000582077,0,0.0,VERIFIED_FROM_FILE,no GNSS gaps at or above the minimum duration threshold
VW14A,vehicle,Unsynchronised V and S Dataset/Categorised IOVNB (V) Dataset/V Dataset/Vw (Driver E)/Vw14a/V-Vw14a.csv,3140,3140,1.0,True,False,,,0,0.0,0.0,False,9.999999999999954,3140,0.09999999999854481,0.10000000000582077,0.10000000000582077,0,0.0,VERIFIED_FROM_FILE,no GNSS gaps at or above the minimum duration threshold
VW14B,vehicle,Unsynchronised V and S Dataset/Categorised IOVNB (V) Dataset/V Dataset/Vw (Driver E)/Vw14b/V-Vw14b.csv,19600,19600,1.0,True,False,,,0,0.0,0.0,False,9.999999999999993,19600,0.09999999999854481,0.10000000000582077,0.10099999999511056,0,0.0,VERIFIED_FROM_FILE,no GNSS gaps at or above the minimum duration threshold
VW14C,vehicle,Unsynchronised V and S Dataset/Categorised IOVNB (V) Dataset/V Dataset/Vw (Driver E)/Vw14c/V-Vw14c.csv,15857,15857,1.0,True,False,,,0,0.0,0.0,False,9.42167003027246,14940,0.09999999999854481,0.10000000000582077,1.9000000000014552,0,0.0,VERIFIED_FROM_FILE,no GNSS gaps at or above the minimum duration threshold
VW15,vehicle,Unsynchronised V and S Dataset/Categorised IOVNB (V) Dataset/V Dataset/Vw (Driver E)/Vw15/V-Vw15.csv,1391,1391,1.0,True,False,,,0,0.0,0.0,False,6.410071942446043,892,0.09999999999854481,0.2999999999956344,2.599999999998545,0,0.0,VERIFIED_FROM_FILE,no GNSS gaps at or above the minimum duration threshold
VW16A,vehicle,Unsynchronised V and S Dataset/Categorised IOVNB (V) Dataset/V Dataset/Vw (Driver E)/Vw16a/V-Vw16a.csv,6000,6000,1.0,True,False,,,0,0.0,0.0,False,9.703283880646868,5822,0.09999999999854481,0.10000000000582077,0.7999999999956344,0,0.0,VERIFIED_FROM_FILE,no GNSS gaps at or above the minimum duration threshold
VW16B,vehicle,Unsynchronised V and S Dataset/Categorised IOVNB (V) Dataset/V Dataset/Vw (Driver E)/Vw16b/V-Vw16b.csv,1171,1171,1.0,True,False,,,0,0.0,0.0,False,10.0,1171,0.09999999999854481,0.10000000000582077,0.10000000000582077,0,0.0,VERIFIED_FROM_FILE,no GNSS gaps at or above the minimum duration threshold
VW17,vehicle,Unsynchronised V and S Dataset/Categorised IOVNB (V) Dataset/V Dataset/Vw (Driver E)/Vw17/V-Vw17.csv,329,329,1.0,True,False,,,0,0.0,0.0,False,9.999999999999112,329,0.09999999999854481,0.10000000000582077,0.10000000000582077,0,0.0,VERIFIED_FROM_FILE,no GNSS gaps at or above the minimum duration threshold
Y1,vehicle,Unsynchronised V and S Dataset/Categorised IOVNB (V) Dataset/V Dataset/Y (Driver D)/Y1/V-Y1.csv,70341,70341,1.0,True,False,,,0,0.0,0.0,False,8.858636150357123,67968,0.09999999999854481,0.10000000000582077,384.6000000000058,2,384.6000000000058,VERIFIED_FROM_FILE,no GNSS gaps at or above the minimum duration threshold
Y2,vehicle,Unsynchronised V and S Dataset/Categorised IOVNB (V) Dataset/V Dataset/Y (Driver D)/Y2/V-Y2.csv,57213,57213,1.0,True,False,,,0,0.0,0.0,False,9.822589666503536,56198,0.09999999999854481,0.10000000000582077,2.900000000001455,0,0.0,VERIFIED_FROM_FILE,no GNSS gaps at or above the minimum duration threshold
A1,smartphone,Unsynchronised V and S Dataset/Uncategorised IOVNB (V and S) Dataset/S-Dataset/S-A1.csv,5942,5942,1.0,True,True,15.508750589027263,1799.999,0,0.0,0.0,False,0.007914656601976393,24,132.00099999999998,181.2004000000001,183.9989999999998,22,183.9989999999998,VERIFIED_FROM_FILE,no GNSS gaps at or above the minimum duration threshold
A10,smartphone,Unsynchronised V and S Dataset/Uncategorised IOVNB (V and S) Dataset/S-Dataset/S-A10.csv,8886,8886,1.0,True,True,24.371791184109835,41.935486,0,0.0,0.0,False,0.893963373276057,3955,1.0,1.0009999999999764,72.0,4,72.0,VERIFIED_FROM_FILE,no GNSS gaps at or above the minimum duration threshold
A11,smartphone,Unsynchronised V and S Dataset/Uncategorised IOVNB (V and S) Dataset/S-Dataset/S-A11.csv,5155,5155,1.0,True,True,18.307495441319105,49.0,0,0.0,0.0,False,0.07072688773010305,181,14.99900000000001,17.10080000000017,57.0,2,57.0,VERIFIED_FROM_FILE,no GNSS gaps at or above the minimum duration threshold
A12,smartphone,Unsynchronised V and S Dataset/Uncategorised IOVNB (V and S) Dataset/S-Dataset/S-A12.csv,4673,4673,1.0,True,True,17.03188529852343,70.0,0,0.0,0.0,False,0.06673842841765339,156,15.000999999999976,17.000999999999976,86.5,3,86.5,VERIFIED_FROM_FILE,no GNSS gaps at or above the minimum duration threshold
A13,smartphone,Unsynchronised V and S Dataset/Uncategorised IOVNB (V and S) Dataset/S-Dataset/S-A13.csv,9184,9184,1.0,True,True,412.8563069686411,3638.6943,0,0.0,0.0,False,0.059464169026355915,274,15.0,17.001000000000204,277.001,5,277.001,VERIFIED_FROM_FILE,no GNSS gaps at or above the minimum duration threshold
A2,smartphone,Unsynchronised V and S Dataset/Uncategorised IOVNB (V and S) Dataset/S-Dataset/S-A2.csv,11630,11630,1.0,True,True,15.580480825451419,1299.999,0,0.0,0.0,False,0.006643937407116007,39,177.49900000000002,182.0,187.00199999999995,37,187.00199999999995,VERIFIED_FROM_FILE,no GNSS gaps at or above the minimum duration threshold
A3,smartphone,Unsynchronised V and S Dataset/Uncategorised IOVNB (V and S) Dataset/S-Dataset/S-A3.csv,11132,11132,1.0,True,True,44.61857707509881,1100.0,0,0.0,0.0,False,0.0064841171550287565,37,177.4999999999999,183.75,186.00099999999998,36,186.00099999999998,VERIFIED_FROM_FILE,no GNSS gaps at or above the minimum duration threshold
A4,smartphone,Unsynchronised V and S Dataset/Uncategorised IOVNB (V and S) Dataset/S-Dataset/S-A4.csv,32829,32829,1.0,True,True,16.245358341710073,1399.999,0,0.0,0.0,False,,3163,,,,0,0.0,VERIFIED_FROM_FILE,no GNSS gaps at or above the minimum duration threshold
A5,smartphone,Unsynchronised V and S Dataset/Uncategorised IOVNB (V and S) Dataset/S-Dataset/S-A5.csv,85041,85041,1.0,True,True,9.701543961148152,38.0,0,0.0,0.0,False,0.9585036614416373,8149,1.0,1.0010000000002037,49.0,5,49.0,VERIFIED_FROM_FILE,no GNSS gaps at or above the minimum duration threshold
A6,smartphone,Unsynchronised V and S Dataset/Uncategorised IOVNB (V and S) Dataset/S-Dataset/S-A6.csv,86034,86034,1.0,True,True,117.85198874863426,3911.0,0,0.0,0.0,False,0.9150077573663086,7747,1.0,1.099000000000018,182.0,6,182.0,VERIFIED_FROM_FILE,no GNSS gaps at or above the minimum duration threshold
A7,smartphone,Unsynchronised V and S Dataset/Uncategorised IOVNB (V and S) Dataset/S-Dataset/S-A7.csv,43872,43872,1.0,True,True,10.677197301239971,28.0,0,0.0,0.0,False,0.98666506522927,4322,1.0,1.0010000000002037,23.0,0,0.0,VERIFIED_FROM_FILE,no GNSS gaps at or above the minimum duration threshold
A8,smartphone,Unsynchronised V and S Dataset/Uncategorised IOVNB (V and S) Dataset/S-Dataset/S-A8.csv,66617,66617,1.0,True,True,9.79388744614738,122.4,0,0.0,0.0,False,0.9895825481298337,6565,1.0,1.099999999999909,16.90099999999984,0,0.0,VERIFIED_FROM_FILE,no GNSS gaps at or above the minimum duration threshold
A9,smartphone,Unsynchronised V and S Dataset/Uncategorised IOVNB (V and S) Dataset/S-Dataset/S-A9.csv,11962,11962,1.0,True,True,23.211685355458954,132.25806,0,0.0,0.0,False,0.8228168976639573,4891,1.0,1.0010000000002037,59.5,10,59.5,VERIFIED_FROM_FILE,no GNSS gaps at or above the minimum duration threshold
I,smartphone,Unsynchronised V and S Dataset/Uncategorised IOVNB (V and S) Dataset/S-Dataset/S-I.csv,5800,5800,1.0,True,True,7.652413793103448,24.0,0,0.0,0.0,False,0.00449842555105713,3,222.3,393.6600000000001,436.50000000000006,1,436.50000000000006,VERIFIED_FROM_FILE,no GNSS gaps at or above the minimum duration threshold
M,smartphone,Unsynchronised V and S Dataset/Uncategorised IOVNB (V and S) Dataset/S-Dataset/S-M.csv,105974,105974,1.0,True,True,3.1833392620548433,13.617527,0,0.0,0.0,False,0.17766769262967583,1091,9.0,9.099999999999909,130.0,9,130.0,VERIFIED_FROM_FILE,no GNSS gaps at or above the minimum duration threshold
S1,smartphone,Unsynchronised V and S Dataset/Uncategorised IOVNB (V and S) Dataset/S-Dataset/S-S1.csv,51746,51746,1.0,True,True,2.8789278398330307,32.0,0,0.0,0.0,False,0.10278745644599302,532,9.0,9.09900000000016,70.0010000000002,5,70.0010000000002,VERIFIED_FROM_FILE,no GNSS gaps at or above the minimum duration threshold
S2,smartphone,Unsynchronised V and S Dataset/Uncategorised IOVNB (V and S) Dataset/S-Dataset/S-S2.csv,93876,93876,1.0,True,True,3.0165644041075463,8.0,0,0.0,0.0,False,0.10229956359441489,941,9.0,9.100000000000364,146.0,10,146.0,VERIFIED_FROM_FILE,no GNSS gaps at or above the minimum duration threshold
S3A,smartphone,Unsynchronised V and S Dataset/Uncategorised IOVNB (V and S) Dataset/S-Dataset/S-S3a.csv,24621,24621,1.0,True,True,3.6149222208683645,8.0,0,0.0,0.0,False,0.10309702652690567,254,9.0,9.001000000000204,65.0,3,65.0,VERIFIED_FROM_FILE,no GNSS gaps at or above the minimum duration threshold
S3B,smartphone,Unsynchronised V and S Dataset/Uncategorised IOVNB (V and S) Dataset/S-Dataset/S-S3b.csv,6813,6813,1.0,True,True,3.618963745780126,6.0,0,0.0,0.0,False,,74,9.0,9.100000000000017,11.000999999999749,0,0.0,VERIFIED_FROM_FILE,no GNSS gaps at or above the minimum duration threshold
S3C,smartphone,Unsynchronised V and S Dataset/Uncategorised IOVNB (V and S) Dataset/S-Dataset/S-S3c.csv,37183,37183,1.0,True,True,4.284538633246376,24.0,0,0.0,0.0,False,0.10512132213512726,391,9.0,9.098999999999705,60.00099999999975,5,60.00099999999975,VERIFIED_FROM_FILE,no GNSS gaps at or above the minimum duration threshold
S4,smartphone,Unsynchronised V and S Dataset/Uncategorised IOVNB (V and S) Dataset/S-Dataset/S-S4.csv,94600,94600,1.0,True,True,3.144048625792812,24.0,0,0.0,0.0,False,2.6472854660900076,932,9.0,9.001000000000204,332.0,13,332.0,VERIFIED_FROM_FILE,no GNSS gaps at or above the minimum duration threshold
T1,smartphone,Unsynchronised V and S Dataset/Uncategorised IOVNB (V and S) Dataset/S-Dataset/S-T1.csv,25759,25759,1.0,True,True,5.625804766528204,16.08,0,0.0,0.0,False,0.33009197562775444,243,1.489499999999964,9.0,17.997999999999934,0,0.0,VERIFIED_FROM_FILE,no GNSS gaps at or above the minimum duration threshold
T10,smartphone,Unsynchronised V and S Dataset/Uncategorised IOVNB (V and S) Dataset/S-Dataset/S-T10.csv,6699,6699,1.0,True,True,7.895506792058516,32.0,0,0.0,0.0,False,0.08389513108614233,57,9.000999999999976,18.999500000000012,40.99899999999997,4,40.99899999999997,VERIFIED_FROM_FILE,no GNSS gaps at or above the minimum duration threshold
T11,smartphone,Unsynchronised V and S Dataset/Uncategorised IOVNB (V and S) Dataset/S-Dataset/S-T11.csv,5690,5690,1.0,True,True,11.899472759226713,48.0,0,0.0,0.0,False,0.08381924198250727,47,9.0,22.049499999999988,55.00100000000003,2,55.00100000000003,VERIFIED_FROM_FILE,no GNSS gaps at or above the minimum duration threshold
T2,smartphone,Unsynchronised V and S Dataset/Uncategorised IOVNB (V and S) Dataset/S-Dataset/S-T2.csv,75555,75555,1.0,True,True,4.725265356362915,30.0,0,0.0,0.0,False,0.10322469166426824,780,9.0,9.000999999999976,411.0999999999999,3,411.0999999999999,VERIFIED_FROM_FILE,no GNSS gaps at or above the minimum duration threshold
T3,smartphone,Unsynchronised V and S Dataset/Uncategorised IOVNB (V and S) Dataset/S-Dataset/S-T3.csv,65859,65859,1.0,True,True,3.388522024324694,7.504,0,0.0,0.0,False,0.11093807659369047,718,9.0,9.000999999999976,91.599,1,91.599,VERIFIED_FROM_FILE,no GNSS gaps at or above the minimum duration threshold
T4,smartphone,Unsynchronised V and S Dataset/Uncategorised IOVNB (V and S) Dataset/S-Dataset/S-T4.csv,73482,73482,1.0,True,True,10.427717429860373,39.664,0,0.0,0.0,False,0.18072952523614624,646,5.3219999999999885,9.59980000000019,25.47200000000001,0,0.0,VERIFIED_FROM_FILE,no GNSS gaps at or above the minimum duration threshold
T5,smartphone,Unsynchronised V and S Dataset/Uncategorised IOVNB (V and S) Dataset/S-Dataset/S-T5.csv,46387,46387,1.0,True,True,15.714216341367191,47.168,0,0.0,0.0,False,0.2040019868019584,415,3.835999999999899,8.821200000000067,17.998999999999995,0,0.0,VERIFIED_FROM_FILE,no GNSS gaps at or above the minimum duration threshold
T6,smartphone,Unsynchronised V and S Dataset/Uncategorised IOVNB (V and S) Dataset/S-Dataset/S-T6.csv,86440,86440,1.0,True,True,15.67587952526608,52.528,0,0.0,0.0,False,0.29929101195925323,750,2.575999999999567,6.283399999999983,18.001000000000204,0,0.0,VERIFIED_FROM_FILE,no GNSS gaps at or above the minimum duration threshold
T7,smartphone,Unsynchronised V and S Dataset/Uncategorised IOVNB (V and S) Dataset/S-Dataset/S-T7.csv,101690,101690,1.0,True,True,6.453035116019274,56.1,0,0.0,0.0,False,0.10617023554413874,1078,9.0,9.001000000000204,370.799,2,370.799,VERIFIED_FROM_FILE,no GNSS gaps at or above the minimum duration threshold
T8,smartphone,Unsynchronised V and S Dataset/Uncategorised IOVNB (V and S) Dataset/S-Dataset/S-T8.csv,48344,48344,1.0,True,True,12.981081219406752,38.592003,0,0.0,0.0,False,0.09767593360188698,473,9.0,16.986399999999644,19.00099999999975,0,0.0,VERIFIED_FROM_FILE,no GNSS gaps at or above the minimum duration threshold
T9,smartphone,Unsynchronised V and S Dataset/Uncategorised IOVNB (V and S) Dataset/S-Dataset/S-T9.csv,79909,79909,1.0,True,True,9.71694121914928,21.44,0,0.0,0.0,False,0.0922412701209875,738,9.000000000000227,17.001000000000204,32.4,1,32.4,VERIFIED_FROM_FILE,no GNSS gaps at or above the minimum duration threshold
VFA01,smartphone,Unsynchronised V and S Dataset/Uncategorised IOVNB (V and S) Dataset/S-Dataset/S-Vfa01.csv,11486,11486,1.0,True,True,4.363485982935748,8.0,0,0.0,0.0,False,0.10693302924618349,123,9.0,9.002000000000006,34.0,1,34.0,VERIFIED_FROM_FILE,no GNSS gaps at or above the minimum duration threshold
VFA02,smartphone,Unsynchronised V and S Dataset/Uncategorised IOVNB (V and S) Dataset/S-Dataset/S-Vfa02.csv,67523,67523,1.0,True,True,4.256594049435007,8.0,0,0.0,0.0,False,0.11055945008381621,747,9.0,9.001000000000204,20.0,0,0.0,VERIFIED_FROM_FILE,no GNSS gaps at or above the minimum duration threshold
VTA10,smartphone,Unsynchronised V and S Dataset/Uncategorised IOVNB (V and S) Dataset/S-Dataset/S-Vta10.csv,1502,1502,1.0,True,True,3.719041278295606,4.0,0,0.0,0.0,False,0.1111111111111112,17,9.0,9.000999999999976,9.00100000000009,0,0.0,VERIFIED_FROM_FILE,no GNSS gaps at or above the minimum duration threshold
VTA11,smartphone,Unsynchronised V and S Dataset/Uncategorised IOVNB (V and S) Dataset/S-Dataset/S-Vta11.csv,510,510,1.0,True,True,4.235294117647059,6.0,0,0.0,0.0,False,0.1111111111111111,6,9.0,9.000599999999986,9.000999999999976,0,0.0,VERIFIED_FROM_FILE,no GNSS gaps at or above the minimum duration threshold
VTA12,smartphone,Unsynchronised V and S Dataset/Uncategorised IOVNB (V and S) Dataset/S-Dataset/S-Vta12.csv,610,610,1.0,True,True,3.737704918032787,4.0,0,0.0,0.0,False,0.1111111111111111,7,9.0,9.0,9.0,0,0.0,VERIFIED_FROM_FILE,no GNSS gaps at or above the minimum duration threshold
VTA13,smartphone,Unsynchronised V and S Dataset/Uncategorised IOVNB (V and S) Dataset/S-Dataset/S-Vta13.csv,404,404,1.0,True,True,3.0024752475247523,4.0,0,0.0,0.0,False,0.1385003185507331,6,9.0,9.000599999999986,9.000999999999976,0,0.0,VERIFIED_FROM_FILE,no GNSS gaps at or above the minimum duration threshold
VTA14,smartphone,Unsynchronised V and S Dataset/Uncategorised IOVNB (V and S) Dataset/S-Dataset/S-Vta14.csv,2885,2885,1.0,True,True,5.158752166377816,8.0,0,0.0,0.0,False,0.11114970475859678,33,9.0,9.000999999999976,9.001999999999953,0,0.0,VERIFIED_FROM_FILE,no GNSS gaps at or above the minimum duration threshold
VTA15,smartphone,Unsynchronised V and S Dataset/Uncategorised IOVNB (V and S) Dataset/S-Dataset/S-Vta15.csv,833,833,1.0,True,True,5.783913565426171,6.0,0,0.0,0.0,False,0.11450381679389326,10,9.0,9.0,9.0,0,0.0,VERIFIED_FROM_FILE,no GNSS gaps at or above the minimum duration threshold
VTA16,smartphone,Unsynchronised V and S Dataset/Uncategorised IOVNB (V and S) Dataset/S-Dataset/S-Vta16.csv,11335,11335,1.0,True,True,4.2,6.0,0,0.0,0.0,False,0.10739327238839087,122,9.0,9.001000000000204,34.003999999999905,1,34.003999999999905,VERIFIED_FROM_FILE,no GNSS gaps at or above the minimum duration threshold
VTA17,smartphone,Unsynchronised V and S Dataset/Uncategorised IOVNB (V and S) Dataset/S-Dataset/S-Vta17.csv,4519,4519,1.0,True,True,3.6355388360256695,6.0,0,0.0,0.0,False,0.110116071328247,50,9.0,9.001000000000204,11.100000000000364,0,0.0,VERIFIED_FROM_FILE,no GNSS gaps at or above the minimum duration threshold
VTA19,smartphone,Unsynchronised V and S Dataset/Uncategorised IOVNB (V and S) Dataset/S-Dataset/S-Vta19.csv,292,292,1.0,True,True,3.6164383561643834,4.0,0,0.0,0.0,False,0.1111111111111111,4,9.0,9.0,9.0,0,0.0,VERIFIED_FROM_FILE,no GNSS gaps at or above the minimum duration threshold
VTA1A,smartphone,Unsynchronised V and S Dataset/Uncategorised IOVNB (V and S) Dataset/S-Dataset/S-Vta1a.csv,25676,25676,1.0,True,True,4.4723087708365785,12.0,0,0.0,0.0,False,0.9813003651730696,2520,1.0,1.0010000000000048,36.0,1,36.0,VERIFIED_FROM_FILE,no GNSS gaps at or above the minimum duration threshold
VTA1B,smartphone,Unsynchronised V and S Dataset/Uncategorised IOVNB (V and S) Dataset/S-Dataset/S-Vta1b.csv,954,954,1.0,True,True,4.9958071278826,6.0,0,0.0,0.0,False,0.9905163329820854,95,1.0,1.0010000000002037,2.0,0,0.0,VERIFIED_FROM_FILE,no GNSS gaps at or above the minimum duration threshold
VTA2,smartphone,Unsynchronised V and S Dataset/Uncategorised IOVNB (V and S) Dataset/S-Dataset/S-Vta2.csv,10991,10991,1.0,True,True,4.47056682740424,8.0,0,0.0,0.0,False,0.9323983804367858,1023,1.0,1.0010000000002037,45.0,1,45.0,VERIFIED_FROM_FILE,no GNSS gaps at or above the minimum duration threshold
VTA20,smartphone,Unsynchronised V and S Dataset/Uncategorised IOVNB (V and S) Dataset/S-Dataset/S-Vta20.csv,3223,3223,1.0,True,True,3.3437790878063915,6.0,0,0.0,0.0,False,0.028168925918854715,10,9.0,62.100200000000044,238.501,1,238.501,VERIFIED_FROM_FILE,no GNSS gaps at or above the minimum duration threshold
VTA21,smartphone,Unsynchronised V and S Dataset/Uncategorised IOVNB (V and S) Dataset/S-Dataset/S-Vta21.csv,2079,2079,1.0,True,True,6.141986103896103,32.0,0,0.0,0.0,False,0.11263467189030363,24,9.0,9.000999999999976,14.999000000000024,0,0.0,VERIFIED_FROM_FILE,no GNSS gaps at or above the minimum duration threshold
VTA22,smartphone,Unsynchronised V and S Dataset/Uncategorised IOVNB (V and S) Dataset/S-Dataset/S-Vta22.csv,1564,1564,1.0,True,True,4.0,4.0,0,0.0,0.0,False,0.11455448413420398,18,9.0,9.000999999999976,9.000999999999976,0,0.0,VERIFIED_FROM_FILE,no GNSS gaps at or above the minimum duration threshold
VTA23,smartphone,Unsynchronised V and S Dataset/Uncategorised IOVNB (V and S) Dataset/S-Dataset/S-Vta23.csv,1110,1110,1.0,True,True,5.059459459459459,8.0,0,0.0,0.0,False,0.11299435028248594,13,9.0,9.000899999999978,9.000999999999976,0,0.0,VERIFIED_FROM_FILE,no GNSS gaps at or above the minimum duration threshold
VTA24,smartphone,Unsynchronised V and S Dataset/Uncategorised IOVNB (V and S) Dataset/S-Dataset/S-Vta24.csv,1171,1171,1.0,True,True,3.9812126387702818,6.0,0,0.0,0.0,False,0.09155552842799164,10,9.0,12.600799999999985,27.0,0,0.0,VERIFIED_FROM_FILE,no GNSS gaps at or above the minimum duration threshold
VTA25,smartphone,Unsynchronised V and S Dataset/Uncategorised IOVNB (V and S) Dataset/S-Dataset/S-Vta25.csv,646,646,1.0,True,True,3.0,3.0,0,0.0,0.0,False,0.08077805421822996,6,9.0,18.400000000000002,22.0,0,0.0,VERIFIED_FROM_FILE,no GNSS gaps at or above the minimum duration threshold
VTA26,smartphone,Unsynchronised V and S Dataset/Uncategorised IOVNB (V and S) Dataset/S-Dataset/S-Vta26.csv,1935,1935,1.0,True,True,3.2180878552971577,6.0,0,0.0,0.0,False,0.07841087297438576,16,9.0,12.000799999999979,61.999000000000024,1,61.999000000000024,VERIFIED_FROM_FILE,no GNSS gaps at or above the minimum duration threshold
VTA27,smartphone,Unsynchronised V and S Dataset/Uncategorised IOVNB (V and S) Dataset/S-Dataset/S-Vta27.csv,2540,2540,1.0,True,True,2.779527559055118,4.0,0,0.0,0.0,False,0.0969305331179321,25,9.0,9.000999999999976,29.600000000000136,0,0.0,VERIFIED_FROM_FILE,no GNSS gaps at or above the minimum duration threshold
VTA28,smartphone,Unsynchronised V and S Dataset/Uncategorised IOVNB (V and S) Dataset/S-Dataset/S-Vta28.csv,4210,4210,1.0,True,True,4.5494061757719715,12.0,0,0.0,0.0,False,0.10518380870571319,43,9.0,9.000999999999976,32.0,1,32.0,VERIFIED_FROM_FILE,no GNSS gaps at or above the minimum duration threshold
VTA29,smartphone,Unsynchronised V and S Dataset/Uncategorised IOVNB (V and S) Dataset/S-Dataset/S-Vta29.csv,23705,23705,1.0,True,True,3.7079519088799833,12.0,0,0.0,0.0,False,0.10485912092539866,249,9.0,9.001000000000204,34.0,2,34.0,VERIFIED_FROM_FILE,no GNSS gaps at or above the minimum duration threshold
VTA3,smartphone,Unsynchronised V and S Dataset/Uncategorised IOVNB (V and S) Dataset/S-Dataset/S-Vta3.csv,645,645,1.0,True,True,4.62015503875969,6.0,0,0.0,0.0,False,0.07766990291262135,5,9.0,19.85,24.5,0,0.0,VERIFIED_FROM_FILE,no GNSS gaps at or above the minimum duration threshold
VTA30,smartphone,Unsynchronised V and S Dataset/Uncategorised IOVNB (V and S) Dataset/S-Dataset/S-Vta30.csv,17136,17136,1.0,True,True,20.00560224089636,600.0,0,0.0,0.0,False,0.09281419648590274,160,9.0,10.199799999999977,83.30000000000018,5,83.30000000000018,VERIFIED_FROM_FILE,no GNSS gaps at or above the minimum duration threshold
VTA4,smartphone,Unsynchronised V and S Dataset/Uncategorised IOVNB (V and S) Dataset/S-Dataset/S-Vta4.csv,1789,1789,1.0,True,True,4.279485746226943,6.0,0,0.0,0.0,False,0.11236018179877415,21,9.0,9.001000000000005,9.002999999999986,0,0.0,VERIFIED_FROM_FILE,no GNSS gaps at or above the minimum duration threshold
VTA5,smartphone,Unsynchronised V and S Dataset/Uncategorised IOVNB (V and S) Dataset/S-Dataset/S-Vta5.csv,307,307,1.0,True,True,4.0,4.0,0,0.0,0.0,False,0.1111111111111111,4,9.0,9.00079999999998,9.000999999999976,0,0.0,VERIFIED_FROM_FILE,no GNSS gaps at or above the minimum duration threshold
VTA6,smartphone,Unsynchronised V and S Dataset/Uncategorised IOVNB (V and S) Dataset/S-Dataset/S-Vta6.csv,1376,1376,1.0,True,True,4.3270348837209305,6.0,0,0.0,0.0,False,0.11244377811094455,16,9.0,9.000999999999976,9.00200000000001,0,0.0,VERIFIED_FROM_FILE,no GNSS gaps at or above the minimum duration threshold
VTA7,smartphone,Unsynchronised V and S Dataset/Uncategorised IOVNB (V and S) Dataset/S-Dataset/S-Vta7.csv,840,840,1.0,True,True,4.285714285714286,6.0,0,0.0,0.0,False,0.11235814783835409,10,9.0,9.00020000000004,9.000999999999976,0,0.0,VERIFIED_FROM_FILE,no GNSS gaps at or above the minimum duration threshold
VTA8,smartphone,Unsynchronised V and S Dataset/Uncategorised IOVNB (V and S) Dataset/S-Dataset/S-Vta8.csv,3676,3676,1.0,True,True,3.5484221980413495,6.0,0,0.0,0.0,False,0.08886420438767009,33,9.0,9.000999999999976,82.00199999999995,1,82.00199999999995,VERIFIED_FROM_FILE,no GNSS gaps at or above the minimum duration threshold
VTA9,smartphone,Unsynchronised V and S Dataset/Uncategorised IOVNB (V and S) Dataset/S-Dataset/S-Vta9.csv,156,156,1.0,True,True,5.153846153846154,6.0,0,0.0,0.0,False,0.11112345816201771,2,8.999000000000024,8.999000000000024,8.999000000000024,0,0.0,VERIFIED_FROM_FILE,no GNSS gaps at or above the minimum duration threshold
VTB1,smartphone,Unsynchronised V and S Dataset/Uncategorised IOVNB (V and S) Dataset/S-Dataset/S-Vtb1.csv,32459,32459,1.0,True,True,319.39237191533937,2400.0,0,0.0,0.0,False,0.08615634319128654,280,9.0,9.00100000000009,663.4190000000001,2,663.4190000000001,VERIFIED_FROM_FILE,no GNSS gaps at or above the minimum duration threshold
VTB10,smartphone,Unsynchronised V and S Dataset/Uncategorised IOVNB (V and S) Dataset/S-Dataset/S-Vtb10.csv,196,196,1.0,True,True,4.0,4.0,0,0.0,0.0,False,0.18181818181818182,3,5.5,8.3,9.0,0,0.0,VERIFIED_FROM_FILE,no GNSS gaps at or above the minimum duration threshold
VTB11,smartphone,Unsynchronised V and S Dataset/Uncategorised IOVNB (V and S) Dataset/S-Dataset/S-Vtb11.csv,361,361,1.0,True,True,4.498614958448753,6.0,0,0.0,0.0,False,0.1111111111111111,5,9.0,9.001400000000285,9.002000000000407,0,0.0,VERIFIED_FROM_FILE,no GNSS gaps at or above the minimum duration threshold
VTB12,smartphone,Unsynchronised V and S Dataset/Uncategorised IOVNB (V and S) Dataset/S-Dataset/S-Vtb12.csv,447,447,1.0,True,True,4.402684563758389,6.0,0,0.0,0.0,False,0.11141750926158095,5,9.0,9.0,9.0,0,0.0,VERIFIED_FROM_FILE,no GNSS gaps at or above the minimum duration threshold
VTB2,smartphone,Unsynchronised V and S Dataset/Uncategorised IOVNB (V and S) Dataset/S-Dataset/S-Vtb2.csv,5712,5712,1.0,True,True,3.59593837535014,8.0,0,0.0,0.0,False,0.0977084699031265,56,9.0,9.00260000000003,36.000999999999976,1,36.000999999999976,VERIFIED_FROM_FILE,no GNSS gaps at or above the minimum duration threshold
VTB3,smartphone,Unsynchronised V and S Dataset/Uncategorised IOVNB (V and S) Dataset/S-Dataset/S-Vtb3.csv,8240,8240,1.0,True,True,145.2498786407767,2400.0,0,0.0,0.0,False,0.042750702332966906,36,13.000999999999976,49.559799999999996,109.09900000000005,7,109.09900000000005,VERIFIED_FROM_FILE,no GNSS gaps at or above the minimum duration threshold
VTB4,smartphone,Unsynchronised V and S Dataset/Uncategorised IOVNB (V and S) Dataset/S-Dataset/S-Vtb4.csv,556,556,1.0,True,True,3.0,4.0,0,0.0,0.0,False,0.11110864203017716,6,9.0,9.001599999999963,9.001999999999953,0,0.0,VERIFIED_FROM_FILE,no GNSS gaps at or above the minimum duration threshold
VTB5,smartphone,Unsynchronised V and S Dataset/Uncategorised IOVNB (V and S) Dataset/S-Dataset/S-Vtb5.csv,64388,64388,1.0,True,True,3.9985556314841273,8.0,0,0.0,0.0,False,0.1090688580288585,703,9.0,9.001000000000204,40.001000000000204,1,40.001000000000204,VERIFIED_FROM_FILE,no GNSS gaps at or above the minimum duration threshold
VTB6,smartphone,Unsynchronised V and S Dataset/Uncategorised IOVNB (V and S) Dataset/S-Dataset/S-Vtb6.csv,498,498,1.0,True,True,4.9156626506024095,6.0,0,0.0,0.0,False,0.1111111111111111,6,9.0,9.001199999999699,9.001999999999498,0,0.0,VERIFIED_FROM_FILE,no GNSS gaps at or above the minimum duration threshold
VTB7,smartphone,Unsynchronised V and S Dataset/Uncategorised IOVNB (V and S) Dataset/S-Dataset/S-Vtb7.csv,461,461,1.0,True,True,4.828633405639914,6.0,0,0.0,0.0,False,0.11110864203017885,6,9.0,9.000599999999576,9.000999999999294,0,0.0,VERIFIED_FROM_FILE,no GNSS gaps at or above the minimum duration threshold
VTB8,smartphone,Unsynchronised V and S Dataset/Uncategorised IOVNB (V and S) Dataset/S-Dataset/S-Vtb8.csv,668,668,1.0,True,True,4.0,4.0,0,0.0,0.0,False,0.1111111111111111,8,9.0,9.000399999999718,9.000999999999294,0,0.0,VERIFIED_FROM_FILE,no GNSS gaps at or above the minimum duration threshold
VTB9,smartphone,Unsynchronised V and S Dataset/Uncategorised IOVNB (V and S) Dataset/S-Dataset/S-Vtb9.csv,452,452,1.0,True,True,4.0,4.0,0,0.0,0.0,False,0.11111604960220331,6,9.0,9.0,9.0,0,0.0,VERIFIED_FROM_FILE,no GNSS gaps at or above the minimum duration threshold
VW1,smartphone,Unsynchronised V and S Dataset/Uncategorised IOVNB (V and S) Dataset/S-Dataset/S-Vw1.csv,20476,20476,1.0,True,True,6.0,6.0,0,0.0,0.0,False,,1,,,,0,0.0,VERIFIED_FROM_FILE,no GNSS gaps at or above the minimum duration threshold; position never changed after the first sample
VW10,smartphone,Unsynchronised V and S Dataset/Uncategorised IOVNB (V and S) Dataset/S-Dataset/S-Vw10.csv,652,652,1.0,True,True,2.276073619631902,3.0,0,0.0,0.0,False,0.1111111111111111,8,9.0,9.040000000000145,9.100000000000364,0,0.0,VERIFIED_FROM_FILE,no GNSS gaps at or above the minimum duration threshold
VW11,smartphone,Unsynchronised V and S Dataset/Uncategorised IOVNB (V and S) Dataset/S-Dataset/S-Vw11.csv,4909,4909,1.0,True,True,2.482583010796496,4.0,0,0.0,0.0,False,0.09948186528497409,49,9.0,9.100000000000364,49.0,1,49.0,VERIFIED_FROM_FILE,no GNSS gaps at or above the minimum duration threshold
VW12,smartphone,Unsynchronised V and S Dataset/Uncategorised IOVNB (V and S) Dataset/S-Dataset/S-Vw12.csv,918,918,1.0,True,True,3.6013071895424837,4.0,0,0.0,0.0,False,0.11641443538998836,11,9.0,9.1,9.100000000000001,0,0.0,VERIFIED_FROM_FILE,no GNSS gaps at or above the minimum duration threshold
VW13,smartphone,Unsynchronised V and S Dataset/Uncategorised IOVNB (V and S) Dataset/S-Dataset/S-Vw13.csv,284,284,1.0,True,True,4.0,4.0,0,0.0,0.0,False,0.11583458820803892,4,8.900999999999998,8.979400000000002,8.999000000000002,0,0.0,VERIFIED_FROM_FILE,no GNSS gaps at or above the minimum duration threshold
VW14A,smartphone,Unsynchronised V and S Dataset/Uncategorised IOVNB (V and S) Dataset/S-Dataset/S-Vw14a.csv,3138,3138,1.0,True,True,4.0573613766730405,6.0,0,0.0,0.0,False,0.11290322580645161,36,9.0,9.001000000000005,9.001000000000005,0,0.0,VERIFIED_FROM_FILE,no GNSS gaps at or above the minimum duration threshold
VW14B,smartphone,Unsynchronised V and S Dataset/Uncategorised IOVNB (V and S) Dataset/S-Dataset/S-Vw14b.csv,19588,19588,1.0,True,True,4.528384725342046,6.0,0,0.0,0.0,False,0.11133804323899732,219,9.0,9.000999999999976,9.100999999999999,0,0.0,VERIFIED_FROM_FILE,no GNSS gaps at or above the minimum duration threshold
VW14C,smartphone,Unsynchronised V and S Dataset/Uncategorised IOVNB (V and S) Dataset/S-Dataset/S-Vw14c.csv,15826,15826,1.0,True,True,3.216668772905346,6.0,0,0.0,0.0,False,0.09993600252146223,157,9.0,9.100000000000364,48.0,1,48.0,VERIFIED_FROM_FILE,no GNSS gaps at or above the minimum duration threshold
VW15,smartphone,Unsynchronised V and S Dataset/Uncategorised IOVNB (V and S) Dataset/S-Dataset/S-Vw15.csv,1380,1380,1.0,True,True,6.0,6.0,0,0.0,0.0,False,,1,,,,0,0.0,VERIFIED_FROM_FILE,no GNSS gaps at or above the minimum duration threshold; position never changed after the first sample
VW16A,smartphone,Unsynchronised V and S Dataset/Uncategorised IOVNB (V and S) Dataset/S-Dataset/S-Vw16a.csv,5879,5879,1.0,True,True,3.5437999659806088,6.0,0,0.0,0.0,False,0.10268697586856065,61,9.0,9.100999999999999,46.001999999999995,1,46.001999999999995,VERIFIED_FROM_FILE,no GNSS gaps at or above the minimum duration threshold
VW16B,smartphone,Unsynchronised V and S Dataset/Uncategorised IOVNB (V and S) Dataset/S-Dataset/S-Vw16b.csv,1126,1126,1.0,True,True,5.0435168738898755,6.0,0,0.0,0.0,False,0.11111008231405267,13,9.0,9.099899999999911,9.100999999999999,0,0.0,VERIFIED_FROM_FILE,no GNSS gaps at or above the minimum duration threshold
VW17,smartphone,Unsynchronised V and S Dataset/Uncategorised IOVNB (V and S) Dataset/S-Dataset/S-Vw17.csv,329,329,1.0,True,True,6.0,6.0,0,0.0,0.0,False,0.1190428951232093,4,8.901000000000067,9.05939999999996,9.098999999999933,0,0.0,VERIFIED_FROM_FILE,no GNSS gaps at or above the minimum duration threshold
VW2,smartphone,Unsynchronised V and S Dataset/Uncategorised IOVNB (V and S) Dataset/S-Dataset/S-Vw2.csv,52713,52713,1.0,True,True,4.726727752167397,12.0,0,0.0,0.0,False,0.10709809729976075,565,9.0,9.100000000000023,58.000999999999976,2,58.000999999999976,VERIFIED_FROM_FILE,no GNSS gaps at or above the minimum duration threshold
VW3,smartphone,Unsynchronised V and S Dataset/Uncategorised IOVNB (V and S) Dataset/S-Dataset/S-Vw3.csv,3861,3861,1.0,True,True,3.4703444703444704,8.0,0,0.0,0.0,False,0.10928931888164262,41,9.0,9.099999999999454,15.0,0,0.0,VERIFIED_FROM_FILE,no GNSS gaps at or above the minimum duration threshold
VW4,smartphone,Unsynchronised V and S Dataset/Uncategorised IOVNB (V and S) Dataset/S-Dataset/S-Vw4.csv,126526,126526,1.0,True,True,3.5822123516115263,8.0,0,0.0,0.0,False,0.10585901587165807,1340,9.0,9.099999999999909,94.99900000000162,6,94.99900000000162,VERIFIED_FROM_FILE,no GNSS gaps at or above the minimum duration threshold
VW5,smartphone,Unsynchronised V and S Dataset/Uncategorised IOVNB (V and S) Dataset/S-Dataset/S-Vw5.csv,1012,1012,1.0,True,True,2.5316205533596836,3.0,0,0.0,0.0,False,0.11458213976937932,12,9.0,9.100999999998749,9.100999999998749,0,0.0,VERIFIED_FROM_FILE,no GNSS gaps at or above the minimum duration threshold
VW6,smartphone,Unsynchronised V and S Dataset/Uncategorised IOVNB (V and S) Dataset/S-Dataset/S-Vw6.csv,1281,1281,1.0,True,True,2.483216237314598,3.0,0,0.0,0.0,False,0.11191047162270151,15,9.0,9.100000000000364,9.100000000000364,0,0.0,VERIFIED_FROM_FILE,no GNSS gaps at or above the minimum duration threshold
VW7,smartphone,Unsynchronised V and S Dataset/Uncategorised IOVNB (V and S) Dataset/S-Dataset/S-Vw7.csv,1602,1602,1.0,True,True,2.224094881398252,3.0,0,0.0,0.0,False,0.1111111111111111,18,9.0,9.100000000000364,9.100000000000364,0,0.0,VERIFIED_FROM_FILE,no GNSS gaps at or above the minimum duration threshold
VW8,smartphone,Unsynchronised V and S Dataset/Uncategorised IOVNB (V and S) Dataset/S-Dataset/S-Vw8.csv,1529,1529,1.0,True,True,2.5873119686069326,3.0,0,0.0,0.0,False,0.1111111111111111,17,9.0,9.050500000000284,9.100999999998749,0,0.0,VERIFIED_FROM_FILE,no GNSS gaps at or above the minimum duration threshold
VW9,smartphone,Unsynchronised V and S Dataset/Uncategorised IOVNB (V and S) Dataset/S-Dataset/S-Vw9.csv,552,552,1.0,True,True,2.5199275362318843,3.0,0,0.0,0.0,False,0.11214324430406025,7,8.951000000000022,9.050000000000182,9.097999999999956,0,0.0,VERIFIED_FROM_FILE,no GNSS gaps at or above the minimum duration threshold
Y1,smartphone,Unsynchronised V and S Dataset/Uncategorised IOVNB (V and S) Dataset/S-Dataset/S-Y1.csv,70285,70285,1.0,True,True,3.2586247990325106,24.0,0,0.0,0.0,False,0.10789652723038605,721,9.0,9.00310000000054,95.0,7,95.0,VERIFIED_FROM_FILE,no GNSS gaps at or above the minimum duration threshold
M,vehicle,Unsynchronised V and S Dataset/Uncategorised IOVNB (V and S) Dataset/V-Dataset/V-M.csv,105995,105995,1.0,True,False,,,0,0.0,0.0,False,9.584591289908674,101590,0.09999999999854481,0.10000000000582077,2.6000000000058208,0,0.0,VERIFIED_FROM_FILE,no GNSS gaps at or above the minimum duration threshold
S1,vehicle,Unsynchronised V and S Dataset/Uncategorised IOVNB (V and S) Dataset/V-Dataset/V-S1.csv,51790,51790,1.0,True,False,,,0,0.0,0.0,False,9.563412373522818,49528,0.09999999999854481,0.10000000000582077,2.0,0,0.0,VERIFIED_FROM_FILE,no GNSS gaps at or above the minimum duration threshold
S2,vehicle,Unsynchronised V and S Dataset/Uncategorised IOVNB (V and S) Dataset/V-Dataset/V-S2.csv,93900,93900,1.0,True,False,,,0,0.0,0.0,False,9.545246386998523,89628,0.09999999999854481,0.10000000000582077,2.8999999999941792,0,0.0,VERIFIED_FROM_FILE,no GNSS gaps at or above the minimum duration threshold
S3A,vehicle,Unsynchronised V and S Dataset/Uncategorised IOVNB (V and S) Dataset/V-Dataset/V-S3a.csv,24660,24660,1.0,True,False,,,0,0.0,0.0,False,9.615150654933256,23711,0.10000000000582077,0.10000000000582077,1.5,0,0.0,VERIFIED_FROM_FILE,no GNSS gaps at or above the minimum duration threshold
S3B,vehicle,Unsynchronised V and S Dataset/Uncategorised IOVNB (V and S) Dataset/V-Dataset/V-S3b.csv,6840,6840,1.0,True,False,,,0,0.0,0.0,False,9.656382512063043,6605,0.10000000000582077,0.10000000000582077,0.5,0,0.0,VERIFIED_FROM_FILE,no GNSS gaps at or above the minimum duration threshold
S3C,vehicle,Unsynchronised V and S Dataset/Uncategorised IOVNB (V and S) Dataset/V-Dataset/V-S3c.csv,37220,37220,1.0,True,False,,,0,0.0,0.0,False,9.74717214326014,36279,0.10000000000582077,0.10000000000582077,10.80000000000291,0,0.0,VERIFIED_FROM_FILE,no GNSS gaps at or above the minimum duration threshold
S4,vehicle,Unsynchronised V and S Dataset/Uncategorised IOVNB (V and S) Dataset/V-Dataset/V-S4.csv,97824,97824,1.0,True,False,,,0,0.0,0.0,False,9.232585716914398,90316,0.09999999999854481,0.10000000000582077,2.1000000000058208,0,0.0,VERIFIED_FROM_FILE,no GNSS gaps at or above the minimum duration threshold
ST1,vehicle,Unsynchronised V and S Dataset/Uncategorised IOVNB (V and S) Dataset/V-Dataset/V-St1.csv,57213,57213,1.0,True,False,,,0,0.0,0.0,False,9.822589666503536,56198,0.09999999999854481,0.10000000000582077,2.900000000001455,0,0.0,VERIFIED_FROM_FILE,no GNSS gaps at or above the minimum duration threshold
ST4,vehicle,Unsynchronised V and S Dataset/Uncategorised IOVNB (V and S) Dataset/V-Dataset/V-St4.csv,13591,13591,1.0,True,False,,,0,0.0,0.0,False,9.997792494481237,13588,0.09999999999854481,0.10000000000582077,0.20000000000436557,0,0.0,VERIFIED_FROM_FILE,no GNSS gaps at or above the minimum duration threshold
ST6,vehicle,Unsynchronised V and S Dataset/Uncategorised IOVNB (V and S) Dataset/V-Dataset/V-St6.csv,51360,51360,1.0,True,False,,,0,0.0,0.0,False,9.90751377557974,50885,0.09999999999854481,0.10000000000582077,1.2000000000043656,0,0.0,VERIFIED_FROM_FILE,no GNSS gaps at or above the minimum duration threshold
ST7,vehicle,Unsynchronised V and S Dataset/Uncategorised IOVNB (V and S) Dataset/V-Dataset/V-St7.csv,44427,44427,1.0,True,False,,,0,0.0,0.0,False,9.615717231744895,43365,0.09999999999854481,0.10000000000582077,5.100000000005821,0,0.0,VERIFIED_FROM_FILE,no GNSS gaps at or above the minimum duration threshold
VFA01,vehicle,Unsynchronised V and S Dataset/Uncategorised IOVNB (V and S) Dataset/V-Dataset/V-Vfa01.csv,11535,11535,1.0,True,False,,,0,0.0,0.0,False,9.736431420149112,11231,0.09999999999854481,0.10000000000582077,1.6999999999970896,0,0.0,VERIFIED_FROM_FILE,no GNSS gaps at or above the minimum duration threshold
VFA02,vehicle,Unsynchronised V and S Dataset/Uncategorised IOVNB (V and S) Dataset/V-Dataset/V-Vfa02.csv,67755,67755,1.0,True,False,,,0,0.0,0.0,False,9.952622723381642,67434,0.09999999999854481,0.10000000000582077,0.9000000000014552,0,0.0,VERIFIED_FROM_FILE,no GNSS gaps at or above the minimum duration threshold
VFB01A,vehicle,Unsynchronised V and S Dataset/Uncategorised IOVNB (V and S) Dataset/V-Dataset/V-Vfb01a.csv,17000,17000,1.0,True,False,,,0,0.0,0.0,False,9.267015706806275,15754,0.09999999999854481,0.10000000000582077,3.6000000000058208,0,0.0,VERIFIED_FROM_FILE,no GNSS gaps at or above the minimum duration threshold
VFB01B,vehicle,Unsynchronised V and S Dataset/Uncategorised IOVNB (V and S) Dataset/V-Dataset/V-Vfb01b.csv,3880,3880,1.0,True,False,,,0,0.0,0.0,False,9.912348543438993,3846,0.09999999999854481,0.10000000000582077,0.7000000000043656,0,0.0,VERIFIED_FROM_FILE,no GNSS gaps at or above the minimum duration threshold
VFB01C,vehicle,Unsynchronised V and S Dataset/Uncategorised IOVNB (V and S) Dataset/V-Dataset/V-Vfb01c.csv,6320,6320,1.0,True,False,,,0,0.0,0.0,False,9.996834942237673,6318,0.09999999999854481,0.10000000000582077,0.20000000000436557,0,0.0,VERIFIED_FROM_FILE,no GNSS gaps at or above the minimum duration threshold
VFB01D,vehicle,Unsynchronised V and S Dataset/Uncategorised IOVNB (V and S) Dataset/V-Dataset/V-Vfb01d.csv,10713,10713,1.0,True,False,,,0,0.0,0.0,False,8.702389843166507,9323,0.09999999999854481,0.10000000000582077,1.1999999999970896,0,0.0,VERIFIED_FROM_FILE,no GNSS gaps at or above the minimum duration threshold
VFB02A,vehicle,Unsynchronised V and S Dataset/Uncategorised IOVNB (V and S) Dataset/V-Dataset/V-Vfb02a.csv,35960,35960,1.0,True,False,,,0,0.0,0.0,False,9.994716204566307,35941,0.10000000000582077,0.10000000000582077,0.4000000000014552,0,0.0,VERIFIED_FROM_FILE,no GNSS gaps at or above the minimum duration threshold
VFB02B,vehicle,Unsynchronised V and S Dataset/Uncategorised IOVNB (V and S) Dataset/V-Dataset/V-Vfb02b.csv,11000,11000,1.0,True,False,,,0,0.0,0.0,False,9.616328757159666,10578,0.10000000000582077,0.10000000000582077,1.8999999999941792,0,0.0,VERIFIED_FROM_FILE,no GNSS gaps at or above the minimum duration threshold
VFB02C,vehicle,Unsynchronised V and S Dataset/Uncategorised IOVNB (V and S) Dataset/V-Dataset/V-Vfb02c.csv,640,640,1.0,True,False,,,0,0.0,0.0,False,9.999999999998634,640,0.10000000000582077,0.10000000000582077,0.10000000000582077,0,0.0,VERIFIED_FROM_FILE,no GNSS gaps at or above the minimum duration threshold
VFB02D,vehicle,Unsynchronised V and S Dataset/Uncategorised IOVNB (V and S) Dataset/V-Dataset/V-Vfb02d.csv,880,880,1.0,True,False,,,0,0.0,0.0,False,9.852104664390374,867,0.10000000000582077,0.10000000000582077,0.5999999999912689,0,0.0,VERIFIED_FROM_FILE,no GNSS gaps at or above the minimum duration threshold
VFB02E,vehicle,Unsynchronised V and S Dataset/Uncategorised IOVNB (V and S) Dataset/V-Dataset/V-Vfb02e.csv,980,980,1.0,True,False,,,0,0.0,0.0,False,9.999999999999108,980,0.10000000000582077,0.10000000000582077,0.10000000000582077,0,0.0,VERIFIED_FROM_FILE,no GNSS gaps at or above the minimum duration threshold
VFB02F,vehicle,Unsynchronised V and S Dataset/Uncategorised IOVNB (V and S) Dataset/V-Dataset/V-Vfb02f.csv,660,660,1.0,True,False,,,0,0.0,0.0,False,9.999999999998675,660,0.10000000000582077,0.10000000000582077,0.10000000000582077,0,0.0,VERIFIED_FROM_FILE,no GNSS gaps at or above the minimum duration threshold
VFB02G,vehicle,Unsynchronised V and S Dataset/Uncategorised IOVNB (V and S) Dataset/V-Dataset/V-Vfb02g.csv,27159,27159,1.0,True,False,,,0,0.0,0.0,False,9.995949628102206,27148,0.10000000000582077,0.10000000000582077,0.3000000000029104,0,0.0,VERIFIED_FROM_FILE,no GNSS gaps at or above the minimum duration threshold
VTA10,vehicle,Unsynchronised V and S Dataset/Uncategorised IOVNB (V and S) Dataset/V-Dataset/V-Vta10.csv,1570,1570,1.0,True,False,,,0,0.0,0.0,False,9.999999999999908,1570,0.09999999999854481,0.10000000000582077,0.10000000000582077,0,0.0,VERIFIED_FROM_FILE,no GNSS gaps at or above the minimum duration threshold
VTA11,vehicle,Unsynchronised V and S Dataset/Uncategorised IOVNB (V and S) Dataset/V-Dataset/V-Vta11.csv,589,589,1.0,True,False,,,0,0.0,0.0,False,9.999999999999504,589,0.09999999999854481,0.10000000000582077,0.10000000000582077,0,0.0,VERIFIED_FROM_FILE,no GNSS gaps at or above the minimum duration threshold
VTA12,vehicle,Unsynchronised V and S Dataset/Uncategorised IOVNB (V and S) Dataset/V-Dataset/V-Vta12.csv,690,690,1.0,True,False,,,0,0.0,0.0,False,9.999999999999789,690,0.09999999999854481,0.10000000000582077,0.10000000000582077,0,0.0,VERIFIED_FROM_FILE,no GNSS gaps at or above the minimum duration threshold
VTA13,vehicle,Unsynchronised V and S Dataset/Uncategorised IOVNB (V and S) Dataset/V-Dataset/V-Vta13.csv,473,473,1.0,True,False,,,0,0.0,0.0,False,9.999999999999075,473,0.09999999999854481,0.10000000000582077,0.10000000000582077,0,0.0,VERIFIED_FROM_FILE,no GNSS gaps at or above the minimum duration threshold
VTA14,vehicle,Unsynchronised V and S Dataset/Uncategorised IOVNB (V and S) Dataset/V-Dataset/V-Vta14.csv,2893,2893,1.0,True,False,,,0,0.0,0.0,False,9.999999999999849,2893,0.09999999999854481,0.10000000000582077,0.10000000000582077,0,0.0,VERIFIED_FROM_FILE,no GNSS gaps at or above the minimum duration threshold
VTA15,vehicle,Unsynchronised V and S Dataset/Uncategorised IOVNB (V and S) Dataset/V-Dataset/V-Vta15.csv,869,869,1.0,True,False,,,0,0.0,0.0,False,10.000000000000503,869,0.09999999999854481,0.10000000000582077,0.10000000000582077,0,0.0,VERIFIED_FROM_FILE,no GNSS gaps at or above the minimum duration threshold
VTA16,vehicle,Unsynchronised V and S Dataset/Uncategorised IOVNB (V and S) Dataset/V-Dataset/V-Vta16.csv,11361,11361,1.0,True,False,,,0,0.0,0.0,False,9.919014084507042,11269,0.09999999999854481,0.10000000000582077,0.4000000000014552,0,0.0,VERIFIED_FROM_FILE,no GNSS gaps at or above the minimum duration threshold
VTA17,vehicle,Unsynchronised V and S Dataset/Uncategorised IOVNB (V and S) Dataset/V-Dataset/V-Vta17.csv,4594,4594,1.0,True,False,,,0,0.0,0.0,False,9.856303069888899,4528,0.09999999999854481,0.10000000000582077,0.5,0,0.0,VERIFIED_FROM_FILE,no GNSS gaps at or above the minimum duration threshold
VTA18,vehicle,Unsynchronised V and S Dataset/Uncategorised IOVNB (V and S) Dataset/V-Dataset/V-Vta18.csv,100,100,1.0,True,False,,,0,0.0,0.0,False,9.999999999998531,100,0.09999999999854481,0.10000000000582077,0.10000000000582077,0,0.0,VERIFIED_FROM_FILE,no GNSS gaps at or above the minimum duration threshold
VTA19,vehicle,Unsynchronised V and S Dataset/Uncategorised IOVNB (V and S) Dataset/V-Dataset/V-Vta19.csv,310,310,1.0,True,False,,,0,0.0,0.0,False,9.546925566342592,296,0.09999999999854481,0.10000000000582077,0.20000000000436557,0,0.0,VERIFIED_FROM_FILE,no GNSS gaps at or above the minimum duration threshold
VTA1A,vehicle,Unsynchronised V and S Dataset/Uncategorised IOVNB (V and S) Dataset/V-Dataset/V-Vta1a.csv,25821,25821,1.0,True,False,,,0,0.0,0.0,False,9.972889233152594,25751,0.09999999999854481,0.10000000000582077,1.0,0,0.0,VERIFIED_FROM_FILE,no GNSS gaps at or above the minimum duration threshold
VTA1B,vehicle,Unsynchronised V and S Dataset/Uncategorised IOVNB (V and S) Dataset/V-Dataset/V-Vta1b.csv,956,956,1.0,True,False,,,0,0.0,0.0,False,10.0,956,0.09999999999854481,0.10000000000582077,0.10000000000582077,0,0.0,VERIFIED_FROM_FILE,no GNSS gaps at or above the minimum duration threshold
VTA2,vehicle,Unsynchronised V and S Dataset/Uncategorised IOVNB (V and S) Dataset/V-Dataset/V-Vta2.csv,10995,10995,1.0,True,False,,,0,0.0,0.0,False,9.834455157358546,10813,0.09999999999854481,0.10000000000582077,1.1999999999970896,0,0.0,VERIFIED_FROM_FILE,no GNSS gaps at or above the minimum duration threshold
VTA20,vehicle,Unsynchronised V and S Dataset/Uncategorised IOVNB (V and S) Dataset/V-Dataset/V-Vta20.csv,3223,3223,1.0,True,False,,,0,0.0,0.0,False,5.859714463066472,1889,0.09999999999854481,0.3000000000029104,1.4000000000014552,0,0.0,VERIFIED_FROM_FILE,no GNSS gaps at or above the minimum duration threshold
VTA21,vehicle,Unsynchronised V and S Dataset/Uncategorised IOVNB (V and S) Dataset/V-Dataset/V-Vta21.csv,2088,2088,1.0,True,False,,,0,0.0,0.0,False,9.966459032103637,2081,0.09999999999854481,0.10000000000582077,0.3000000000029104,0,0.0,VERIFIED_FROM_FILE,no GNSS gaps at or above the minimum duration threshold
VTA22,vehicle,Unsynchronised V and S Dataset/Uncategorised IOVNB (V and S) Dataset/V-Dataset/V-Vta22.csv,1572,1572,1.0,True,False,,,0,0.0,0.0,False,10.000000000000092,1572,0.09999999999854481,0.10000000000582077,0.10000000000582077,0,0.0,VERIFIED_FROM_FILE,no GNSS gaps at or above the minimum duration threshold
VTA23,vehicle,Unsynchronised V and S Dataset/Uncategorised IOVNB (V and S) Dataset/V-Dataset/V-Vta23.csv,1119,1119,1.0,True,False,,,0,0.0,0.0,False,9.946332737030799,1113,0.09999999999854481,0.10000000000582077,0.5999999999985448,0,0.0,VERIFIED_FROM_FILE,no GNSS gaps at or above the minimum duration threshold
VTA24,vehicle,Unsynchronised V and S Dataset/Uncategorised IOVNB (V and S) Dataset/V-Dataset/V-Vta24.csv,1184,1184,1.0,True,False,,,0,0.0,0.0,False,9.535080304310839,1129,0.09999999999854481,0.10000000000582077,0.3000000000029104,0,0.0,VERIFIED_FROM_FILE,no GNSS gaps at or above the minimum duration threshold
VTA25,vehicle,Unsynchronised V and S Dataset/Uncategorised IOVNB (V and S) Dataset/V-Dataset/V-Vta25.csv,646,646,1.0,True,False,,,0,0.0,0.0,False,8.356589147286822,540,0.09999999999854481,0.19999999999708962,1.0,0,0.0,VERIFIED_FROM_FILE,no GNSS gaps at or above the minimum duration threshold
VTA26,vehicle,Unsynchronised V and S Dataset/Uncategorised IOVNB (V and S) Dataset/V-Dataset/V-Vta26.csv,1947,1947,1.0,True,False,,,0,0.0,0.0,False,8.103802672148056,1578,0.09999999999854481,0.19999999999708962,1.2999999999956344,0,0.0,VERIFIED_FROM_FILE,no GNSS gaps at or above the minimum duration threshold
VTA27,vehicle,Unsynchronised V and S Dataset/Uncategorised IOVNB (V and S) Dataset/V-Dataset/V-Vta27.csv,2853,2853,1.0,True,False,,,0,0.0,0.0,False,8.969144460027913,2559,0.09999999999854481,0.10000000000582077,3.099999999998545,0,0.0,VERIFIED_FROM_FILE,no GNSS gaps at or above the minimum duration threshold
VTA28,vehicle,Unsynchronised V and S Dataset/Uncategorised IOVNB (V and S) Dataset/V-Dataset/V-Vta28.csv,4219,4219,1.0,True,False,,,0,0.0,0.0,False,9.871977240398225,4165,0.09999999999854481,0.10000000000582077,0.3000000000029104,0,0.0,VERIFIED_FROM_FILE,no GNSS gaps at or above the minimum duration threshold
VTA29,vehicle,Unsynchronised V and S Dataset/Uncategorised IOVNB (V and S) Dataset/V-Dataset/V-Vta29.csv,23737,23737,1.0,True,False,,,0,0.0,0.0,False,9.769969666329631,23191,0.09999999999854481,0.10000000000582077,1.0,0,0.0,VERIFIED_FROM_FILE,no GNSS gaps at or above the minimum duration threshold
VTA3,vehicle,Unsynchronised V and S Dataset/Uncategorised IOVNB (V and S) Dataset/V-Dataset/V-Vta3.csv,875,875,1.0,True,False,,,0,0.0,0.0,False,9.393592677345382,822,0.09999999999854481,0.10000000000582077,0.4000000000014552,0,0.0,VERIFIED_FROM_FILE,no GNSS gaps at or above the minimum duration threshold
VTA30,vehicle,Unsynchronised V and S Dataset/Uncategorised IOVNB (V and S) Dataset/V-Dataset/V-Vta30.csv,17179,17179,1.0,True,False,,,0,0.0,0.0,False,9.326967862133216,16021,0.09999999999854481,0.10000000000582077,1.2000000000043656,0,0.0,VERIFIED_FROM_FILE,no GNSS gaps at or above the minimum duration threshold
VTA4,vehicle,Unsynchronised V and S Dataset/Uncategorised IOVNB (V and S) Dataset/V-Dataset/V-Vta4.csv,1809,1809,1.0,True,False,,,0,0.0,0.0,False,10.000000000000242,1809,0.09999999999854481,0.10000000000582077,0.10000000000582077,0,0.0,VERIFIED_FROM_FILE,no GNSS gaps at or above the minimum duration threshold
VTA5,vehicle,Unsynchronised V and S Dataset/Uncategorised IOVNB (V and S) Dataset/V-Dataset/V-Vta5.csv,357,357,1.0,True,False,,,0,0.0,0.0,False,9.999999999998366,357,0.09999999999854481,0.10000000000582077,0.10000000000582077,0,0.0,VERIFIED_FROM_FILE,no GNSS gaps at or above the minimum duration threshold
VTA6,vehicle,Unsynchronised V and S Dataset/Uncategorised IOVNB (V and S) Dataset/V-Dataset/V-Vta6.csv,1393,1393,1.0,True,False,,,0,0.0,0.0,False,9.999999999999686,1393,0.09999999999854481,0.10000000000582077,0.10000000000582077,0,0.0,VERIFIED_FROM_FILE,no GNSS gaps at or above the minimum duration threshold
VTA7,vehicle,Unsynchronised V and S Dataset/Uncategorised IOVNB (V and S) Dataset/V-Dataset/V-Vta7.csv,857,857,1.0,True,False,,,0,0.0,0.0,False,10.00000000000017,857,0.09999999999854481,0.10000000000582077,0.10000000000582077,0,0.0,VERIFIED_FROM_FILE,no GNSS gaps at or above the minimum duration threshold
VTA8,vehicle,Unsynchronised V and S Dataset/Uncategorised IOVNB (V and S) Dataset/V-Dataset/V-Vta8.csv,3697,3697,1.0,True,False,,,0,0.0,0.0,False,9.039502164502201,3342,0.09999999999854481,0.10000000000582077,1.7999999999956344,0,0.0,VERIFIED_FROM_FILE,no GNSS gaps at or above the minimum duration threshold
VTA9,vehicle,Unsynchronised V and S Dataset/Uncategorised IOVNB (V and S) Dataset/V-Dataset/V-Vta9.csv,226,226,1.0,True,False,,,0,0.0,0.0,False,10.0,226,0.09999999999854481,0.10000000000582077,0.10000000000582077,0,0.0,VERIFIED_FROM_FILE,no GNSS gaps at or above the minimum duration threshold
VTB1,vehicle,Unsynchronised V and S Dataset/Uncategorised IOVNB (V and S) Dataset/V-Dataset/V-Vtb1.csv,32459,32459,1.0,True,False,,,0,0.0,0.0,False,9.791730852178212,31783,0.09999999999854481,0.10000000000582077,1.2999999999956344,0,0.0,VERIFIED_FROM_FILE,no GNSS gaps at or above the minimum duration threshold
VTB10,vehicle,Unsynchronised V and S Dataset/Uncategorised IOVNB (V and S) Dataset/V-Dataset/V-Vtb10.csv,195,195,1.0,True,False,,,0,0.0,0.0,False,9.999999999995499,195,0.10000000000582077,0.10000000000582077,0.10000000000582077,0,0.0,VERIFIED_FROM_FILE,no GNSS gaps at or above the minimum duration threshold
VTB11,vehicle,Unsynchronised V and S Dataset/Uncategorised IOVNB (V and S) Dataset/V-Dataset/V-Vtb11.csv,433,433,1.0,True,False,,,0,0.0,0.0,False,9.999999999997305,433,0.10000000000582077,0.10000000000582077,0.10000000000582077,0,0.0,VERIFIED_FROM_FILE,no GNSS gaps at or above the minimum duration threshold
VTB12,vehicle,Unsynchronised V and S Dataset/Uncategorised IOVNB (V and S) Dataset/V-Dataset/V-Vtb12.csv,490,490,1.0,True,False,,,0,0.0,0.0,False,9.999999999998215,490,0.10000000000582077,0.10000000000582077,0.10000000000582077,0,0.0,VERIFIED_FROM_FILE,no GNSS gaps at or above the minimum duration threshold
VTB13,vehicle,Unsynchronised V and S Dataset/Uncategorised IOVNB (V and S) Dataset/V-Dataset/V-Vtb13.csv,1245,1245,1.0,True,False,,,0,0.0,0.0,False,10.000000000000467,1245,0.10000000000582077,0.10000000000582077,0.10000000000582077,0,0.0,VERIFIED_FROM_FILE,no GNSS gaps at or above the minimum duration threshold
VTB2,vehicle,Unsynchronised V and S Dataset/Uncategorised IOVNB (V and S) Dataset/V-Dataset/V-Vtb2.csv,5712,5712,1.0,True,False,,,0,0.0,0.0,False,9.231308002101231,5273,0.09999999999854481,0.10000000000582077,1.7000000000043656,0,0.0,VERIFIED_FROM_FILE,no GNSS gaps at or above the minimum duration threshold
VTB3,vehicle,Unsynchronised V and S Dataset/Uncategorised IOVNB (V and S) Dataset/V-Dataset/V-Vtb3.csv,8289,8289,1.0,True,False,,,0,0.0,0.0,False,8.20222007722012,6799,0.09999999999854481,0.10000000000582077,1.3000000000029104,0,0.0,VERIFIED_FROM_FILE,no GNSS gaps at or above the minimum duration threshold
VTB4,vehicle,Unsynchronised V and S Dataset/Uncategorised IOVNB (V and S) Dataset/V-Dataset/V-Vtb4.csv,625,625,1.0,True,False,,,0,0.0,0.0,False,9.53376205787826,594,0.09999999999854481,0.10000000000582077,0.5999999999985448,0,0.0,VERIFIED_FROM_FILE,no GNSS gaps at or above the minimum duration threshold
VTB5,vehicle,Unsynchronised V and S Dataset/Uncategorised IOVNB (V and S) Dataset/V-Dataset/V-Vtb5.csv,64610,64610,1.0,True,False,,,0,0.0,0.0,False,9.90543113188566,63999,0.09999999999854481,0.10000000000582077,1.6999999999970896,0,0.0,VERIFIED_FROM_FILE,no GNSS gaps at or above the minimum duration threshold
VTB6,vehicle,Unsynchronised V and S Dataset/Uncategorised IOVNB (V and S) Dataset/V-Dataset/V-Vtb6.csv,508,508,1.0,True,False,,,0,0.0,0.0,False,10.000000000000574,508,0.10000000000582077,0.10000000000582077,0.10000000000582077,0,0.0,VERIFIED_FROM_FILE,no GNSS gaps at or above the minimum duration threshold
VTB7,vehicle,Unsynchronised V and S Dataset/Uncategorised IOVNB (V and S) Dataset/V-Dataset/V-Vtb7.csv,461,461,1.0,True,False,,,0,0.0,0.0,False,10.0,461,0.10000000000582077,0.10000000000582077,0.10000000000582077,0,0.0,VERIFIED_FROM_FILE,no GNSS gaps at or above the minimum duration threshold
VTB8,vehicle,Unsynchronised V and S Dataset/Uncategorised IOVNB (V and S) Dataset/V-Dataset/V-Vtb8.csv,699,699,1.0,True,False,,,0,0.0,0.0,False,9.999999999999583,699,0.10000000000582077,0.10000000000582077,0.10000000000582077,0,0.0,VERIFIED_FROM_FILE,no GNSS gaps at or above the minimum duration threshold
VTB9,vehicle,Unsynchronised V and S Dataset/Uncategorised IOVNB (V and S) Dataset/V-Dataset/V-Vtb9.csv,457,457,1.0,True,False,,,0,0.0,0.0,False,10.000000000001915,457,0.10000000000582077,0.10000000000582077,0.10000000000582077,0,0.0,VERIFIED_FROM_FILE,no GNSS gaps at or above the minimum duration threshold
VW1,vehicle,Unsynchronised V and S Dataset/Uncategorised IOVNB (V and S) Dataset/V-Dataset/V-Vw1.csv,20475,20475,1.0,True,False,,,0,0.0,0.0,False,2.583764774836376,5291,0.2999999999956344,0.8000000000029104,6.30000000000291,0,0.0,VERIFIED_FROM_FILE,no GNSS gaps at or above the minimum duration threshold
VW10,vehicle,Unsynchronised V and S Dataset/Uncategorised IOVNB (V and S) Dataset/V-Dataset/V-Vw10.csv,670,670,1.0,True,False,,,0,0.0,0.0,False,9.999999999999783,670,0.09999999999854481,0.10000000000582077,0.10000000000582077,0,0.0,VERIFIED_FROM_FILE,no GNSS gaps at or above the minimum duration threshold
VW11,vehicle,Unsynchronised V and S Dataset/Uncategorised IOVNB (V and S) Dataset/V-Dataset/V-Vw11.csv,4924,4924,1.0,True,False,,,0,0.0,0.0,False,9.209831403615627,4535,0.09999999999854481,0.10000000000582077,1.1999999999970896,0,0.0,VERIFIED_FROM_FILE,no GNSS gaps at or above the minimum duration threshold
VW12,vehicle,Unsynchronised V and S Dataset/Uncategorised IOVNB (V and S) Dataset/V-Dataset/V-Vw12.csv,1069,1069,1.0,True,False,,,0,0.0,0.0,False,9.999999999999728,1069,0.09999999999854481,0.10000000000582077,0.10000000000582077,0,0.0,VERIFIED_FROM_FILE,no GNSS gaps at or above the minimum duration threshold
VW13,vehicle,Unsynchronised V and S Dataset/Uncategorised IOVNB (V and S) Dataset/V-Dataset/V-Vw13.csv,297,297,1.0,True,False,,,0,0.0,0.0,False,10.000000000000492,297,0.09999999999854481,0.10000000000582077,0.10000000000582077,0,0.0,VERIFIED_FROM_FILE,no GNSS gaps at or above the minimum duration threshold
VW14A,vehicle,Unsynchronised V and S Dataset/Uncategorised IOVNB (V and S) Dataset/V-Dataset/V-Vw14a.csv,3140,3140,1.0,True,False,,,0,0.0,0.0,False,9.999999999999954,3140,0.09999999999854481,0.10000000000582077,0.10000000000582077,0,0.0,VERIFIED_FROM_FILE,no GNSS gaps at or above the minimum duration threshold
VW14B,vehicle,Unsynchronised V and S Dataset/Uncategorised IOVNB (V and S) Dataset/V-Dataset/V-Vw14b.csv,19600,19600,1.0,True,False,,,0,0.0,0.0,False,9.999999999999993,19600,0.09999999999854481,0.10000000000582077,0.10099999999511056,0,0.0,VERIFIED_FROM_FILE,no GNSS gaps at or above the minimum duration threshold
VW14C,vehicle,Unsynchronised V and S Dataset/Uncategorised IOVNB (V and S) Dataset/V-Dataset/V-Vw14c.csv,15857,15857,1.0,True,False,,,0,0.0,0.0,False,9.42167003027246,14940,0.09999999999854481,0.10000000000582077,1.9000000000014552,0,0.0,VERIFIED_FROM_FILE,no GNSS gaps at or above the minimum duration threshold
VW15,vehicle,Unsynchronised V and S Dataset/Uncategorised IOVNB (V and S) Dataset/V-Dataset/V-Vw15.csv,1391,1391,1.0,True,False,,,0,0.0,0.0,False,6.410071942446043,892,0.09999999999854481,0.2999999999956344,2.599999999998545,0,0.0,VERIFIED_FROM_FILE,no GNSS gaps at or above the minimum duration threshold
VW16A,vehicle,Unsynchronised V and S Dataset/Uncategorised IOVNB (V and S) Dataset/V-Dataset/V-Vw16a.csv,6000,6000,1.0,True,False,,,0,0.0,0.0,False,9.703283880646868,5822,0.09999999999854481,0.10000000000582077,0.7999999999956344,0,0.0,VERIFIED_FROM_FILE,no GNSS gaps at or above the minimum duration threshold
VW16B,vehicle,Unsynchronised V and S Dataset/Uncategorised IOVNB (V and S) Dataset/V-Dataset/V-Vw16b.csv,1171,1171,1.0,True,False,,,0,0.0,0.0,False,10.0,1171,0.09999999999854481,0.10000000000582077,0.10000000000582077,0,0.0,VERIFIED_FROM_FILE,no GNSS gaps at or above the minimum duration threshold
VW17,vehicle,Unsynchronised V and S Dataset/Uncategorised IOVNB (V and S) Dataset/V-Dataset/V-Vw17.csv,329,329,1.0,True,False,,,0,0.0,0.0,False,9.999999999999112,329,0.09999999999854481,0.10000000000582077,0.10000000000582077,0,0.0,VERIFIED_FROM_FILE,no GNSS gaps at or above the minimum duration threshold
VW2,vehicle,Unsynchronised V and S Dataset/Uncategorised IOVNB (V and S) Dataset/V-Dataset/V-Vw2.csv,52712,52712,1.0,True,False,,,0,0.0,0.0,False,9.772533247329783,51513,0.09999999999854481,0.10000000000582077,1.8999999999941792,0,0.0,VERIFIED_FROM_FILE,no GNSS gaps at or above the minimum duration threshold
VW3,vehicle,Unsynchronised V and S Dataset/Uncategorised IOVNB (V and S) Dataset/V-Dataset/V-Vw3.csv,3941,3941,1.0,True,False,,,0,0.0,0.0,False,9.98730964467005,3936,0.09999999999854481,0.10000000000582077,0.3000000000029104,0,0.0,VERIFIED_FROM_FILE,no GNSS gaps at or above the minimum duration threshold
VW4,vehicle,Unsynchronised V and S Dataset/Uncategorised IOVNB (V and S) Dataset/V-Dataset/V-Vw4.csv,126573,126573,1.0,True,False,,,0,0.0,0.0,False,9.781626268052962,123809,0.09999999999854481,0.10000000000582077,2.0,0,0.0,VERIFIED_FROM_FILE,no GNSS gaps at or above the minimum duration threshold
VW5,vehicle,Unsynchronised V and S Dataset/Uncategorised IOVNB (V and S) Dataset/V-Dataset/V-Vw5.csv,1050,1050,1.0,True,False,,,0,0.0,0.0,False,9.885605338417403,1038,0.09999999999854481,0.10000000000582077,0.3000000000029104,0,0.0,VERIFIED_FROM_FILE,no GNSS gaps at or above the minimum duration threshold
VW6,vehicle,Unsynchronised V and S Dataset/Uncategorised IOVNB (V and S) Dataset/V-Dataset/V-Vw6.csv,1288,1288,1.0,True,False,,,0,0.0,0.0,False,9.99999999999966,1288,0.09999999999854481,0.10000000000582077,0.10000000000582077,0,0.0,VERIFIED_FROM_FILE,no GNSS gaps at or above the minimum duration threshold
VW7,vehicle,Unsynchronised V and S Dataset/Uncategorised IOVNB (V and S) Dataset/V-Dataset/V-Vw7.csv,1689,1689,1.0,True,False,,,0,0.0,0.0,False,9.994075829383714,1688,0.09999999999854481,0.10000000000582077,0.19999999999708962,0,0.0,VERIFIED_FROM_FILE,no GNSS gaps at or above the minimum duration threshold
VW8,vehicle,Unsynchronised V and S Dataset/Uncategorised IOVNB (V and S) Dataset/V-Dataset/V-Vw8.csv,1599,1599,1.0,True,False,,,0,0.0,0.0,False,9.956195244054888,1592,0.09999999999854481,0.10000000000582077,0.5,0,0.0,VERIFIED_FROM_FILE,no GNSS gaps at or above the minimum duration threshold
VW9,vehicle,Unsynchronised V and S Dataset/Uncategorised IOVNB (V and S) Dataset/V-Dataset/V-Vw9.csv,601,601,1.0,True,False,,,0,0.0,0.0,False,10.0,601,0.09999999999854481,0.10000000000582077,0.10000000000582077,0,0.0,VERIFIED_FROM_FILE,no GNSS gaps at or above the minimum duration threshold
Y1,vehicle,Unsynchronised V and S Dataset/Uncategorised IOVNB (V and S) Dataset/V-Dataset/V-Y1.csv,70341,70341,1.0,True,False,,,0,0.0,0.0,False,8.858636150357123,67968,0.09999999999854481,0.10000000000582077,384.6000000000058,2,384.6000000000058,VERIFIED_FROM_FILE,no GNSS gaps at or above the minimum duration threshold
Y2,vehicle,Unsynchronised V and S Dataset/Uncategorised IOVNB (V and S) Dataset/V-Dataset/V-Y2.csv,57213,57213,1.0,True,False,,,0,0.0,0.0,False,9.822589666503536,56198,0.09999999999854481,0.10000000000582077,2.900000000001455,0,0.0,VERIFIED_FROM_FILE,no GNSS gaps at or above the minimum duration threshold
