source_file,stream,row_count,rows_with_fix,availability_fraction,position_update_count,median_update_interval_s,p90_update_interval_s,max_update_interval_s,measured_update_rate_hz,stale_threshold_s,stale_rows,stale_fraction,max_stale_duration_s,confirmed_outages
Synchronised V abd S datasets/Categorised IOVNB Dataset/M (Driver B)/S-M.csv,smartphone,105974,105974,1.0,1091,9.0,9.09999966621399,130.0,0.10319112397029824,18.0,4382,0.04134976503670712,129.90000009536743,0
Synchronised V abd S datasets/Categorised IOVNB Dataset/M (Driver B)/V-M.csv,vehicle,105974,105974,1.0,101570,0.09999999999854481,0.10000000000582077,2.6000000000058208,9.584512890197413,1.0,59,0.0005567403325343952,2.5,0
Synchronised V abd S datasets/Categorised IOVNB Dataset/S (Driver A)/S1/S-S1.csv,smartphone,51746,51746,1.0,532,9.0,9.098999738693237,70.00099992752075,0.10278745644599303,18.0,2029,0.039210760252000154,69.90100026130676,0
Synchronised V abd S datasets/Categorised IOVNB Dataset/S (Driver A)/S1/V-S1.csv,vehicle,51746,51746,1.0,49485,0.09999999999854481,0.10000000000582077,2.0,9.563049570006765,1.0,36,0.0006957059482858578,1.9000000000014552,0
Synchronised V abd S datasets/Categorised IOVNB Dataset/S (Driver A)/S2/S-S2.csv,smartphone,93876,93876,1.0,941,9.0,9.100000143051147,146.0,0.10025373794343848,18.0,6162,0.06563978013549789,145.90000009536743,0
Synchronised V abd S datasets/Categorised IOVNB Dataset/S (Driver A)/S2/V-S2.csv,vehicle,93876,93876,1.0,89620,0.09999999999854481,0.10000000000582077,2.8999999999941792,9.546631158455392,1.0,188,0.002002641782777281,2.7999999999956344,0
Synchronised V abd S datasets/Categorised IOVNB Dataset/S (Driver A)/S3a/S-S3a.csv,smartphone,24621,24621,1.0,254,9.0,9.001000165939331,65.0,0.10309702653387709,18.0,1087,0.044149303440152714,64.9009997844696,0
Synchronised V abd S datasets/Categorised IOVNB Dataset/S (Driver A)/S3a/V-S3a.csv,vehicle,24621,24621,1.0,23672,0.10000000000582077,0.10000000000582077,1.5,9.614541023558083,1.0,5,0.00020307867267779537,1.4000000000087311,0
Synchronised V abd S datasets/Categorised IOVNB Dataset/S (Driver A)/S3b/S-S3b.csv,smartphone,6813,6813,1.0,74,9.0,9.100800037384033,33.026999711990356,0.1065649871436035,18.0,106,0.015558491119917804,32.92699980735779,0
Synchronised V abd S datasets/Categorised IOVNB Dataset/S (Driver A)/S3b/V-S3b.csv,vehicle,6813,6813,1.0,6578,0.10000000000582077,0.10000000000582077,0.5,9.655020551967159,1.0,0,0.0,0.40000000000873115,0
Synchronised V abd S datasets/Categorised IOVNB Dataset/S (Driver A)/S3c/S-S3c.csv,smartphone,37183,37183,1.0,391,9.0,9.098999738693237,60.00099992752075,0.10512132213307358,18.0,1375,0.03697926471774736,59.901000022888184,0
Synchronised V abd S datasets/Categorised IOVNB Dataset/S (Driver A)/S3c/V-S3c.csv,vehicle,37183,37183,1.0,36242,0.10000000000582077,0.10000000000582077,10.80000000000291,9.74692055295574,1.0,112,0.003012129198827421,10.700000000011642,0
Synchronised V abd S datasets/Categorised IOVNB Dataset/S (Driver A)/S4/S-S4.csv,smartphone,94600,94600,1.0,932,9.0,9.000999927520752,337.6419999599457,0.09529165079517052,18.0,7851,0.08299154334038054,331.9010000228882,0
Synchronised V abd S datasets/Categorised IOVNB Dataset/S (Driver A)/S4/V-S4.csv,vehicle,94600,94600,1.0,87121,0.09999999999854481,0.10000000000582077,2.1000000000058208,9.20939967652935,1.0,63,0.0006659619450317125,2.0,0
Synchronised V abd S datasets/Categorised IOVNB Dataset/Vf (Driver E)/V-Vfa01/S-Vfa01.csv,smartphone,11486,11486,1.0,123,9.0,9.001999855041504,34.0,0.10693302926638448,18.0,159,0.013842939230367404,33.90000009536743,0
Synchronised V abd S datasets/Categorised IOVNB Dataset/Vf (Driver E)/V-Vfa01/V-Vfa01.csv,vehicle,11535,11535,1.0,11231,0.09999999999854481,0.10000000000582077,1.6999999999970896,9.736431420149112,1.0,8,0.0006935413957520589,1.5999999999985448,0
Synchronised V abd S datasets/Categorised IOVNB Dataset/Vf (Driver E)/V-Vfa02/S-Vfa02.csv,smartphone,67523,67523,1.0,747,9.0,9.001000165939331,20.0,0.11055945008109726,18.0,20,0.0002961953704663596,19.899999856948853,0
Synchronised V abd S datasets/Categorised IOVNB Dataset/Vf (Driver E)/V-Vfa02/V-Vfa02.csv,vehicle,67755,67755,1.0,67434,0.09999999999854481,0.10000000000582077,0.9000000000014552,9.952622723381642,1.0,0,0.0,0.8000000000029104,0
Synchronised V abd S datasets/Categorised IOVNB Dataset/Vta (Driver E)/Vta01a/S-Vta1a.csv,smartphone,25676,25676,1.0,2520,1.0,1.001000165939331,36.0,0.9813003652284836,2.0,409,0.015929272472347718,35.89999985694885,0
Synchronised V abd S datasets/Categorised IOVNB Dataset/Vta (Driver E)/Vta01a/V-Vta1a.csv,vehicle,25676,25676,1.0,25663,0.09999999999854481,0.10000000000582077,0.5,9.99493670886076,1.0,0,0.0,0.4000000000014552,0
Synchronised V abd S datasets/Categorised IOVNB Dataset/Vta (Driver E)/Vta01b/S-Vta1b.csv,smartphone,954,954,1.0,95,1.0,1.0010000944137574,2.0,0.9905163319866913,2.0,0,0.0,1.8999998569488525,0
Synchronised V abd S datasets/Categorised IOVNB Dataset/Vta (Driver E)/Vta01b/V-Vta1b.csv,vehicle,953,953,1.0,953,0.09999999999854481,0.10000000000582077,0.10000000000582077,10.000000000000306,1.0,0,0.0,0.0,0
Synchronised V abd S datasets/Categorised IOVNB Dataset/Vta (Driver E)/Vta02/S-Vta2.csv,smartphone,10991,10991,1.0,1023,1.0,1.001000165939331,45.0,0.9323983801917897,2.0,646,0.05877536165953962,44.89999985694885,0
Synchronised V abd S datasets/Categorised IOVNB Dataset/Vta (Driver E)/Vta02/V-vta2.csv,vehicle,10991,10991,1.0,10809,0.09999999999854481,0.10000000000582077,1.1999999999970896,9.834394904458598,1.0,1,9.09835319807115e-05,1.0999999999985448,0
Synchronised V abd S datasets/Categorised IOVNB Dataset/Vta (Driver E)/Vta03/S-Vta3.csv,smartphone,645,645,1.0,5,9.0,19.85,24.5,0.07766990291262135,18.0,64,0.09922480620155039,24.40000009536743,0
Synchronised V abd S datasets/Categorised IOVNB Dataset/Vta (Driver E)/Vta03/V-vta3.csv,vehicle,645,645,1.0,643,0.09999999999854481,0.10000000000582077,0.3000000000029104,9.968944099378657,1.0,0,0.0,0.20000000000436557,0
Synchronised V abd S datasets/Categorised IOVNB Dataset/Vta (Driver E)/Vta04/S-Vta4.csv,smartphone,1789,1789,1.0,21,9.0,9.00099995136261,9.003000020980835,0.11236018175302231,18.0,0,0.0,8.902000188827515,0
Synchronised V abd S datasets/Categorised IOVNB Dataset/Vta (Driver E)/Vta04/V-vta4.csv,vehicle,1789,1789,1.0,1789,0.09999999999854481,0.10000000000582077,0.10000000000582077,9.999999999999837,1.0,0,0.0,0.0,0
Synchronised V abd S datasets/Categorised IOVNB Dataset/Vta (Driver E)/Vta05/S-Vta5.csv,smartphone,307,307,1.0,4,9.0,9.000799942016602,9.000999927520752,0.1111111111111111,18.0,0,0.0,8.901000022888184,0
Synchronised V abd S datasets/Categorised IOVNB Dataset/Vta (Driver E)/Vta05/V-vta5.csv,vehicle,307,307,1.0,307,0.09999999999854481,0.10000000000582077,0.10000000000582077,10.000000000000476,1.0,0,0.0,0.0,0
Synchronised V abd S datasets/Categorised IOVNB Dataset/Vta (Driver E)/Vta06/S-Vta6.csv,smartphone,1376,1376,1.0,16,9.0,9.000999927520752,9.002000093460083,0.11244377823152332,18.0,0,0.0,8.901000022888184,0
Synchronised V abd S datasets/Categorised IOVNB Dataset/Vta (Driver E)/Vta06/V-vta6.csv,vehicle,1376,1376,1.0,1376,0.09999999999854481,0.10000000000582077,0.10000000000582077,10.0,1.0,0,0.0,0.0,0
Synchronised V abd S datasets/Categorised IOVNB Dataset/Vta (Driver E)/Vta07/S-Vta7.csv,smartphone,840,840,1.0,10,9.0,9.00019998550415,9.000999927520752,0.11235814807379362,18.0,0,0.0,8.900000095367432,0
Synchronised V abd S datasets/Categorised IOVNB Dataset/Vta (Driver E)/Vta07/V-vta7.csv,vehicle,840,840,1.0,840,0.09999999999854481,0.10000000000582077,0.10000000000582077,9.999999999999826,1.0,0,0.0,0.0,0
Synchronised V abd S datasets/Categorised IOVNB Dataset/Vta (Driver E)/Vta08/S-Vta8.csv,smartphone,3676,3676,1.0,33,9.0,9.000999927520752,82.00200009346008,0.08886420441120453,18.0,639,0.17383025027203483,81.89900016784668,0
Synchronised V abd S datasets/Categorised IOVNB Dataset/Vta (Driver E)/Vta08/V-vta8.csv,vehicle,3676,3676,1.0,3321,0.09999999999854481,0.10000000000582077,1.7999999999956344,9.034013605442176,1.0,12,0.003264417845484222,1.6999999999970896,0
Synchronised V abd S datasets/Categorised IOVNB Dataset/Vta (Driver E)/Vta09/S-Vta9.csv,smartphone,156,156,1.0,2,8.999000072479248,8.999000072479248,8.999000072479248,0.1111234572670136,17.998000144958496,0,0.0,8.89900016784668,0
Synchronised V abd S datasets/Categorised IOVNB Dataset/Vta (Driver E)/Vta09/V-vta9.csv,vehicle,156,156,1.0,156,0.09999999999854481,0.10000000000582077,0.10000000000582077,10.0,1.0,0,0.0,0.0,0
Synchronised V abd S datasets/Categorised IOVNB Dataset/Vta (Driver E)/Vta10/S-Vta10.csv,smartphone,1502,1502,1.0,17,9.0,9.000999927520752,9.000999927520752,0.1111111111111111,18.0,0,0.0,8.901000022888184,0
Synchronised V abd S datasets/Categorised IOVNB Dataset/Vta (Driver E)/Vta10/V-vta10.csv,vehicle,1502,1502,1.0,1502,0.09999999999854481,0.10000000000582077,0.10000000000582077,10.000000000000098,1.0,0,0.0,0.0,0
Synchronised V abd S datasets/Categorised IOVNB Dataset/Vta (Driver E)/Vta11/S-Vta11.csv,smartphone,510,510,1.0,6,9.0,9.00059995651245,9.000999927520752,0.1111111111111111,18.0,0,0.0,8.900000095367432,0
Synchronised V abd S datasets/Categorised IOVNB Dataset/Vta (Driver E)/Vta11/V-vta11.csv,vehicle,510,510,1.0,510,0.09999999999854481,0.10000000000582077,0.10000000000582077,9.999999999999714,1.0,0,0.0,0.0,0
Synchronised V abd S datasets/Categorised IOVNB Dataset/Vta (Driver E)/Vta12/S-Vta12.csv,smartphone,610,610,1.0,7,9.0,9.0,9.0,0.1111111111111111,18.0,0,0.0,8.900000095367432,0
Synchronised V abd S datasets/Categorised IOVNB Dataset/Vta (Driver E)/Vta12/V-vta12.csv,vehicle,610,610,1.0,610,0.09999999999854481,0.10000000000582077,0.10000000000582077,9.99999999999976,1.0,0,0.0,0.0,0
Synchronised V abd S datasets/Categorised IOVNB Dataset/Vta (Driver E)/Vta13/S-Vta13.csv,smartphone,404,404,1.0,6,9.0,9.00059995651245,9.000999927520752,0.13850031919467104,18.0,0,0.0,8.900000095367432,0
Synchronised V abd S datasets/Categorised IOVNB Dataset/Vta (Driver E)/Vta13/V-vta13.csv,vehicle,404,404,1.0,404,0.09999999999854481,0.10000000000582077,0.10000000000582077,10.000000000001084,1.0,0,0.0,0.0,0
Synchronised V abd S datasets/Categorised IOVNB Dataset/Vta (Driver E)/Vta14/S-Vta14.csv,smartphone,2885,2885,1.0,33,9.0,9.000999927520752,9.001999855041504,0.11114970481382457,18.0,0,0.0,8.901000261306763,0
Synchronised V abd S datasets/Categorised IOVNB Dataset/Vta (Driver E)/Vta14/V-vta14.csv,vehicle,2885,2885,1.0,2885,0.09999999999854481,0.10000000000582077,0.10000000000582077,10.000000000000203,1.0,0,0.0,0.0,0
Synchronised V abd S datasets/Categorised IOVNB Dataset/Vta (Driver E)/Vta15/S-Vta15.csv,smartphone,833,833,1.0,10,9.0,9.0,9.0,0.1145038169328236,18.0,0,0.0,8.903000116348267,0
Synchronised V abd S datasets/Categorised IOVNB Dataset/Vta (Driver E)/Vta15/V-vta15.csv,vehicle,833,833,1.0,833,0.09999999999854481,0.10000000000582077,0.10000000000582077,10.00000000000035,1.0,0,0.0,0.0,0
Synchronised V abd S datasets/Categorised IOVNB Dataset/Vta (Driver E)/Vta16/S-Vta16.csv,smartphone,11335,11335,1.0,122,9.0,9.000999927520752,34.00399994850159,0.10739327238384583,18.0,168,0.014821349801499779,33.90000009536743,0
Synchronised V abd S datasets/Categorised IOVNB Dataset/Vta (Driver E)/Vta16/V-vta16.csv,vehicle,11335,11335,1.0,11243,0.09999999999854481,0.10000000000582077,0.4000000000014552,9.918828304217387,1.0,0,0.0,0.3000000000029104,0
Synchronised V abd S datasets/Categorised IOVNB Dataset/Vta (Driver E)/Vta17/S-Vta17.csv,smartphone,4519,4519,1.0,50,9.0,9.000999927520752,11.100000381469727,0.11011607135420663,18.0,0,0.0,10.999000072479248,0
Synchronised V abd S datasets/Categorised IOVNB Dataset/Vta (Driver E)/Vta17/V-vta17.csv,vehicle,4519,4519,1.0,4453,0.09999999999854481,0.10000000000582077,0.5,9.853917662682699,1.0,0,0.0,0.4000000000014552,0
Synchronised V abd S datasets/Categorised IOVNB Dataset/Vta (Driver E)/Vta19/S-Vta19.csv,smartphone,292,292,1.0,4,9.0,9.0,9.0,0.1111111111111111,18.0,0,0.0,8.901000261306763,0
Synchronised V abd S datasets/Categorised IOVNB Dataset/Vta (Driver E)/Vta19/V-vta19.csv,vehicle,292,292,1.0,278,0.09999999999854481,0.10000000000582077,0.20000000000436557,9.518900343643088,1.0,0,0.0,0.10000000000582077,0
Synchronised V abd S datasets/Categorised IOVNB Dataset/Vta (Driver E)/Vta20/S-Vta20.csv,smartphone,3223,3223,1.0,10,9.0,62.1002000331879,238.50100016593933,0.02816892590422461,18.0,2205,0.6841452063295067,238.40100026130676,0
Synchronised V abd S datasets/Categorised IOVNB Dataset/Vta (Driver E)/Vta20/V-vta20.csv,vehicle,3223,3223,1.0,1889,0.09999999999854481,0.3000000000029104,1.4000000000014552,5.859714463066472,1.0,5,0.0015513496742165685,1.3000000000029104,0
Synchronised V abd S datasets/Categorised IOVNB Dataset/Vta (Driver E)/Vta21/S-Vta21.csv,smartphone,2079,2079,1.0,24,9.0,9.000999927520752,14.999000072479248,0.11263467186400176,18.0,0,0.0,14.8989999294281,0
Synchronised V abd S datasets/Categorised IOVNB Dataset/Vta (Driver E)/Vta21/V-vta21.csv,vehicle,2079,2079,1.0,2072,0.09999999999854481,0.10000000000582077,0.3000000000029104,9.966313763233739,1.0,0,0.0,0.20000000000436557,0
Synchronised V abd S datasets/Categorised IOVNB Dataset/Vta (Driver E)/Vta22/S-Vta22.csv,smartphone,1564,1564,1.0,18,9.0,9.000999927520752,9.000999927520752,0.11455448411653597,18.0,0,0.0,8.901000022888184,0
Synchronised V abd S datasets/Categorised IOVNB Dataset/Vta (Driver E)/Vta22/V-vta22.csv,vehicle,1564,1564,1.0,1564,0.09999999999854481,0.10000000000582077,0.10000000000582077,9.999999999999813,1.0,0,0.0,0.0,0
Synchronised V abd S datasets/Categorised IOVNB Dataset/Vta (Driver E)/Vta23/S-Vta23.csv,smartphone,1110,1110,1.0,13,9.0,9.000899934768677,9.000999927520752,0.1129943502317515,18.0,0,0.0,8.901000022888184,0
Synchronised V abd S datasets/Categorised IOVNB Dataset/Vta (Driver E)/Vta23/V-vta23.csv,vehicle,1110,1110,1.0,1104,0.09999999999854481,0.10000000000582077,0.5999999999985448,9.945897204688778,1.0,0,0.0,0.5,0
Synchronised V abd S datasets/Categorised IOVNB Dataset/Vta (Driver E)/Vta24/S-Vta24.csv,smartphone,1171,1171,1.0,10,9.0,12.600799942016604,27.0,0.09155552831785073,18.0,96,0.08198121263877028,26.899999856948853,0
Synchronised V abd S datasets/Categorised IOVNB Dataset/Vta (Driver E)/Vta24/V-vta24.csv,vehicle,1171,1171,1.0,1116,0.09999999999854481,0.10000000000582077,0.3000000000029104,9.52991452991453,1.0,0,0.0,0.20000000000436557,0
Synchronised V abd S datasets/Categorised IOVNB Dataset/Vta (Driver E)/Vta25/S-Vta25.csv,smartphone,646,646,1.0,6,9.0,18.400000000000002,22.0,0.08077805390460013,18.0,39,0.06037151702786378,21.899999856948853,0
Synchronised V abd S datasets/Categorised IOVNB Dataset/Vta (Driver E)/Vta25/V-vta25.csv,vehicle,646,646,1.0,540,0.09999999999854481,0.19999999999708962,1.0,8.356589147286822,1.0,0,0.0,0.9000000000014552,0
Synchronised V abd S datasets/Categorised IOVNB Dataset/Vta (Driver E)/Vta26/S-Vta26.csv,smartphone,1935,1935,1.0,16,9.0,12.0007999420166,61.99900007247925,0.07841087289620655,18.0,439,0.2268733850129199,61.89900016784668,0
Synchronised V abd S datasets/Categorised IOVNB Dataset/Vta (Driver E)/Vta26/V-vta26.csv,vehicle,1935,1935,1.0,1566,0.09999999999854481,0.19999999999708962,1.2999999999956344,8.092037228541821,1.0,3,0.0015503875968992248,1.1999999999970896,0
Synchronised V abd S datasets/Categorised IOVNB Dataset/Vta (Driver E)/Vta27/S-Vta27.csv,smartphone,2540,2540,1.0,25,9.0,9.000999927520752,29.59999990463257,0.09693053315526662,18.0,134,0.05275590551181102,29.500999927520752,0
Synchronised V abd S datasets/Categorised IOVNB Dataset/Vta (Driver E)/Vta27/V-vta27.csv,vehicle,2540,2540,1.0,2437,0.09999999999854481,0.10000000000582077,1.3000000000029104,9.594328475778084,1.0,2,0.0007874015748031496,1.1999999999970896,0
Synchronised V abd S datasets/Categorised IOVNB Dataset/Vta (Driver E)/Vta28/S-Vta28.csv,smartphone,4210,4210,1.0,43,9.0,9.000999927520752,32.0,0.10518380867456235,18.0,175,0.04156769596199525,31.901000022888184,0
Synchronised V abd S datasets/Categorised IOVNB Dataset/Vta (Driver E)/Vta28/V-vta28.csv,vehicle,4210,4210,1.0,4156,0.09999999999854481,0.10000000000582077,0.3000000000029104,9.871703492516174,1.0,0,0.0,0.20000000000436557,0
Synchronised V abd S datasets/Categorised IOVNB Dataset/Vta (Driver E)/Vta29/S-Vta29.csv,smartphone,23705,23705,1.0,249,9.0,9.000999927520752,34.0,0.10485912092235432,18.0,427,0.01801307740982915,33.90000009536743,0
Synchronised V abd S datasets/Categorised IOVNB Dataset/Vta (Driver E)/Vta29/V-vta29.csv,vehicle,23705,23705,1.0,23159,0.09999999999854481,0.10000000000582077,1.0,9.769659129260878,1.0,0,0.0,0.9000000000014552,0
Synchronised V abd S datasets/Categorised IOVNB Dataset/Vta (Driver E)/Vta30/S-Vta30.csv,smartphone,17136,17136,1.0,160,9.0,10.199800014495867,83.29999995231628,0.09281419650398696,18.0,1752,0.10224089635854341,83.19900012016296,0
Synchronised V abd S datasets/Categorised IOVNB Dataset/Vta (Driver E)/Vta30/V-vta30.csv,vehicle,17136,17136,1.0,15988,0.09999999999854481,0.10000000000582077,1.2000000000043656,9.330026262036768,1.0,2,0.00011671335200746966,1.1000000000058208,0
Synchronised V abd S datasets/Categorised IOVNB Dataset/Vtb (Driver E)/Vtb01/S-Vtb1.csv,smartphone,32459,32459,1.0,280,9.0,9.001000165939331,663.4190001487732,0.08615634319062684,18.0,2878,0.08866570134631381,663.4190001487732,0
Synchronised V abd S datasets/Categorised IOVNB Dataset/Vtb (Driver E)/Vtb01/V-vtb1.csv,vehicle,32459,32459,1.0,31783,0.09999999999854481,0.10000000000582077,1.2999999999956344,9.791730852178212,1.0,2,6.161619273545088e-05,1.1999999999970896,0
Synchronised V abd S datasets/Categorised IOVNB Dataset/Vtb (Driver E)/Vtb02/S-Vtb2.csv,smartphone,5712,5712,1.0,56,9.0,9.002599954605103,36.00099992752075,0.09770846991537642,18.0,299,0.05234593837535014,35.901000022888184,0
Synchronised V abd S datasets/Categorised IOVNB Dataset/Vtb (Driver E)/Vtb02/V-vtb2.csv,vehicle,5712,5712,1.0,5273,0.09999999999854481,0.10000000000582077,1.7000000000043656,9.231308002101231,1.0,9,0.0015756302521008404,1.5999999999985448,0
Synchronised V abd S datasets/Categorised IOVNB Dataset/Vtb (Driver E)/Vtb03/S-Vtb3.csv,smartphone,8240,8240,1.0,36,13.000999927520752,49.559799957275395,109.0990002155304,0.042750702342926654,26.001999855041504,2532,0.30728155339805824,108.99900007247925,0
Synchronised V abd S datasets/Categorised IOVNB Dataset/Vtb (Driver E)/Vtb03/V-vtb3.csv,vehicle,8240,8240,1.0,6750,0.09999999999854481,0.10000000000582077,1.3000000000029104,8.19152809807014,1.0,7,0.0008495145631067961,1.1999999999970896,0
Synchronised V abd S datasets/Categorised IOVNB Dataset/Vtb (Driver E)/Vtb04/S-Vtb4.csv,smartphone,556,556,1.0,6,9.0,9.001599884033203,9.001999855041504,0.11110864220913026,18.0,0,0.0,10.499000072479248,0
Synchronised V abd S datasets/Categorised IOVNB Dataset/Vtb (Driver E)/Vtb04/V-vtb4.csv,vehicle,556,556,1.0,526,0.09999999999854481,0.10000000000582077,0.5999999999985448,9.476534296029877,1.0,0,0.0,0.5,0
Synchronised V abd S datasets/Categorised IOVNB Dataset/Vtb (Driver E)/Vtb05/S-Vtb5.csv,smartphone,64388,64388,1.0,703,9.0,9.000999927520752,40.00099992752075,0.10906885803089476,18.0,480,0.007454805243213021,39.901000022888184,0
Synchronised V abd S datasets/Categorised IOVNB Dataset/Vtb (Driver E)/Vtb05/V-vtb5.csv,vehicle,64388,64388,1.0,63903,0.09999999999854481,0.10000000000582077,1.3000000000029104,9.92467423548231,1.0,3,4.659253277008138e-05,1.2000000000043656,0
Synchronised V abd S datasets/Categorised IOVNB Dataset/Vtb (Driver E)/Vtb06/S-Vtb6.csv,smartphone,498,498,1.0,6,9.0,9.001199913024902,9.001999855041504,0.1111111111111111,18.0,0,0.0,8.901000022888184,0
Synchronised V abd S datasets/Categorised IOVNB Dataset/Vtb (Driver E)/Vtb06/V-vtb6.csv,vehicle,498,498,1.0,498,0.10000000000582077,0.10000000000582077,0.10000000000582077,9.999999999997657,1.0,0,0.0,0.0,0
Synchronised V abd S datasets/Categorised IOVNB Dataset/Vtb (Driver E)/Vtb07/S-Vtb7.csv,smartphone,461,461,1.0,6,9.0,9.00059995651245,9.000999927520752,0.11110864220913026,18.0,0,0.0,8.901000022888184,0
Synchronised V abd S datasets/Categorised IOVNB Dataset/Vtb (Driver E)/Vtb07/V-vtb7.csv,vehicle,461,461,1.0,461,0.10000000000582077,0.10000000000582077,0.10000000000582077,10.0,1.0,0,0.0,0.0,0
Synchronised V abd S datasets/Categorised IOVNB Dataset/Vtb (Driver E)/Vtb08/S-Vtb8.csv,smartphone,668,668,1.0,8,9.0,9.000399971008301,9.000999927520752,0.1111111111111111,18.0,0,0.0,8.901000022888184,0
Synchronised V abd S datasets/Categorised IOVNB Dataset/Vtb (Driver E)/Vtb08/V-vtb8.csv,vehicle,668,668,1.0,668,0.10000000000582077,0.10000000000582077,0.10000000000582077,10.000000000000437,1.0,0,0.0,0.0,0
Synchronised V abd S datasets/Categorised IOVNB Dataset/Vtb (Driver E)/Vtb09/S-Vtb9.csv,smartphone,452,452,1.0,6,9.0,9.0,9.0,0.11111604924425052,18.0,0,0.0,8.900000095367432,0
Synchronised V abd S datasets/Categorised IOVNB Dataset/Vtb (Driver E)/Vtb09/V-vtb9.csv,vehicle,452,452,1.0,452,0.10000000000582077,0.10000000000582077,0.10000000000582077,9.999999999998709,1.0,0,0.0,0.0,0
Synchronised V abd S datasets/Categorised IOVNB Dataset/Vtb (Driver E)/Vtb10/S-Vtb10.csv,smartphone,196,196,1.0,3,5.5,8.3,9.0,0.18181818181818182,11.0,0,0.0,8.900000095367432,0
Synchronised V abd S datasets/Categorised IOVNB Dataset/Vtb (Driver E)/Vtb10/V-vtb10.csv,vehicle,195,195,1.0,195,0.10000000000582077,0.10000000000582077,0.10000000000582077,9.999999999995499,1.0,0,0.0,0.0,0
Synchronised V abd S datasets/Categorised IOVNB Dataset/Vtb (Driver E)/Vtb11/S-Vtb11.csv,smartphone,361,361,1.0,5,9.0,9.001399898529053,9.001999855041504,0.1111111111111111,18.0,0,0.0,8.900000095367432,0
Synchronised V abd S datasets/Categorised IOVNB Dataset/Vtb (Driver E)/Vtb11/V-vtb11.csv,vehicle,361,361,1.0,361,0.10000000000582077,0.10000000000582077,0.10000000000582077,10.0,1.0,0,0.0,0.0,0
Synchronised V abd S datasets/Categorised IOVNB Dataset/Vtb (Driver E)/Vtb12/S-Vtb12.csv,smartphone,447,447,1.0,5,9.0,9.0,9.0,0.11141750993047157,18.0,0,0.0,8.900000095367432,0
Synchronised V abd S datasets/Categorised IOVNB Dataset/Vtb (Driver E)/Vtb12/V-vtb12.csv,vehicle,447,447,1.0,447,0.10000000000582077,0.10000000000582077,0.10000000000582077,10.000000000001958,1.0,0,0.0,0.0,0
Synchronised V abd S datasets/Categorised IOVNB Dataset/Vw (Driver E)/Vw01/S-Vw1.csv,smartphone,20476,20476,1.0,1,,,,,,0,0.0,2047.5,0
Synchronised V abd S datasets/Categorised IOVNB Dataset/Vw (Driver E)/Vw01/V-Vw1.csv,vehicle,20475,20475,1.0,5291,0.2999999999956344,0.8000000000029104,6.30000000000291,2.583764774836376,1.0,1568,0.07658119658119658,6.19999999999709,0
Synchronised V abd S datasets/Categorised IOVNB Dataset/Vw (Driver E)/Vw02/S-Vw2.csv,smartphone,52713,52713,1.0,565,9.0,9.100000143051147,58.00099992752075,0.107098097298791,18.0,849,0.016106083888224917,57.90499997138977,0
Synchronised V abd S datasets/Categorised IOVNB Dataset/Vw (Driver E)/Vw02/V-Vw2.csv,vehicle,52712,52712,1.0,51513,0.09999999999854481,0.10000000000582077,1.8999999999941792,9.772533247329783,1.0,16,0.00030353619669145547,1.7999999999956344,0
Synchronised V abd S datasets/Categorised IOVNB Dataset/Vw (Driver E)/Vw03/S-Vw3.csv,smartphone,3861,3861,1.0,41,9.0,9.099999904632568,15.0,0.10928931890328498,18.0,20,0.00518000518000518,20.0,0
Synchronised V abd S datasets/Categorised IOVNB Dataset/Vw (Driver E)/Vw03/V-Vw3.csv,vehicle,3861,3861,1.0,3856,0.09999999999854481,0.10000000000582077,0.3000000000029104,9.987046632124352,1.0,0,0.0,0.20000000000436557,0
Synchronised V abd S datasets/Categorised IOVNB Dataset/Vw (Driver E)/Vw04/S-Vw4.csv,smartphone,126526,126526,1.0,1340,9.0,9.099999904632568,94.99900007247925,0.10585901587025337,18.0,3620,0.028610720326257055,94.89999985694885,0
Synchronised V abd S datasets/Categorised IOVNB Dataset/Vw (Driver E)/Vw04/V-Vw4.csv,vehicle,126527,126527,1.0,123766,0.09999999999854481,0.10000000000582077,2.0,9.781783981158018,1.0,21,0.00016597248018209552,1.8999999999941792,0
Synchronised V abd S datasets/Categorised IOVNB Dataset/Vw (Driver E)/Vw05/S-Vw5.csv,smartphone,1012,1012,1.0,12,9.0,9.10099983215332,9.10099983215332,0.11458213985588513,18.0,0,0.0,9.000999927520752,0
Synchronised V abd S datasets/Categorised IOVNB Dataset/Vw (Driver E)/Vw05/V-Vw5.csv,vehicle,1012,1012,1.0,1000,0.09999999999854481,0.10000000000582077,0.3000000000029104,9.881305637982338,1.0,0,0.0,0.20000000000436557,0
Synchronised V abd S datasets/Categorised IOVNB Dataset/Vw (Driver E)/Vw06/S-Vw6.csv,smartphone,1281,1281,1.0,15,9.0,9.099999904632568,9.099999904632568,0.1119104717080145,18.0,0,0.0,8.999000072479248,0
Synchronised V abd S datasets/Categorised IOVNB Dataset/Vw (Driver E)/Vw06/V-Vw6.csv,vehicle,1281,1281,1.0,1281,0.09999999999854481,0.10000000000582077,0.10000000000582077,10.0,1.0,0,0.0,0.0,0
Synchronised V abd S datasets/Categorised IOVNB Dataset/Vw (Driver E)/Vw07/S-Vw7.csv,smartphone,1602,1602,1.0,18,9.0,9.099999904632568,9.099999904632568,0.1111111111111111,18.0,0,0.0,9.0,0
Synchronised V abd S datasets/Categorised IOVNB Dataset/Vw (Driver E)/Vw07/V-Vw7.csv,vehicle,1602,1602,1.0,1601,0.09999999999854481,0.10000000000582077,0.19999999999708962,9.993753903810209,1.0,0,0.0,0.09999999999854481,0
Synchronised V abd S datasets/Categorised IOVNB Dataset/Vw (Driver E)/Vw08/S-Vw8.csv,smartphone,1529,1529,1.0,17,9.0,9.05049991607666,9.10099983215332,0.1111111111111111,18.0,0,0.0,9.0,0
Synchronised V abd S datasets/Categorised IOVNB Dataset/Vw (Driver E)/Vw08/V-Vw8.csv,vehicle,1529,1529,1.0,1522,0.09999999999854481,0.10000000000582077,0.5,9.954188481675203,1.0,0,0.0,0.4000000000014552,0
Synchronised V abd S datasets/Categorised IOVNB Dataset/Vw (Driver E)/Vw09/S-Vw9.csv,smartphone,552,552,1.0,7,8.950999975204468,9.049999952316284,9.098000049591064,0.11214324475981112,17.901999950408936,0,0.0,8.998000144958496,0
Synchronised V abd S datasets/Categorised IOVNB Dataset/Vw (Driver E)/Vw09/V-Vw9.csv,vehicle,553,553,1.0,553,0.09999999999854481,0.10000000000582077,0.10000000000582077,10.000000000000528,1.0,0,0.0,0.0,0
Synchronised V abd S datasets/Categorised IOVNB Dataset/Vw (Driver E)/Vw10/S-Vw10.csv,smartphone,652,652,1.0,8,9.0,9.039999961853027,9.099999904632568,0.1111111111111111,18.0,0,0.0,9.000999927520752,0
Synchronised V abd S datasets/Categorised IOVNB Dataset/Vw (Driver E)/Vw10/V-Vw10.csv,vehicle,652,652,1.0,652,0.09999999999854481,0.10000000000582077,0.10000000000582077,10.000000000000224,1.0,0,0.0,0.0,0
Synchronised V abd S datasets/Categorised IOVNB Dataset/Vw (Driver E)/Vw11/S-Vw11.csv,smartphone,4909,4909,1.0,49,9.0,9.099999904632568,49.0,0.09948186528497409,18.0,339,0.06905683438582196,48.89999985694885,0
Synchronised V abd S datasets/Categorised IOVNB Dataset/Vw (Driver E)/Vw11/V-Vw11.csv,vehicle,4909,4909,1.0,4520,0.09999999999854481,0.10000000000582077,1.1999999999970896,9.207416462917632,1.0,1,0.00020370747606437156,1.0999999999985448,0
Synchronised V abd S datasets/Categorised IOVNB Dataset/Vw (Driver E)/Vw12/S-Vw12.csv,smartphone,918,918,1.0,11,9.0,9.100000143051147,9.100000143051147,0.11641443526074335,18.0,0,0.0,9.0,0
Synchronised V abd S datasets/Categorised IOVNB Dataset/Vw (Driver E)/Vw12/V-Vw12.csv,vehicle,918,918,1.0,918,0.09999999999854481,0.10000000000582077,0.10000000000582077,9.999999999999524,1.0,0,0.0,0.0,0
Synchronised V abd S datasets/Categorised IOVNB Dataset/Vw (Driver E)/Vw13/S-Vw13.csv,smartphone,284,284,1.0,4,8.900999784469604,8.979400014877319,8.999000072479248,0.11583458852367531,17.80199956893921,0,0.0,8.900000095367432,0
Synchronised V abd S datasets/Categorised IOVNB Dataset/Vw (Driver E)/Vw13/V-Vw13.csv,vehicle,284,284,1.0,284,0.09999999999854481,0.10000000000582077,0.10000000000582077,9.999999999998971,1.0,0,0.0,0.0,0
Synchronised V abd S datasets/Categorised IOVNB Dataset/Vw (Driver E)/Vw14a/S-Vw14a.csv,smartphone,3138,3138,1.0,36,9.0,9.000999927520752,9.000999927520752,0.11290322580645161,18.0,0,0.0,8.903000116348267,0
Synchronised V abd S datasets/Categorised IOVNB Dataset/Vw (Driver E)/Vw14a/V-Vw14a.csv,vehicle,3138,3138,1.0,3138,0.09999999999854481,0.10000000000582077,0.10000000000582077,9.999999999999861,1.0,0,0.0,0.0,0
Synchronised V abd S datasets/Categorised IOVNB Dataset/Vw (Driver E)/Vw14b/S-Vw14b.csv,smartphone,19588,19588,1.0,219,9.0,9.000999927520752,9.10099983215332,0.11133804324311872,18.0,0,0.0,9.000999927520752,0
Synchronised V abd S datasets/Categorised IOVNB Dataset/Vw (Driver E)/Vw14b/V-Vw14b.csv,vehicle,19588,19588,1.0,19588,0.09999999999854481,0.10000000000582077,0.10099999999511056,9.999999999999977,1.0,0,0.0,0.0,0
Synchronised V abd S datasets/Categorised IOVNB Dataset/Vw (Driver E)/Vw14c/S-Vw14c.csv,smartphone,15826,15826,1.0,157,9.0,9.099999904632568,48.0,0.09993600251682205,18.0,743,0.04694806015417667,47.901000022888184,0
Synchronised V abd S datasets/Categorised IOVNB Dataset/Vw (Driver E)/Vw14c/V-Vw14c.csv,vehicle,15826,15826,1.0,14909,0.09999999999854481,0.10000000000582077,1.9000000000014552,9.421132457027293,1.0,19,0.0012005560470112473,1.7999999999956344,0
Synchronised V abd S datasets/Categorised IOVNB Dataset/Vw (Driver E)/Vw15/S-Vw15.csv,smartphone,1380,1380,1.0,1,,,,,,0,0.0,137.90000009536743,0
Synchronised V abd S datasets/Categorised IOVNB Dataset/Vw (Driver E)/Vw15/V-Vw15.csv,vehicle,1391,1391,1.0,892,0.09999999999854481,0.2999999999956344,2.599999999998545,6.410071942446043,1.0,15,0.010783608914450037,2.5,0
Synchronised V abd S datasets/Categorised IOVNB Dataset/Vw (Driver E)/Vw16a/S-Vw16a.csv,smartphone,5879,5879,1.0,61,9.0,9.10099983215332,46.001999855041504,0.10268697587694078,18.0,279,0.047457050518795715,45.89999985694885,0
Synchronised V abd S datasets/Categorised IOVNB Dataset/Vw (Driver E)/Vw16a/V-Vw16a.csv,vehicle,5879,5879,1.0,5729,0.09999999999854481,0.10000000000582077,0.7999999999956344,9.744811160258664,1.0,0,0.0,0.6999999999970896,0
Synchronised V abd S datasets/Categorised IOVNB Dataset/Vw (Driver E)/Vw16b/S-Vw16b.csv,smartphone,1126,1126,1.0,13,9.0,9.099899888038635,9.10099983215332,0.11111008214333633,18.0,0,0.0,9.000999927520752,0
Synchronised V abd S datasets/Categorised IOVNB Dataset/Vw (Driver E)/Vw16b/V-Vw16b.csv,vehicle,1126,1126,1.0,1126,0.09999999999854481,0.10000000000582077,0.10000000000582077,10.0,1.0,0,0.0,0.0,0
Synchronised V abd S datasets/Categorised IOVNB Dataset/Vw (Driver E)/Vw17/S-Vw17.csv,smartphone,329,329,1.0,4,8.901000261306763,9.059399843215942,9.098999738693237,0.11904289524033697,17.802000522613525,0,0.0,9.0,0
Synchronised V abd S datasets/Categorised IOVNB Dataset/Vw (Driver E)/Vw17/V-Vw17.csv,vehicle,329,329,1.0,329,0.09999999999854481,0.10000000000582077,0.10000000000582077,9.999999999999112,1.0,0,0.0,0.0,0
Synchronised V abd S datasets/Categorised IOVNB Dataset/Y (Driver D)/Y1/S-Y1.csv,smartphone,70285,70285,1.0,721,9.0,9.004999876022339,267.9799997806549,0.09764542964643042,18.0,2788,0.03966706978729458,94.89900016784668,0
Synchronised V abd S datasets/Categorised IOVNB Dataset/Y (Driver D)/Y1/V-Y1.csv,vehicle,70285,70285,1.0,67912,0.09999999999854481,0.10000000000582077,384.6000000000058,8.857802473000474,1.0,26,0.00036992245856157073,1.7000000000043656,0
Synchronised V abd S datasets/Uncategorised IOVNB Dataset/S-Dataset/S-M.csv,smartphone,105974,105974,1.0,1091,9.0,9.09999966621399,130.0,0.10319112397029824,18.0,4382,0.04134976503670712,129.90000009536743,0
Synchronised V abd S datasets/Uncategorised IOVNB Dataset/S-Dataset/S-S1.csv,smartphone,51746,51746,1.0,532,9.0,9.098999738693237,70.00099992752075,0.10278745644599303,18.0,2029,0.039210760252000154,69.90100026130676,0
Synchronised V abd S datasets/Uncategorised IOVNB Dataset/S-Dataset/S-S2.csv,smartphone,93876,93876,1.0,941,9.0,9.100000143051147,146.0,0.10025373794343848,18.0,6162,0.06563978013549789,145.90000009536743,0
Synchronised V abd S datasets/Uncategorised IOVNB Dataset/S-Dataset/S-S3a.csv,smartphone,24621,24621,1.0,254,9.0,9.001000165939331,65.0,0.10309702653387709,18.0,1087,0.044149303440152714,64.9009997844696,0
Synchronised V abd S datasets/Uncategorised IOVNB Dataset/S-Dataset/S-S3b.csv,smartphone,6813,6813,1.0,74,9.0,9.100800037384033,33.026999711990356,0.1065649871436035,18.0,106,0.015558491119917804,32.92699980735779,0
Synchronised V abd S datasets/Uncategorised IOVNB Dataset/S-Dataset/S-S3c.csv,smartphone,37183,37183,1.0,391,9.0,9.098999738693237,60.00099992752075,0.10512132213307358,18.0,1375,0.03697926471774736,59.901000022888184,0
Synchronised V abd S datasets/Uncategorised IOVNB Dataset/S-Dataset/S-S4.csv,smartphone,94600,94600,1.0,932,9.0,9.000999927520752,337.6419999599457,0.09529165079517052,18.0,7851,0.08299154334038054,331.9010000228882,0
Synchronised V abd S datasets/Uncategorised IOVNB Dataset/S-Dataset/S-Vfa01.csv,smartphone,11486,11486,1.0,123,9.0,9.001999855041504,34.0,0.10693302926638448,18.0,159,0.013842939230367404,33.90000009536743,0
Synchronised V abd S datasets/Uncategorised IOVNB Dataset/S-Dataset/S-Vfa02.csv,smartphone,67523,67523,1.0,747,9.0,9.001000165939331,20.0,0.11055945008109726,18.0,20,0.0002961953704663596,19.899999856948853,0
Synchronised V abd S datasets/Uncategorised IOVNB Dataset/S-Dataset/S-Vta10.csv,smartphone,1502,1502,1.0,17,9.0,9.000999927520752,9.000999927520752,0.1111111111111111,18.0,0,0.0,8.901000022888184,0
Synchronised V abd S datasets/Uncategorised IOVNB Dataset/S-Dataset/S-Vta11.csv,smartphone,510,510,1.0,6,9.0,9.00059995651245,9.000999927520752,0.1111111111111111,18.0,0,0.0,8.900000095367432,0
Synchronised V abd S datasets/Uncategorised IOVNB Dataset/S-Dataset/S-Vta12.csv,smartphone,610,610,1.0,7,9.0,9.0,9.0,0.1111111111111111,18.0,0,0.0,8.900000095367432,0
Synchronised V abd S datasets/Uncategorised IOVNB Dataset/S-Dataset/S-Vta13.csv,smartphone,404,404,1.0,6,9.0,9.00059995651245,9.000999927520752,0.13850031919467104,18.0,0,0.0,8.900000095367432,0
Synchronised V abd S datasets/Uncategorised IOVNB Dataset/S-Dataset/S-Vta14.csv,smartphone,2885,2885,1.0,33,9.0,9.000999927520752,9.001999855041504,0.11114970481382457,18.0,0,0.0,8.901000261306763,0
Synchronised V abd S datasets/Uncategorised IOVNB Dataset/S-Dataset/S-Vta15.csv,smartphone,833,833,1.0,10,9.0,9.0,9.0,0.1145038169328236,18.0,0,0.0,8.903000116348267,0
Synchronised V abd S datasets/Uncategorised IOVNB Dataset/S-Dataset/S-Vta16.csv,smartphone,11335,11335,1.0,122,9.0,9.000999927520752,34.00399994850159,0.10739327238384583,18.0,168,0.014821349801499779,33.90000009536743,0
Synchronised V abd S datasets/Uncategorised IOVNB Dataset/S-Dataset/S-Vta17.csv,smartphone,4519,4519,1.0,50,9.0,9.000999927520752,11.100000381469727,0.11011607135420663,18.0,0,0.0,10.999000072479248,0
Synchronised V abd S datasets/Uncategorised IOVNB Dataset/S-Dataset/S-Vta19.csv,smartphone,292,292,1.0,4,9.0,9.0,9.0,0.1111111111111111,18.0,0,0.0,8.901000261306763,0
Synchronised V abd S datasets/Uncategorised IOVNB Dataset/S-Dataset/S-Vta1a.csv,smartphone,25676,25676,1.0,2520,1.0,1.001000165939331,36.0,0.9813003652284836,2.0,409,0.015929272472347718,35.89999985694885,0
Synchronised V abd S datasets/Uncategorised IOVNB Dataset/S-Dataset/S-Vta1b.csv,smartphone,954,954,1.0,95,1.0,1.0010000944137574,2.0,0.9905163319866913,2.0,0,0.0,1.8999998569488525,0
Synchronised V abd S datasets/Uncategorised IOVNB Dataset/S-Dataset/S-Vta2.csv,smartphone,10991,10991,1.0,1023,1.0,1.001000165939331,45.0,0.9323983801917897,2.0,646,0.05877536165953962,44.89999985694885,0
Synchronised V abd S datasets/Uncategorised IOVNB Dataset/S-Dataset/S-Vta20.csv,smartphone,3223,3223,1.0,10,9.0,62.1002000331879,238.50100016593933,0.02816892590422461,18.0,2205,0.6841452063295067,238.40100026130676,0
Synchronised V abd S datasets/Uncategorised IOVNB Dataset/S-Dataset/S-Vta21.csv,smartphone,2079,2079,1.0,24,9.0,9.000999927520752,14.999000072479248,0.11263467186400176,18.0,0,0.0,14.8989999294281,0
Synchronised V abd S datasets/Uncategorised IOVNB Dataset/S-Dataset/S-Vta22.csv,smartphone,1564,1564,1.0,18,9.0,9.000999927520752,9.000999927520752,0.11455448411653597,18.0,0,0.0,8.901000022888184,0
Synchronised V abd S datasets/Uncategorised IOVNB Dataset/S-Dataset/S-Vta23.csv,smartphone,1110,1110,1.0,13,9.0,9.000899934768677,9.000999927520752,0.1129943502317515,18.0,0,0.0,8.901000022888184,0
Synchronised V abd S datasets/Uncategorised IOVNB Dataset/S-Dataset/S-Vta24.csv,smartphone,1171,1171,1.0,10,9.0,12.600799942016604,27.0,0.09155552831785073,18.0,96,0.08198121263877028,26.899999856948853,0
Synchronised V abd S datasets/Uncategorised IOVNB Dataset/S-Dataset/S-Vta25.csv,smartphone,646,646,1.0,6,9.0,18.400000000000002,22.0,0.08077805390460013,18.0,39,0.06037151702786378,21.899999856948853,0
Synchronised V abd S datasets/Uncategorised IOVNB Dataset/S-Dataset/S-Vta26.csv,smartphone,1935,1935,1.0,16,9.0,12.0007999420166,61.99900007247925,0.07841087289620655,18.0,439,0.2268733850129199,61.89900016784668,0
Synchronised V abd S datasets/Uncategorised IOVNB Dataset/S-Dataset/S-Vta27.csv,smartphone,2540,2540,1.0,25,9.0,9.000999927520752,29.59999990463257,0.09693053315526662,18.0,134,0.05275590551181102,29.500999927520752,0
Synchronised V abd S datasets/Uncategorised IOVNB Dataset/S-Dataset/S-Vta28.csv,smartphone,4210,4210,1.0,43,9.0,9.000999927520752,32.0,0.10518380867456235,18.0,175,0.04156769596199525,31.901000022888184,0
Synchronised V abd S datasets/Uncategorised IOVNB Dataset/S-Dataset/S-Vta29.csv,smartphone,23705,23705,1.0,249,9.0,9.000999927520752,34.0,0.10485912092235432,18.0,427,0.01801307740982915,33.90000009536743,0
Synchronised V abd S datasets/Uncategorised IOVNB Dataset/S-Dataset/S-Vta3.csv,smartphone,645,645,1.0,5,9.0,19.85,24.5,0.07766990291262135,18.0,64,0.09922480620155039,24.40000009536743,0
Synchronised V abd S datasets/Uncategorised IOVNB Dataset/S-Dataset/S-Vta30.csv,smartphone,17136,17136,1.0,160,9.0,10.199800014495867,83.29999995231628,0.09281419650398696,18.0,1752,0.10224089635854341,83.19900012016296,0
Synchronised V abd S datasets/Uncategorised IOVNB Dataset/S-Dataset/S-Vta4.csv,smartphone,1789,1789,1.0,21,9.0,9.00099995136261,9.003000020980835,0.11236018175302231,18.0,0,0.0,8.902000188827515,0
Synchronised V abd S datasets/Uncategorised IOVNB Dataset/S-Dataset/S-Vta5.csv,smartphone,307,307,1.0,4,9.0,9.000799942016602,9.000999927520752,0.1111111111111111,18.0,0,0.0,8.901000022888184,0
Synchronised V abd S datasets/Uncategorised IOVNB Dataset/S-Dataset/S-Vta6.csv,smartphone,1376,1376,1.0,16,9.0,9.000999927520752,9.002000093460083,0.11244377823152332,18.0,0,0.0,8.901000022888184,0
Synchronised V abd S datasets/Uncategorised IOVNB Dataset/S-Dataset/S-Vta7.csv,smartphone,840,840,1.0,10,9.0,9.00019998550415,9.000999927520752,0.11235814807379362,18.0,0,0.0,8.900000095367432,0
Synchronised V abd S datasets/Uncategorised IOVNB Dataset/S-Dataset/S-Vta8.csv,smartphone,3676,3676,1.0,33,9.0,9.000999927520752,82.00200009346008,0.08886420441120453,18.0,639,0.17383025027203483,81.89900016784668,0
Synchronised V abd S datasets/Uncategorised IOVNB Dataset/S-Dataset/S-Vta9.csv,smartphone,156,156,1.0,2,8.999000072479248,8.999000072479248,8.999000072479248,0.1111234572670136,17.998000144958496,0,0.0,8.89900016784668,0
Synchronised V abd S datasets/Uncategorised IOVNB Dataset/S-Dataset/S-Vtb1.csv,smartphone,32459,32459,1.0,280,9.0,9.001000165939331,663.4190001487732,0.08615634319062684,18.0,2878,0.08866570134631381,663.4190001487732,0
Synchronised V abd S datasets/Uncategorised IOVNB Dataset/S-Dataset/S-Vtb10.csv,smartphone,196,196,1.0,3,5.5,8.3,9.0,0.18181818181818182,11.0,0,0.0,8.900000095367432,0
Synchronised V abd S datasets/Uncategorised IOVNB Dataset/S-Dataset/S-Vtb11.csv,smartphone,361,361,1.0,5,9.0,9.001399898529053,9.001999855041504,0.1111111111111111,18.0,0,0.0,8.900000095367432,0
Synchronised V abd S datasets/Uncategorised IOVNB Dataset/S-Dataset/S-Vtb12.csv,smartphone,447,447,1.0,5,9.0,9.0,9.0,0.11141750993047157,18.0,0,0.0,8.900000095367432,0
Synchronised V abd S datasets/Uncategorised IOVNB Dataset/S-Dataset/S-Vtb2.csv,smartphone,5712,5712,1.0,56,9.0,9.002599954605103,36.00099992752075,0.09770846991537642,18.0,299,0.05234593837535014,35.901000022888184,0
Synchronised V abd S datasets/Uncategorised IOVNB Dataset/S-Dataset/S-Vtb3.csv,smartphone,8240,8240,1.0,36,13.000999927520752,49.559799957275395,109.0990002155304,0.042750702342926654,26.001999855041504,2532,0.30728155339805824,108.99900007247925,0
Synchronised V abd S datasets/Uncategorised IOVNB Dataset/S-Dataset/S-Vtb4.csv,smartphone,556,556,1.0,6,9.0,9.001599884033203,9.001999855041504,0.11110864220913026,18.0,0,0.0,10.499000072479248,0
Synchronised V abd S datasets/Uncategorised IOVNB Dataset/S-Dataset/S-Vtb5.csv,smartphone,64388,64388,1.0,703,9.0,9.000999927520752,40.00099992752075,0.10906885803089476,18.0,480,0.007454805243213021,39.901000022888184,0
Synchronised V abd S datasets/Uncategorised IOVNB Dataset/S-Dataset/S-Vtb6.csv,smartphone,498,498,1.0,6,9.0,9.001199913024902,9.001999855041504,0.1111111111111111,18.0,0,0.0,8.901000022888184,0
Synchronised V abd S datasets/Uncategorised IOVNB Dataset/S-Dataset/S-Vtb7.csv,smartphone,461,461,1.0,6,9.0,9.00059995651245,9.000999927520752,0.11110864220913026,18.0,0,0.0,8.901000022888184,0
Synchronised V abd S datasets/Uncategorised IOVNB Dataset/S-Dataset/S-Vtb8.csv,smartphone,668,668,1.0,8,9.0,9.000399971008301,9.000999927520752,0.1111111111111111,18.0,0,0.0,8.901000022888184,0
Synchronised V abd S datasets/Uncategorised IOVNB Dataset/S-Dataset/S-Vtb9.csv,smartphone,452,452,1.0,6,9.0,9.0,9.0,0.11111604924425052,18.0,0,0.0,8.900000095367432,0
Synchronised V abd S datasets/Uncategorised IOVNB Dataset/S-Dataset/S-Vw1.csv,smartphone,20476,20476,1.0,1,,,,,,0,0.0,2047.5,0
Synchronised V abd S datasets/Uncategorised IOVNB Dataset/S-Dataset/S-Vw10.csv,smartphone,652,652,1.0,8,9.0,9.039999961853027,9.099999904632568,0.1111111111111111,18.0,0,0.0,9.000999927520752,0
Synchronised V abd S datasets/Uncategorised IOVNB Dataset/S-Dataset/S-Vw11.csv,smartphone,4909,4909,1.0,49,9.0,9.099999904632568,49.0,0.09948186528497409,18.0,339,0.06905683438582196,48.89999985694885,0
Synchronised V abd S datasets/Uncategorised IOVNB Dataset/S-Dataset/S-Vw12.csv,smartphone,918,918,1.0,11,9.0,9.100000143051147,9.100000143051147,0.11641443526074335,18.0,0,0.0,9.0,0
Synchronised V abd S datasets/Uncategorised IOVNB Dataset/S-Dataset/S-Vw13.csv,smartphone,284,284,1.0,4,8.900999784469604,8.979400014877319,8.999000072479248,0.11583458852367531,17.80199956893921,0,0.0,8.900000095367432,0
Synchronised V abd S datasets/Uncategorised IOVNB Dataset/S-Dataset/S-Vw14a.csv,smartphone,3138,3138,1.0,36,9.0,9.000999927520752,9.000999927520752,0.11290322580645161,18.0,0,0.0,8.903000116348267,0
Synchronised V abd S datasets/Uncategorised IOVNB Dataset/S-Dataset/S-Vw14b.csv,smartphone,19588,19588,1.0,219,9.0,9.000999927520752,9.10099983215332,0.11133804324311872,18.0,0,0.0,9.000999927520752,0
Synchronised V abd S datasets/Uncategorised IOVNB Dataset/S-Dataset/S-Vw14c.csv,smartphone,15826,15826,1.0,157,9.0,9.099999904632568,48.0,0.09993600251682205,18.0,743,0.04694806015417667,47.901000022888184,0
Synchronised V abd S datasets/Uncategorised IOVNB Dataset/S-Dataset/S-Vw15.csv,smartphone,1380,1380,1.0,1,,,,,,0,0.0,137.90000009536743,0
Synchronised V abd S datasets/Uncategorised IOVNB Dataset/S-Dataset/S-Vw16a.csv,smartphone,5879,5879,1.0,61,9.0,9.10099983215332,46.001999855041504,0.10268697587694078,18.0,279,0.047457050518795715,45.89999985694885,0
Synchronised V abd S datasets/Uncategorised IOVNB Dataset/S-Dataset/S-Vw16b.csv,smartphone,1126,1126,1.0,13,9.0,9.099899888038635,9.10099983215332,0.11111008214333633,18.0,0,0.0,9.000999927520752,0
Synchronised V abd S datasets/Uncategorised IOVNB Dataset/S-Dataset/S-Vw17.csv,smartphone,329,329,1.0,4,8.901000261306763,9.059399843215942,9.098999738693237,0.11904289524033697,17.802000522613525,0,0.0,9.0,0
Synchronised V abd S datasets/Uncategorised IOVNB Dataset/S-Dataset/S-Vw2.csv,smartphone,52713,52713,1.0,565,9.0,9.100000143051147,58.00099992752075,0.107098097298791,18.0,849,0.016106083888224917,57.90499997138977,0
Synchronised V abd S datasets/Uncategorised IOVNB Dataset/S-Dataset/S-Vw3.csv,smartphone,3861,3861,1.0,41,9.0,9.099999904632568,15.0,0.10928931890328498,18.0,20,0.00518000518000518,20.0,0
Synchronised V abd S datasets/Uncategorised IOVNB Dataset/S-Dataset/S-Vw4.csv,smartphone,126526,126526,1.0,1340,9.0,9.099999904632568,94.99900007247925,0.10585901587025337,18.0,3620,0.028610720326257055,94.89999985694885,0
Synchronised V abd S datasets/Uncategorised IOVNB Dataset/S-Dataset/S-Vw5.csv,smartphone,1012,1012,1.0,12,9.0,9.10099983215332,9.10099983215332,0.11458213985588513,18.0,0,0.0,9.000999927520752,0
Synchronised V abd S datasets/Uncategorised IOVNB Dataset/S-Dataset/S-Vw6.csv,smartphone,1281,1281,1.0,15,9.0,9.099999904632568,9.099999904632568,0.1119104717080145,18.0,0,0.0,8.999000072479248,0
Synchronised V abd S datasets/Uncategorised IOVNB Dataset/S-Dataset/S-Vw7.csv,smartphone,1602,1602,1.0,18,9.0,9.099999904632568,9.099999904632568,0.1111111111111111,18.0,0,0.0,9.0,0
Synchronised V abd S datasets/Uncategorised IOVNB Dataset/S-Dataset/S-Vw8.csv,smartphone,1529,1529,1.0,17,9.0,9.05049991607666,9.10099983215332,0.1111111111111111,18.0,0,0.0,9.0,0
Synchronised V abd S datasets/Uncategorised IOVNB Dataset/S-Dataset/S-Vw9.csv,smartphone,552,552,1.0,7,8.950999975204468,9.049999952316284,9.098000049591064,0.11214324475981112,17.901999950408936,0,0.0,8.998000144958496,0
Synchronised V abd S datasets/Uncategorised IOVNB Dataset/S-Dataset/S-Y1.csv,smartphone,70285,70285,1.0,721,9.0,9.004999876022339,267.9799997806549,0.09764542964643042,18.0,2788,0.03966706978729458,94.89900016784668,0
Synchronised V abd S datasets/Uncategorised IOVNB Dataset/V-Dataset/V-M.csv,vehicle,105974,105974,1.0,101570,0.09999999999854481,0.10000000000582077,2.6000000000058208,9.584512890197413,1.0,59,0.0005567403325343952,2.5,0
Synchronised V abd S datasets/Uncategorised IOVNB Dataset/V-Dataset/V-S1.csv,vehicle,51746,51746,1.0,49485,0.09999999999854481,0.10000000000582077,2.0,9.563049570006765,1.0,36,0.0006957059482858578,1.9000000000014552,0
Synchronised V abd S datasets/Uncategorised IOVNB Dataset/V-Dataset/V-S2.csv,vehicle,93876,93876,1.0,89620,0.09999999999854481,0.10000000000582077,2.8999999999941792,9.546631158455392,1.0,188,0.002002641782777281,2.7999999999956344,0
Synchronised V abd S datasets/Uncategorised IOVNB Dataset/V-Dataset/V-S3a.csv,vehicle,24621,24621,1.0,23672,0.10000000000582077,0.10000000000582077,1.5,9.614541023558083,1.0,5,0.00020307867267779537,1.4000000000087311,0
Synchronised V abd S datasets/Uncategorised IOVNB Dataset/V-Dataset/V-S3b.csv,vehicle,6813,6813,1.0,6578,0.10000000000582077,0.10000000000582077,0.5,9.655020551967159,1.0,0,0.0,0.40000000000873115,0
Synchronised V abd S datasets/Uncategorised IOVNB Dataset/V-Dataset/V-S3c.csv,vehicle,37183,37183,1.0,36242,0.10000000000582077,0.10000000000582077,10.80000000000291,9.74692055295574,1.0,112,0.003012129198827421,10.700000000011642,0
Synchronised V abd S datasets/Uncategorised IOVNB Dataset/V-Dataset/V-S4.csv,vehicle,94600,94600,1.0,87121,0.09999999999854481,0.10000000000582077,2.1000000000058208,9.20939967652935,1.0,63,0.0006659619450317125,2.0,0
Synchronised V abd S datasets/Uncategorised IOVNB Dataset/V-Dataset/V-Vfa01.csv,vehicle,11535,11535,1.0,11231,0.09999999999854481,0.10000000000582077,1.6999999999970896,9.736431420149112,1.0,8,0.0006935413957520589,1.5999999999985448,0
Synchronised V abd S datasets/Uncategorised IOVNB Dataset/V-Dataset/V-Vfa02.csv,vehicle,67755,67755,1.0,67434,0.09999999999854481,0.10000000000582077,0.9000000000014552,9.952622723381642,1.0,0,0.0,0.8000000000029104,0
Synchronised V abd S datasets/Uncategorised IOVNB Dataset/V-Dataset/V-vta10.csv,vehicle,1502,1502,1.0,1502,0.09999999999854481,0.10000000000582077,0.10000000000582077,10.000000000000098,1.0,0,0.0,0.0,0
Synchronised V abd S datasets/Uncategorised IOVNB Dataset/V-Dataset/V-vta11.csv,vehicle,510,510,1.0,510,0.09999999999854481,0.10000000000582077,0.10000000000582077,9.999999999999714,1.0,0,0.0,0.0,0
Synchronised V abd S datasets/Uncategorised IOVNB Dataset/V-Dataset/V-vta12.csv,vehicle,610,610,1.0,610,0.09999999999854481,0.10000000000582077,0.10000000000582077,9.99999999999976,1.0,0,0.0,0.0,0
Synchronised V abd S datasets/Uncategorised IOVNB Dataset/V-Dataset/V-vta13.csv,vehicle,404,404,1.0,404,0.09999999999854481,0.10000000000582077,0.10000000000582077,10.000000000001084,1.0,0,0.0,0.0,0
Synchronised V abd S datasets/Uncategorised IOVNB Dataset/V-Dataset/V-vta14.csv,vehicle,2885,2885,1.0,2885,0.09999999999854481,0.10000000000582077,0.10000000000582077,10.000000000000203,1.0,0,0.0,0.0,0
Synchronised V abd S datasets/Uncategorised IOVNB Dataset/V-Dataset/V-vta15.csv,vehicle,833,833,1.0,833,0.09999999999854481,0.10000000000582077,0.10000000000582077,10.00000000000035,1.0,0,0.0,0.0,0
Synchronised V abd S datasets/Uncategorised IOVNB Dataset/V-Dataset/V-vta16.csv,vehicle,11335,11335,1.0,11243,0.09999999999854481,0.10000000000582077,0.4000000000014552,9.918828304217387,1.0,0,0.0,0.3000000000029104,0
Synchronised V abd S datasets/Uncategorised IOVNB Dataset/V-Dataset/V-vta17.csv,vehicle,4519,4519,1.0,4453,0.09999999999854481,0.10000000000582077,0.5,9.853917662682699,1.0,0,0.0,0.4000000000014552,0
Synchronised V abd S datasets/Uncategorised IOVNB Dataset/V-Dataset/V-vta19.csv,vehicle,292,292,1.0,278,0.09999999999854481,0.10000000000582077,0.20000000000436557,9.518900343643088,1.0,0,0.0,0.10000000000582077,0
Synchronised V abd S datasets/Uncategorised IOVNB Dataset/V-Dataset/V-Vta1a.csv,vehicle,25676,25676,1.0,25663,0.09999999999854481,0.10000000000582077,0.5,9.99493670886076,1.0,0,0.0,0.4000000000014552,0
Synchronised V abd S datasets/Uncategorised IOVNB Dataset/V-Dataset/V-Vta1b.csv,vehicle,953,953,1.0,953,0.09999999999854481,0.10000000000582077,0.10000000000582077,10.000000000000306,1.0,0,0.0,0.0,0
Synchronised V abd S datasets/Uncategorised IOVNB Dataset/V-Dataset/V-vta2.csv,vehicle,10991,10991,1.0,10809,0.09999999999854481,0.10000000000582077,1.1999999999970896,9.834394904458598,1.0,1,9.09835319807115e-05,1.0999999999985448,0
Synchronised V abd S datasets/Uncategorised IOVNB Dataset/V-Dataset/V-vta20.csv,vehicle,3223,3223,1.0,1889,0.09999999999854481,0.3000000000029104,1.4000000000014552,5.859714463066472,1.0,5,0.0015513496742165685,1.3000000000029104,0
Synchronised V abd S datasets/Uncategorised IOVNB Dataset/V-Dataset/V-vta21.csv,vehicle,2079,2079,1.0,2072,0.09999999999854481,0.10000000000582077,0.3000000000029104,9.966313763233739,1.0,0,0.0,0.20000000000436557,0
Synchronised V abd S datasets/Uncategorised IOVNB Dataset/V-Dataset/V-vta22.csv,vehicle,1564,1564,1.0,1564,0.09999999999854481,0.10000000000582077,0.10000000000582077,9.999999999999813,1.0,0,0.0,0.0,0
Synchronised V abd S datasets/Uncategorised IOVNB Dataset/V-Dataset/V-vta23.csv,vehicle,1110,1110,1.0,1104,0.09999999999854481,0.10000000000582077,0.5999999999985448,9.945897204688778,1.0,0,0.0,0.5,0
Synchronised V abd S datasets/Uncategorised IOVNB Dataset/V-Dataset/V-vta24.csv,vehicle,1171,1171,1.0,1116,0.09999999999854481,0.10000000000582077,0.3000000000029104,9.52991452991453,1.0,0,0.0,0.20000000000436557,0
Synchronised V abd S datasets/Uncategorised IOVNB Dataset/V-Dataset/V-vta25.csv,vehicle,646,646,1.0,540,0.09999999999854481,0.19999999999708962,1.0,8.356589147286822,1.0,0,0.0,0.9000000000014552,0
Synchronised V abd S datasets/Uncategorised IOVNB Dataset/V-Dataset/V-vta26.csv,vehicle,1935,1935,1.0,1566,0.09999999999854481,0.19999999999708962,1.2999999999956344,8.092037228541821,1.0,3,0.0015503875968992248,1.1999999999970896,0
Synchronised V abd S datasets/Uncategorised IOVNB Dataset/V-Dataset/V-vta27.csv,vehicle,2540,2540,1.0,2437,0.09999999999854481,0.10000000000582077,1.3000000000029104,9.594328475778084,1.0,2,0.0007874015748031496,1.1999999999970896,0
Synchronised V abd S datasets/Uncategorised IOVNB Dataset/V-Dataset/V-vta28.csv,vehicle,4210,4210,1.0,4156,0.09999999999854481,0.10000000000582077,0.3000000000029104,9.871703492516174,1.0,0,0.0,0.20000000000436557,0
Synchronised V abd S datasets/Uncategorised IOVNB Dataset/V-Dataset/V-vta29.csv,vehicle,23705,23705,1.0,23159,0.09999999999854481,0.10000000000582077,1.0,9.769659129260878,1.0,0,0.0,0.9000000000014552,0
Synchronised V abd S datasets/Uncategorised IOVNB Dataset/V-Dataset/V-vta3.csv,vehicle,645,645,1.0,643,0.09999999999854481,0.10000000000582077,0.3000000000029104,9.968944099378657,1.0,0,0.0,0.20000000000436557,0
Synchronised V abd S datasets/Uncategorised IOVNB Dataset/V-Dataset/V-vta30.csv,vehicle,17136,17136,1.0,15988,0.09999999999854481,0.10000000000582077,1.2000000000043656,9.330026262036768,1.0,2,0.00011671335200746966,1.1000000000058208,0
Synchronised V abd S datasets/Uncategorised IOVNB Dataset/V-Dataset/V-vta4.csv,vehicle,1789,1789,1.0,1789,0.09999999999854481,0.10000000000582077,0.10000000000582077,9.999999999999837,1.0,0,0.0,0.0,0
Synchronised V abd S datasets/Uncategorised IOVNB Dataset/V-Dataset/V-vta5.csv,vehicle,307,307,1.0,307,0.09999999999854481,0.10000000000582077,0.10000000000582077,10.000000000000476,1.0,0,0.0,0.0,0
Synchronised V abd S datasets/Uncategorised IOVNB Dataset/V-Dataset/V-vta6.csv,vehicle,1376,1376,1.0,1376,0.09999999999854481,0.10000000000582077,0.10000000000582077,10.0,1.0,0,0.0,0.0,0
Synchronised V abd S datasets/Uncategorised IOVNB Dataset/V-Dataset/V-vta7.csv,vehicle,840,840,1.0,840,0.09999999999854481,0.10000000000582077,0.10000000000582077,9.999999999999826,1.0,0,0.0,0.0,0
Synchronised V abd S datasets/Uncategorised IOVNB Dataset/V-Dataset/V-vta8.csv,vehicle,3676,3676,1.0,3321,0.09999999999854481,0.10000000000582077,1.7999999999956344,9.034013605442176,1.0,12,0.003264417845484222,1.6999999999970896,0
Synchronised V abd S datasets/Uncategorised IOVNB Dataset/V-Dataset/V-vta9.csv,vehicle,156,156,1.0,156,0.09999999999854481,0.10000000000582077,0.10000000000582077,10.0,1.0,0,0.0,0.0,0
Synchronised V abd S datasets/Uncategorised IOVNB Dataset/V-Dataset/V-vtb1.csv,vehicle,32459,32459,1.0,31783,0.09999999999854481,0.10000000000582077,1.2999999999956344,9.791730852178212,1.0,2,6.161619273545088e-05,1.1999999999970896,0
Synchronised V abd S datasets/Uncategorised IOVNB Dataset/V-Dataset/V-vtb10.csv,vehicle,195,195,1.0,195,0.10000000000582077,0.10000000000582077,0.10000000000582077,9.999999999995499,1.0,0,0.0,0.0,0
Synchronised V abd S datasets/Uncategorised IOVNB Dataset/V-Dataset/V-vtb11.csv,vehicle,361,361,1.0,361,0.10000000000582077,0.10000000000582077,0.10000000000582077,10.0,1.0,0,0.0,0.0,0
Synchronised V abd S datasets/Uncategorised IOVNB Dataset/V-Dataset/V-vtb12.csv,vehicle,447,447,1.0,447,0.10000000000582077,0.10000000000582077,0.10000000000582077,10.000000000001958,1.0,0,0.0,0.0,0
Synchronised V abd S datasets/Uncategorised IOVNB Dataset/V-Dataset/V-vtb2.csv,vehicle,5712,5712,1.0,5273,0.09999999999854481,0.10000000000582077,1.7000000000043656,9.231308002101231,1.0,9,0.0015756302521008404,1.5999999999985448,0
Synchronised V abd S datasets/Uncategorised IOVNB Dataset/V-Dataset/V-vtb3.csv,vehicle,8240,8240,1.0,6750,0.09999999999854481,0.10000000000582077,1.3000000000029104,8.19152809807014,1.0,7,0.0008495145631067961,1.1999999999970896,0
Synchronised V abd S datasets/Uncategorised IOVNB Dataset/V-Dataset/V-vtb4.csv,vehicle,556,556,1.0,526,0.09999999999854481,0.10000000000582077,0.5999999999985448,9.476534296029877,1.0,0,0.0,0.5,0
Synchronised V abd S datasets/Uncategorised IOVNB Dataset/V-Dataset/V-vtb5.csv,vehicle,64388,64388,1.0,63903,0.09999999999854481,0.10000000000582077,1.3000000000029104,9.92467423548231,1.0,3,4.659253277008138e-05,1.2000000000043656,0
Synchronised V abd S datasets/Uncategorised IOVNB Dataset/V-Dataset/V-vtb6.csv,vehicle,498,498,1.0,498,0.10000000000582077,0.10000000000582077,0.10000000000582077,9.999999999997657,1.0,0,0.0,0.0,0
Synchronised V abd S datasets/Uncategorised IOVNB Dataset/V-Dataset/V-vtb7.csv,vehicle,461,461,1.0,461,0.10000000000582077,0.10000000000582077,0.10000000000582077,10.0,1.0,0,0.0,0.0,0
Synchronised V abd S datasets/Uncategorised IOVNB Dataset/V-Dataset/V-vtb8.csv,vehicle,668,668,1.0,668,0.10000000000582077,0.10000000000582077,0.10000000000582077,10.000000000000437,1.0,0,0.0,0.0,0
Synchronised V abd S datasets/Uncategorised IOVNB Dataset/V-Dataset/V-vtb9.csv,vehicle,452,452,1.0,452,0.10000000000582077,0.10000000000582077,0.10000000000582077,9.999999999998709,1.0,0,0.0,0.0,0
Synchronised V abd S datasets/Uncategorised IOVNB Dataset/V-Dataset/V-Vw1.csv,vehicle,20475,20475,1.0,5291,0.2999999999956344,0.8000000000029104,6.30000000000291,2.583764774836376,1.0,1568,0.07658119658119658,6.19999999999709,0
Synchronised V abd S datasets/Uncategorised IOVNB Dataset/V-Dataset/V-Vw10.csv,vehicle,652,652,1.0,652,0.09999999999854481,0.10000000000582077,0.10000000000582077,10.000000000000224,1.0,0,0.0,0.0,0
Synchronised V abd S datasets/Uncategorised IOVNB Dataset/V-Dataset/V-Vw11.csv,vehicle,4909,4909,1.0,4520,0.09999999999854481,0.10000000000582077,1.1999999999970896,9.207416462917632,1.0,1,0.00020370747606437156,1.0999999999985448,0
Synchronised V abd S datasets/Uncategorised IOVNB Dataset/V-Dataset/V-Vw12.csv,vehicle,918,918,1.0,918,0.09999999999854481,0.10000000000582077,0.10000000000582077,9.999999999999524,1.0,0,0.0,0.0,0
Synchronised V abd S datasets/Uncategorised IOVNB Dataset/V-Dataset/V-Vw13.csv,vehicle,284,284,1.0,284,0.09999999999854481,0.10000000000582077,0.10000000000582077,9.999999999998971,1.0,0,0.0,0.0,0
Synchronised V abd S datasets/Uncategorised IOVNB Dataset/V-Dataset/V-Vw14a.csv,vehicle,3138,3138,1.0,3138,0.09999999999854481,0.10000000000582077,0.10000000000582077,9.999999999999861,1.0,0,0.0,0.0,0
Synchronised V abd S datasets/Uncategorised IOVNB Dataset/V-Dataset/V-Vw14b.csv,vehicle,19588,19588,1.0,19588,0.09999999999854481,0.10000000000582077,0.10099999999511056,9.999999999999977,1.0,0,0.0,0.0,0
Synchronised V abd S datasets/Uncategorised IOVNB Dataset/V-Dataset/V-Vw14c.csv,vehicle,15826,15826,1.0,14909,0.09999999999854481,0.10000000000582077,1.9000000000014552,9.421132457027293,1.0,19,0.0012005560470112473,1.7999999999956344,0
Synchronised V abd S datasets/Uncategorised IOVNB Dataset/V-Dataset/V-Vw15.csv,vehicle,1391,1391,1.0,892,0.09999999999854481,0.2999999999956344,2.599999999998545,6.410071942446043,1.0,15,0.010783608914450037,2.5,0
Synchronised V abd S datasets/Uncategorised IOVNB Dataset/V-Dataset/V-Vw16a.csv,vehicle,5879,5879,1.0,5729,0.09999999999854481,0.10000000000582077,0.7999999999956344,9.744811160258664,1.0,0,0.0,0.6999999999970896,0
Synchronised V abd S datasets/Uncategorised IOVNB Dataset/V-Dataset/V-Vw16b.csv,vehicle,1126,1126,1.0,1126,0.09999999999854481,0.10000000000582077,0.10000000000582077,10.0,1.0,0,0.0,0.0,0
Synchronised V abd S datasets/Uncategorised IOVNB Dataset/V-Dataset/V-Vw17.csv,vehicle,329,329,1.0,329,0.09999999999854481,0.10000000000582077,0.10000000000582077,9.999999999999112,1.0,0,0.0,0.0,0
Synchronised V abd S datasets/Uncategorised IOVNB Dataset/V-Dataset/V-Vw2.csv,vehicle,52712,52712,1.0,51513,0.09999999999854481,0.10000000000582077,1.8999999999941792,9.772533247329783,1.0,16,0.00030353619669145547,1.7999999999956344,0
Synchronised V abd S datasets/Uncategorised IOVNB Dataset/V-Dataset/V-Vw3.csv,vehicle,3861,3861,1.0,3856,0.09999999999854481,0.10000000000582077,0.3000000000029104,9.987046632124352,1.0,0,0.0,0.20000000000436557,0
Synchronised V abd S datasets/Uncategorised IOVNB Dataset/V-Dataset/V-Vw4.csv,vehicle,126527,126527,1.0,123766,0.09999999999854481,0.10000000000582077,2.0,9.781783981158018,1.0,21,0.00016597248018209552,1.8999999999941792,0
Synchronised V abd S datasets/Uncategorised IOVNB Dataset/V-Dataset/V-Vw5.csv,vehicle,1012,1012,1.0,1000,0.09999999999854481,0.10000000000582077,0.3000000000029104,9.881305637982338,1.0,0,0.0,0.20000000000436557,0
Synchronised V abd S datasets/Uncategorised IOVNB Dataset/V-Dataset/V-Vw6.csv,vehicle,1281,1281,1.0,1281,0.09999999999854481,0.10000000000582077,0.10000000000582077,10.0,1.0,0,0.0,0.0,0
Synchronised V abd S datasets/Uncategorised IOVNB Dataset/V-Dataset/V-Vw7.csv,vehicle,1602,1602,1.0,1601,0.09999999999854481,0.10000000000582077,0.19999999999708962,9.993753903810209,1.0,0,0.0,0.09999999999854481,0
Synchronised V abd S datasets/Uncategorised IOVNB Dataset/V-Dataset/V-Vw8.csv,vehicle,1529,1529,1.0,1522,0.09999999999854481,0.10000000000582077,0.5,9.954188481675203,1.0,0,0.0,0.4000000000014552,0
Synchronised V abd S datasets/Uncategorised IOVNB Dataset/V-Dataset/V-Vw9.csv,vehicle,553,553,1.0,553,0.09999999999854481,0.10000000000582077,0.10000000000582077,10.000000000000528,1.0,0,0.0,0.0,0
Synchronised V abd S datasets/Uncategorised IOVNB Dataset/V-Dataset/V-Y1.csv,vehicle,70285,70285,1.0,67912,0.09999999999854481,0.10000000000582077,384.6000000000058,8.857802473000474,1.0,26,0.00036992245856157073,1.7000000000043656,0
Unsynchronised V and S Dataset/Categorised IOVNB (V) Dataset/V Dataset/M (Driver B)/V-M.csv,vehicle,105995,105995,1.0,101590,0.09999999999854481,0.10000000000582077,2.6000000000058208,9.584591289908674,1.0,59,0.0005566300297183829,2.5,0
Unsynchronised V and S Dataset/Categorised IOVNB (V) Dataset/V Dataset/S (Driver A)/S1/V-S1.csv,vehicle,51790,51790,1.0,49528,0.09999999999854481,0.10000000000582077,2.0,9.563412373522818,1.0,36,0.0006951148870438309,1.9000000000014552,0
Unsynchronised V and S Dataset/Categorised IOVNB (V) Dataset/V Dataset/S (Driver A)/S2/V-S2.csv,vehicle,93900,93900,1.0,89628,0.09999999999854481,0.10000000000582077,2.8999999999941792,9.545246386998523,1.0,188,0.002002129925452609,2.7999999999956344,0
Unsynchronised V and S Dataset/Categorised IOVNB (V) Dataset/V Dataset/S (Driver A)/S3a/V-S3a.csv,vehicle,24660,24660,1.0,23711,0.10000000000582077,0.10000000000582077,1.5,9.615150654933256,1.0,5,0.00020275750202757503,1.4000000000087311,0
Unsynchronised V and S Dataset/Categorised IOVNB (V) Dataset/V Dataset/S (Driver A)/S3b/V-S3b.csv,vehicle,6840,6840,1.0,6605,0.10000000000582077,0.10000000000582077,0.5,9.656382512063043,1.0,0,0.0,0.40000000000873115,0
Unsynchronised V and S Dataset/Categorised IOVNB (V) Dataset/V Dataset/S (Driver A)/S3c/V-S3c.csv,vehicle,37220,37220,1.0,36279,0.10000000000582077,0.10000000000582077,10.80000000000291,9.74717214326014,1.0,112,0.0030091348737238044,10.700000000011642,0
Unsynchronised V and S Dataset/Categorised IOVNB (V) Dataset/V Dataset/S (Driver A)/S4/V-S4.csv,vehicle,97824,97824,1.0,90316,0.09999999999854481,0.10000000000582077,2.1000000000058208,9.232585716914398,1.0,63,0.0006440137389597645,2.0,0
Unsynchronised V and S Dataset/Categorised IOVNB (V) Dataset/V Dataset/St (Driver C)/St1/V-St1.csv,vehicle,57213,57213,1.0,56198,0.09999999999854481,0.10000000000582077,2.900000000001455,9.822589666503536,1.0,34,0.0005942705329208397,2.8000000000029104,0
Unsynchronised V and S Dataset/Categorised IOVNB (V) Dataset/V Dataset/St (Driver C)/St4/V-St4.csv,vehicle,13591,13591,1.0,13588,0.09999999999854481,0.10000000000582077,0.20000000000436557,9.997792494481237,1.0,0,0.0,0.10000000000582077,0
Unsynchronised V and S Dataset/Categorised IOVNB (V) Dataset/V Dataset/St (Driver C)/St6/V-St6.csv,vehicle,51360,51360,1.0,50885,0.09999999999854481,0.10000000000582077,1.2000000000043656,9.90751377557974,1.0,2,3.8940809968847354e-05,1.0999999999985448,0
Unsynchronised V and S Dataset/Categorised IOVNB (V) Dataset/V Dataset/St (Driver C)/St7/V-St7.csv,vehicle,44427,44427,1.0,43365,0.09999999999854481,0.10000000000582077,5.100000000005821,9.615717231744895,1.0,19,0.0004276678596349067,2.0,0
Unsynchronised V and S Dataset/Categorised IOVNB (V) Dataset/V Dataset/Vf (Driver E)/V-Vfa01/V-Vfa01.csv,vehicle,11535,11535,1.0,11231,0.09999999999854481,0.10000000000582077,1.6999999999970896,9.736431420149112,1.0,8,0.0006935413957520589,1.5999999999985448,0
Unsynchronised V and S Dataset/Categorised IOVNB (V) Dataset/V Dataset/Vf (Driver E)/V-Vfa02/V-Vfa02.csv,vehicle,67755,67755,1.0,67434,0.09999999999854481,0.10000000000582077,0.9000000000014552,9.952622723381642,1.0,0,0.0,0.8000000000029104,0
Unsynchronised V and S Dataset/Categorised IOVNB (V) Dataset/V Dataset/Vf (Driver E)/V-Vfb01a/V-Vfb01a.csv,vehicle,17000,17000,1.0,15754,0.09999999999854481,0.10000000000582077,3.6000000000058208,9.267015706806275,1.0,25,0.0014705882352941176,3.5,0
Unsynchronised V and S Dataset/Categorised IOVNB (V) Dataset/V Dataset/Vf (Driver E)/V-Vfb01b/V-Vfb01b.csv,vehicle,3880,3880,1.0,3846,0.09999999999854481,0.10000000000582077,0.7000000000043656,9.912348543438993,1.0,0,0.0,0.6000000000058208,0
Unsynchronised V and S Dataset/Categorised IOVNB (V) Dataset/V Dataset/Vf (Driver E)/V-Vfb01c/V-Vfb01c.csv,vehicle,6320,6320,1.0,6318,0.09999999999854481,0.10000000000582077,0.20000000000436557,9.996834942237673,1.0,0,0.0,0.10000000000582077,0
Unsynchronised V and S Dataset/Categorised IOVNB (V) Dataset/V Dataset/Vf (Driver E)/V-Vfb01d/V-Vfb01d.csv,vehicle,10713,10713,1.0,9323,0.09999999999854481,0.10000000000582077,1.1999999999970896,8.702389843166507,1.0,1,9.334453467749463e-05,1.0999999999985448,0
Unsynchronised V and S Dataset/Categorised IOVNB (V) Dataset/V Dataset/Vf (Driver E)/V-Vfb02a/V-Vfb02a.csv,vehicle,35960,35960,1.0,35941,0.10000000000582077,0.10000000000582077,0.4000000000014552,9.994716204566307,1.0,0,0.0,0.3000000000029104,0
Unsynchronised V and S Dataset/Categorised IOVNB (V) Dataset/V Dataset/Vf (Driver E)/V-Vfb02b/V-Vfb02b.csv,vehicle,11000,11000,1.0,10578,0.10000000000582077,0.10000000000582077,1.8999999999941792,9.616328757159666,1.0,8,0.0007272727272727272,1.8000000000029104,0
Unsynchronised V and S Dataset/Categorised IOVNB (V) Dataset/V Dataset/Vf (Driver E)/V-Vfb02c/V-Vfb02c.csv,vehicle,640,640,1.0,640,0.10000000000582077,0.10000000000582077,0.10000000000582077,9.999999999998634,1.0,0,0.0,0.0,0
Unsynchronised V and S Dataset/Categorised IOVNB (V) Dataset/V Dataset/Vf (Driver E)/V-Vfb02d/V-Vfb02d.csv,vehicle,880,880,1.0,867,0.10000000000582077,0.10000000000582077,0.5999999999912689,9.852104664390374,1.0,0,0.0,0.5,0
Unsynchronised V and S Dataset/Categorised IOVNB (V) Dataset/V Dataset/Vf (Driver E)/V-Vfb02e/V-Vfb02e.csv,vehicle,980,980,1.0,980,0.10000000000582077,0.10000000000582077,0.10000000000582077,9.999999999999108,1.0,0,0.0,0.0,0
Unsynchronised V and S Dataset/Categorised IOVNB (V) Dataset/V Dataset/Vf (Driver E)/V-Vfb02f/V-Vfb02f.csv,vehicle,660,660,1.0,660,0.10000000000582077,0.10000000000582077,0.10000000000582077,9.999999999998675,1.0,0,0.0,0.0,0
Unsynchronised V and S Dataset/Categorised IOVNB (V) Dataset/V Dataset/Vf (Driver E)/V-Vfb02g/V-Vfb02g.csv,vehicle,27159,27159,1.0,27148,0.10000000000582077,0.10000000000582077,0.3000000000029104,9.995949628102206,1.0,0,0.0,0.19999999999708962,0
Unsynchronised V and S Dataset/Categorised IOVNB (V) Dataset/V Dataset/Vta (Driver E)/Vta01a/V-Vta1a.csv,vehicle,25821,25821,1.0,25751,0.09999999999854481,0.10000000000582077,1.0,9.972889233152594,1.0,0,0.0,0.8999999999941792,0
Unsynchronised V and S Dataset/Categorised IOVNB (V) Dataset/V Dataset/Vta (Driver E)/Vta01b/V-Vta1b.csv,vehicle,956,956,1.0,956,0.09999999999854481,0.10000000000582077,0.10000000000582077,10.0,1.0,0,0.0,0.0,0
Unsynchronised V and S Dataset/Categorised IOVNB (V) Dataset/V Dataset/Vta (Driver E)/Vta02/V-Vta2.csv,vehicle,10995,10995,1.0,10813,0.09999999999854481,0.10000000000582077,1.1999999999970896,9.834455157358546,1.0,1,9.095043201455206e-05,1.0999999999985448,0
Unsynchronised V and S Dataset/Categorised IOVNB (V) Dataset/V Dataset/Vta (Driver E)/Vta03/V-Vta3.csv,vehicle,875,875,1.0,822,0.09999999999854481,0.10000000000582077,0.4000000000014552,9.393592677345382,1.0,0,0.0,0.3000000000029104,0
Unsynchronised V and S Dataset/Categorised IOVNB (V) Dataset/V Dataset/Vta (Driver E)/Vta04/V-Vta4.csv,vehicle,1809,1809,1.0,1809,0.09999999999854481,0.10000000000582077,0.10000000000582077,10.000000000000242,1.0,0,0.0,0.0,0
Unsynchronised V and S Dataset/Categorised IOVNB (V) Dataset/V Dataset/Vta (Driver E)/Vta05/V-Vta5.csv,vehicle,357,357,1.0,357,0.09999999999854481,0.10000000000582077,0.10000000000582077,9.999999999998366,1.0,0,0.0,0.0,0
Unsynchronised V and S Dataset/Categorised IOVNB (V) Dataset/V Dataset/Vta (Driver E)/Vta06/V-Vta6.csv,vehicle,1393,1393,1.0,1393,0.09999999999854481,0.10000000000582077,0.10000000000582077,9.999999999999686,1.0,0,0.0,0.0,0
Unsynchronised V and S Dataset/Categorised IOVNB (V) Dataset/V Dataset/Vta (Driver E)/Vta07/V-Vta7.csv,vehicle,857,857,1.0,857,0.09999999999854481,0.10000000000582077,0.10000000000582077,10.00000000000017,1.0,0,0.0,0.0,0
Unsynchronised V and S Dataset/Categorised IOVNB (V) Dataset/V Dataset/Vta (Driver E)/Vta08/V-Vta8.csv,vehicle,3697,3697,1.0,3342,0.09999999999854481,0.10000000000582077,1.7999999999956344,9.039502164502201,1.0,12,0.0032458750338111983,1.6999999999970896,0
Unsynchronised V and S Dataset/Categorised IOVNB (V) Dataset/V Dataset/Vta (Driver E)/Vta09/V-Vta9.csv,vehicle,226,226,1.0,226,0.09999999999854481,0.10000000000582077,0.10000000000582077,10.0,1.0,0,0.0,0.0,0
Unsynchronised V and S Dataset/Categorised IOVNB (V) Dataset/V Dataset/Vta (Driver E)/Vta10/V-Vta10.csv,vehicle,1570,1570,1.0,1570,0.09999999999854481,0.10000000000582077,0.10000000000582077,9.999999999999908,1.0,0,0.0,0.0,0
Unsynchronised V and S Dataset/Categorised IOVNB (V) Dataset/V Dataset/Vta (Driver E)/Vta11/V-Vta11.csv,vehicle,589,589,1.0,589,0.09999999999854481,0.10000000000582077,0.10000000000582077,9.999999999999504,1.0,0,0.0,0.0,0
Unsynchronised V and S Dataset/Categorised IOVNB (V) Dataset/V Dataset/Vta (Driver E)/Vta12/V-Vta12.csv,vehicle,690,690,1.0,690,0.09999999999854481,0.10000000000582077,0.10000000000582077,9.999999999999789,1.0,0,0.0,0.0,0
Unsynchronised V and S Dataset/Categorised IOVNB (V) Dataset/V Dataset/Vta (Driver E)/Vta13/V-Vta13.csv,vehicle,473,473,1.0,473,0.09999999999854481,0.10000000000582077,0.10000000000582077,9.999999999999075,1.0,0,0.0,0.0,0
Unsynchronised V and S Dataset/Categorised IOVNB (V) Dataset/V Dataset/Vta (Driver E)/Vta14/V-Vta14.csv,vehicle,2893,2893,1.0,2893,0.09999999999854481,0.10000000000582077,0.10000000000582077,9.999999999999849,1.0,0,0.0,0.0,0
Unsynchronised V and S Dataset/Categorised IOVNB (V) Dataset/V Dataset/Vta (Driver E)/Vta15/V-Vta15.csv,vehicle,869,869,1.0,869,0.09999999999854481,0.10000000000582077,0.10000000000582077,10.000000000000503,1.0,0,0.0,0.0,0
Unsynchronised V and S Dataset/Categorised IOVNB (V) Dataset/V Dataset/Vta (Driver E)/Vta16/V-Vta16.csv,vehicle,11361,11361,1.0,11269,0.09999999999854481,0.10000000000582077,0.4000000000014552,9.919014084507042,1.0,0,0.0,0.3000000000029104,0
Unsynchronised V and S Dataset/Categorised IOVNB (V) Dataset/V Dataset/Vta (Driver E)/Vta17/V-Vta17.csv,vehicle,4594,4594,1.0,4528,0.09999999999854481,0.10000000000582077,0.5,9.856303069888899,1.0,0,0.0,0.4000000000014552,0
Unsynchronised V and S Dataset/Categorised IOVNB (V) Dataset/V Dataset/Vta (Driver E)/Vta19/V-Vta19.csv,vehicle,310,310,1.0,296,0.09999999999854481,0.10000000000582077,0.20000000000436557,9.546925566342592,1.0,0,0.0,0.10000000000582077,0
Unsynchronised V and S Dataset/Categorised IOVNB (V) Dataset/V Dataset/Vta (Driver E)/Vta20/V-Vta20.csv,vehicle,3223,3223,1.0,1889,0.09999999999854481,0.3000000000029104,1.4000000000014552,5.859714463066472,1.0,5,0.0015513496742165685,1.3000000000029104,0
Unsynchronised V and S Dataset/Categorised IOVNB (V) Dataset/V Dataset/Vta (Driver E)/Vta21/V-Vta21.csv,vehicle,2088,2088,1.0,2081,0.09999999999854481,0.10000000000582077,0.3000000000029104,9.966459032103637,1.0,0,0.0,0.20000000000436557,0
Unsynchronised V and S Dataset/Categorised IOVNB (V) Dataset/V Dataset/Vta (Driver E)/Vta22/V-Vta22.csv,vehicle,1572,1572,1.0,1572,0.09999999999854481,0.10000000000582077,0.10000000000582077,10.000000000000092,1.0,0,0.0,0.0,0
Unsynchronised V and S Dataset/Categorised IOVNB (V) Dataset/V Dataset/Vta (Driver E)/Vta23/V-Vta23.csv,vehicle,1119,1119,1.0,1113,0.09999999999854481,0.10000000000582077,0.5999999999985448,9.946332737030799,1.0,0,0.0,0.5,0
Unsynchronised V and S Dataset/Categorised IOVNB (V) Dataset/V Dataset/Vta (Driver E)/Vta24/V-Vta24.csv,vehicle,1184,1184,1.0,1129,0.09999999999854481,0.10000000000582077,0.3000000000029104,9.535080304310839,1.0,0,0.0,0.20000000000436557,0
Unsynchronised V and S Dataset/Categorised IOVNB (V) Dataset/V Dataset/Vta (Driver E)/Vta25/V-Vta25.csv,vehicle,646,646,1.0,540,0.09999999999854481,0.19999999999708962,1.0,8.356589147286822,1.0,0,0.0,0.9000000000014552,0
Unsynchronised V and S Dataset/Categorised IOVNB (V) Dataset/V Dataset/Vta (Driver E)/Vta26/V-Vta26.csv,vehicle,1947,1947,1.0,1578,0.09999999999854481,0.19999999999708962,1.2999999999956344,8.103802672148056,1.0,3,0.0015408320493066256,1.1999999999970896,0
Unsynchronised V and S Dataset/Categorised IOVNB (V) Dataset/V Dataset/Vta (Driver E)/Vta27/V-Vta27.csv,vehicle,2853,2853,1.0,2559,0.09999999999854481,0.10000000000582077,3.099999999998545,8.969144460027913,1.0,58,0.020329477742726955,3.0,0
Unsynchronised V and S Dataset/Categorised IOVNB (V) Dataset/V Dataset/Vta (Driver E)/Vta28/V-Vta28.csv,vehicle,4219,4219,1.0,4165,0.09999999999854481,0.10000000000582077,0.3000000000029104,9.871977240398225,1.0,0,0.0,0.20000000000436557,0
Unsynchronised V and S Dataset/Categorised IOVNB (V) Dataset/V Dataset/Vta (Driver E)/Vta29/V-Vta29.csv,vehicle,23737,23737,1.0,23191,0.09999999999854481,0.10000000000582077,1.0,9.769969666329631,1.0,0,0.0,0.9000000000014552,0
Unsynchronised V and S Dataset/Categorised IOVNB (V) Dataset/V Dataset/Vta (Driver E)/Vta30/V-Vta30.csv,vehicle,17179,17179,1.0,16021,0.09999999999854481,0.10000000000582077,1.2000000000043656,9.326967862133216,1.0,2,0.00011642121194481634,1.1000000000058208,0
Unsynchronised V and S Dataset/Categorised IOVNB (V) Dataset/V Dataset/Vtb (Driver E)/Vtb01/V-Vtb1.csv,vehicle,32459,32459,1.0,31783,0.09999999999854481,0.10000000000582077,1.2999999999956344,9.791730852178212,1.0,2,6.161619273545088e-05,1.1999999999970896,0
Unsynchronised V and S Dataset/Categorised IOVNB (V) Dataset/V Dataset/Vtb (Driver E)/Vtb02/V-Vtb2.csv,vehicle,5712,5712,1.0,5273,0.09999999999854481,0.10000000000582077,1.7000000000043656,9.231308002101231,1.0,9,0.0015756302521008404,1.5999999999985448,0
Unsynchronised V and S Dataset/Categorised IOVNB (V) Dataset/V Dataset/Vtb (Driver E)/Vtb03/V-Vtb3.csv,vehicle,8289,8289,1.0,6799,0.09999999999854481,0.10000000000582077,1.3000000000029104,8.20222007722012,1.0,7,0.0008444927011702256,1.1999999999970896,0
Unsynchronised V and S Dataset/Categorised IOVNB (V) Dataset/V Dataset/Vtb (Driver E)/Vtb04/V-Vtb4.csv,vehicle,625,625,1.0,594,0.09999999999854481,0.10000000000582077,0.5999999999985448,9.53376205787826,1.0,0,0.0,0.5,0
Unsynchronised V and S Dataset/Categorised IOVNB (V) Dataset/V Dataset/Vtb (Driver E)/Vtb05/V-Vtb5.csv,vehicle,64610,64610,1.0,63999,0.09999999999854481,0.10000000000582077,1.6999999999970896,9.90543113188566,1.0,13,0.00020120724346076458,1.5999999999985448,0
Unsynchronised V and S Dataset/Categorised IOVNB (V) Dataset/V Dataset/Vtb (Driver E)/Vtb06/V-Vtb6.csv,vehicle,508,508,1.0,508,0.10000000000582077,0.10000000000582077,0.10000000000582077,10.000000000000574,1.0,0,0.0,0.0,0
Unsynchronised V and S Dataset/Categorised IOVNB (V) Dataset/V Dataset/Vtb (Driver E)/Vtb07/V-Vtb7.csv,vehicle,461,461,1.0,461,0.10000000000582077,0.10000000000582077,0.10000000000582077,10.0,1.0,0,0.0,0.0,0
Unsynchronised V and S Dataset/Categorised IOVNB (V) Dataset/V Dataset/Vtb (Driver E)/Vtb08/V-Vtb8.csv,vehicle,699,699,1.0,699,0.10000000000582077,0.10000000000582077,0.10000000000582077,9.999999999999583,1.0,0,0.0,0.0,0
Unsynchronised V and S Dataset/Categorised IOVNB (V) Dataset/V Dataset/Vtb (Driver E)/Vtb09/V-Vtb9.csv,vehicle,457,457,1.0,457,0.10000000000582077,0.10000000000582077,0.10000000000582077,10.000000000001915,1.0,0,0.0,0.0,0
Unsynchronised V and S Dataset/Categorised IOVNB (V) Dataset/V Dataset/Vtb (Driver E)/Vtb10/V-Vtb10.csv,vehicle,195,195,1.0,195,0.10000000000582077,0.10000000000582077,0.10000000000582077,9.999999999995499,1.0,0,0.0,0.0,0
Unsynchronised V and S Dataset/Categorised IOVNB (V) Dataset/V Dataset/Vtb (Driver E)/Vtb11/V-Vtb11.csv,vehicle,433,433,1.0,433,0.10000000000582077,0.10000000000582077,0.10000000000582077,9.999999999997305,1.0,0,0.0,0.0,0
Unsynchronised V and S Dataset/Categorised IOVNB (V) Dataset/V Dataset/Vtb (Driver E)/Vtb12/V-Vtb12.csv,vehicle,490,490,1.0,490,0.10000000000582077,0.10000000000582077,0.10000000000582077,9.999999999998215,1.0,0,0.0,0.0,0
Unsynchronised V and S Dataset/Categorised IOVNB (V) Dataset/V Dataset/Vtb (Driver E)/Vtb13/V-Vtb13.csv,vehicle,1245,1245,1.0,1245,0.10000000000582077,0.10000000000582077,0.10000000000582077,10.000000000000467,1.0,0,0.0,0.0,0
Unsynchronised V and S Dataset/Categorised IOVNB (V) Dataset/V Dataset/Vw (Driver E)/Vw01/V-Vw1.csv,vehicle,20475,20475,1.0,5291,0.2999999999956344,0.8000000000029104,6.30000000000291,2.583764774836376,1.0,1568,0.07658119658119658,6.19999999999709,0
Unsynchronised V and S Dataset/Categorised IOVNB (V) Dataset/V Dataset/Vw (Driver E)/Vw02/V-Vw2.csv,vehicle,52712,52712,1.0,51513,0.09999999999854481,0.10000000000582077,1.8999999999941792,9.772533247329783,1.0,16,0.00030353619669145547,1.7999999999956344,0
Unsynchronised V and S Dataset/Categorised IOVNB (V) Dataset/V Dataset/Vw (Driver E)/Vw03/V-Vw3.csv,vehicle,3941,3941,1.0,3936,0.09999999999854481,0.10000000000582077,0.3000000000029104,9.98730964467005,1.0,0,0.0,0.20000000000436557,0
Unsynchronised V and S Dataset/Categorised IOVNB (V) Dataset/V Dataset/Vw (Driver E)/Vw04/V-Vw4.csv,vehicle,126573,126573,1.0,123809,0.09999999999854481,0.10000000000582077,2.0,9.781626268052962,1.0,21,0.0001659121613614278,1.8999999999941792,0
Unsynchronised V and S Dataset/Categorised IOVNB (V) Dataset/V Dataset/Vw (Driver E)/Vw05/V-Vw5.csv,vehicle,1050,1050,1.0,1038,0.09999999999854481,0.10000000000582077,0.3000000000029104,9.885605338417403,1.0,0,0.0,0.20000000000436557,0
Unsynchronised V and S Dataset/Categorised IOVNB (V) Dataset/V Dataset/Vw (Driver E)/Vw06/V-Vw6.csv,vehicle,1288,1288,1.0,1288,0.09999999999854481,0.10000000000582077,0.10000000000582077,9.99999999999966,1.0,0,0.0,0.0,0
Unsynchronised V and S Dataset/Categorised IOVNB (V) Dataset/V Dataset/Vw (Driver E)/Vw07/V-Vw7.csv,vehicle,1689,1689,1.0,1688,0.09999999999854481,0.10000000000582077,0.19999999999708962,9.994075829383714,1.0,0,0.0,0.09999999999854481,0
Unsynchronised V and S Dataset/Categorised IOVNB (V) Dataset/V Dataset/Vw (Driver E)/Vw08/V-Vw8.csv,vehicle,1599,1599,1.0,1592,0.09999999999854481,0.10000000000582077,0.5,9.956195244054888,1.0,0,0.0,0.4000000000014552,0
Unsynchronised V and S Dataset/Categorised IOVNB (V) Dataset/V Dataset/Vw (Driver E)/Vw09/V-Vw9.csv,vehicle,601,601,1.0,601,0.09999999999854481,0.10000000000582077,0.10000000000582077,10.0,1.0,0,0.0,0.0,0
Unsynchronised V and S Dataset/Categorised IOVNB (V) Dataset/V Dataset/Vw (Driver E)/Vw10/V-Vw10.csv,vehicle,670,670,1.0,670,0.09999999999854481,0.10000000000582077,0.10000000000582077,9.999999999999783,1.0,0,0.0,0.0,0
Unsynchronised V and S Dataset/Categorised IOVNB (V) Dataset/V Dataset/Vw (Driver E)/Vw11/V-Vw10.csv,vehicle,670,670,1.0,670,0.09999999999854481,0.10000000000582077,0.10000000000582077,9.999999999999783,1.0,0,0.0,0.0,0
Unsynchronised V and S Dataset/Categorised IOVNB (V) Dataset/V Dataset/Vw (Driver E)/Vw12/V-Vw12.csv,vehicle,1069,1069,1.0,1069,0.09999999999854481,0.10000000000582077,0.10000000000582077,9.999999999999728,1.0,0,0.0,0.0,0
Unsynchronised V and S Dataset/Categorised IOVNB (V) Dataset/V Dataset/Vw (Driver E)/Vw13/V-Vw13.csv,vehicle,297,297,1.0,297,0.09999999999854481,0.10000000000582077,0.10000000000582077,10.000000000000492,1.0,0,0.0,0.0,0
Unsynchronised V and S Dataset/Categorised IOVNB (V) Dataset/V Dataset/Vw (Driver E)/Vw14a/V-Vw14a.csv,vehicle,3140,3140,1.0,3140,0.09999999999854481,0.10000000000582077,0.10000000000582077,9.999999999999954,1.0,0,0.0,0.0,0
Unsynchronised V and S Dataset/Categorised IOVNB (V) Dataset/V Dataset/Vw (Driver E)/Vw14b/V-Vw14b.csv,vehicle,19600,19600,1.0,19600,0.09999999999854481,0.10000000000582077,0.10099999999511056,9.999999999999993,1.0,0,0.0,0.0,0
Unsynchronised V and S Dataset/Categorised IOVNB (V) Dataset/V Dataset/Vw (Driver E)/Vw14c/V-Vw14c.csv,vehicle,15857,15857,1.0,14940,0.09999999999854481,0.10000000000582077,1.9000000000014552,9.42167003027246,1.0,19,0.0011982089928738097,1.7999999999956344,0
Unsynchronised V and S Dataset/Categorised IOVNB (V) Dataset/V Dataset/Vw (Driver E)/Vw15/V-Vw15.csv,vehicle,1391,1391,1.0,892,0.09999999999854481,0.2999999999956344,2.599999999998545,6.410071942446043,1.0,15,0.010783608914450037,2.5,0
Unsynchronised V and S Dataset/Categorised IOVNB (V) Dataset/V Dataset/Vw (Driver E)/Vw16a/V-Vw16a.csv,vehicle,6000,6000,1.0,5822,0.09999999999854481,0.10000000000582077,0.7999999999956344,9.703283880646868,1.0,0,0.0,0.6999999999970896,0
Unsynchronised V and S Dataset/Categorised IOVNB (V) Dataset/V Dataset/Vw (Driver E)/Vw16b/V-Vw16b.csv,vehicle,1171,1171,1.0,1171,0.09999999999854481,0.10000000000582077,0.10000000000582077,10.0,1.0,0,0.0,0.0,0
Unsynchronised V and S Dataset/Categorised IOVNB (V) Dataset/V Dataset/Vw (Driver E)/Vw17/V-Vw17.csv,vehicle,329,329,1.0,329,0.09999999999854481,0.10000000000582077,0.10000000000582077,9.999999999999112,1.0,0,0.0,0.0,0
Unsynchronised V and S Dataset/Categorised IOVNB (V) Dataset/V Dataset/Y (Driver D)/Y1/V-Y1.csv,vehicle,70341,70341,1.0,67968,0.09999999999854481,0.10000000000582077,384.6000000000058,8.858636150357123,1.0,26,0.0003696279552465845,1.7000000000043656,0
Unsynchronised V and S Dataset/Categorised IOVNB (V) Dataset/V Dataset/Y (Driver D)/Y2/V-Y2.csv,vehicle,57213,57213,1.0,56198,0.09999999999854481,0.10000000000582077,2.900000000001455,9.822589666503536,1.0,34,0.0005942705329208397,2.8000000000029104,0
Unsynchronised V and S Dataset/Uncategorised IOVNB (V and S) Dataset/S-Dataset/S-A1.csv,smartphone,5942,5942,1.0,24,132.00099992752075,181.2003999710083,183.99900007247925,0.007914656602173794,264.0019998550415,0,0.0,183.49900007247925,0
Unsynchronised V and S Dataset/Uncategorised IOVNB (V and S) Dataset/S-Dataset/S-A10.csv,smartphone,8886,8886,1.0,3955,1.0,1.000999927520752,72.0,0.893963373276057,2.0,753,0.08474004051316678,71.5,0
Unsynchronised V and S Dataset/Uncategorised IOVNB (V and S) Dataset/S-Dataset/S-A11.csv,smartphone,5155,5155,1.0,181,14.998999834060669,17.10080013275146,57.0,0.07072688772549152,29.997999668121338,66,0.012803103782735208,56.49900007247925,0
Unsynchronised V and S Dataset/Uncategorised IOVNB (V and S) Dataset/S-Dataset/S-A12.csv,smartphone,4673,4673,1.0,156,15.001000165939331,17.00100016593933,86.50000023841858,0.06673842841080228,30.002000331878662,126,0.02696340680505029,86.0,0
Unsynchronised V and S Dataset/Uncategorised IOVNB (V and S) Dataset/S-Dataset/S-A13.csv,smartphone,9184,9184,1.0,274,15.0,17.00100016593933,277.00099992752075,0.059464169026355915,30.0,1388,0.15113240418118468,276.50300002098083,0
Unsynchronised V and S Dataset/Uncategorised IOVNB (V and S) Dataset/S-Dataset/S-A2.csv,smartphone,11630,11630,1.0,39,177.49899983406067,182.0,187.00200033187866,0.006643937407116007,354.99799966812134,0,0.0,186.50099992752075,0
Unsynchronised V and S Dataset/Uncategorised IOVNB (V and S) Dataset/S-Dataset/S-A3.csv,smartphone,11132,11132,1.0,37,177.5,183.7500001192093,186.00099992752075,0.006484117155171321,355.0,0,0.0,185.50100016593933,0
Unsynchronised V and S Dataset/Uncategorised IOVNB (V and S) Dataset/S-Dataset/S-A4.csv,smartphone,32829,32829,1.0,3163,1.0,1.000999927520752,20.999000072479248,0.9651425431762342,2.0,845,0.02573943769228426,20.8989999294281,0
Unsynchronised V and S Dataset/Uncategorised IOVNB (V and S) Dataset/S-Dataset/S-A5.csv,smartphone,85041,85041,1.0,8149,1.0,1.000999927520752,49.0,0.9585036614416375,2.0,2932,0.034477487329640996,48.89999985694885,0
Unsynchronised V and S Dataset/Uncategorised IOVNB (V and S) Dataset/S-Dataset/S-A6.csv,smartphone,86034,86034,1.0,7747,1.0,1.0989999771118164,182.0,0.9150077573562068,2.0,8247,0.09585745170513983,181.90000009536743,0
Unsynchronised V and S Dataset/Uncategorised IOVNB (V and S) Dataset/S-Dataset/S-A7.csv,smartphone,43872,43872,1.0,4322,1.0,1.000999927520752,23.0,0.9866650652451697,2.0,525,0.011966630196936542,22.901000261306763,0
Unsynchronised V and S Dataset/Uncategorised IOVNB (V and S) Dataset/S-Dataset/S-A8.csv,smartphone,66617,66617,1.0,6565,1.0,1.1000001430511475,16.901000022888184,0.9895825481084921,2.0,749,0.01124337631535494,28.5,0
Unsynchronised V and S Dataset/Uncategorised IOVNB (V and S) Dataset/S-Dataset/S-A9.csv,smartphone,11962,11962,1.0,4891,1.0,1.000999927520752,59.50000023841858,0.8228168976539223,2.0,1741,0.14554422337401773,59.00100016593933,0
Unsynchronised V and S Dataset/Uncategorised IOVNB (V and S) Dataset/S-Dataset/S-I.csv,smartphone,5800,5800,1.0,3,222.29999995231628,393.6599999904633,436.5,0.00449842555202205,444.59999990463257,0,0.0,436.40000009536743,0
Unsynchronised V and S Dataset/Uncategorised IOVNB (V and S) Dataset/S-Dataset/S-M.csv,smartphone,105974,105974,1.0,1091,9.0,9.09999966621399,130.0,0.10319112397029824,18.0,4382,0.04134976503670712,129.90000009536743,0
Unsynchronised V and S Dataset/Uncategorised IOVNB (V and S) Dataset/S-Dataset/S-S1.csv,smartphone,51746,51746,1.0,532,9.0,9.098999738693237,70.00099992752075,0.10278745644599303,18.0,2029,0.039210760252000154,69.90100026130676,0
Unsynchronised V and S Dataset/Uncategorised IOVNB (V and S) Dataset/S-Dataset/S-S2.csv,smartphone,93876,93876,1.0,941,9.0,9.100000143051147,146.0,0.10025373794343848,18.0,6162,0.06563978013549789,145.90000009536743,0
Unsynchronised V and S Dataset/Uncategorised IOVNB (V and S) Dataset/S-Dataset/S-S3a.csv,smartphone,24621,24621,1.0,254,9.0,9.001000165939331,65.0,0.10309702653387709,18.0,1087,0.044149303440152714,64.9009997844696,0
Unsynchronised V and S Dataset/Uncategorised IOVNB (V and S) Dataset/S-Dataset/S-S3b.csv,smartphone,6813,6813,1.0,74,9.0,9.100800037384033,33.026999711990356,0.1065649871436035,18.0,106,0.015558491119917804,32.92699980735779,0
Unsynchronised V and S Dataset/Uncategorised IOVNB (V and S) Dataset/S-Dataset/S-S3c.csv,smartphone,37183,37183,1.0,391,9.0,9.098999738693237,60.00099992752075,0.10512132213307358,18.0,1375,0.03697926471774736,59.901000022888184,0
Unsynchronised V and S Dataset/Uncategorised IOVNB (V and S) Dataset/S-Dataset/S-S4.csv,smartphone,94600,94600,1.0,932,9.0,9.000999927520752,337.6419999599457,0.09529165079517052,18.0,7851,0.08299154334038054,331.9010000228882,0
Unsynchronised V and S Dataset/Uncategorised IOVNB (V and S) Dataset/S-Dataset/S-T1.csv,smartphone,25759,25759,1.0,243,1.4895001649856567,9.0,17.997999906539917,0.33009197565094167,2.9790003299713135,4085,0.15858534881012462,17.89799976348877,0
Unsynchronised V and S Dataset/Uncategorised IOVNB (V and S) Dataset/S-Dataset/S-T10.csv,smartphone,6699,6699,1.0,57,9.001000046730042,18.999499917030334,40.99899983406067,0.08389513108614233,18.002000093460083,821,0.122555605314226,40.89999985694885,0
Unsynchronised V and S Dataset/Uncategorised IOVNB (V and S) Dataset/S-Dataset/S-T11.csv,smartphone,5690,5690,1.0,47,9.0,22.049499988555908,55.00099992752075,0.08381924198979011,18.0,787,0.1383128295254833,54.89999985694885,0
Unsynchronised V and S Dataset/Uncategorised IOVNB (V and S) Dataset/S-Dataset/S-T2.csv,smartphone,75555,75555,1.0,780,9.0,9.000999927520752,411.10000014305115,0.10322469166353776,18.0,5104,0.06755343789292569,410.99900007247925,0
Unsynchronised V and S Dataset/Uncategorised IOVNB (V and S) Dataset/S-Dataset/S-T3.csv,smartphone,65859,65859,1.0,718,9.0,9.001000165939331,91.59899973869324,0.1109380765968007,18.0,745,0.011312045430389165,91.49999976158142,0
Unsynchronised V and S Dataset/Uncategorised IOVNB (V and S) Dataset/S-Dataset/S-T4.csv,smartphone,73482,73482,1.0,646,5.322000026702881,9.599799966812137,25.471999883651733,0.1807295252382712,10.644000053405762,2547,0.03466154976728995,25.395999908447266,0
Unsynchronised V and S Dataset/Uncategorised IOVNB (V and S) Dataset/S-Dataset/S-T5.csv,smartphone,46387,46387,1.0,415,3.8359999656677246,8.821199941635133,17.999000072479248,0.20400198680598483,7.671999931335449,2520,0.05432556535236165,17.899999856948853,0
Unsynchronised V and S Dataset/Uncategorised IOVNB (V and S) Dataset/S-Dataset/S-T6.csv,smartphone,86440,86440,1.0,750,2.5759999752044678,6.283399868011475,18.00100016593933,0.2992910119770455,5.1519999504089355,4972,0.05751966682091624,17.901000261306763,0
Unsynchronised V and S Dataset/Uncategorised IOVNB (V and S) Dataset/S-Dataset/S-T7.csv,smartphone,101690,101690,1.0,1078,9.0,9.000999927520752,370.79900002479553,0.1061702355469934,18.0,4289,0.04217720523158619,370.69999980926514,0
Unsynchronised V and S Dataset/Uncategorised IOVNB (V and S) Dataset/S-Dataset/S-T8.csv,smartphone,48344,48344,1.0,473,9.0,16.98640024662018,19.00100016593933,0.09767593360682181,18.0,37,0.000765348336918749,18.902000188827515,0
Unsynchronised V and S Dataset/Uncategorised IOVNB (V and S) Dataset/S-Dataset/S-T9.csv,smartphone,79909,79909,1.0,738,9.0,17.00100016593933,32.40000009536743,0.0922412701167597,18.0,165,0.002064848765470723,32.29900002479553,0
Unsynchronised V and S Dataset/Uncategorised IOVNB (V and S) Dataset/S-Dataset/S-Vfa01.csv,smartphone,11486,11486,1.0,123,9.0,9.001999855041504,34.0,0.10693302926638448,18.0,159,0.013842939230367404,33.90000009536743,0
Unsynchronised V and S Dataset/Uncategorised IOVNB (V and S) Dataset/S-Dataset/S-Vfa02.csv,smartphone,67523,67523,1.0,747,9.0,9.001000165939331,20.0,0.11055945008109726,18.0,20,0.0002961953704663596,19.899999856948853,0
Unsynchronised V and S Dataset/Uncategorised IOVNB (V and S) Dataset/S-Dataset/S-Vta10.csv,smartphone,1502,1502,1.0,17,9.0,9.000999927520752,9.000999927520752,0.1111111111111111,18.0,0,0.0,8.901000022888184,0
Unsynchronised V and S Dataset/Uncategorised IOVNB (V and S) Dataset/S-Dataset/S-Vta11.csv,smartphone,510,510,1.0,6,9.0,9.00059995651245,9.000999927520752,0.1111111111111111,18.0,0,0.0,8.900000095367432,0
Unsynchronised V and S Dataset/Uncategorised IOVNB (V and S) Dataset/S-Dataset/S-Vta12.csv,smartphone,610,610,1.0,7,9.0,9.0,9.0,0.1111111111111111,18.0,0,0.0,8.900000095367432,0
Unsynchronised V and S Dataset/Uncategorised IOVNB (V and S) Dataset/S-Dataset/S-Vta13.csv,smartphone,404,404,1.0,6,9.0,9.00059995651245,9.000999927520752,0.13850031919467104,18.0,0,0.0,8.900000095367432,0
Unsynchronised V and S Dataset/Uncategorised IOVNB (V and S) Dataset/S-Dataset/S-Vta14.csv,smartphone,2885,2885,1.0,33,9.0,9.000999927520752,9.001999855041504,0.11114970481382457,18.0,0,0.0,8.901000261306763,0
Unsynchronised V and S Dataset/Uncategorised IOVNB (V and S) Dataset/S-Dataset/S-Vta15.csv,smartphone,833,833,1.0,10,9.0,9.0,9.0,0.1145038169328236,18.0,0,0.0,8.903000116348267,0
Unsynchronised V and S Dataset/Uncategorised IOVNB (V and S) Dataset/S-Dataset/S-Vta16.csv,smartphone,11335,11335,1.0,122,9.0,9.000999927520752,34.00399994850159,0.10739327238384583,18.0,168,0.014821349801499779,33.90000009536743,0
Unsynchronised V and S Dataset/Uncategorised IOVNB (V and S) Dataset/S-Dataset/S-Vta17.csv,smartphone,4519,4519,1.0,50,9.0,9.000999927520752,11.100000381469727,0.11011607135420663,18.0,0,0.0,10.999000072479248,0
Unsynchronised V and S Dataset/Uncategorised IOVNB (V and S) Dataset/S-Dataset/S-Vta19.csv,smartphone,292,292,1.0,4,9.0,9.0,9.0,0.1111111111111111,18.0,0,0.0,8.901000261306763,0
Unsynchronised V and S Dataset/Uncategorised IOVNB (V and S) Dataset/S-Dataset/S-Vta1a.csv,smartphone,25676,25676,1.0,2520,1.0,1.001000165939331,36.0,0.9813003652284836,2.0,409,0.015929272472347718,35.89999985694885,0
Unsynchronised V and S Dataset/Uncategorised IOVNB (V and S) Dataset/S-Dataset/S-Vta1b.csv,smartphone,954,954,1.0,95,1.0,1.0010000944137574,2.0,0.9905163319866913,2.0,0,0.0,1.8999998569488525,0
Unsynchronised V and S Dataset/Uncategorised IOVNB (V and S) Dataset/S-Dataset/S-Vta2.csv,smartphone,10991,10991,1.0,1023,1.0,1.001000165939331,45.0,0.9323983801917897,2.0,646,0.05877536165953962,44.89999985694885,0
Unsynchronised V and S Dataset/Uncategorised IOVNB (V and S) Dataset/S-Dataset/S-Vta20.csv,smartphone,3223,3223,1.0,10,9.0,62.1002000331879,238.50100016593933,0.02816892590422461,18.0,2205,0.6841452063295067,238.40100026130676,0
Unsynchronised V and S Dataset/Uncategorised IOVNB (V and S) Dataset/S-Dataset/S-Vta21.csv,smartphone,2079,2079,1.0,24,9.0,9.000999927520752,14.999000072479248,0.11263467186400176,18.0,0,0.0,14.8989999294281,0
Unsynchronised V and S Dataset/Uncategorised IOVNB (V and S) Dataset/S-Dataset/S-Vta22.csv,smartphone,1564,1564,1.0,18,9.0,9.000999927520752,9.000999927520752,0.11455448411653597,18.0,0,0.0,8.901000022888184,0
Unsynchronised V and S Dataset/Uncategorised IOVNB (V and S) Dataset/S-Dataset/S-Vta23.csv,smartphone,1110,1110,1.0,13,9.0,9.000899934768677,9.000999927520752,0.1129943502317515,18.0,0,0.0,8.901000022888184,0
Unsynchronised V and S Dataset/Uncategorised IOVNB (V and S) Dataset/S-Dataset/S-Vta24.csv,smartphone,1171,1171,1.0,10,9.0,12.600799942016604,27.0,0.09155552831785073,18.0,96,0.08198121263877028,26.899999856948853,0
Unsynchronised V and S Dataset/Uncategorised IOVNB (V and S) Dataset/S-Dataset/S-Vta25.csv,smartphone,646,646,1.0,6,9.0,18.400000000000002,22.0,0.08077805390460013,18.0,39,0.06037151702786378,21.899999856948853,0
Unsynchronised V and S Dataset/Uncategorised IOVNB (V and S) Dataset/S-Dataset/S-Vta26.csv,smartphone,1935,1935,1.0,16,9.0,12.0007999420166,61.99900007247925,0.07841087289620655,18.0,439,0.2268733850129199,61.89900016784668,0
Unsynchronised V and S Dataset/Uncategorised IOVNB (V and S) Dataset/S-Dataset/S-Vta27.csv,smartphone,2540,2540,1.0,25,9.0,9.000999927520752,29.59999990463257,0.09693053315526662,18.0,134,0.05275590551181102,29.500999927520752,0
Unsynchronised V and S Dataset/Uncategorised IOVNB (V and S) Dataset/S-Dataset/S-Vta28.csv,smartphone,4210,4210,1.0,43,9.0,9.000999927520752,32.0,0.10518380867456235,18.0,175,0.04156769596199525,31.901000022888184,0
Unsynchronised V and S Dataset/Uncategorised IOVNB (V and S) Dataset/S-Dataset/S-Vta29.csv,smartphone,23705,23705,1.0,249,9.0,9.000999927520752,34.0,0.10485912092235432,18.0,427,0.01801307740982915,33.90000009536743,0
Unsynchronised V and S Dataset/Uncategorised IOVNB (V and S) Dataset/S-Dataset/S-Vta3.csv,smartphone,645,645,1.0,5,9.0,19.85,24.5,0.07766990291262135,18.0,64,0.09922480620155039,24.40000009536743,0
Unsynchronised V and S Dataset/Uncategorised IOVNB (V and S) Dataset/S-Dataset/S-Vta30.csv,smartphone,17136,17136,1.0,160,9.0,10.199800014495867,83.29999995231628,0.09281419650398696,18.0,1752,0.10224089635854341,83.19900012016296,0
Unsynchronised V and S Dataset/Uncategorised IOVNB (V and S) Dataset/S-Dataset/S-Vta4.csv,smartphone,1789,1789,1.0,21,9.0,9.00099995136261,9.003000020980835,0.11236018175302231,18.0,0,0.0,8.902000188827515,0
Unsynchronised V and S Dataset/Uncategorised IOVNB (V and S) Dataset/S-Dataset/S-Vta5.csv,smartphone,307,307,1.0,4,9.0,9.000799942016602,9.000999927520752,0.1111111111111111,18.0,0,0.0,8.901000022888184,0
Unsynchronised V and S Dataset/Uncategorised IOVNB (V and S) Dataset/S-Dataset/S-Vta6.csv,smartphone,1376,1376,1.0,16,9.0,9.000999927520752,9.002000093460083,0.11244377823152332,18.0,0,0.0,8.901000022888184,0
Unsynchronised V and S Dataset/Uncategorised IOVNB (V and S) Dataset/S-Dataset/S-Vta7.csv,smartphone,840,840,1.0,10,9.0,9.00019998550415,9.000999927520752,0.11235814807379362,18.0,0,0.0,8.900000095367432,0
Unsynchronised V and S Dataset/Uncategorised IOVNB (V and S) Dataset/S-Dataset/S-Vta8.csv,smartphone,3676,3676,1.0,33,9.0,9.000999927520752,82.00200009346008,0.08886420441120453,18.0,639,0.17383025027203483,81.89900016784668,0
Unsynchronised V and S Dataset/Uncategorised IOVNB (V and S) Dataset/S-Dataset/S-Vta9.csv,smartphone,156,156,1.0,2,8.999000072479248,8.999000072479248,8.999000072479248,0.1111234572670136,17.998000144958496,0,0.0,8.89900016784668,0
Unsynchronised V and S Dataset/Uncategorised IOVNB (V and S) Dataset/S-Dataset/S-Vtb1.csv,smartphone,32459,32459,1.0,280,9.0,9.001000165939331,663.4190001487732,0.08615634319062684,18.0,2878,0.08866570134631381,663.4190001487732,0
Unsynchronised V and S Dataset/Uncategorised IOVNB (V and S) Dataset/S-Dataset/S-Vtb10.csv,smartphone,196,196,1.0,3,5.5,8.3,9.0,0.18181818181818182,11.0,0,0.0,8.900000095367432,0
Unsynchronised V and S Dataset/Uncategorised IOVNB (V and S) Dataset/S-Dataset/S-Vtb11.csv,smartphone,361,361,1.0,5,9.0,9.001399898529053,9.001999855041504,0.1111111111111111,18.0,0,0.0,8.900000095367432,0
Unsynchronised V and S Dataset/Uncategorised IOVNB (V and S) Dataset/S-Dataset/S-Vtb12.csv,smartphone,447,447,1.0,5,9.0,9.0,9.0,0.11141750993047157,18.0,0,0.0,8.900000095367432,0
Unsynchronised V and S Dataset/Uncategorised IOVNB (V and S) Dataset/S-Dataset/S-Vtb2.csv,smartphone,5712,5712,1.0,56,9.0,9.002599954605103,36.00099992752075,0.09770846991537642,18.0,299,0.05234593837535014,35.901000022888184,0
Unsynchronised V and S Dataset/Uncategorised IOVNB (V and S) Dataset/S-Dataset/S-Vtb3.csv,smartphone,8240,8240,1.0,36,13.000999927520752,49.559799957275395,109.0990002155304,0.042750702342926654,26.001999855041504,2532,0.30728155339805824,108.99900007247925,0
Unsynchronised V and S Dataset/Uncategorised IOVNB (V and S) Dataset/S-Dataset/S-Vtb4.csv,smartphone,556,556,1.0,6,9.0,9.001599884033203,9.001999855041504,0.11110864220913026,18.0,0,0.0,10.499000072479248,0
Unsynchronised V and S Dataset/Uncategorised IOVNB (V and S) Dataset/S-Dataset/S-Vtb5.csv,smartphone,64388,64388,1.0,703,9.0,9.000999927520752,40.00099992752075,0.10906885803089476,18.0,480,0.007454805243213021,39.901000022888184,0
Unsynchronised V and S Dataset/Uncategorised IOVNB (V and S) Dataset/S-Dataset/S-Vtb6.csv,smartphone,498,498,1.0,6,9.0,9.001199913024902,9.001999855041504,0.1111111111111111,18.0,0,0.0,8.901000022888184,0
Unsynchronised V and S Dataset/Uncategorised IOVNB (V and S) Dataset/S-Dataset/S-Vtb7.csv,smartphone,461,461,1.0,6,9.0,9.00059995651245,9.000999927520752,0.11110864220913026,18.0,0,0.0,8.901000022888184,0
Unsynchronised V and S Dataset/Uncategorised IOVNB (V and S) Dataset/S-Dataset/S-Vtb8.csv,smartphone,668,668,1.0,8,9.0,9.000399971008301,9.000999927520752,0.1111111111111111,18.0,0,0.0,8.901000022888184,0
Unsynchronised V and S Dataset/Uncategorised IOVNB (V and S) Dataset/S-Dataset/S-Vtb9.csv,smartphone,452,452,1.0,6,9.0,9.0,9.0,0.11111604924425052,18.0,0,0.0,8.900000095367432,0
Unsynchronised V and S Dataset/Uncategorised IOVNB (V and S) Dataset/S-Dataset/S-Vw1.csv,smartphone,20476,20476,1.0,1,,,,,,0,0.0,2047.5,0
Unsynchronised V and S Dataset/Uncategorised IOVNB (V and S) Dataset/S-Dataset/S-Vw10.csv,smartphone,652,652,1.0,8,9.0,9.039999961853027,9.099999904632568,0.1111111111111111,18.0,0,0.0,9.000999927520752,0
Unsynchronised V and S Dataset/Uncategorised IOVNB (V and S) Dataset/S-Dataset/S-Vw11.csv,smartphone,4909,4909,1.0,49,9.0,9.099999904632568,49.0,0.09948186528497409,18.0,339,0.06905683438582196,48.89999985694885,0
Unsynchronised V and S Dataset/Uncategorised IOVNB (V and S) Dataset/S-Dataset/S-Vw12.csv,smartphone,918,918,1.0,11,9.0,9.100000143051147,9.100000143051147,0.11641443526074335,18.0,0,0.0,9.0,0
Unsynchronised V and S Dataset/Uncategorised IOVNB (V and S) Dataset/S-Dataset/S-Vw13.csv,smartphone,284,284,1.0,4,8.900999784469604,8.979400014877319,8.999000072479248,0.11583458852367531,17.80199956893921,0,0.0,8.900000095367432,0
Unsynchronised V and S Dataset/Uncategorised IOVNB (V and S) Dataset/S-Dataset/S-Vw14a.csv,smartphone,3138,3138,1.0,36,9.0,9.000999927520752,9.000999927520752,0.11290322580645161,18.0,0,0.0,8.903000116348267,0
Unsynchronised V and S Dataset/Uncategorised IOVNB (V and S) Dataset/S-Dataset/S-Vw14b.csv,smartphone,19588,19588,1.0,219,9.0,9.000999927520752,9.10099983215332,0.11133804324311872,18.0,0,0.0,9.000999927520752,0
Unsynchronised V and S Dataset/Uncategorised IOVNB (V and S) Dataset/S-Dataset/S-Vw14c.csv,smartphone,15826,15826,1.0,157,9.0,9.099999904632568,48.0,0.09993600251682205,18.0,743,0.04694806015417667,47.901000022888184,0
Unsynchronised V and S Dataset/Uncategorised IOVNB (V and S) Dataset/S-Dataset/S-Vw15.csv,smartphone,1380,1380,1.0,1,,,,,,0,0.0,137.90000009536743,0
Unsynchronised V and S Dataset/Uncategorised IOVNB (V and S) Dataset/S-Dataset/S-Vw16a.csv,smartphone,5879,5879,1.0,61,9.0,9.10099983215332,46.001999855041504,0.10268697587694078,18.0,279,0.047457050518795715,45.89999985694885,0
Unsynchronised V and S Dataset/Uncategorised IOVNB (V and S) Dataset/S-Dataset/S-Vw16b.csv,smartphone,1126,1126,1.0,13,9.0,9.099899888038635,9.10099983215332,0.11111008214333633,18.0,0,0.0,9.000999927520752,0
Unsynchronised V and S Dataset/Uncategorised IOVNB (V and S) Dataset/S-Dataset/S-Vw17.csv,smartphone,329,329,1.0,4,8.901000261306763,9.059399843215942,9.098999738693237,0.11904289524033697,17.802000522613525,0,0.0,9.0,0
Unsynchronised V and S Dataset/Uncategorised IOVNB (V and S) Dataset/S-Dataset/S-Vw2.csv,smartphone,52713,52713,1.0,565,9.0,9.100000143051147,58.00099992752075,0.107098097298791,18.0,849,0.016106083888224917,57.90499997138977,0
Unsynchronised V and S Dataset/Uncategorised IOVNB (V and S) Dataset/S-Dataset/S-Vw3.csv,smartphone,3861,3861,1.0,41,9.0,9.099999904632568,15.0,0.10928931890328498,18.0,20,0.00518000518000518,20.0,0
Unsynchronised V and S Dataset/Uncategorised IOVNB (V and S) Dataset/S-Dataset/S-Vw4.csv,smartphone,126526,126526,1.0,1340,9.0,9.099999904632568,94.99900007247925,0.10585901587025337,18.0,3620,0.028610720326257055,94.89999985694885,0
Unsynchronised V and S Dataset/Uncategorised IOVNB (V and S) Dataset/S-Dataset/S-Vw5.csv,smartphone,1012,1012,1.0,12,9.0,9.10099983215332,9.10099983215332,0.11458213985588513,18.0,0,0.0,9.000999927520752,0
Unsynchronised V and S Dataset/Uncategorised IOVNB (V and S) Dataset/S-Dataset/S-Vw6.csv,smartphone,1281,1281,1.0,15,9.0,9.099999904632568,9.099999904632568,0.1119104717080145,18.0,0,0.0,8.999000072479248,0
Unsynchronised V and S Dataset/Uncategorised IOVNB (V and S) Dataset/S-Dataset/S-Vw7.csv,smartphone,1602,1602,1.0,18,9.0,9.099999904632568,9.099999904632568,0.1111111111111111,18.0,0,0.0,9.0,0
Unsynchronised V and S Dataset/Uncategorised IOVNB (V and S) Dataset/S-Dataset/S-Vw8.csv,smartphone,1529,1529,1.0,17,9.0,9.05049991607666,9.10099983215332,0.1111111111111111,18.0,0,0.0,9.0,0
Unsynchronised V and S Dataset/Uncategorised IOVNB (V and S) Dataset/S-Dataset/S-Vw9.csv,smartphone,552,552,1.0,7,8.950999975204468,9.049999952316284,9.098000049591064,0.11214324475981112,17.901999950408936,0,0.0,8.998000144958496,0
Unsynchronised V and S Dataset/Uncategorised IOVNB (V and S) Dataset/S-Dataset/S-Y1.csv,smartphone,70285,70285,1.0,721,9.0,9.004999876022339,267.9799997806549,0.09764542964643042,18.0,2788,0.03966706978729458,94.89900016784668,0
Unsynchronised V and S Dataset/Uncategorised IOVNB (V and S) Dataset/V-Dataset/V-M.csv,vehicle,105995,105995,1.0,101590,0.09999999999854481,0.10000000000582077,2.6000000000058208,9.584591289908674,1.0,59,0.0005566300297183829,2.5,0
Unsynchronised V and S Dataset/Uncategorised IOVNB (V and S) Dataset/V-Dataset/V-S1.csv,vehicle,51790,51790,1.0,49528,0.09999999999854481,0.10000000000582077,2.0,9.563412373522818,1.0,36,0.0006951148870438309,1.9000000000014552,0
Unsynchronised V and S Dataset/Uncategorised IOVNB (V and S) Dataset/V-Dataset/V-S2.csv,vehicle,93900,93900,1.0,89628,0.09999999999854481,0.10000000000582077,2.8999999999941792,9.545246386998523,1.0,188,0.002002129925452609,2.7999999999956344,0
Unsynchronised V and S Dataset/Uncategorised IOVNB (V and S) Dataset/V-Dataset/V-S3a.csv,vehicle,24660,24660,1.0,23711,0.10000000000582077,0.10000000000582077,1.5,9.615150654933256,1.0,5,0.00020275750202757503,1.4000000000087311,0
Unsynchronised V and S Dataset/Uncategorised IOVNB (V and S) Dataset/V-Dataset/V-S3b.csv,vehicle,6840,6840,1.0,6605,0.10000000000582077,0.10000000000582077,0.5,9.656382512063043,1.0,0,0.0,0.40000000000873115,0
Unsynchronised V and S Dataset/Uncategorised IOVNB (V and S) Dataset/V-Dataset/V-S3c.csv,vehicle,37220,37220,1.0,36279,0.10000000000582077,0.10000000000582077,10.80000000000291,9.74717214326014,1.0,112,0.0030091348737238044,10.700000000011642,0
Unsynchronised V and S Dataset/Uncategorised IOVNB (V and S) Dataset/V-Dataset/V-S4.csv,vehicle,97824,97824,1.0,90316,0.09999999999854481,0.10000000000582077,2.1000000000058208,9.232585716914398,1.0,63,0.0006440137389597645,2.0,0
Unsynchronised V and S Dataset/Uncategorised IOVNB (V and S) Dataset/V-Dataset/V-St1.csv,vehicle,57213,57213,1.0,56198,0.09999999999854481,0.10000000000582077,2.900000000001455,9.822589666503536,1.0,34,0.0005942705329208397,2.8000000000029104,0
Unsynchronised V and S Dataset/Uncategorised IOVNB (V and S) Dataset/V-Dataset/V-St4.csv,vehicle,13591,13591,1.0,13588,0.09999999999854481,0.10000000000582077,0.20000000000436557,9.997792494481237,1.0,0,0.0,0.10000000000582077,0
Unsynchronised V and S Dataset/Uncategorised IOVNB (V and S) Dataset/V-Dataset/V-St6.csv,vehicle,51360,51360,1.0,50885,0.09999999999854481,0.10000000000582077,1.2000000000043656,9.90751377557974,1.0,2,3.8940809968847354e-05,1.0999999999985448,0
Unsynchronised V and S Dataset/Uncategorised IOVNB (V and S) Dataset/V-Dataset/V-St7.csv,vehicle,44427,44427,1.0,43365,0.09999999999854481,0.10000000000582077,5.100000000005821,9.615717231744895,1.0,19,0.0004276678596349067,2.0,0
Unsynchronised V and S Dataset/Uncategorised IOVNB (V and S) Dataset/V-Dataset/V-Vfa01.csv,vehicle,11535,11535,1.0,11231,0.09999999999854481,0.10000000000582077,1.6999999999970896,9.736431420149112,1.0,8,0.0006935413957520589,1.5999999999985448,0
Unsynchronised V and S Dataset/Uncategorised IOVNB (V and S) Dataset/V-Dataset/V-Vfa02.csv,vehicle,67755,67755,1.0,67434,0.09999999999854481,0.10000000000582077,0.9000000000014552,9.952622723381642,1.0,0,0.0,0.8000000000029104,0
Unsynchronised V and S Dataset/Uncategorised IOVNB (V and S) Dataset/V-Dataset/V-Vfb01a.csv,vehicle,17000,17000,1.0,15754,0.09999999999854481,0.10000000000582077,3.6000000000058208,9.267015706806275,1.0,25,0.0014705882352941176,3.5,0
Unsynchronised V and S Dataset/Uncategorised IOVNB (V and S) Dataset/V-Dataset/V-Vfb01b.csv,vehicle,3880,3880,1.0,3846,0.09999999999854481,0.10000000000582077,0.7000000000043656,9.912348543438993,1.0,0,0.0,0.6000000000058208,0
Unsynchronised V and S Dataset/Uncategorised IOVNB (V and S) Dataset/V-Dataset/V-Vfb01c.csv,vehicle,6320,6320,1.0,6318,0.09999999999854481,0.10000000000582077,0.20000000000436557,9.996834942237673,1.0,0,0.0,0.10000000000582077,0
Unsynchronised V and S Dataset/Uncategorised IOVNB (V and S) Dataset/V-Dataset/V-Vfb01d.csv,vehicle,10713,10713,1.0,9323,0.09999999999854481,0.10000000000582077,1.1999999999970896,8.702389843166507,1.0,1,9.334453467749463e-05,1.0999999999985448,0
Unsynchronised V and S Dataset/Uncategorised IOVNB (V and S) Dataset/V-Dataset/V-Vfb02a.csv,vehicle,35960,35960,1.0,35941,0.10000000000582077,0.10000000000582077,0.4000000000014552,9.994716204566307,1.0,0,0.0,0.3000000000029104,0
Unsynchronised V and S Dataset/Uncategorised IOVNB (V and S) Dataset/V-Dataset/V-Vfb02b.csv,vehicle,11000,11000,1.0,10578,0.10000000000582077,0.10000000000582077,1.8999999999941792,9.616328757159666,1.0,8,0.0007272727272727272,1.8000000000029104,0
Unsynchronised V and S Dataset/Uncategorised IOVNB (V and S) Dataset/V-Dataset/V-Vfb02c.csv,vehicle,640,640,1.0,640,0.10000000000582077,0.10000000000582077,0.10000000000582077,9.999999999998634,1.0,0,0.0,0.0,0
Unsynchronised V and S Dataset/Uncategorised IOVNB (V and S) Dataset/V-Dataset/V-Vfb02d.csv,vehicle,880,880,1.0,867,0.10000000000582077,0.10000000000582077,0.5999999999912689,9.852104664390374,1.0,0,0.0,0.5,0
Unsynchronised V and S Dataset/Uncategorised IOVNB (V and S) Dataset/V-Dataset/V-Vfb02e.csv,vehicle,980,980,1.0,980,0.10000000000582077,0.10000000000582077,0.10000000000582077,9.999999999999108,1.0,0,0.0,0.0,0
Unsynchronised V and S Dataset/Uncategorised IOVNB (V and S) Dataset/V-Dataset/V-Vfb02f.csv,vehicle,660,660,1.0,660,0.10000000000582077,0.10000000000582077,0.10000000000582077,9.999999999998675,1.0,0,0.0,0.0,0
Unsynchronised V and S Dataset/Uncategorised IOVNB (V and S) Dataset/V-Dataset/V-Vfb02g.csv,vehicle,27159,27159,1.0,27148,0.10000000000582077,0.10000000000582077,0.3000000000029104,9.995949628102206,1.0,0,0.0,0.19999999999708962,0
Unsynchronised V and S Dataset/Uncategorised IOVNB (V and S) Dataset/V-Dataset/V-Vta10.csv,vehicle,1570,1570,1.0,1570,0.09999999999854481,0.10000000000582077,0.10000000000582077,9.999999999999908,1.0,0,0.0,0.0,0
Unsynchronised V and S Dataset/Uncategorised IOVNB (V and S) Dataset/V-Dataset/V-Vta11.csv,vehicle,589,589,1.0,589,0.09999999999854481,0.10000000000582077,0.10000000000582077,9.999999999999504,1.0,0,0.0,0.0,0
Unsynchronised V and S Dataset/Uncategorised IOVNB (V and S) Dataset/V-Dataset/V-Vta12.csv,vehicle,690,690,1.0,690,0.09999999999854481,0.10000000000582077,0.10000000000582077,9.999999999999789,1.0,0,0.0,0.0,0
Unsynchronised V and S Dataset/Uncategorised IOVNB (V and S) Dataset/V-Dataset/V-Vta13.csv,vehicle,473,473,1.0,473,0.09999999999854481,0.10000000000582077,0.10000000000582077,9.999999999999075,1.0,0,0.0,0.0,0
Unsynchronised V and S Dataset/Uncategorised IOVNB (V and S) Dataset/V-Dataset/V-Vta14.csv,vehicle,2893,2893,1.0,2893,0.09999999999854481,0.10000000000582077,0.10000000000582077,9.999999999999849,1.0,0,0.0,0.0,0
Unsynchronised V and S Dataset/Uncategorised IOVNB (V and S) Dataset/V-Dataset/V-Vta15.csv,vehicle,869,869,1.0,869,0.09999999999854481,0.10000000000582077,0.10000000000582077,10.000000000000503,1.0,0,0.0,0.0,0
Unsynchronised V and S Dataset/Uncategorised IOVNB (V and S) Dataset/V-Dataset/V-Vta16.csv,vehicle,11361,11361,1.0,11269,0.09999999999854481,0.10000000000582077,0.4000000000014552,9.919014084507042,1.0,0,0.0,0.3000000000029104,0
Unsynchronised V and S Dataset/Uncategorised IOVNB (V and S) Dataset/V-Dataset/V-Vta17.csv,vehicle,4594,4594,1.0,4528,0.09999999999854481,0.10000000000582077,0.5,9.856303069888899,1.0,0,0.0,0.4000000000014552,0
Unsynchronised V and S Dataset/Uncategorised IOVNB (V and S) Dataset/V-Dataset/V-Vta18.csv,vehicle,100,100,1.0,100,0.09999999999854481,0.10000000000582077,0.10000000000582077,9.999999999998531,1.0,0,0.0,0.0,0
Unsynchronised V and S Dataset/Uncategorised IOVNB (V and S) Dataset/V-Dataset/V-Vta19.csv,vehicle,310,310,1.0,296,0.09999999999854481,0.10000000000582077,0.20000000000436557,9.546925566342592,1.0,0,0.0,0.10000000000582077,0
Unsynchronised V and S Dataset/Uncategorised IOVNB (V and S) Dataset/V-Dataset/V-Vta1a.csv,vehicle,25821,25821,1.0,25751,0.09999999999854481,0.10000000000582077,1.0,9.972889233152594,1.0,0,0.0,0.8999999999941792,0
Unsynchronised V and S Dataset/Uncategorised IOVNB (V and S) Dataset/V-Dataset/V-Vta1b.csv,vehicle,956,956,1.0,956,0.09999999999854481,0.10000000000582077,0.10000000000582077,10.0,1.0,0,0.0,0.0,0
Unsynchronised V and S Dataset/Uncategorised IOVNB (V and S) Dataset/V-Dataset/V-Vta2.csv,vehicle,10995,10995,1.0,10813,0.09999999999854481,0.10000000000582077,1.1999999999970896,9.834455157358546,1.0,1,9.095043201455206e-05,1.0999999999985448,0
Unsynchronised V and S Dataset/Uncategorised IOVNB (V and S) Dataset/V-Dataset/V-Vta20.csv,vehicle,3223,3223,1.0,1889,0.09999999999854481,0.3000000000029104,1.4000000000014552,5.859714463066472,1.0,5,0.0015513496742165685,1.3000000000029104,0
Unsynchronised V and S Dataset/Uncategorised IOVNB (V and S) Dataset/V-Dataset/V-Vta21.csv,vehicle,2088,2088,1.0,2081,0.09999999999854481,0.10000000000582077,0.3000000000029104,9.966459032103637,1.0,0,0.0,0.20000000000436557,0
Unsynchronised V and S Dataset/Uncategorised IOVNB (V and S) Dataset/V-Dataset/V-Vta22.csv,vehicle,1572,1572,1.0,1572,0.09999999999854481,0.10000000000582077,0.10000000000582077,10.000000000000092,1.0,0,0.0,0.0,0
Unsynchronised V and S Dataset/Uncategorised IOVNB (V and S) Dataset/V-Dataset/V-Vta23.csv,vehicle,1119,1119,1.0,1113,0.09999999999854481,0.10000000000582077,0.5999999999985448,9.946332737030799,1.0,0,0.0,0.5,0
Unsynchronised V and S Dataset/Uncategorised IOVNB (V and S) Dataset/V-Dataset/V-Vta24.csv,vehicle,1184,1184,1.0,1129,0.09999999999854481,0.10000000000582077,0.3000000000029104,9.535080304310839,1.0,0,0.0,0.20000000000436557,0
Unsynchronised V and S Dataset/Uncategorised IOVNB (V and S) Dataset/V-Dataset/V-Vta25.csv,vehicle,646,646,1.0,540,0.09999999999854481,0.19999999999708962,1.0,8.356589147286822,1.0,0,0.0,0.9000000000014552,0
Unsynchronised V and S Dataset/Uncategorised IOVNB (V and S) Dataset/V-Dataset/V-Vta26.csv,vehicle,1947,1947,1.0,1578,0.09999999999854481,0.19999999999708962,1.2999999999956344,8.103802672148056,1.0,3,0.0015408320493066256,1.1999999999970896,0
Unsynchronised V and S Dataset/Uncategorised IOVNB (V and S) Dataset/V-Dataset/V-Vta27.csv,vehicle,2853,2853,1.0,2559,0.09999999999854481,0.10000000000582077,3.099999999998545,8.969144460027913,1.0,58,0.020329477742726955,3.0,0
Unsynchronised V and S Dataset/Uncategorised IOVNB (V and S) Dataset/V-Dataset/V-Vta28.csv,vehicle,4219,4219,1.0,4165,0.09999999999854481,0.10000000000582077,0.3000000000029104,9.871977240398225,1.0,0,0.0,0.20000000000436557,0
Unsynchronised V and S Dataset/Uncategorised IOVNB (V and S) Dataset/V-Dataset/V-Vta29.csv,vehicle,23737,23737,1.0,23191,0.09999999999854481,0.10000000000582077,1.0,9.769969666329631,1.0,0,0.0,0.9000000000014552,0
Unsynchronised V and S Dataset/Uncategorised IOVNB (V and S) Dataset/V-Dataset/V-Vta3.csv,vehicle,875,875,1.0,822,0.09999999999854481,0.10000000000582077,0.4000000000014552,9.393592677345382,1.0,0,0.0,0.3000000000029104,0
Unsynchronised V and S Dataset/Uncategorised IOVNB (V and S) Dataset/V-Dataset/V-Vta30.csv,vehicle,17179,17179,1.0,16021,0.09999999999854481,0.10000000000582077,1.2000000000043656,9.326967862133216,1.0,2,0.00011642121194481634,1.1000000000058208,0
Unsynchronised V and S Dataset/Uncategorised IOVNB (V and S) Dataset/V-Dataset/V-Vta4.csv,vehicle,1809,1809,1.0,1809,0.09999999999854481,0.10000000000582077,0.10000000000582077,10.000000000000242,1.0,0,0.0,0.0,0
Unsynchronised V and S Dataset/Uncategorised IOVNB (V and S) Dataset/V-Dataset/V-Vta5.csv,vehicle,357,357,1.0,357,0.09999999999854481,0.10000000000582077,0.10000000000582077,9.999999999998366,1.0,0,0.0,0.0,0
Unsynchronised V and S Dataset/Uncategorised IOVNB (V and S) Dataset/V-Dataset/V-Vta6.csv,vehicle,1393,1393,1.0,1393,0.09999999999854481,0.10000000000582077,0.10000000000582077,9.999999999999686,1.0,0,0.0,0.0,0
Unsynchronised V and S Dataset/Uncategorised IOVNB (V and S) Dataset/V-Dataset/V-Vta7.csv,vehicle,857,857,1.0,857,0.09999999999854481,0.10000000000582077,0.10000000000582077,10.00000000000017,1.0,0,0.0,0.0,0
Unsynchronised V and S Dataset/Uncategorised IOVNB (V and S) Dataset/V-Dataset/V-Vta8.csv,vehicle,3697,3697,1.0,3342,0.09999999999854481,0.10000000000582077,1.7999999999956344,9.039502164502201,1.0,12,0.0032458750338111983,1.6999999999970896,0
Unsynchronised V and S Dataset/Uncategorised IOVNB (V and S) Dataset/V-Dataset/V-Vta9.csv,vehicle,226,226,1.0,226,0.09999999999854481,0.10000000000582077,0.10000000000582077,10.0,1.0,0,0.0,0.0,0
Unsynchronised V and S Dataset/Uncategorised IOVNB (V and S) Dataset/V-Dataset/V-Vtb1.csv,vehicle,32459,32459,1.0,31783,0.09999999999854481,0.10000000000582077,1.2999999999956344,9.791730852178212,1.0,2,6.161619273545088e-05,1.1999999999970896,0
Unsynchronised V and S Dataset/Uncategorised IOVNB (V and S) Dataset/V-Dataset/V-Vtb10.csv,vehicle,195,195,1.0,195,0.10000000000582077,0.10000000000582077,0.10000000000582077,9.999999999995499,1.0,0,0.0,0.0,0
Unsynchronised V and S Dataset/Uncategorised IOVNB (V and S) Dataset/V-Dataset/V-Vtb11.csv,vehicle,433,433,1.0,433,0.10000000000582077,0.10000000000582077,0.10000000000582077,9.999999999997305,1.0,0,0.0,0.0,0
Unsynchronised V and S Dataset/Uncategorised IOVNB (V and S) Dataset/V-Dataset/V-Vtb12.csv,vehicle,490,490,1.0,490,0.10000000000582077,0.10000000000582077,0.10000000000582077,9.999999999998215,1.0,0,0.0,0.0,0
Unsynchronised V and S Dataset/Uncategorised IOVNB (V and S) Dataset/V-Dataset/V-Vtb13.csv,vehicle,1245,1245,1.0,1245,0.10000000000582077,0.10000000000582077,0.10000000000582077,10.000000000000467,1.0,0,0.0,0.0,0
Unsynchronised V and S Dataset/Uncategorised IOVNB (V and S) Dataset/V-Dataset/V-Vtb2.csv,vehicle,5712,5712,1.0,5273,0.09999999999854481,0.10000000000582077,1.7000000000043656,9.231308002101231,1.0,9,0.0015756302521008404,1.5999999999985448,0
Unsynchronised V and S Dataset/Uncategorised IOVNB (V and S) Dataset/V-Dataset/V-Vtb3.csv,vehicle,8289,8289,1.0,6799,0.09999999999854481,0.10000000000582077,1.3000000000029104,8.20222007722012,1.0,7,0.0008444927011702256,1.1999999999970896,0
Unsynchronised V and S Dataset/Uncategorised IOVNB (V and S) Dataset/V-Dataset/V-Vtb4.csv,vehicle,625,625,1.0,594,0.09999999999854481,0.10000000000582077,0.5999999999985448,9.53376205787826,1.0,0,0.0,0.5,0
Unsynchronised V and S Dataset/Uncategorised IOVNB (V and S) Dataset/V-Dataset/V-Vtb5.csv,vehicle,64610,64610,1.0,63999,0.09999999999854481,0.10000000000582077,1.6999999999970896,9.90543113188566,1.0,13,0.00020120724346076458,1.5999999999985448,0
Unsynchronised V and S Dataset/Uncategorised IOVNB (V and S) Dataset/V-Dataset/V-Vtb6.csv,vehicle,508,508,1.0,508,0.10000000000582077,0.10000000000582077,0.10000000000582077,10.000000000000574,1.0,0,0.0,0.0,0
Unsynchronised V and S Dataset/Uncategorised IOVNB (V and S) Dataset/V-Dataset/V-Vtb7.csv,vehicle,461,461,1.0,461,0.10000000000582077,0.10000000000582077,0.10000000000582077,10.0,1.0,0,0.0,0.0,0
Unsynchronised V and S Dataset/Uncategorised IOVNB (V and S) Dataset/V-Dataset/V-Vtb8.csv,vehicle,699,699,1.0,699,0.10000000000582077,0.10000000000582077,0.10000000000582077,9.999999999999583,1.0,0,0.0,0.0,0
Unsynchronised V and S Dataset/Uncategorised IOVNB (V and S) Dataset/V-Dataset/V-Vtb9.csv,vehicle,457,457,1.0,457,0.10000000000582077,0.10000000000582077,0.10000000000582077,10.000000000001915,1.0,0,0.0,0.0,0
Unsynchronised V and S Dataset/Uncategorised IOVNB (V and S) Dataset/V-Dataset/V-Vw1.csv,vehicle,20475,20475,1.0,5291,0.2999999999956344,0.8000000000029104,6.30000000000291,2.583764774836376,1.0,1568,0.07658119658119658,6.19999999999709,0
Unsynchronised V and S Dataset/Uncategorised IOVNB (V and S) Dataset/V-Dataset/V-Vw10.csv,vehicle,670,670,1.0,670,0.09999999999854481,0.10000000000582077,0.10000000000582077,9.999999999999783,1.0,0,0.0,0.0,0
Unsynchronised V and S Dataset/Uncategorised IOVNB (V and S) Dataset/V-Dataset/V-Vw11.csv,vehicle,4924,4924,1.0,4535,0.09999999999854481,0.10000000000582077,1.1999999999970896,9.209831403615627,1.0,1,0.00020308692120227456,1.0999999999985448,0
Unsynchronised V and S Dataset/Uncategorised IOVNB (V and S) Dataset/V-Dataset/V-Vw12.csv,vehicle,1069,1069,1.0,1069,0.09999999999854481,0.10000000000582077,0.10000000000582077,9.999999999999728,1.0,0,0.0,0.0,0
Unsynchronised V and S Dataset/Uncategorised IOVNB (V and S) Dataset/V-Dataset/V-Vw13.csv,vehicle,297,297,1.0,297,0.09999999999854481,0.10000000000582077,0.10000000000582077,10.000000000000492,1.0,0,0.0,0.0,0
Unsynchronised V and S Dataset/Uncategorised IOVNB (V and S) Dataset/V-Dataset/V-Vw14a.csv,vehicle,3140,3140,1.0,3140,0.09999999999854481,0.10000000000582077,0.10000000000582077,9.999999999999954,1.0,0,0.0,0.0,0
Unsynchronised V and S Dataset/Uncategorised IOVNB (V and S) Dataset/V-Dataset/V-Vw14b.csv,vehicle,19600,19600,1.0,19600,0.09999999999854481,0.10000000000582077,0.10099999999511056,9.999999999999993,1.0,0,0.0,0.0,0
Unsynchronised V and S Dataset/Uncategorised IOVNB (V and S) Dataset/V-Dataset/V-Vw14c.csv,vehicle,15857,15857,1.0,14940,0.09999999999854481,0.10000000000582077,1.9000000000014552,9.42167003027246,1.0,19,0.0011982089928738097,1.7999999999956344,0
Unsynchronised V and S Dataset/Uncategorised IOVNB (V and S) Dataset/V-Dataset/V-Vw15.csv,vehicle,1391,1391,1.0,892,0.09999999999854481,0.2999999999956344,2.599999999998545,6.410071942446043,1.0,15,0.010783608914450037,2.5,0
Unsynchronised V and S Dataset/Uncategorised IOVNB (V and S) Dataset/V-Dataset/V-Vw16a.csv,vehicle,6000,6000,1.0,5822,0.09999999999854481,0.10000000000582077,0.7999999999956344,9.703283880646868,1.0,0,0.0,0.6999999999970896,0
Unsynchronised V and S Dataset/Uncategorised IOVNB (V and S) Dataset/V-Dataset/V-Vw16b.csv,vehicle,1171,1171,1.0,1171,0.09999999999854481,0.10000000000582077,0.10000000000582077,10.0,1.0,0,0.0,0.0,0
Unsynchronised V and S Dataset/Uncategorised IOVNB (V and S) Dataset/V-Dataset/V-Vw17.csv,vehicle,329,329,1.0,329,0.09999999999854481,0.10000000000582077,0.10000000000582077,9.999999999999112,1.0,0,0.0,0.0,0
Unsynchronised V and S Dataset/Uncategorised IOVNB (V and S) Dataset/V-Dataset/V-Vw2.csv,vehicle,52712,52712,1.0,51513,0.09999999999854481,0.10000000000582077,1.8999999999941792,9.772533247329783,1.0,16,0.00030353619669145547,1.7999999999956344,0
Unsynchronised V and S Dataset/Uncategorised IOVNB (V and S) Dataset/V-Dataset/V-Vw3.csv,vehicle,3941,3941,1.0,3936,0.09999999999854481,0.10000000000582077,0.3000000000029104,9.98730964467005,1.0,0,0.0,0.20000000000436557,0
Unsynchronised V and S Dataset/Uncategorised IOVNB (V and S) Dataset/V-Dataset/V-Vw4.csv,vehicle,126573,126573,1.0,123809,0.09999999999854481,0.10000000000582077,2.0,9.781626268052962,1.0,21,0.0001659121613614278,1.8999999999941792,0
Unsynchronised V and S Dataset/Uncategorised IOVNB (V and S) Dataset/V-Dataset/V-Vw5.csv,vehicle,1050,1050,1.0,1038,0.09999999999854481,0.10000000000582077,0.3000000000029104,9.885605338417403,1.0,0,0.0,0.20000000000436557,0
Unsynchronised V and S Dataset/Uncategorised IOVNB (V and S) Dataset/V-Dataset/V-Vw6.csv,vehicle,1288,1288,1.0,1288,0.09999999999854481,0.10000000000582077,0.10000000000582077,9.99999999999966,1.0,0,0.0,0.0,0
Unsynchronised V and S Dataset/Uncategorised IOVNB (V and S) Dataset/V-Dataset/V-Vw7.csv,vehicle,1689,1689,1.0,1688,0.09999999999854481,0.10000000000582077,0.19999999999708962,9.994075829383714,1.0,0,0.0,0.09999999999854481,0
Unsynchronised V and S Dataset/Uncategorised IOVNB (V and S) Dataset/V-Dataset/V-Vw8.csv,vehicle,1599,1599,1.0,1592,0.09999999999854481,0.10000000000582077,0.5,9.956195244054888,1.0,0,0.0,0.4000000000014552,0
Unsynchronised V and S Dataset/Uncategorised IOVNB (V and S) Dataset/V-Dataset/V-Vw9.csv,vehicle,601,601,1.0,601,0.09999999999854481,0.10000000000582077,0.10000000000582077,10.0,1.0,0,0.0,0.0,0
Unsynchronised V and S Dataset/Uncategorised IOVNB (V and S) Dataset/V-Dataset/V-Y1.csv,vehicle,70341,70341,1.0,67968,0.09999999999854481,0.10000000000582077,384.6000000000058,8.858636150357123,1.0,26,0.0003696279552465845,1.7000000000043656,0
Unsynchronised V and S Dataset/Uncategorised IOVNB (V and S) Dataset/V-Dataset/V-Y2.csv,vehicle,57213,57213,1.0,56198,0.09999999999854481,0.10000000000582077,2.900000000001455,9.822589666503536,1.0,34,0.0005942705329208397,2.8000000000029104,0
