source_file,stream,row_count,valid_timestamps,invalid_timestamps,duplicate_timestamp_rows,non_monotonic_rows,reordered,measured_rate_hz,segment_count,encoding,encoding_warning,repair_applied,satellites_consistent
Synchronised V abd S datasets/Categorised IOVNB Dataset/M (Driver B)/S-M.csv,smartphone,105974,105974,0,0,0,False,10.000009536752259,1,cp1252,not valid UTF-8 (byte 223); decoded with cp1252 fallback,False,True
Synchronised V abd S datasets/Categorised IOVNB Dataset/M (Driver B)/V-M.csv,vehicle,105974,105974,0,2,0,False,10.00000000014552,1,utf-8,,False,True
Synchronised V abd S datasets/Categorised IOVNB Dataset/S (Driver A)/S1/S-S1.csv,smartphone,51746,51746,0,0,0,False,10.000009536752259,1,cp1252,not valid UTF-8 (byte 223); decoded with cp1252 fallback,False,True
Synchronised V abd S datasets/Categorised IOVNB Dataset/S (Driver A)/S1/V-S1.csv,vehicle,51746,51746,0,0,0,False,10.00000000014552,1,utf-8,,False,True
Synchronised V abd S datasets/Categorised IOVNB Dataset/S (Driver A)/S2/S-S2.csv,smartphone,93876,93876,0,0,0,False,10.000009536752259,1,cp1252,not valid UTF-8 (byte 223); decoded with cp1252 fallback,False,True
Synchronised V abd S datasets/Categorised IOVNB Dataset/S (Driver A)/S2/V-S2.csv,vehicle,93876,93876,0,0,0,False,10.00000000014552,1,utf-8,,False,True
Synchronised V abd S datasets/Categorised IOVNB Dataset/S (Driver A)/S3a/S-S3a.csv,smartphone,24621,24621,0,0,0,False,10.000009536752259,1,cp1252,not valid UTF-8 (byte 223); decoded with cp1252 fallback,False,True
Synchronised V abd S datasets/Categorised IOVNB Dataset/S (Driver A)/S3a/V-S3a.csv,vehicle,24621,24621,0,0,0,False,9.999999999417923,1,utf-8,,False,True
Synchronised V abd S datasets/Categorised IOVNB Dataset/S (Driver A)/S3b/S-S3b.csv,smartphone,6813,6813,0,0,0,False,10.000009536752259,1,cp1252,not valid UTF-8 (byte 223); decoded with cp1252 fallback,False,True
Synchronised V abd S datasets/Categorised IOVNB Dataset/S (Driver A)/S3b/V-S3b.csv,vehicle,6813,6813,0,0,0,False,9.999999999417923,1,utf-8,,False,True
Synchronised V abd S datasets/Categorised IOVNB Dataset/S (Driver A)/S3c/S-S3c.csv,smartphone,37183,37183,0,0,0,False,10.000009536752259,1,cp1252,not valid UTF-8 (byte 223); decoded with cp1252 fallback,False,True
Synchronised V abd S datasets/Categorised IOVNB Dataset/S (Driver A)/S3c/V-S3c.csv,vehicle,37183,37183,0,0,0,False,9.999999999417923,1,utf-8,,False,True
Synchronised V abd S datasets/Categorised IOVNB Dataset/S (Driver A)/S4/S-S4.csv,smartphone,94600,94600,0,0,0,False,10.000009536752259,2,cp1252,not valid UTF-8 (byte 223); decoded with cp1252 fallback,False,True
Synchronised V abd S datasets/Categorised IOVNB Dataset/S (Driver A)/S4/V-S4.csv,vehicle,94600,94600,0,0,0,False,10.00000000014552,1,utf-8,,False,True
Synchronised V abd S datasets/Categorised IOVNB Dataset/Vf (Driver E)/V-Vfa01/S-Vfa01.csv,smartphone,11486,11486,0,0,0,False,10.000009536752259,1,cp1252,not valid UTF-8 (byte 223); decoded with cp1252 fallback,False,True
Synchronised V abd S datasets/Categorised IOVNB Dataset/Vf (Driver E)/V-Vfa01/V-Vfa01.csv,vehicle,11535,11535,0,0,0,False,10.00000000014552,1,utf-8,,False,True
Synchronised V abd S datasets/Categorised IOVNB Dataset/Vf (Driver E)/V-Vfa02/S-Vfa02.csv,smartphone,67523,67523,0,0,0,False,10.000009536752259,1,cp1252,not valid UTF-8 (byte 223); decoded with cp1252 fallback,False,True
Synchronised V abd S datasets/Categorised IOVNB Dataset/Vf (Driver E)/V-Vfa02/V-Vfa02.csv,vehicle,67755,67755,0,0,0,False,10.00000000014552,1,utf-8,,False,True
Synchronised V abd S datasets/Categorised IOVNB Dataset/Vta (Driver E)/Vta01a/S-Vta1a.csv,smartphone,25676,25676,0,0,0,False,10.000009536752259,1,cp1252,not valid UTF-8 (byte 223); decoded with cp1252 fallback,False,True
Synchronised V abd S datasets/Categorised IOVNB Dataset/Vta (Driver E)/Vta01a/V-Vta1a.csv,vehicle,25676,25676,0,0,0,False,10.00000000014552,1,utf-8,,False,True
Synchronised V abd S datasets/Categorised IOVNB Dataset/Vta (Driver E)/Vta01b/S-Vta1b.csv,smartphone,954,954,0,0,0,False,10.000009536752259,1,cp1252,not valid UTF-8 (byte 223); decoded with cp1252 fallback,False,True
Synchronised V abd S datasets/Categorised IOVNB Dataset/Vta (Driver E)/Vta01b/V-Vta1b.csv,vehicle,953,953,0,0,0,False,10.00000000014552,1,utf-8,,False,True
Synchronised V abd S datasets/Categorised IOVNB Dataset/Vta (Driver E)/Vta02/S-Vta2.csv,smartphone,10991,10991,0,0,0,False,10.000009536752259,1,cp1252,not valid UTF-8 (byte 223); decoded with cp1252 fallback,False,True
Synchronised V abd S datasets/Categorised IOVNB Dataset/Vta (Driver E)/Vta02/V-vta2.csv,vehicle,10991,10991,0,0,0,False,10.00000000014552,1,utf-8,,False,True
Synchronised V abd S datasets/Categorised IOVNB Dataset/Vta (Driver E)/Vta03/S-Vta3.csv,smartphone,645,645,0,0,0,False,10.000009536752259,1,cp1252,not valid UTF-8 (byte 223); decoded with cp1252 fallback,False,True
Synchronised V abd S datasets/Categorised IOVNB Dataset/Vta (Driver E)/Vta03/V-vta3.csv,vehicle,645,645,0,0,0,False,10.00000000014552,1,utf-8,,False,True
Synchronised V abd S datasets/Categorised IOVNB Dataset/Vta (Driver E)/Vta04/S-Vta4.csv,smartphone,1789,1789,0,0,0,False,10.000009536752259,1,cp1252,not valid UTF-8 (byte 223); decoded with cp1252 fallback,False,True
Synchronised V abd S datasets/Categorised IOVNB Dataset/Vta (Driver E)/Vta04/V-vta4.csv,vehicle,1789,1789,0,0,0,False,10.00000000014552,1,utf-8,,False,True
Synchronised V abd S datasets/Categorised IOVNB Dataset/Vta (Driver E)/Vta05/S-Vta5.csv,smartphone,307,307,0,0,0,False,10.000009536752259,1,cp1252,not valid UTF-8 (byte 223); decoded with cp1252 fallback,False,True
Synchronised V abd S datasets/Categorised IOVNB Dataset/Vta (Driver E)/Vta05/V-vta5.csv,vehicle,307,307,0,0,0,False,10.00000000014552,1,utf-8,,False,True
Synchronised V abd S datasets/Categorised IOVNB Dataset/Vta (Driver E)/Vta06/S-Vta6.csv,smartphone,1376,1376,0,0,0,False,10.000009536752259,1,cp1252,not valid UTF-8 (byte 223); decoded with cp1252 fallback,False,True
Synchronised V abd S datasets/Categorised IOVNB Dataset/Vta (Driver E)/Vta06/V-vta6.csv,vehicle,1376,1376,0,0,0,False,10.00000000014552,1,utf-8,,False,True
Synchronised V abd S datasets/Categorised IOVNB Dataset/Vta (Driver E)/Vta07/S-Vta7.csv,smartphone,840,840,0,0,0,False,10.000009536752259,1,cp1252,not valid UTF-8 (byte 223); decoded with cp1252 fallback,False,True
Synchronised V abd S datasets/Categorised IOVNB Dataset/Vta (Driver E)/Vta07/V-vta7.csv,vehicle,840,840,0,0,0,False,10.00000000014552,1,utf-8,,False,True
Synchronised V abd S datasets/Categorised IOVNB Dataset/Vta (Driver E)/Vta08/S-Vta8.csv,smartphone,3676,3676,0,0,0,False,10.000009536752259,1,cp1252,not valid UTF-8 (byte 223); decoded with cp1252 fallback,False,True
Synchronised V abd S datasets/Categorised IOVNB Dataset/Vta (Driver E)/Vta08/V-vta8.csv,vehicle,3676,3676,0,0,0,False,10.00000000014552,1,utf-8,,False,True
Synchronised V abd S datasets/Categorised IOVNB Dataset/Vta (Driver E)/Vta09/S-Vta9.csv,smartphone,156,156,0,0,0,False,10.000009536752259,1,cp1252,not valid UTF-8 (byte 223); decoded with cp1252 fallback,False,True
Synchronised V abd S datasets/Categorised IOVNB Dataset/Vta (Driver E)/Vta09/V-vta9.csv,vehicle,156,156,0,0,0,False,10.00000000014552,1,utf-8,,False,True
Synchronised V abd S datasets/Categorised IOVNB Dataset/Vta (Driver E)/Vta10/S-Vta10.csv,smartphone,1502,1502,0,0,0,False,10.000009536752259,1,cp1252,not valid UTF-8 (byte 223); decoded with cp1252 fallback,False,True
Synchronised V abd S datasets/Categorised IOVNB Dataset/Vta (Driver E)/Vta10/V-vta10.csv,vehicle,1502,1502,0,0,0,False,10.00000000014552,1,utf-8,,False,True
Synchronised V abd S datasets/Categorised IOVNB Dataset/Vta (Driver E)/Vta11/S-Vta11.csv,smartphone,510,510,0,0,0,False,10.000009536752259,1,cp1252,not valid UTF-8 (byte 223); decoded with cp1252 fallback,False,True
Synchronised V abd S datasets/Categorised IOVNB Dataset/Vta (Driver E)/Vta11/V-vta11.csv,vehicle,510,510,0,0,0,False,10.00000000014552,1,utf-8,,False,True
Synchronised V abd S datasets/Categorised IOVNB Dataset/Vta (Driver E)/Vta12/S-Vta12.csv,smartphone,610,610,0,0,0,False,10.000009536752259,1,cp1252,not valid UTF-8 (byte 223); decoded with cp1252 fallback,False,True
Synchronised V abd S datasets/Categorised IOVNB Dataset/Vta (Driver E)/Vta12/V-vta12.csv,vehicle,610,610,0,0,0,False,10.00000000014552,1,utf-8,,False,True
Synchronised V abd S datasets/Categorised IOVNB Dataset/Vta (Driver E)/Vta13/S-Vta13.csv,smartphone,404,404,0,0,0,False,10.000009536752259,1,cp1252,not valid UTF-8 (byte 223); decoded with cp1252 fallback,False,True
Synchronised V abd S datasets/Categorised IOVNB Dataset/Vta (Driver E)/Vta13/V-vta13.csv,vehicle,404,404,0,0,0,False,10.00000000014552,1,utf-8,,False,True
Synchronised V abd S datasets/Categorised IOVNB Dataset/Vta (Driver E)/Vta14/S-Vta14.csv,smartphone,2885,2885,0,0,0,False,10.000009536752259,1,cp1252,not valid UTF-8 (byte 223); decoded with cp1252 fallback,False,True
Synchronised V abd S datasets/Categorised IOVNB Dataset/Vta (Driver E)/Vta14/V-vta14.csv,vehicle,2885,2885,0,0,0,False,10.00000000014552,1,utf-8,,False,True
Synchronised V abd S datasets/Categorised IOVNB Dataset/Vta (Driver E)/Vta15/S-Vta15.csv,smartphone,833,833,0,0,0,False,10.000009536752259,1,cp1252,not valid UTF-8 (byte 223); decoded with cp1252 fallback,False,True
Synchronised V abd S datasets/Categorised IOVNB Dataset/Vta (Driver E)/Vta15/V-vta15.csv,vehicle,833,833,0,0,0,False,10.00000000014552,1,utf-8,,False,True
Synchronised V abd S datasets/Categorised IOVNB Dataset/Vta (Driver E)/Vta16/S-Vta16.csv,smartphone,11335,11335,0,0,0,False,10.000009536752259,1,cp1252,not valid UTF-8 (byte 223); decoded with cp1252 fallback,False,True
Synchronised V abd S datasets/Categorised IOVNB Dataset/Vta (Driver E)/Vta16/V-vta16.csv,vehicle,11335,11335,0,0,0,False,10.00000000014552,1,utf-8,,False,True
Synchronised V abd S datasets/Categorised IOVNB Dataset/Vta (Driver E)/Vta17/S-Vta17.csv,smartphone,4519,4519,0,0,0,False,10.000009536752259,1,cp1252,not valid UTF-8 (byte 223); decoded with cp1252 fallback,False,True
Synchronised V abd S datasets/Categorised IOVNB Dataset/Vta (Driver E)/Vta17/V-vta17.csv,vehicle,4519,4519,0,0,0,False,10.00000000014552,1,utf-8,,False,True
Synchronised V abd S datasets/Categorised IOVNB Dataset/Vta (Driver E)/Vta19/S-Vta19.csv,smartphone,292,292,0,0,0,False,10.000009536752259,1,cp1252,not valid UTF-8 (byte 223); decoded with cp1252 fallback,False,True
Synchronised V abd S datasets/Categorised IOVNB Dataset/Vta (Driver E)/Vta19/V-vta19.csv,vehicle,292,292,0,0,0,False,10.00000000014552,1,utf-8,,False,True
Synchronised V abd S datasets/Categorised IOVNB Dataset/Vta (Driver E)/Vta20/S-Vta20.csv,smartphone,3223,3223,0,0,0,False,10.000009536752259,1,cp1252,not valid UTF-8 (byte 223); decoded with cp1252 fallback,False,True
Synchronised V abd S datasets/Categorised IOVNB Dataset/Vta (Driver E)/Vta20/V-vta20.csv,vehicle,3223,3223,0,0,0,False,10.00000000014552,1,utf-8,,False,True
Synchronised V abd S datasets/Categorised IOVNB Dataset/Vta (Driver E)/Vta21/S-Vta21.csv,smartphone,2079,2079,0,0,0,False,10.000009536752259,1,cp1252,not valid UTF-8 (byte 223); decoded with cp1252 fallback,False,True
Synchronised V abd S datasets/Categorised IOVNB Dataset/Vta (Driver E)/Vta21/V-vta21.csv,vehicle,2079,2079,0,0,0,False,10.00000000014552,1,utf-8,,False,True
Synchronised V abd S datasets/Categorised IOVNB Dataset/Vta (Driver E)/Vta22/S-Vta22.csv,smartphone,1564,1564,0,0,0,False,10.000009536752259,1,cp1252,not valid UTF-8 (byte 223); decoded with cp1252 fallback,False,True
Synchronised V abd S datasets/Categorised IOVNB Dataset/Vta (Driver E)/Vta22/V-vta22.csv,vehicle,1564,1564,0,0,0,False,10.00000000014552,1,utf-8,,False,True
Synchronised V abd S datasets/Categorised IOVNB Dataset/Vta (Driver E)/Vta23/S-Vta23.csv,smartphone,1110,1110,0,0,0,False,10.000009536752259,1,cp1252,not valid UTF-8 (byte 223); decoded with cp1252 fallback,False,True
Synchronised V abd S datasets/Categorised IOVNB Dataset/Vta (Driver E)/Vta23/V-vta23.csv,vehicle,1110,1110,0,0,0,False,10.00000000014552,1,utf-8,,False,True
Synchronised V abd S datasets/Categorised IOVNB Dataset/Vta (Driver E)/Vta24/S-Vta24.csv,smartphone,1171,1171,0,0,0,False,10.000009536752259,1,cp1252,not valid UTF-8 (byte 223); decoded with cp1252 fallback,False,True
Synchronised V abd S datasets/Categorised IOVNB Dataset/Vta (Driver E)/Vta24/V-vta24.csv,vehicle,1171,1171,0,0,0,False,10.00000000014552,1,utf-8,,False,True
Synchronised V abd S datasets/Categorised IOVNB Dataset/Vta (Driver E)/Vta25/S-Vta25.csv,smartphone,646,646,0,0,0,False,10.000009536752259,1,cp1252,not valid UTF-8 (byte 223); decoded with cp1252 fallback,False,True
Synchronised V abd S datasets/Categorised IOVNB Dataset/Vta (Driver E)/Vta25/V-vta25.csv,vehicle,646,646,0,0,0,False,10.00000000014552,1,utf-8,,False,True
Synchronised V abd S datasets/Categorised IOVNB Dataset/Vta (Driver E)/Vta26/S-Vta26.csv,smartphone,1935,1935,0,0,0,False,10.000009536752259,1,cp1252,not valid UTF-8 (byte 223); decoded with cp1252 fallback,False,True
Synchronised V abd S datasets/Categorised IOVNB Dataset/Vta (Driver E)/Vta26/V-vta26.csv,vehicle,1935,1935,0,0,0,False,10.00000000014552,1,utf-8,,False,True
Synchronised V abd S datasets/Categorised IOVNB Dataset/Vta (Driver E)/Vta27/S-Vta27.csv,smartphone,2540,2540,0,0,0,False,10.000009536752259,1,cp1252,not valid UTF-8 (byte 223); decoded with cp1252 fallback,False,True
Synchronised V abd S datasets/Categorised IOVNB Dataset/Vta (Driver E)/Vta27/V-vta27.csv,vehicle,2540,2540,0,0,0,False,10.00000000014552,1,utf-8,,False,True
Synchronised V abd S datasets/Categorised IOVNB Dataset/Vta (Driver E)/Vta28/S-Vta28.csv,smartphone,4210,4210,0,0,0,False,10.000009536752259,1,cp1252,not valid UTF-8 (byte 223); decoded with cp1252 fallback,False,True
Synchronised V abd S datasets/Categorised IOVNB Dataset/Vta (Driver E)/Vta28/V-vta28.csv,vehicle,4210,4210,0,0,0,False,10.00000000014552,1,utf-8,,False,True
Synchronised V abd S datasets/Categorised IOVNB Dataset/Vta (Driver E)/Vta29/S-Vta29.csv,smartphone,23705,23705,0,5,0,False,10.000009536752259,1,cp1252,not valid UTF-8 (byte 223); decoded with cp1252 fallback,False,True
Synchronised V abd S datasets/Categorised IOVNB Dataset/Vta (Driver E)/Vta29/V-vta29.csv,vehicle,23705,23705,0,0,0,False,10.00000000014552,1,utf-8,,False,True
Synchronised V abd S datasets/Categorised IOVNB Dataset/Vta (Driver E)/Vta30/S-Vta30.csv,smartphone,17136,17136,0,0,0,False,10.000009536752259,1,cp1252,not valid UTF-8 (byte 223); decoded with cp1252 fallback,False,True
Synchronised V abd S datasets/Categorised IOVNB Dataset/Vta (Driver E)/Vta30/V-vta30.csv,vehicle,17136,17136,0,0,0,False,10.00000000014552,1,utf-8,,False,True
Synchronised V abd S datasets/Categorised IOVNB Dataset/Vtb (Driver E)/Vtb01/S-Vtb1.csv,smartphone,32459,32459,0,6529,0,False,10.000009536752259,2,cp1252,not valid UTF-8 (byte 223); decoded with cp1252 fallback,False,True
Synchronised V abd S datasets/Categorised IOVNB Dataset/Vtb (Driver E)/Vtb01/V-vtb1.csv,vehicle,32459,32459,0,0,0,False,10.00000000014552,1,utf-8,,False,True
Synchronised V abd S datasets/Categorised IOVNB Dataset/Vtb (Driver E)/Vtb02/S-Vtb2.csv,smartphone,5712,5712,0,0,0,False,10.000009536752259,1,cp1252,not valid UTF-8 (byte 223); decoded with cp1252 fallback,False,True
Synchronised V abd S datasets/Categorised IOVNB Dataset/Vtb (Driver E)/Vtb02/V-vtb2.csv,vehicle,5712,5712,0,2,0,False,10.00000000014552,1,utf-8,,False,True
Synchronised V abd S datasets/Categorised IOVNB Dataset/Vtb (Driver E)/Vtb03/S-Vtb3.csv,smartphone,8240,8240,0,0,0,False,10.000009536752259,1,cp1252,not valid UTF-8 (byte 223); decoded with cp1252 fallback,False,True
Synchronised V abd S datasets/Categorised IOVNB Dataset/Vtb (Driver E)/Vtb03/V-vtb3.csv,vehicle,8240,8240,0,0,0,False,10.00000000014552,1,utf-8,,False,True
Synchronised V abd S datasets/Categorised IOVNB Dataset/Vtb (Driver E)/Vtb04/S-Vtb4.csv,smartphone,556,556,0,0,0,False,10.000009536752259,1,cp1252,not valid UTF-8 (byte 223); decoded with cp1252 fallback,False,True
Synchronised V abd S datasets/Categorised IOVNB Dataset/Vtb (Driver E)/Vtb04/V-vtb4.csv,vehicle,556,556,0,0,0,False,10.00000000014552,1,utf-8,,False,True
Synchronised V abd S datasets/Categorised IOVNB Dataset/Vtb (Driver E)/Vtb05/S-Vtb5.csv,smartphone,64388,64388,0,0,0,False,10.000009536752259,1,cp1252,not valid UTF-8 (byte 223); decoded with cp1252 fallback,False,True
Synchronised V abd S datasets/Categorised IOVNB Dataset/Vtb (Driver E)/Vtb05/V-vtb5.csv,vehicle,64388,64388,0,0,0,False,10.00000000014552,1,utf-8,,False,True
Synchronised V abd S datasets/Categorised IOVNB Dataset/Vtb (Driver E)/Vtb06/S-Vtb6.csv,smartphone,498,498,0,0,0,False,10.000009536752259,1,cp1252,not valid UTF-8 (byte 223); decoded with cp1252 fallback,False,True
Synchronised V abd S datasets/Categorised IOVNB Dataset/Vtb (Driver E)/Vtb06/V-vtb6.csv,vehicle,498,498,0,0,0,False,9.999999999417923,1,utf-8,,False,True
Synchronised V abd S datasets/Categorised IOVNB Dataset/Vtb (Driver E)/Vtb07/S-Vtb7.csv,smartphone,461,461,0,0,0,False,10.000009536752259,1,cp1252,not valid UTF-8 (byte 223); decoded with cp1252 fallback,False,True
Synchronised V abd S datasets/Categorised IOVNB Dataset/Vtb (Driver E)/Vtb07/V-vtb7.csv,vehicle,461,461,0,0,0,False,9.999999999417923,1,utf-8,,False,True
Synchronised V abd S datasets/Categorised IOVNB Dataset/Vtb (Driver E)/Vtb08/S-Vtb8.csv,smartphone,668,668,0,0,0,False,10.000009536752259,1,cp1252,not valid UTF-8 (byte 223); decoded with cp1252 fallback,False,True
Synchronised V abd S datasets/Categorised IOVNB Dataset/Vtb (Driver E)/Vtb08/V-vtb8.csv,vehicle,668,668,0,0,0,False,9.999999999417923,1,utf-8,,False,True
Synchronised V abd S datasets/Categorised IOVNB Dataset/Vtb (Driver E)/Vtb09/S-Vtb9.csv,smartphone,452,452,0,0,0,False,10.000009536752259,1,cp1252,not valid UTF-8 (byte 223); decoded with cp1252 fallback,False,True
Synchronised V abd S datasets/Categorised IOVNB Dataset/Vtb (Driver E)/Vtb09/V-vtb9.csv,vehicle,452,452,0,0,0,False,9.999999999417923,1,utf-8,,False,True
Synchronised V abd S datasets/Categorised IOVNB Dataset/Vtb (Driver E)/Vtb10/S-Vtb10.csv,smartphone,196,196,0,0,0,False,10.000009536752259,1,cp1252,not valid UTF-8 (byte 223); decoded with cp1252 fallback,False,True
Synchronised V abd S datasets/Categorised IOVNB Dataset/Vtb (Driver E)/Vtb10/V-vtb10.csv,vehicle,195,195,0,0,0,False,9.999999999417923,1,utf-8,,False,True
Synchronised V abd S datasets/Categorised IOVNB Dataset/Vtb (Driver E)/Vtb11/S-Vtb11.csv,smartphone,361,361,0,0,0,False,10.000009536752259,1,cp1252,not valid UTF-8 (byte 223); decoded with cp1252 fallback,False,True
Synchronised V abd S datasets/Categorised IOVNB Dataset/Vtb (Driver E)/Vtb11/V-vtb11.csv,vehicle,361,361,0,0,0,False,9.999999999417923,1,utf-8,,False,True
Synchronised V abd S datasets/Categorised IOVNB Dataset/Vtb (Driver E)/Vtb12/S-Vtb12.csv,smartphone,447,447,0,0,0,False,10.000009536752259,1,cp1252,not valid UTF-8 (byte 223); decoded with cp1252 fallback,False,True
Synchronised V abd S datasets/Categorised IOVNB Dataset/Vtb (Driver E)/Vtb12/V-vtb12.csv,vehicle,447,447,0,0,0,False,9.999999999417923,1,utf-8,,False,True
Synchronised V abd S datasets/Categorised IOVNB Dataset/Vw (Driver E)/Vw01/S-Vw1.csv,smartphone,20476,20476,0,0,0,False,10.000009536752259,1,cp1252,not valid UTF-8 (byte 223); decoded with cp1252 fallback,False,True
Synchronised V abd S datasets/Categorised IOVNB Dataset/Vw (Driver E)/Vw01/V-Vw1.csv,vehicle,20475,20475,0,0,0,False,10.00000000014552,1,utf-8,,False,True
Synchronised V abd S datasets/Categorised IOVNB Dataset/Vw (Driver E)/Vw02/S-Vw2.csv,smartphone,52713,52713,0,0,0,False,10.000009536752259,1,cp1252,not valid UTF-8 (byte 223); decoded with cp1252 fallback,False,True
Synchronised V abd S datasets/Categorised IOVNB Dataset/Vw (Driver E)/Vw02/V-Vw2.csv,vehicle,52712,52712,0,0,0,False,10.00000000014552,1,utf-8,,False,True
Synchronised V abd S datasets/Categorised IOVNB Dataset/Vw (Driver E)/Vw03/S-Vw3.csv,smartphone,3861,3861,0,0,0,False,10.000009536752259,1,cp1252,not valid UTF-8 (byte 223); decoded with cp1252 fallback,False,True
Synchronised V abd S datasets/Categorised IOVNB Dataset/Vw (Driver E)/Vw03/V-Vw3.csv,vehicle,3861,3861,0,0,0,False,10.00000000014552,1,utf-8,,False,True
Synchronised V abd S datasets/Categorised IOVNB Dataset/Vw (Driver E)/Vw04/S-Vw4.csv,smartphone,126526,126526,0,0,0,False,10.000009536752259,1,cp1252,not valid UTF-8 (byte 223); decoded with cp1252 fallback,False,True
Synchronised V abd S datasets/Categorised IOVNB Dataset/Vw (Driver E)/Vw04/V-Vw4.csv,vehicle,126527,126527,0,0,0,False,10.00000000014552,1,utf-8,,False,True
Synchronised V abd S datasets/Categorised IOVNB Dataset/Vw (Driver E)/Vw05/S-Vw5.csv,smartphone,1012,1012,0,0,0,False,10.000009536752259,1,cp1252,not valid UTF-8 (byte 223); decoded with cp1252 fallback,False,True
Synchronised V abd S datasets/Categorised IOVNB Dataset/Vw (Driver E)/Vw05/V-Vw5.csv,vehicle,1012,1012,0,0,0,False,10.00000000014552,1,utf-8,,False,True
Synchronised V abd S datasets/Categorised IOVNB Dataset/Vw (Driver E)/Vw06/S-Vw6.csv,smartphone,1281,1281,0,0,0,False,10.000009536752259,1,cp1252,not valid UTF-8 (byte 223); decoded with cp1252 fallback,False,True
Synchronised V abd S datasets/Categorised IOVNB Dataset/Vw (Driver E)/Vw06/V-Vw6.csv,vehicle,1281,1281,0,0,0,False,10.00000000014552,1,utf-8,,False,True
Synchronised V abd S datasets/Categorised IOVNB Dataset/Vw (Driver E)/Vw07/S-Vw7.csv,smartphone,1602,1602,0,0,0,False,10.000009536752259,1,cp1252,not valid UTF-8 (byte 223); decoded with cp1252 fallback,False,True
Synchronised V abd S datasets/Categorised IOVNB Dataset/Vw (Driver E)/Vw07/V-Vw7.csv,vehicle,1602,1602,0,0,0,False,10.00000000014552,1,utf-8,,False,True
Synchronised V abd S datasets/Categorised IOVNB Dataset/Vw (Driver E)/Vw08/S-Vw8.csv,smartphone,1529,1529,0,0,0,False,10.000009536752259,1,cp1252,not valid UTF-8 (byte 223); decoded with cp1252 fallback,False,True
Synchronised V abd S datasets/Categorised IOVNB Dataset/Vw (Driver E)/Vw08/V-Vw8.csv,vehicle,1529,1529,0,0,0,False,10.00000000014552,1,utf-8,,False,True
Synchronised V abd S datasets/Categorised IOVNB Dataset/Vw (Driver E)/Vw09/S-Vw9.csv,smartphone,552,552,0,0,0,False,10.000009536752259,1,cp1252,not valid UTF-8 (byte 223); decoded with cp1252 fallback,False,True
Synchronised V abd S datasets/Categorised IOVNB Dataset/Vw (Driver E)/Vw09/V-Vw9.csv,vehicle,553,553,0,0,0,False,10.00000000014552,1,utf-8,,False,True
Synchronised V abd S datasets/Categorised IOVNB Dataset/Vw (Driver E)/Vw10/S-Vw10.csv,smartphone,652,652,0,0,0,False,10.000009536752259,1,cp1252,not valid UTF-8 (byte 223); decoded with cp1252 fallback,False,True
Synchronised V abd S datasets/Categorised IOVNB Dataset/Vw (Driver E)/Vw10/V-Vw10.csv,vehicle,652,652,0,0,0,False,10.00000000014552,1,utf-8,,False,True
Synchronised V abd S datasets/Categorised IOVNB Dataset/Vw (Driver E)/Vw11/S-Vw11.csv,smartphone,4909,4909,0,0,0,False,10.000009536752259,1,cp1252,not valid UTF-8 (byte 223); decoded with cp1252 fallback,False,True
Synchronised V abd S datasets/Categorised IOVNB Dataset/Vw (Driver E)/Vw11/V-Vw11.csv,vehicle,4909,4909,0,0,0,False,10.00000000014552,1,utf-8,,False,True
Synchronised V abd S datasets/Categorised IOVNB Dataset/Vw (Driver E)/Vw12/S-Vw12.csv,smartphone,918,918,0,0,0,False,10.000009536752259,1,cp1252,not valid UTF-8 (byte 223); decoded with cp1252 fallback,False,True
Synchronised V abd S datasets/Categorised IOVNB Dataset/Vw (Driver E)/Vw12/V-Vw12.csv,vehicle,918,918,0,0,0,False,10.00000000014552,1,utf-8,,False,True
Synchronised V abd S datasets/Categorised IOVNB Dataset/Vw (Driver E)/Vw13/S-Vw13.csv,smartphone,284,284,0,0,0,False,10.000009536752259,1,cp1252,not valid UTF-8 (byte 223); decoded with cp1252 fallback,False,True
Synchronised V abd S datasets/Categorised IOVNB Dataset/Vw (Driver E)/Vw13/V-Vw13.csv,vehicle,284,284,0,0,0,False,10.00000000014552,1,utf-8,,False,True
Synchronised V abd S datasets/Categorised IOVNB Dataset/Vw (Driver E)/Vw14a/S-Vw14a.csv,smartphone,3138,3138,0,0,0,False,10.000009536752259,1,cp1252,not valid UTF-8 (byte 223); decoded with cp1252 fallback,False,True
Synchronised V abd S datasets/Categorised IOVNB Dataset/Vw (Driver E)/Vw14a/V-Vw14a.csv,vehicle,3138,3138,0,0,0,False,10.00000000014552,1,utf-8,,False,True
Synchronised V abd S datasets/Categorised IOVNB Dataset/Vw (Driver E)/Vw14b/S-Vw14b.csv,smartphone,19588,19588,0,0,0,False,10.000009536752259,1,cp1252,not valid UTF-8 (byte 223); decoded with cp1252 fallback,False,True
Synchronised V abd S datasets/Categorised IOVNB Dataset/Vw (Driver E)/Vw14b/V-Vw14b.csv,vehicle,19588,19588,0,0,0,False,10.00000000014552,1,utf-8,,False,True
Synchronised V abd S datasets/Categorised IOVNB Dataset/Vw (Driver E)/Vw14c/S-Vw14c.csv,smartphone,15826,15826,0,0,0,False,10.000009536752259,1,cp1252,not valid UTF-8 (byte 223); decoded with cp1252 fallback,False,True
Synchronised V abd S datasets/Categorised IOVNB Dataset/Vw (Driver E)/Vw14c/V-Vw14c.csv,vehicle,15826,15826,0,0,0,False,10.00000000014552,1,utf-8,,False,True
Synchronised V abd S datasets/Categorised IOVNB Dataset/Vw (Driver E)/Vw15/S-Vw15.csv,smartphone,1380,1380,0,0,0,False,10.000009536752259,1,cp1252,not valid UTF-8 (byte 223); decoded with cp1252 fallback,False,True
Synchronised V abd S datasets/Categorised IOVNB Dataset/Vw (Driver E)/Vw15/V-Vw15.csv,vehicle,1391,1391,0,0,0,False,10.00000000014552,1,utf-8,,False,True
Synchronised V abd S datasets/Categorised IOVNB Dataset/Vw (Driver E)/Vw16a/S-Vw16a.csv,smartphone,5879,5879,0,0,0,False,10.000009536752259,1,cp1252,not valid UTF-8 (byte 223); decoded with cp1252 fallback,False,True
Synchronised V abd S datasets/Categorised IOVNB Dataset/Vw (Driver E)/Vw16a/V-Vw16a.csv,vehicle,5879,5879,0,0,0,False,10.00000000014552,1,utf-8,,False,True
Synchronised V abd S datasets/Categorised IOVNB Dataset/Vw (Driver E)/Vw16b/S-Vw16b.csv,smartphone,1126,1126,0,0,0,False,10.000009536752259,1,cp1252,not valid UTF-8 (byte 223); decoded with cp1252 fallback,False,True
Synchronised V abd S datasets/Categorised IOVNB Dataset/Vw (Driver E)/Vw16b/V-Vw16b.csv,vehicle,1126,1126,0,0,0,False,10.00000000014552,1,utf-8,,False,True
Synchronised V abd S datasets/Categorised IOVNB Dataset/Vw (Driver E)/Vw17/S-Vw17.csv,smartphone,329,329,0,0,0,False,10.000009536752259,1,cp1252,not valid UTF-8 (byte 223); decoded with cp1252 fallback,False,True
Synchronised V abd S datasets/Categorised IOVNB Dataset/Vw (Driver E)/Vw17/V-Vw17.csv,vehicle,329,329,0,0,0,False,10.00000000014552,1,utf-8,,False,True
Synchronised V abd S datasets/Categorised IOVNB Dataset/Y (Driver D)/Y1/S-Y1.csv,smartphone,70285,70285,0,0,0,False,10.000009536752259,3,cp1252,not valid UTF-8 (byte 223); decoded with cp1252 fallback,False,True
Synchronised V abd S datasets/Categorised IOVNB Dataset/Y (Driver D)/Y1/V-Y1.csv,vehicle,70285,70285,0,0,0,False,10.00000000014552,3,utf-8,,False,True
Synchronised V abd S datasets/Uncategorised IOVNB Dataset/S-Dataset/S-M.csv,smartphone,105974,105974,0,0,0,False,10.000009536752259,1,cp1252,not valid UTF-8 (byte 223); decoded with cp1252 fallback,False,True
Synchronised V abd S datasets/Uncategorised IOVNB Dataset/S-Dataset/S-S1.csv,smartphone,51746,51746,0,0,0,False,10.000009536752259,1,cp1252,not valid UTF-8 (byte 223); decoded with cp1252 fallback,False,True
Synchronised V abd S datasets/Uncategorised IOVNB Dataset/S-Dataset/S-S2.csv,smartphone,93876,93876,0,0,0,False,10.000009536752259,1,cp1252,not valid UTF-8 (byte 223); decoded with cp1252 fallback,False,True
Synchronised V abd S datasets/Uncategorised IOVNB Dataset/S-Dataset/S-S3a.csv,smartphone,24621,24621,0,0,0,False,10.000009536752259,1,cp1252,not valid UTF-8 (byte 223); decoded with cp1252 fallback,False,True
Synchronised V abd S datasets/Uncategorised IOVNB Dataset/S-Dataset/S-S3b.csv,smartphone,6813,6813,0,0,0,False,10.000009536752259,1,cp1252,not valid UTF-8 (byte 223); decoded with cp1252 fallback,False,True
Synchronised V abd S datasets/Uncategorised IOVNB Dataset/S-Dataset/S-S3c.csv,smartphone,37183,37183,0,0,0,False,10.000009536752259,1,cp1252,not valid UTF-8 (byte 223); decoded with cp1252 fallback,False,True
Synchronised V abd S datasets/Uncategorised IOVNB Dataset/S-Dataset/S-S4.csv,smartphone,94600,94600,0,0,0,False,10.000009536752259,2,cp1252,not valid UTF-8 (byte 223); decoded with cp1252 fallback,False,True
Synchronised V abd S datasets/Uncategorised IOVNB Dataset/S-Dataset/S-Vfa01.csv,smartphone,11486,11486,0,0,0,False,10.000009536752259,1,cp1252,not valid UTF-8 (byte 222); decoded with cp1252 fallback,False,True
Synchronised V abd S datasets/Uncategorised IOVNB Dataset/S-Dataset/S-Vfa02.csv,smartphone,67523,67523,0,0,0,False,10.000009536752259,1,cp1252,not valid UTF-8 (byte 222); decoded with cp1252 fallback,False,True
Synchronised V abd S datasets/Uncategorised IOVNB Dataset/S-Dataset/S-Vta10.csv,smartphone,1502,1502,0,0,0,False,10.000009536752259,1,cp1252,not valid UTF-8 (byte 223); decoded with cp1252 fallback,False,True
Synchronised V abd S datasets/Uncategorised IOVNB Dataset/S-Dataset/S-Vta11.csv,smartphone,510,510,0,0,0,False,10.000009536752259,1,cp1252,not valid UTF-8 (byte 223); decoded with cp1252 fallback,False,True
Synchronised V abd S datasets/Uncategorised IOVNB Dataset/S-Dataset/S-Vta12.csv,smartphone,610,610,0,0,0,False,10.000009536752259,1,cp1252,not valid UTF-8 (byte 223); decoded with cp1252 fallback,False,True
Synchronised V abd S datasets/Uncategorised IOVNB Dataset/S-Dataset/S-Vta13.csv,smartphone,404,404,0,0,0,False,10.000009536752259,1,cp1252,not valid UTF-8 (byte 223); decoded with cp1252 fallback,False,True
Synchronised V abd S datasets/Uncategorised IOVNB Dataset/S-Dataset/S-Vta14.csv,smartphone,2885,2885,0,0,0,False,10.000009536752259,1,cp1252,not valid UTF-8 (byte 223); decoded with cp1252 fallback,False,True
Synchronised V abd S datasets/Uncategorised IOVNB Dataset/S-Dataset/S-Vta15.csv,smartphone,833,833,0,0,0,False,10.000009536752259,1,cp1252,not valid UTF-8 (byte 223); decoded with cp1252 fallback,False,True
Synchronised V abd S datasets/Uncategorised IOVNB Dataset/S-Dataset/S-Vta16.csv,smartphone,11335,11335,0,0,0,False,10.000009536752259,1,cp1252,not valid UTF-8 (byte 223); decoded with cp1252 fallback,False,True
Synchronised V abd S datasets/Uncategorised IOVNB Dataset/S-Dataset/S-Vta17.csv,smartphone,4519,4519,0,0,0,False,10.000009536752259,1,cp1252,not valid UTF-8 (byte 223); decoded with cp1252 fallback,False,True
Synchronised V abd S datasets/Uncategorised IOVNB Dataset/S-Dataset/S-Vta19.csv,smartphone,292,292,0,0,0,False,10.000009536752259,1,cp1252,not valid UTF-8 (byte 223); decoded with cp1252 fallback,False,True
Synchronised V abd S datasets/Uncategorised IOVNB Dataset/S-Dataset/S-Vta1a.csv,smartphone,25676,25676,0,0,0,False,10.000009536752259,1,cp1252,not valid UTF-8 (byte 223); decoded with cp1252 fallback,False,True
Synchronised V abd S datasets/Uncategorised IOVNB Dataset/S-Dataset/S-Vta1b.csv,smartphone,954,954,0,0,0,False,10.000009536752259,1,cp1252,not valid UTF-8 (byte 223); decoded with cp1252 fallback,False,True
Synchronised V abd S datasets/Uncategorised IOVNB Dataset/S-Dataset/S-Vta2.csv,smartphone,10991,10991,0,0,0,False,10.000009536752259,1,cp1252,not valid UTF-8 (byte 223); decoded with cp1252 fallback,False,True
Synchronised V abd S datasets/Uncategorised IOVNB Dataset/S-Dataset/S-Vta20.csv,smartphone,3223,3223,0,0,0,False,10.000009536752259,1,cp1252,not valid UTF-8 (byte 223); decoded with cp1252 fallback,False,True
Synchronised V abd S datasets/Uncategorised IOVNB Dataset/S-Dataset/S-Vta21.csv,smartphone,2079,2079,0,0,0,False,10.000009536752259,1,cp1252,not valid UTF-8 (byte 223); decoded with cp1252 fallback,False,True
Synchronised V abd S datasets/Uncategorised IOVNB Dataset/S-Dataset/S-Vta22.csv,smartphone,1564,1564,0,0,0,False,10.000009536752259,1,cp1252,not valid UTF-8 (byte 223); decoded with cp1252 fallback,False,True
Synchronised V abd S datasets/Uncategorised IOVNB Dataset/S-Dataset/S-Vta23.csv,smartphone,1110,1110,0,0,0,False,10.000009536752259,1,cp1252,not valid UTF-8 (byte 223); decoded with cp1252 fallback,False,True
Synchronised V abd S datasets/Uncategorised IOVNB Dataset/S-Dataset/S-Vta24.csv,smartphone,1171,1171,0,0,0,False,10.000009536752259,1,cp1252,not valid UTF-8 (byte 223); decoded with cp1252 fallback,False,True
Synchronised V abd S datasets/Uncategorised IOVNB Dataset/S-Dataset/S-Vta25.csv,smartphone,646,646,0,0,0,False,10.000009536752259,1,cp1252,not valid UTF-8 (byte 223); decoded with cp1252 fallback,False,True
Synchronised V abd S datasets/Uncategorised IOVNB Dataset/S-Dataset/S-Vta26.csv,smartphone,1935,1935,0,0,0,False,10.000009536752259,1,cp1252,not valid UTF-8 (byte 223); decoded with cp1252 fallback,False,True
Synchronised V abd S datasets/Uncategorised IOVNB Dataset/S-Dataset/S-Vta27.csv,smartphone,2540,2540,0,0,0,False,10.000009536752259,1,cp1252,not valid UTF-8 (byte 223); decoded with cp1252 fallback,False,True
Synchronised V abd S datasets/Uncategorised IOVNB Dataset/S-Dataset/S-Vta28.csv,smartphone,4210,4210,0,0,0,False,10.000009536752259,1,cp1252,not valid UTF-8 (byte 223); decoded with cp1252 fallback,False,True
Synchronised V abd S datasets/Uncategorised IOVNB Dataset/S-Dataset/S-Vta29.csv,smartphone,23705,23705,0,5,0,False,10.000009536752259,1,cp1252,not valid UTF-8 (byte 223); decoded with cp1252 fallback,False,True
Synchronised V abd S datasets/Uncategorised IOVNB Dataset/S-Dataset/S-Vta3.csv,smartphone,645,645,0,0,0,False,10.000009536752259,1,cp1252,not valid UTF-8 (byte 223); decoded with cp1252 fallback,False,True
Synchronised V abd S datasets/Uncategorised IOVNB Dataset/S-Dataset/S-Vta30.csv,smartphone,17136,17136,0,0,0,False,10.000009536752259,1,cp1252,not valid UTF-8 (byte 223); decoded with cp1252 fallback,False,True
Synchronised V abd S datasets/Uncategorised IOVNB Dataset/S-Dataset/S-Vta4.csv,smartphone,1789,1789,0,0,0,False,10.000009536752259,1,cp1252,not valid UTF-8 (byte 223); decoded with cp1252 fallback,False,True
Synchronised V abd S datasets/Uncategorised IOVNB Dataset/S-Dataset/S-Vta5.csv,smartphone,307,307,0,0,0,False,10.000009536752259,1,cp1252,not valid UTF-8 (byte 223); decoded with cp1252 fallback,False,True
Synchronised V abd S datasets/Uncategorised IOVNB Dataset/S-Dataset/S-Vta6.csv,smartphone,1376,1376,0,0,0,False,10.000009536752259,1,cp1252,not valid UTF-8 (byte 223); decoded with cp1252 fallback,False,True
Synchronised V abd S datasets/Uncategorised IOVNB Dataset/S-Dataset/S-Vta7.csv,smartphone,840,840,0,0,0,False,10.000009536752259,1,cp1252,not valid UTF-8 (byte 223); decoded with cp1252 fallback,False,True
Synchronised V abd S datasets/Uncategorised IOVNB Dataset/S-Dataset/S-Vta8.csv,smartphone,3676,3676,0,0,0,False,10.000009536752259,1,cp1252,not valid UTF-8 (byte 223); decoded with cp1252 fallback,False,True
Synchronised V abd S datasets/Uncategorised IOVNB Dataset/S-Dataset/S-Vta9.csv,smartphone,156,156,0,0,0,False,10.000009536752259,1,cp1252,not valid UTF-8 (byte 223); decoded with cp1252 fallback,False,True
Synchronised V abd S datasets/Uncategorised IOVNB Dataset/S-Dataset/S-Vtb1.csv,smartphone,32459,32459,0,6529,0,False,10.000009536752259,2,cp1252,not valid UTF-8 (byte 223); decoded with cp1252 fallback,False,True
Synchronised V abd S datasets/Uncategorised IOVNB Dataset/S-Dataset/S-Vtb10.csv,smartphone,196,196,0,0,0,False,10.000009536752259,1,cp1252,not valid UTF-8 (byte 223); decoded with cp1252 fallback,False,True
Synchronised V abd S datasets/Uncategorised IOVNB Dataset/S-Dataset/S-Vtb11.csv,smartphone,361,361,0,0,0,False,10.000009536752259,1,cp1252,not valid UTF-8 (byte 223); decoded with cp1252 fallback,False,True
Synchronised V abd S datasets/Uncategorised IOVNB Dataset/S-Dataset/S-Vtb12.csv,smartphone,447,447,0,0,0,False,10.000009536752259,1,cp1252,not valid UTF-8 (byte 223); decoded with cp1252 fallback,False,True
Synchronised V abd S datasets/Uncategorised IOVNB Dataset/S-Dataset/S-Vtb2.csv,smartphone,5712,5712,0,0,0,False,10.000009536752259,1,cp1252,not valid UTF-8 (byte 223); decoded with cp1252 fallback,False,True
Synchronised V abd S datasets/Uncategorised IOVNB Dataset/S-Dataset/S-Vtb3.csv,smartphone,8240,8240,0,0,0,False,10.000009536752259,1,cp1252,not valid UTF-8 (byte 223); decoded with cp1252 fallback,False,True
Synchronised V abd S datasets/Uncategorised IOVNB Dataset/S-Dataset/S-Vtb4.csv,smartphone,556,556,0,0,0,False,10.000009536752259,1,cp1252,not valid UTF-8 (byte 223); decoded with cp1252 fallback,False,True
Synchronised V abd S datasets/Uncategorised IOVNB Dataset/S-Dataset/S-Vtb5.csv,smartphone,64388,64388,0,0,0,False,10.000009536752259,1,cp1252,not valid UTF-8 (byte 223); decoded with cp1252 fallback,False,True
Synchronised V abd S datasets/Uncategorised IOVNB Dataset/S-Dataset/S-Vtb6.csv,smartphone,498,498,0,0,0,False,10.000009536752259,1,cp1252,not valid UTF-8 (byte 223); decoded with cp1252 fallback,False,True
Synchronised V abd S datasets/Uncategorised IOVNB Dataset/S-Dataset/S-Vtb7.csv,smartphone,461,461,0,0,0,False,10.000009536752259,1,cp1252,not valid UTF-8 (byte 223); decoded with cp1252 fallback,False,True
Synchronised V abd S datasets/Uncategorised IOVNB Dataset/S-Dataset/S-Vtb8.csv,smartphone,668,668,0,0,0,False,10.000009536752259,1,cp1252,not valid UTF-8 (byte 223); decoded with cp1252 fallback,False,True
Synchronised V abd S datasets/Uncategorised IOVNB Dataset/S-Dataset/S-Vtb9.csv,smartphone,452,452,0,0,0,False,10.000009536752259,1,cp1252,not valid UTF-8 (byte 223); decoded with cp1252 fallback,False,True
Synchronised V abd S datasets/Uncategorised IOVNB Dataset/S-Dataset/S-Vw1.csv,smartphone,20476,20476,0,0,0,False,10.000009536752259,1,cp1252,not valid UTF-8 (byte 223); decoded with cp1252 fallback,False,True
Synchronised V abd S datasets/Uncategorised IOVNB Dataset/S-Dataset/S-Vw10.csv,smartphone,652,652,0,0,0,False,10.000009536752259,1,cp1252,not valid UTF-8 (byte 223); decoded with cp1252 fallback,False,True
Synchronised V abd S datasets/Uncategorised IOVNB Dataset/S-Dataset/S-Vw11.csv,smartphone,4909,4909,0,0,0,False,10.000009536752259,1,cp1252,not valid UTF-8 (byte 223); decoded with cp1252 fallback,False,True
Synchronised V abd S datasets/Uncategorised IOVNB Dataset/S-Dataset/S-Vw12.csv,smartphone,918,918,0,0,0,False,10.000009536752259,1,cp1252,not valid UTF-8 (byte 223); decoded with cp1252 fallback,False,True
Synchronised V abd S datasets/Uncategorised IOVNB Dataset/S-Dataset/S-Vw13.csv,smartphone,284,284,0,0,0,False,10.000009536752259,1,cp1252,not valid UTF-8 (byte 223); decoded with cp1252 fallback,False,True
Synchronised V abd S datasets/Uncategorised IOVNB Dataset/S-Dataset/S-Vw14a.csv,smartphone,3138,3138,0,0,0,False,10.000009536752259,1,cp1252,not valid UTF-8 (byte 223); decoded with cp1252 fallback,False,True
Synchronised V abd S datasets/Uncategorised IOVNB Dataset/S-Dataset/S-Vw14b.csv,smartphone,19588,19588,0,0,0,False,10.000009536752259,1,cp1252,not valid UTF-8 (byte 223); decoded with cp1252 fallback,False,True
Synchronised V abd S datasets/Uncategorised IOVNB Dataset/S-Dataset/S-Vw14c.csv,smartphone,15826,15826,0,0,0,False,10.000009536752259,1,cp1252,not valid UTF-8 (byte 223); decoded with cp1252 fallback,False,True
Synchronised V abd S datasets/Uncategorised IOVNB Dataset/S-Dataset/S-Vw15.csv,smartphone,1380,1380,0,0,0,False,10.000009536752259,1,cp1252,not valid UTF-8 (byte 223); decoded with cp1252 fallback,False,True
Synchronised V abd S datasets/Uncategorised IOVNB Dataset/S-Dataset/S-Vw16a.csv,smartphone,5879,5879,0,0,0,False,10.000009536752259,1,cp1252,not valid UTF-8 (byte 223); decoded with cp1252 fallback,False,True
Synchronised V abd S datasets/Uncategorised IOVNB Dataset/S-Dataset/S-Vw16b.csv,smartphone,1126,1126,0,0,0,False,10.000009536752259,1,cp1252,not valid UTF-8 (byte 223); decoded with cp1252 fallback,False,True
Synchronised V abd S datasets/Uncategorised IOVNB Dataset/S-Dataset/S-Vw17.csv,smartphone,329,329,0,0,0,False,10.000009536752259,1,cp1252,not valid UTF-8 (byte 223); decoded with cp1252 fallback,False,True
Synchronised V abd S datasets/Uncategorised IOVNB Dataset/S-Dataset/S-Vw2.csv,smartphone,52713,52713,0,0,0,False,10.000009536752259,1,cp1252,not valid UTF-8 (byte 223); decoded with cp1252 fallback,False,True
Synchronised V abd S datasets/Uncategorised IOVNB Dataset/S-Dataset/S-Vw3.csv,smartphone,3861,3861,0,0,0,False,10.000009536752259,1,cp1252,not valid UTF-8 (byte 223); decoded with cp1252 fallback,False,True
Synchronised V abd S datasets/Uncategorised IOVNB Dataset/S-Dataset/S-Vw4.csv,smartphone,126526,126526,0,0,0,False,10.000009536752259,1,cp1252,not valid UTF-8 (byte 223); decoded with cp1252 fallback,False,True
Synchronised V abd S datasets/Uncategorised IOVNB Dataset/S-Dataset/S-Vw5.csv,smartphone,1012,1012,0,0,0,False,10.000009536752259,1,cp1252,not valid UTF-8 (byte 223); decoded with cp1252 fallback,False,True
Synchronised V abd S datasets/Uncategorised IOVNB Dataset/S-Dataset/S-Vw6.csv,smartphone,1281,1281,0,0,0,False,10.000009536752259,1,cp1252,not valid UTF-8 (byte 223); decoded with cp1252 fallback,False,True
Synchronised V abd S datasets/Uncategorised IOVNB Dataset/S-Dataset/S-Vw7.csv,smartphone,1602,1602,0,0,0,False,10.000009536752259,1,cp1252,not valid UTF-8 (byte 223); decoded with cp1252 fallback,False,True
Synchronised V abd S datasets/Uncategorised IOVNB Dataset/S-Dataset/S-Vw8.csv,smartphone,1529,1529,0,0,0,False,10.000009536752259,1,cp1252,not valid UTF-8 (byte 223); decoded with cp1252 fallback,False,True
Synchronised V abd S datasets/Uncategorised IOVNB Dataset/S-Dataset/S-Vw9.csv,smartphone,552,552,0,0,0,False,10.000009536752259,1,cp1252,not valid UTF-8 (byte 223); decoded with cp1252 fallback,False,True
Synchronised V abd S datasets/Uncategorised IOVNB Dataset/S-Dataset/S-Y1.csv,smartphone,70285,70285,0,0,0,False,10.000009536752259,3,cp1252,not valid UTF-8 (byte 223); decoded with cp1252 fallback,False,True
Synchronised V abd S datasets/Uncategorised IOVNB Dataset/V-Dataset/V-M.csv,vehicle,105974,105974,0,2,0,False,10.00000000014552,1,utf-8,,False,True
Synchronised V abd S datasets/Uncategorised IOVNB Dataset/V-Dataset/V-S1.csv,vehicle,51746,51746,0,0,0,False,10.00000000014552,1,utf-8,,False,True
Synchronised V abd S datasets/Uncategorised IOVNB Dataset/V-Dataset/V-S2.csv,vehicle,93876,93876,0,0,0,False,10.00000000014552,1,utf-8,,False,True
Synchronised V abd S datasets/Uncategorised IOVNB Dataset/V-Dataset/V-S3a.csv,vehicle,24621,24621,0,0,0,False,9.999999999417923,1,utf-8,,False,True
Synchronised V abd S datasets/Uncategorised IOVNB Dataset/V-Dataset/V-S3b.csv,vehicle,6813,6813,0,0,0,False,9.999999999417923,1,utf-8,,False,True
Synchronised V abd S datasets/Uncategorised IOVNB Dataset/V-Dataset/V-S3c.csv,vehicle,37183,37183,0,0,0,False,9.999999999417923,1,utf-8,,False,True
Synchronised V abd S datasets/Uncategorised IOVNB Dataset/V-Dataset/V-S4.csv,vehicle,94600,94600,0,0,0,False,10.00000000014552,1,utf-8,,False,True
Synchronised V abd S datasets/Uncategorised IOVNB Dataset/V-Dataset/V-Vfa01.csv,vehicle,11535,11535,0,0,0,False,10.00000000014552,1,utf-8,,False,True
Synchronised V abd S datasets/Uncategorised IOVNB Dataset/V-Dataset/V-Vfa02.csv,vehicle,67755,67755,0,0,0,False,10.00000000014552,1,utf-8,,False,True
Synchronised V abd S datasets/Uncategorised IOVNB Dataset/V-Dataset/V-vta10.csv,vehicle,1502,1502,0,0,0,False,10.00000000014552,1,utf-8,,False,True
Synchronised V abd S datasets/Uncategorised IOVNB Dataset/V-Dataset/V-vta11.csv,vehicle,510,510,0,0,0,False,10.00000000014552,1,utf-8,,False,True
Synchronised V abd S datasets/Uncategorised IOVNB Dataset/V-Dataset/V-vta12.csv,vehicle,610,610,0,0,0,False,10.00000000014552,1,utf-8,,False,True
Synchronised V abd S datasets/Uncategorised IOVNB Dataset/V-Dataset/V-vta13.csv,vehicle,404,404,0,0,0,False,10.00000000014552,1,utf-8,,False,True
Synchronised V abd S datasets/Uncategorised IOVNB Dataset/V-Dataset/V-vta14.csv,vehicle,2885,2885,0,0,0,False,10.00000000014552,1,utf-8,,False,True
Synchronised V abd S datasets/Uncategorised IOVNB Dataset/V-Dataset/V-vta15.csv,vehicle,833,833,0,0,0,False,10.00000000014552,1,utf-8,,False,True
Synchronised V abd S datasets/Uncategorised IOVNB Dataset/V-Dataset/V-vta16.csv,vehicle,11335,11335,0,0,0,False,10.00000000014552,1,utf-8,,False,True
Synchronised V abd S datasets/Uncategorised IOVNB Dataset/V-Dataset/V-vta17.csv,vehicle,4519,4519,0,0,0,False,10.00000000014552,1,utf-8,,False,True
Synchronised V abd S datasets/Uncategorised IOVNB Dataset/V-Dataset/V-vta19.csv,vehicle,292,292,0,0,0,False,10.00000000014552,1,utf-8,,False,True
Synchronised V abd S datasets/Uncategorised IOVNB Dataset/V-Dataset/V-Vta1a.csv,vehicle,25676,25676,0,0,0,False,10.00000000014552,1,utf-8,,False,True
Synchronised V abd S datasets/Uncategorised IOVNB Dataset/V-Dataset/V-Vta1b.csv,vehicle,953,953,0,0,0,False,10.00000000014552,1,utf-8,,False,True
Synchronised V abd S datasets/Uncategorised IOVNB Dataset/V-Dataset/V-vta2.csv,vehicle,10991,10991,0,0,0,False,10.00000000014552,1,utf-8,,False,True
Synchronised V abd S datasets/Uncategorised IOVNB Dataset/V-Dataset/V-vta20.csv,vehicle,3223,3223,0,0,0,False,10.00000000014552,1,utf-8,,False,True
Synchronised V abd S datasets/Uncategorised IOVNB Dataset/V-Dataset/V-vta21.csv,vehicle,2079,2079,0,0,0,False,10.00000000014552,1,utf-8,,False,True
Synchronised V abd S datasets/Uncategorised IOVNB Dataset/V-Dataset/V-vta22.csv,vehicle,1564,1564,0,0,0,False,10.00000000014552,1,utf-8,,False,True
Synchronised V abd S datasets/Uncategorised IOVNB Dataset/V-Dataset/V-vta23.csv,vehicle,1110,1110,0,0,0,False,10.00000000014552,1,utf-8,,False,True
Synchronised V abd S datasets/Uncategorised IOVNB Dataset/V-Dataset/V-vta24.csv,vehicle,1171,1171,0,0,0,False,10.00000000014552,1,utf-8,,False,True
Synchronised V abd S datasets/Uncategorised IOVNB Dataset/V-Dataset/V-vta25.csv,vehicle,646,646,0,0,0,False,10.00000000014552,1,utf-8,,False,True
Synchronised V abd S datasets/Uncategorised IOVNB Dataset/V-Dataset/V-vta26.csv,vehicle,1935,1935,0,0,0,False,10.00000000014552,1,utf-8,,False,True
Synchronised V abd S datasets/Uncategorised IOVNB Dataset/V-Dataset/V-vta27.csv,vehicle,2540,2540,0,0,0,False,10.00000000014552,1,utf-8,,False,True
Synchronised V abd S datasets/Uncategorised IOVNB Dataset/V-Dataset/V-vta28.csv,vehicle,4210,4210,0,0,0,False,10.00000000014552,1,utf-8,,False,True
Synchronised V abd S datasets/Uncategorised IOVNB Dataset/V-Dataset/V-vta29.csv,vehicle,23705,23705,0,0,0,False,10.00000000014552,1,utf-8,,False,True
Synchronised V abd S datasets/Uncategorised IOVNB Dataset/V-Dataset/V-vta3.csv,vehicle,645,645,0,0,0,False,10.00000000014552,1,utf-8,,False,True
Synchronised V abd S datasets/Uncategorised IOVNB Dataset/V-Dataset/V-vta30.csv,vehicle,17136,17136,0,0,0,False,10.00000000014552,1,utf-8,,False,True
Synchronised V abd S datasets/Uncategorised IOVNB Dataset/V-Dataset/V-vta4.csv,vehicle,1789,1789,0,0,0,False,10.00000000014552,1,utf-8,,False,True
Synchronised V abd S datasets/Uncategorised IOVNB Dataset/V-Dataset/V-vta5.csv,vehicle,307,307,0,0,0,False,10.00000000014552,1,utf-8,,False,True
Synchronised V abd S datasets/Uncategorised IOVNB Dataset/V-Dataset/V-vta6.csv,vehicle,1376,1376,0,0,0,False,10.00000000014552,1,utf-8,,False,True
Synchronised V abd S datasets/Uncategorised IOVNB Dataset/V-Dataset/V-vta7.csv,vehicle,840,840,0,0,0,False,10.00000000014552,1,utf-8,,False,True
Synchronised V abd S datasets/Uncategorised IOVNB Dataset/V-Dataset/V-vta8.csv,vehicle,3676,3676,0,0,0,False,10.00000000014552,1,utf-8,,False,True
Synchronised V abd S datasets/Uncategorised IOVNB Dataset/V-Dataset/V-vta9.csv,vehicle,156,156,0,0,0,False,10.00000000014552,1,utf-8,,False,True
Synchronised V abd S datasets/Uncategorised IOVNB Dataset/V-Dataset/V-vtb1.csv,vehicle,32459,32459,0,0,0,False,10.00000000014552,1,utf-8,,False,True
Synchronised V abd S datasets/Uncategorised IOVNB Dataset/V-Dataset/V-vtb10.csv,vehicle,195,195,0,0,0,False,9.999999999417923,1,utf-8,,False,True
Synchronised V abd S datasets/Uncategorised IOVNB Dataset/V-Dataset/V-vtb11.csv,vehicle,361,361,0,0,0,False,9.999999999417923,1,utf-8,,False,True
Synchronised V abd S datasets/Uncategorised IOVNB Dataset/V-Dataset/V-vtb12.csv,vehicle,447,447,0,0,0,False,9.999999999417923,1,utf-8,,False,True
Synchronised V abd S datasets/Uncategorised IOVNB Dataset/V-Dataset/V-vtb2.csv,vehicle,5712,5712,0,2,0,False,10.00000000014552,1,utf-8,,False,True
Synchronised V abd S datasets/Uncategorised IOVNB Dataset/V-Dataset/V-vtb3.csv,vehicle,8240,8240,0,0,0,False,10.00000000014552,1,utf-8,,False,True
Synchronised V abd S datasets/Uncategorised IOVNB Dataset/V-Dataset/V-vtb4.csv,vehicle,556,556,0,0,0,False,10.00000000014552,1,utf-8,,False,True
Synchronised V abd S datasets/Uncategorised IOVNB Dataset/V-Dataset/V-vtb5.csv,vehicle,64388,64388,0,0,0,False,10.00000000014552,1,utf-8,,False,True
Synchronised V abd S datasets/Uncategorised IOVNB Dataset/V-Dataset/V-vtb6.csv,vehicle,498,498,0,0,0,False,9.999999999417923,1,utf-8,,False,True
Synchronised V abd S datasets/Uncategorised IOVNB Dataset/V-Dataset/V-vtb7.csv,vehicle,461,461,0,0,0,False,9.999999999417923,1,utf-8,,False,True
Synchronised V abd S datasets/Uncategorised IOVNB Dataset/V-Dataset/V-vtb8.csv,vehicle,668,668,0,0,0,False,9.999999999417923,1,utf-8,,False,True
Synchronised V abd S datasets/Uncategorised IOVNB Dataset/V-Dataset/V-vtb9.csv,vehicle,452,452,0,0,0,False,9.999999999417923,1,utf-8,,False,True
Synchronised V abd S datasets/Uncategorised IOVNB Dataset/V-Dataset/V-Vw1.csv,vehicle,20475,20475,0,0,0,False,10.00000000014552,1,utf-8,,False,True
Synchronised V abd S datasets/Uncategorised IOVNB Dataset/V-Dataset/V-Vw10.csv,vehicle,652,652,0,0,0,False,10.00000000014552,1,utf-8,,False,True
Synchronised V abd S datasets/Uncategorised IOVNB Dataset/V-Dataset/V-Vw11.csv,vehicle,4909,4909,0,0,0,False,10.00000000014552,1,utf-8,,False,True
Synchronised V abd S datasets/Uncategorised IOVNB Dataset/V-Dataset/V-Vw12.csv,vehicle,918,918,0,0,0,False,10.00000000014552,1,utf-8,,False,True
Synchronised V abd S datasets/Uncategorised IOVNB Dataset/V-Dataset/V-Vw13.csv,vehicle,284,284,0,0,0,False,10.00000000014552,1,utf-8,,False,True
Synchronised V abd S datasets/Uncategorised IOVNB Dataset/V-Dataset/V-Vw14a.csv,vehicle,3138,3138,0,0,0,False,10.00000000014552,1,utf-8,,False,True
Synchronised V abd S datasets/Uncategorised IOVNB Dataset/V-Dataset/V-Vw14b.csv,vehicle,19588,19588,0,0,0,False,10.00000000014552,1,utf-8,,False,True
Synchronised V abd S datasets/Uncategorised IOVNB Dataset/V-Dataset/V-Vw14c.csv,vehicle,15826,15826,0,0,0,False,10.00000000014552,1,utf-8,,False,True
Synchronised V abd S datasets/Uncategorised IOVNB Dataset/V-Dataset/V-Vw15.csv,vehicle,1391,1391,0,0,0,False,10.00000000014552,1,utf-8,,False,True
Synchronised V abd S datasets/Uncategorised IOVNB Dataset/V-Dataset/V-Vw16a.csv,vehicle,5879,5879,0,0,0,False,10.00000000014552,1,utf-8,,False,True
Synchronised V abd S datasets/Uncategorised IOVNB Dataset/V-Dataset/V-Vw16b.csv,vehicle,1126,1126,0,0,0,False,10.00000000014552,1,utf-8,,False,True
Synchronised V abd S datasets/Uncategorised IOVNB Dataset/V-Dataset/V-Vw17.csv,vehicle,329,329,0,0,0,False,10.00000000014552,1,utf-8,,False,True
Synchronised V abd S datasets/Uncategorised IOVNB Dataset/V-Dataset/V-Vw2.csv,vehicle,52712,52712,0,0,0,False,10.00000000014552,1,utf-8,,False,True
Synchronised V abd S datasets/Uncategorised IOVNB Dataset/V-Dataset/V-Vw3.csv,vehicle,3861,3861,0,0,0,False,10.00000000014552,1,utf-8,,False,True
Synchronised V abd S datasets/Uncategorised IOVNB Dataset/V-Dataset/V-Vw4.csv,vehicle,126527,126527,0,0,0,False,10.00000000014552,1,utf-8,,False,True
Synchronised V abd S datasets/Uncategorised IOVNB Dataset/V-Dataset/V-Vw5.csv,vehicle,1012,1012,0,0,0,False,10.00000000014552,1,utf-8,,False,True
Synchronised V abd S datasets/Uncategorised IOVNB Dataset/V-Dataset/V-Vw6.csv,vehicle,1281,1281,0,0,0,False,10.00000000014552,1,utf-8,,False,True
Synchronised V abd S datasets/Uncategorised IOVNB Dataset/V-Dataset/V-Vw7.csv,vehicle,1602,1602,0,0,0,False,10.00000000014552,1,utf-8,,False,True
Synchronised V abd S datasets/Uncategorised IOVNB Dataset/V-Dataset/V-Vw8.csv,vehicle,1529,1529,0,0,0,False,10.00000000014552,1,utf-8,,False,True
Synchronised V abd S datasets/Uncategorised IOVNB Dataset/V-Dataset/V-Vw9.csv,vehicle,553,553,0,0,0,False,10.00000000014552,1,utf-8,,False,True
Synchronised V abd S datasets/Uncategorised IOVNB Dataset/V-Dataset/V-Y1.csv,vehicle,70285,70285,0,0,0,False,10.00000000014552,3,utf-8,,False,True
Unsynchronised V and S Dataset/Categorised IOVNB (V) Dataset/V Dataset/M (Driver B)/V-M.csv,vehicle,105995,105995,0,2,0,False,10.00000000014552,1,utf-8,,False,True
Unsynchronised V and S Dataset/Categorised IOVNB (V) Dataset/V Dataset/S (Driver A)/S1/V-S1.csv,vehicle,51790,51790,0,0,0,False,10.00000000014552,1,utf-8,,False,True
Unsynchronised V and S Dataset/Categorised IOVNB (V) Dataset/V Dataset/S (Driver A)/S2/V-S2.csv,vehicle,93900,93900,0,0,0,False,10.00000000014552,1,utf-8,,False,True
Unsynchronised V and S Dataset/Categorised IOVNB (V) Dataset/V Dataset/S (Driver A)/S3a/V-S3a.csv,vehicle,24660,24660,0,0,0,False,9.999999999417923,1,utf-8,,False,True
Unsynchronised V and S Dataset/Categorised IOVNB (V) Dataset/V Dataset/S (Driver A)/S3b/V-S3b.csv,vehicle,6840,6840,0,0,0,False,9.999999999417923,1,utf-8,,False,True
Unsynchronised V and S Dataset/Categorised IOVNB (V) Dataset/V Dataset/S (Driver A)/S3c/V-S3c.csv,vehicle,37220,37220,0,0,0,False,9.999999999417923,1,utf-8,,False,True
Unsynchronised V and S Dataset/Categorised IOVNB (V) Dataset/V Dataset/S (Driver A)/S4/V-S4.csv,vehicle,97824,97824,0,0,0,False,10.00000000014552,1,utf-8,,False,True
Unsynchronised V and S Dataset/Categorised IOVNB (V) Dataset/V Dataset/St (Driver C)/St1/V-St1.csv,vehicle,57213,57213,0,0,0,False,10.00000000014552,1,utf-8,,False,True
Unsynchronised V and S Dataset/Categorised IOVNB (V) Dataset/V Dataset/St (Driver C)/St4/V-St4.csv,vehicle,13591,13591,0,2,0,False,10.00000000014552,1,utf-8,,False,True
Unsynchronised V and S Dataset/Categorised IOVNB (V) Dataset/V Dataset/St (Driver C)/St6/V-St6.csv,vehicle,51360,51360,0,0,0,False,10.00000000014552,1,utf-8,,False,True
Unsynchronised V and S Dataset/Categorised IOVNB (V) Dataset/V Dataset/St (Driver C)/St7/V-St7.csv,vehicle,44427,44427,0,689,0,False,10.00000000014552,1,utf-8,,False,True
Unsynchronised V and S Dataset/Categorised IOVNB (V) Dataset/V Dataset/Vf (Driver E)/V-Vfa01/V-Vfa01.csv,vehicle,11535,11535,0,0,0,False,10.00000000014552,1,utf-8,,False,True
Unsynchronised V and S Dataset/Categorised IOVNB (V) Dataset/V Dataset/Vf (Driver E)/V-Vfa02/V-Vfa02.csv,vehicle,67755,67755,0,0,0,False,10.00000000014552,1,utf-8,,False,True
Unsynchronised V and S Dataset/Categorised IOVNB (V) Dataset/V Dataset/Vf (Driver E)/V-Vfb01a/V-Vfb01a.csv,vehicle,17000,17000,0,0,0,False,10.00000000014552,1,utf-8,,False,True
Unsynchronised V and S Dataset/Categorised IOVNB (V) Dataset/V Dataset/Vf (Driver E)/V-Vfb01b/V-Vfb01b.csv,vehicle,3880,3880,0,0,0,False,10.00000000014552,1,utf-8,,False,True
Unsynchronised V and S Dataset/Categorised IOVNB (V) Dataset/V Dataset/Vf (Driver E)/V-Vfb01c/V-Vfb01c.csv,vehicle,6320,6320,0,0,0,False,10.00000000014552,1,utf-8,,False,True
Unsynchronised V and S Dataset/Categorised IOVNB (V) Dataset/V Dataset/Vf (Driver E)/V-Vfb01d/V-Vfb01d.csv,vehicle,10713,10713,0,0,0,False,10.00000000014552,1,utf-8,,False,True
Unsynchronised V and S Dataset/Categorised IOVNB (V) Dataset/V Dataset/Vf (Driver E)/V-Vfb02a/V-Vfb02a.csv,vehicle,35960,35960,0,0,0,False,9.999999999417923,1,utf-8,,False,True
Unsynchronised V and S Dataset/Categorised IOVNB (V) Dataset/V Dataset/Vf (Driver E)/V-Vfb02b/V-Vfb02b.csv,vehicle,11000,11000,0,0,0,False,9.999999999417923,1,utf-8,,False,True
Unsynchronised V and S Dataset/Categorised IOVNB (V) Dataset/V Dataset/Vf (Driver E)/V-Vfb02c/V-Vfb02c.csv,vehicle,640,640,0,0,0,False,9.999999999417923,1,utf-8,,False,True
Unsynchronised V and S Dataset/Categorised IOVNB (V) Dataset/V Dataset/Vf (Driver E)/V-Vfb02d/V-Vfb02d.csv,vehicle,880,880,0,0,0,False,9.999999999417923,1,utf-8,,False,True
Unsynchronised V and S Dataset/Categorised IOVNB (V) Dataset/V Dataset/Vf (Driver E)/V-Vfb02e/V-Vfb02e.csv,vehicle,980,980,0,0,0,False,9.999999999417923,1,utf-8,,False,True
Unsynchronised V and S Dataset/Categorised IOVNB (V) Dataset/V Dataset/Vf (Driver E)/V-Vfb02f/V-Vfb02f.csv,vehicle,660,660,0,0,0,False,9.999999999417923,1,utf-8,,False,True
Unsynchronised V and S Dataset/Categorised IOVNB (V) Dataset/V Dataset/Vf (Driver E)/V-Vfb02g/V-Vfb02g.csv,vehicle,27159,27159,0,0,0,False,9.999999999417923,1,utf-8,,False,True
Unsynchronised V and S Dataset/Categorised IOVNB (V) Dataset/V Dataset/Vta (Driver E)/Vta01a/V-Vta1a.csv,vehicle,25821,25821,0,0,0,False,10.00000000014552,1,utf-8,,False,True
Unsynchronised V and S Dataset/Categorised IOVNB (V) Dataset/V Dataset/Vta (Driver E)/Vta01b/V-Vta1b.csv,vehicle,956,956,0,0,0,False,10.00000000014552,1,utf-8,,False,True
Unsynchronised V and S Dataset/Categorised IOVNB (V) Dataset/V Dataset/Vta (Driver E)/Vta02/V-Vta2.csv,vehicle,10995,10995,0,0,0,False,10.00000000014552,1,utf-8,,False,True
Unsynchronised V and S Dataset/Categorised IOVNB (V) Dataset/V Dataset/Vta (Driver E)/Vta03/V-Vta3.csv,vehicle,875,875,0,0,0,False,10.00000000014552,1,utf-8,,False,True
Unsynchronised V and S Dataset/Categorised IOVNB (V) Dataset/V Dataset/Vta (Driver E)/Vta04/V-Vta4.csv,vehicle,1809,1809,0,0,0,False,10.00000000014552,1,utf-8,,False,True
Unsynchronised V and S Dataset/Categorised IOVNB (V) Dataset/V Dataset/Vta (Driver E)/Vta05/V-Vta5.csv,vehicle,357,357,0,0,0,False,10.00000000014552,1,utf-8,,False,True
Unsynchronised V and S Dataset/Categorised IOVNB (V) Dataset/V Dataset/Vta (Driver E)/Vta06/V-Vta6.csv,vehicle,1393,1393,0,0,0,False,10.00000000014552,1,utf-8,,False,True
Unsynchronised V and S Dataset/Categorised IOVNB (V) Dataset/V Dataset/Vta (Driver E)/Vta07/V-Vta7.csv,vehicle,857,857,0,0,0,False,10.00000000014552,1,utf-8,,False,True
Unsynchronised V and S Dataset/Categorised IOVNB (V) Dataset/V Dataset/Vta (Driver E)/Vta08/V-Vta8.csv,vehicle,3697,3697,0,0,0,False,10.00000000014552,1,utf-8,,False,True
Unsynchronised V and S Dataset/Categorised IOVNB (V) Dataset/V Dataset/Vta (Driver E)/Vta09/V-Vta9.csv,vehicle,226,226,0,0,0,False,10.00000000014552,1,utf-8,,False,True
Unsynchronised V and S Dataset/Categorised IOVNB (V) Dataset/V Dataset/Vta (Driver E)/Vta10/V-Vta10.csv,vehicle,1570,1570,0,0,0,False,10.00000000014552,1,utf-8,,False,True
Unsynchronised V and S Dataset/Categorised IOVNB (V) Dataset/V Dataset/Vta (Driver E)/Vta11/V-Vta11.csv,vehicle,589,589,0,0,0,False,10.00000000014552,1,utf-8,,False,True
Unsynchronised V and S Dataset/Categorised IOVNB (V) Dataset/V Dataset/Vta (Driver E)/Vta12/V-Vta12.csv,vehicle,690,690,0,0,0,False,10.00000000014552,1,utf-8,,False,True
Unsynchronised V and S Dataset/Categorised IOVNB (V) Dataset/V Dataset/Vta (Driver E)/Vta13/V-Vta13.csv,vehicle,473,473,0,0,0,False,10.00000000014552,1,utf-8,,False,True
Unsynchronised V and S Dataset/Categorised IOVNB (V) Dataset/V Dataset/Vta (Driver E)/Vta14/V-Vta14.csv,vehicle,2893,2893,0,0,0,False,10.00000000014552,1,utf-8,,False,True
Unsynchronised V and S Dataset/Categorised IOVNB (V) Dataset/V Dataset/Vta (Driver E)/Vta15/V-Vta15.csv,vehicle,869,869,0,0,0,False,10.00000000014552,1,utf-8,,False,True
Unsynchronised V and S Dataset/Categorised IOVNB (V) Dataset/V Dataset/Vta (Driver E)/Vta16/V-Vta16.csv,vehicle,11361,11361,0,0,0,False,10.00000000014552,1,utf-8,,False,True
Unsynchronised V and S Dataset/Categorised IOVNB (V) Dataset/V Dataset/Vta (Driver E)/Vta17/V-Vta17.csv,vehicle,4594,4594,0,0,0,False,10.00000000014552,1,utf-8,,False,True
Unsynchronised V and S Dataset/Categorised IOVNB (V) Dataset/V Dataset/Vta (Driver E)/Vta19/V-Vta19.csv,vehicle,310,310,0,0,0,False,10.00000000014552,1,utf-8,,False,True
Unsynchronised V and S Dataset/Categorised IOVNB (V) Dataset/V Dataset/Vta (Driver E)/Vta20/V-Vta20.csv,vehicle,3223,3223,0,0,0,False,10.00000000014552,1,utf-8,,False,True
Unsynchronised V and S Dataset/Categorised IOVNB (V) Dataset/V Dataset/Vta (Driver E)/Vta21/V-Vta21.csv,vehicle,2088,2088,0,0,0,False,10.00000000014552,1,utf-8,,False,True
Unsynchronised V and S Dataset/Categorised IOVNB (V) Dataset/V Dataset/Vta (Driver E)/Vta22/V-Vta22.csv,vehicle,1572,1572,0,0,0,False,10.00000000014552,1,utf-8,,False,True
Unsynchronised V and S Dataset/Categorised IOVNB (V) Dataset/V Dataset/Vta (Driver E)/Vta23/V-Vta23.csv,vehicle,1119,1119,0,0,0,False,10.00000000014552,1,utf-8,,False,True
Unsynchronised V and S Dataset/Categorised IOVNB (V) Dataset/V Dataset/Vta (Driver E)/Vta24/V-Vta24.csv,vehicle,1184,1184,0,0,0,False,10.00000000014552,1,utf-8,,False,True
Unsynchronised V and S Dataset/Categorised IOVNB (V) Dataset/V Dataset/Vta (Driver E)/Vta25/V-Vta25.csv,vehicle,646,646,0,0,0,False,10.00000000014552,1,utf-8,,False,True
Unsynchronised V and S Dataset/Categorised IOVNB (V) Dataset/V Dataset/Vta (Driver E)/Vta26/V-Vta26.csv,vehicle,1947,1947,0,0,0,False,10.00000000014552,1,utf-8,,False,True
Unsynchronised V and S Dataset/Categorised IOVNB (V) Dataset/V Dataset/Vta (Driver E)/Vta27/V-Vta27.csv,vehicle,2853,2853,0,0,0,False,10.00000000014552,1,utf-8,,False,True
Unsynchronised V and S Dataset/Categorised IOVNB (V) Dataset/V Dataset/Vta (Driver E)/Vta28/V-Vta28.csv,vehicle,4219,4219,0,0,0,False,10.00000000014552,1,utf-8,,False,True
Unsynchronised V and S Dataset/Categorised IOVNB (V) Dataset/V Dataset/Vta (Driver E)/Vta29/V-Vta29.csv,vehicle,23737,23737,0,0,0,False,10.00000000014552,1,utf-8,,False,True
Unsynchronised V and S Dataset/Categorised IOVNB (V) Dataset/V Dataset/Vta (Driver E)/Vta30/V-Vta30.csv,vehicle,17179,17179,0,0,0,False,10.00000000014552,1,utf-8,,False,True
Unsynchronised V and S Dataset/Categorised IOVNB (V) Dataset/V Dataset/Vtb (Driver E)/Vtb01/V-Vtb1.csv,vehicle,32459,32459,0,0,0,False,10.00000000014552,1,utf-8,,False,True
Unsynchronised V and S Dataset/Categorised IOVNB (V) Dataset/V Dataset/Vtb (Driver E)/Vtb02/V-Vtb2.csv,vehicle,5712,5712,0,2,0,False,10.00000000014552,1,utf-8,,False,True
Unsynchronised V and S Dataset/Categorised IOVNB (V) Dataset/V Dataset/Vtb (Driver E)/Vtb03/V-Vtb3.csv,vehicle,8289,8289,0,0,0,False,10.00000000014552,1,utf-8,,False,True
Unsynchronised V and S Dataset/Categorised IOVNB (V) Dataset/V Dataset/Vtb (Driver E)/Vtb04/V-Vtb4.csv,vehicle,625,625,0,0,0,False,10.00000000014552,1,utf-8,,False,True
Unsynchronised V and S Dataset/Categorised IOVNB (V) Dataset/V Dataset/Vtb (Driver E)/Vtb05/V-Vtb5.csv,vehicle,64610,64610,0,0,0,False,10.00000000014552,1,utf-8,,False,True
Unsynchronised V and S Dataset/Categorised IOVNB (V) Dataset/V Dataset/Vtb (Driver E)/Vtb06/V-Vtb6.csv,vehicle,508,508,0,0,0,False,9.999999999417923,1,utf-8,,False,True
Unsynchronised V and S Dataset/Categorised IOVNB (V) Dataset/V Dataset/Vtb (Driver E)/Vtb07/V-Vtb7.csv,vehicle,461,461,0,0,0,False,9.999999999417923,1,utf-8,,False,True
Unsynchronised V and S Dataset/Categorised IOVNB (V) Dataset/V Dataset/Vtb (Driver E)/Vtb08/V-Vtb8.csv,vehicle,699,699,0,0,0,False,9.999999999417923,1,utf-8,,False,True
Unsynchronised V and S Dataset/Categorised IOVNB (V) Dataset/V Dataset/Vtb (Driver E)/Vtb09/V-Vtb9.csv,vehicle,457,457,0,0,0,False,9.999999999417923,1,utf-8,,False,True
Unsynchronised V and S Dataset/Categorised IOVNB (V) Dataset/V Dataset/Vtb (Driver E)/Vtb10/V-Vtb10.csv,vehicle,195,195,0,0,0,False,9.999999999417923,1,utf-8,,False,True
Unsynchronised V and S Dataset/Categorised IOVNB (V) Dataset/V Dataset/Vtb (Driver E)/Vtb11/V-Vtb11.csv,vehicle,433,433,0,0,0,False,9.999999999417923,1,utf-8,,False,True
Unsynchronised V and S Dataset/Categorised IOVNB (V) Dataset/V Dataset/Vtb (Driver E)/Vtb12/V-Vtb12.csv,vehicle,490,490,0,0,0,False,9.999999999417923,1,utf-8,,False,True
Unsynchronised V and S Dataset/Categorised IOVNB (V) Dataset/V Dataset/Vtb (Driver E)/Vtb13/V-Vtb13.csv,vehicle,1245,1245,0,0,0,False,9.999999999417923,1,utf-8,,False,True
Unsynchronised V and S Dataset/Categorised IOVNB (V) Dataset/V Dataset/Vw (Driver E)/Vw01/V-Vw1.csv,vehicle,20475,20475,0,0,0,False,10.00000000014552,1,utf-8,,False,True
Unsynchronised V and S Dataset/Categorised IOVNB (V) Dataset/V Dataset/Vw (Driver E)/Vw02/V-Vw2.csv,vehicle,52712,52712,0,0,0,False,10.00000000014552,1,utf-8,,False,True
Unsynchronised V and S Dataset/Categorised IOVNB (V) Dataset/V Dataset/Vw (Driver E)/Vw03/V-Vw3.csv,vehicle,3941,3941,0,0,0,False,10.00000000014552,1,utf-8,,False,True
Unsynchronised V and S Dataset/Categorised IOVNB (V) Dataset/V Dataset/Vw (Driver E)/Vw04/V-Vw4.csv,vehicle,126573,126573,0,0,0,False,10.00000000014552,1,utf-8,,False,True
Unsynchronised V and S Dataset/Categorised IOVNB (V) Dataset/V Dataset/Vw (Driver E)/Vw05/V-Vw5.csv,vehicle,1050,1050,0,0,0,False,10.00000000014552,1,utf-8,,False,True
Unsynchronised V and S Dataset/Categorised IOVNB (V) Dataset/V Dataset/Vw (Driver E)/Vw06/V-Vw6.csv,vehicle,1288,1288,0,0,0,False,10.00000000014552,1,utf-8,,False,True
Unsynchronised V and S Dataset/Categorised IOVNB (V) Dataset/V Dataset/Vw (Driver E)/Vw07/V-Vw7.csv,vehicle,1689,1689,0,0,0,False,10.00000000014552,1,utf-8,,False,True
Unsynchronised V and S Dataset/Categorised IOVNB (V) Dataset/V Dataset/Vw (Driver E)/Vw08/V-Vw8.csv,vehicle,1599,1599,0,0,0,False,10.00000000014552,1,utf-8,,False,True
Unsynchronised V and S Dataset/Categorised IOVNB (V) Dataset/V Dataset/Vw (Driver E)/Vw09/V-Vw9.csv,vehicle,601,601,0,0,0,False,10.00000000014552,1,utf-8,,False,True
Unsynchronised V and S Dataset/Categorised IOVNB (V) Dataset/V Dataset/Vw (Driver E)/Vw10/V-Vw10.csv,vehicle,670,670,0,0,0,False,10.00000000014552,1,utf-8,,False,True
Unsynchronised V and S Dataset/Categorised IOVNB (V) Dataset/V Dataset/Vw (Driver E)/Vw11/V-Vw10.csv,vehicle,670,670,0,0,0,False,10.00000000014552,1,utf-8,,False,True
Unsynchronised V and S Dataset/Categorised IOVNB (V) Dataset/V Dataset/Vw (Driver E)/Vw12/V-Vw12.csv,vehicle,1069,1069,0,0,0,False,10.00000000014552,1,utf-8,,False,True
Unsynchronised V and S Dataset/Categorised IOVNB (V) Dataset/V Dataset/Vw (Driver E)/Vw13/V-Vw13.csv,vehicle,297,297,0,0,0,False,10.00000000014552,1,utf-8,,False,True
Unsynchronised V and S Dataset/Categorised IOVNB (V) Dataset/V Dataset/Vw (Driver E)/Vw14a/V-Vw14a.csv,vehicle,3140,3140,0,0,0,False,10.00000000014552,1,utf-8,,False,True
Unsynchronised V and S Dataset/Categorised IOVNB (V) Dataset/V Dataset/Vw (Driver E)/Vw14b/V-Vw14b.csv,vehicle,19600,19600,0,0,0,False,10.00000000014552,1,utf-8,,False,True
Unsynchronised V and S Dataset/Categorised IOVNB (V) Dataset/V Dataset/Vw (Driver E)/Vw14c/V-Vw14c.csv,vehicle,15857,15857,0,0,0,False,10.00000000014552,1,utf-8,,False,True
Unsynchronised V and S Dataset/Categorised IOVNB (V) Dataset/V Dataset/Vw (Driver E)/Vw15/V-Vw15.csv,vehicle,1391,1391,0,0,0,False,10.00000000014552,1,utf-8,,False,True
Unsynchronised V and S Dataset/Categorised IOVNB (V) Dataset/V Dataset/Vw (Driver E)/Vw16a/V-Vw16a.csv,vehicle,6000,6000,0,0,0,False,10.00000000014552,1,utf-8,,False,True
Unsynchronised V and S Dataset/Categorised IOVNB (V) Dataset/V Dataset/Vw (Driver E)/Vw16b/V-Vw16b.csv,vehicle,1171,1171,0,0,0,False,10.00000000014552,1,utf-8,,False,True
Unsynchronised V and S Dataset/Categorised IOVNB (V) Dataset/V Dataset/Vw (Driver E)/Vw17/V-Vw17.csv,vehicle,329,329,0,0,0,False,10.00000000014552,1,utf-8,,False,True
Unsynchronised V and S Dataset/Categorised IOVNB (V) Dataset/V Dataset/Y (Driver D)/Y1/V-Y1.csv,vehicle,70341,70341,0,0,0,False,10.00000000014552,3,utf-8,,False,True
Unsynchronised V and S Dataset/Categorised IOVNB (V) Dataset/V Dataset/Y (Driver D)/Y2/V-Y2.csv,vehicle,57213,57213,0,0,0,False,10.00000000014552,1,utf-8,,False,True
Unsynchronised V and S Dataset/Uncategorised IOVNB (V and S) Dataset/S-Dataset/S-A1.csv,smartphone,5942,5942,0,0,0,False,2.0,1,cp1252,not valid UTF-8 (byte 223); decoded with cp1252 fallback,False,True
Unsynchronised V and S Dataset/Uncategorised IOVNB (V and S) Dataset/S-Dataset/S-A10.csv,smartphone,8886,8886,0,0,0,False,2.0,1,cp1252,not valid UTF-8 (byte 223); decoded with cp1252 fallback,False,True
Unsynchronised V and S Dataset/Uncategorised IOVNB (V and S) Dataset/S-Dataset/S-A11.csv,smartphone,5155,5155,0,0,0,False,2.0,1,cp1252,not valid UTF-8 (byte 223); decoded with cp1252 fallback,False,True
Unsynchronised V and S Dataset/Uncategorised IOVNB (V and S) Dataset/S-Dataset/S-A12.csv,smartphone,4673,4673,0,0,0,False,2.0,1,cp1252,not valid UTF-8 (byte 223); decoded with cp1252 fallback,False,True
Unsynchronised V and S Dataset/Uncategorised IOVNB (V and S) Dataset/S-Dataset/S-A13.csv,smartphone,9184,9184,0,0,0,False,2.0,1,cp1252,not valid UTF-8 (byte 223); decoded with cp1252 fallback,False,True
Unsynchronised V and S Dataset/Uncategorised IOVNB (V and S) Dataset/S-Dataset/S-A2.csv,smartphone,11630,11630,0,0,0,False,2.0,1,cp1252,not valid UTF-8 (byte 223); decoded with cp1252 fallback,False,True
Unsynchronised V and S Dataset/Uncategorised IOVNB (V and S) Dataset/S-Dataset/S-A3.csv,smartphone,11132,11132,0,0,0,False,2.0,1,cp1252,not valid UTF-8 (byte 223); decoded with cp1252 fallback,False,True
Unsynchronised V and S Dataset/Uncategorised IOVNB (V and S) Dataset/S-Dataset/S-A4.csv,smartphone,32829,32829,0,0,0,False,10.000009536752259,1,cp1252,not valid UTF-8 (byte 223); decoded with cp1252 fallback,True,True
Unsynchronised V and S Dataset/Uncategorised IOVNB (V and S) Dataset/S-Dataset/S-A5.csv,smartphone,85041,85041,0,0,0,False,10.000009536752259,1,cp1252,not valid UTF-8 (byte 223); decoded with cp1252 fallback,False,True
Unsynchronised V and S Dataset/Uncategorised IOVNB (V and S) Dataset/S-Dataset/S-A6.csv,smartphone,86034,86034,0,8,0,False,10.000009536752259,1,cp1252,not valid UTF-8 (byte 223); decoded with cp1252 fallback,False,True
Unsynchronised V and S Dataset/Uncategorised IOVNB (V and S) Dataset/S-Dataset/S-A7.csv,smartphone,43872,43872,0,0,0,False,10.000009536752259,1,cp1252,not valid UTF-8 (byte 223); decoded with cp1252 fallback,False,True
Unsynchronised V and S Dataset/Uncategorised IOVNB (V and S) Dataset/S-Dataset/S-A8.csv,smartphone,66617,66617,0,0,0,False,10.000009536752259,1,cp1252,not valid UTF-8 (byte 223); decoded with cp1252 fallback,False,True
Unsynchronised V and S Dataset/Uncategorised IOVNB (V and S) Dataset/S-Dataset/S-A9.csv,smartphone,11962,11962,0,0,0,False,2.0,1,cp1252,not valid UTF-8 (byte 223); decoded with cp1252 fallback,False,True
Unsynchronised V and S Dataset/Uncategorised IOVNB (V and S) Dataset/S-Dataset/S-I.csv,smartphone,5800,5800,0,2807,0,False,10.000009536752259,2,cp1252,not valid UTF-8 (byte 223); decoded with cp1252 fallback,False,True
Unsynchronised V and S Dataset/Uncategorised IOVNB (V and S) Dataset/S-Dataset/S-M.csv,smartphone,105974,105974,0,0,0,False,10.000009536752259,1,cp1252,not valid UTF-8 (byte 223); decoded with cp1252 fallback,False,True
Unsynchronised V and S Dataset/Uncategorised IOVNB (V and S) Dataset/S-Dataset/S-S1.csv,smartphone,51746,51746,0,0,0,False,10.000009536752259,1,cp1252,not valid UTF-8 (byte 223); decoded with cp1252 fallback,False,True
Unsynchronised V and S Dataset/Uncategorised IOVNB (V and S) Dataset/S-Dataset/S-S2.csv,smartphone,93876,93876,0,0,0,False,10.000009536752259,1,cp1252,not valid UTF-8 (byte 223); decoded with cp1252 fallback,False,True
Unsynchronised V and S Dataset/Uncategorised IOVNB (V and S) Dataset/S-Dataset/S-S3a.csv,smartphone,24621,24621,0,0,0,False,10.000009536752259,1,cp1252,not valid UTF-8 (byte 223); decoded with cp1252 fallback,False,True
Unsynchronised V and S Dataset/Uncategorised IOVNB (V and S) Dataset/S-Dataset/S-S3b.csv,smartphone,6813,6813,0,0,0,False,10.000009536752259,1,cp1252,not valid UTF-8 (byte 223); decoded with cp1252 fallback,False,True
Unsynchronised V and S Dataset/Uncategorised IOVNB (V and S) Dataset/S-Dataset/S-S3c.csv,smartphone,37183,37183,0,0,0,False,10.000009536752259,1,cp1252,not valid UTF-8 (byte 223); decoded with cp1252 fallback,False,True
Unsynchronised V and S Dataset/Uncategorised IOVNB (V and S) Dataset/S-Dataset/S-S4.csv,smartphone,94600,94600,0,0,0,False,10.000009536752259,2,cp1252,not valid UTF-8 (byte 223); decoded with cp1252 fallback,False,True
Unsynchronised V and S Dataset/Uncategorised IOVNB (V and S) Dataset/S-Dataset/S-T1.csv,smartphone,25759,25759,0,17344,0,False,999.8340882002384,1,cp1252,not valid UTF-8 (byte 215); decoded with cp1252 fallback,False,True
Unsynchronised V and S Dataset/Uncategorised IOVNB (V and S) Dataset/S-Dataset/S-T10.csv,smartphone,6699,6699,0,0,0,False,10.000009536752259,1,cp1252,not valid UTF-8 (byte 223); decoded with cp1252 fallback,False,True
Unsynchronised V and S Dataset/Uncategorised IOVNB (V and S) Dataset/S-Dataset/S-T11.csv,smartphone,5690,5690,0,0,0,False,10.000009536752259,1,cp1252,not valid UTF-8 (byte 223); decoded with cp1252 fallback,False,True
Unsynchronised V and S Dataset/Uncategorised IOVNB (V and S) Dataset/S-Dataset/S-T2.csv,smartphone,75555,75555,0,3,0,False,10.000009536752259,1,cp1252,not valid UTF-8 (byte 215); decoded with cp1252 fallback,False,True
Unsynchronised V and S Dataset/Uncategorised IOVNB (V and S) Dataset/S-Dataset/S-T3.csv,smartphone,65859,65859,0,1111,0,False,10.000009536752259,1,cp1252,not valid UTF-8 (byte 215); decoded with cp1252 fallback,False,True
Unsynchronised V and S Dataset/Uncategorised IOVNB (V and S) Dataset/S-Dataset/S-T4.csv,smartphone,73482,73482,0,36027,0,False,10.101012436301284,1,cp1252,not valid UTF-8 (byte 215); decoded with cp1252 fallback,False,True
Unsynchronised V and S Dataset/Uncategorised IOVNB (V and S) Dataset/S-Dataset/S-T5.csv,smartphone,46387,46387,0,24697,0,False,23.809492452926584,1,cp1252,not valid UTF-8 (byte 215); decoded with cp1252 fallback,False,True
Unsynchronised V and S Dataset/Uncategorised IOVNB (V and S) Dataset/S-Dataset/S-T6.csv,smartphone,86440,86440,0,59411,0,False,999.8340882002384,1,cp1252,not valid UTF-8 (byte 215); decoded with cp1252 fallback,False,True
Unsynchronised V and S Dataset/Uncategorised IOVNB (V and S) Dataset/S-Dataset/S-T7.csv,smartphone,101690,101690,0,0,0,False,10.000009536752259,1,cp1252,not valid UTF-8 (byte 215); decoded with cp1252 fallback,False,True
Unsynchronised V and S Dataset/Uncategorised IOVNB (V and S) Dataset/S-Dataset/S-T8.csv,smartphone,48344,48344,0,4,0,False,10.000009536752259,1,cp1252,not valid UTF-8 (byte 215); decoded with cp1252 fallback,False,True
Unsynchronised V and S Dataset/Uncategorised IOVNB (V and S) Dataset/S-Dataset/S-T9.csv,smartphone,79909,79909,0,0,0,False,10.000009536752259,1,cp1252,not valid UTF-8 (byte 215); decoded with cp1252 fallback,False,True
Unsynchronised V and S Dataset/Uncategorised IOVNB (V and S) Dataset/S-Dataset/S-Vfa01.csv,smartphone,11486,11486,0,0,0,False,10.000009536752259,1,cp1252,not valid UTF-8 (byte 223); decoded with cp1252 fallback,False,True
Unsynchronised V and S Dataset/Uncategorised IOVNB (V and S) Dataset/S-Dataset/S-Vfa02.csv,smartphone,67523,67523,0,0,0,False,10.000009536752259,1,cp1252,not valid UTF-8 (byte 223); decoded with cp1252 fallback,False,True
Unsynchronised V and S Dataset/Uncategorised IOVNB (V and S) Dataset/S-Dataset/S-Vta10.csv,smartphone,1502,1502,0,0,0,False,10.000009536752259,1,cp1252,not valid UTF-8 (byte 223); decoded with cp1252 fallback,False,True
Unsynchronised V and S Dataset/Uncategorised IOVNB (V and S) Dataset/S-Dataset/S-Vta11.csv,smartphone,510,510,0,0,0,False,10.000009536752259,1,cp1252,not valid UTF-8 (byte 223); decoded with cp1252 fallback,False,True
Unsynchronised V and S Dataset/Uncategorised IOVNB (V and S) Dataset/S-Dataset/S-Vta12.csv,smartphone,610,610,0,0,0,False,10.000009536752259,1,cp1252,not valid UTF-8 (byte 223); decoded with cp1252 fallback,False,True
Unsynchronised V and S Dataset/Uncategorised IOVNB (V and S) Dataset/S-Dataset/S-Vta13.csv,smartphone,404,404,0,0,0,False,10.000009536752259,1,cp1252,not valid UTF-8 (byte 223); decoded with cp1252 fallback,False,True
Unsynchronised V and S Dataset/Uncategorised IOVNB (V and S) Dataset/S-Dataset/S-Vta14.csv,smartphone,2885,2885,0,0,0,False,10.000009536752259,1,cp1252,not valid UTF-8 (byte 223); decoded with cp1252 fallback,False,True
Unsynchronised V and S Dataset/Uncategorised IOVNB (V and S) Dataset/S-Dataset/S-Vta15.csv,smartphone,833,833,0,0,0,False,10.000009536752259,1,cp1252,not valid UTF-8 (byte 223); decoded with cp1252 fallback,False,True
Unsynchronised V and S Dataset/Uncategorised IOVNB (V and S) Dataset/S-Dataset/S-Vta16.csv,smartphone,11335,11335,0,0,0,False,10.000009536752259,1,cp1252,not valid UTF-8 (byte 223); decoded with cp1252 fallback,False,True
Unsynchronised V and S Dataset/Uncategorised IOVNB (V and S) Dataset/S-Dataset/S-Vta17.csv,smartphone,4519,4519,0,0,0,False,10.000009536752259,1,cp1252,not valid UTF-8 (byte 223); decoded with cp1252 fallback,False,True
Unsynchronised V and S Dataset/Uncategorised IOVNB (V and S) Dataset/S-Dataset/S-Vta19.csv,smartphone,292,292,0,0,0,False,10.000009536752259,1,cp1252,not valid UTF-8 (byte 223); decoded with cp1252 fallback,False,True
Unsynchronised V and S Dataset/Uncategorised IOVNB (V and S) Dataset/S-Dataset/S-Vta1a.csv,smartphone,25676,25676,0,0,0,False,10.000009536752259,1,cp1252,not valid UTF-8 (byte 223); decoded with cp1252 fallback,False,True
Unsynchronised V and S Dataset/Uncategorised IOVNB (V and S) Dataset/S-Dataset/S-Vta1b.csv,smartphone,954,954,0,0,0,False,10.000009536752259,1,cp1252,not valid UTF-8 (byte 223); decoded with cp1252 fallback,False,True
Unsynchronised V and S Dataset/Uncategorised IOVNB (V and S) Dataset/S-Dataset/S-Vta2.csv,smartphone,10991,10991,0,0,0,False,10.000009536752259,1,cp1252,not valid UTF-8 (byte 223); decoded with cp1252 fallback,False,True
Unsynchronised V and S Dataset/Uncategorised IOVNB (V and S) Dataset/S-Dataset/S-Vta20.csv,smartphone,3223,3223,0,0,0,False,10.000009536752259,1,cp1252,not valid UTF-8 (byte 223); decoded with cp1252 fallback,False,True
Unsynchronised V and S Dataset/Uncategorised IOVNB (V and S) Dataset/S-Dataset/S-Vta21.csv,smartphone,2079,2079,0,0,0,False,10.000009536752259,1,cp1252,not valid UTF-8 (byte 223); decoded with cp1252 fallback,False,True
Unsynchronised V and S Dataset/Uncategorised IOVNB (V and S) Dataset/S-Dataset/S-Vta22.csv,smartphone,1564,1564,0,0,0,False,10.000009536752259,1,cp1252,not valid UTF-8 (byte 223); decoded with cp1252 fallback,False,True
Unsynchronised V and S Dataset/Uncategorised IOVNB (V and S) Dataset/S-Dataset/S-Vta23.csv,smartphone,1110,1110,0,0,0,False,10.000009536752259,1,cp1252,not valid UTF-8 (byte 223); decoded with cp1252 fallback,False,True
Unsynchronised V and S Dataset/Uncategorised IOVNB (V and S) Dataset/S-Dataset/S-Vta24.csv,smartphone,1171,1171,0,0,0,False,10.000009536752259,1,cp1252,not valid UTF-8 (byte 223); decoded with cp1252 fallback,False,True
Unsynchronised V and S Dataset/Uncategorised IOVNB (V and S) Dataset/S-Dataset/S-Vta25.csv,smartphone,646,646,0,0,0,False,10.000009536752259,1,cp1252,not valid UTF-8 (byte 223); decoded with cp1252 fallback,False,True
Unsynchronised V and S Dataset/Uncategorised IOVNB (V and S) Dataset/S-Dataset/S-Vta26.csv,smartphone,1935,1935,0,0,0,False,10.000009536752259,1,cp1252,not valid UTF-8 (byte 223); decoded with cp1252 fallback,False,True
Unsynchronised V and S Dataset/Uncategorised IOVNB (V and S) Dataset/S-Dataset/S-Vta27.csv,smartphone,2540,2540,0,0,0,False,10.000009536752259,1,cp1252,not valid UTF-8 (byte 223); decoded with cp1252 fallback,False,True
Unsynchronised V and S Dataset/Uncategorised IOVNB (V and S) Dataset/S-Dataset/S-Vta28.csv,smartphone,4210,4210,0,0,0,False,10.000009536752259,1,cp1252,not valid UTF-8 (byte 223); decoded with cp1252 fallback,False,True
Unsynchronised V and S Dataset/Uncategorised IOVNB (V and S) Dataset/S-Dataset/S-Vta29.csv,smartphone,23705,23705,0,5,0,False,10.000009536752259,1,cp1252,not valid UTF-8 (byte 223); decoded with cp1252 fallback,False,True
Unsynchronised V and S Dataset/Uncategorised IOVNB (V and S) Dataset/S-Dataset/S-Vta3.csv,smartphone,645,645,0,0,0,False,10.000009536752259,1,cp1252,not valid UTF-8 (byte 223); decoded with cp1252 fallback,False,True
Unsynchronised V and S Dataset/Uncategorised IOVNB (V and S) Dataset/S-Dataset/S-Vta30.csv,smartphone,17136,17136,0,0,0,False,10.000009536752259,1,cp1252,not valid UTF-8 (byte 223); decoded with cp1252 fallback,False,True
Unsynchronised V and S Dataset/Uncategorised IOVNB (V and S) Dataset/S-Dataset/S-Vta4.csv,smartphone,1789,1789,0,0,0,False,10.000009536752259,1,cp1252,not valid UTF-8 (byte 223); decoded with cp1252 fallback,False,True
Unsynchronised V and S Dataset/Uncategorised IOVNB (V and S) Dataset/S-Dataset/S-Vta5.csv,smartphone,307,307,0,0,0,False,10.000009536752259,1,cp1252,not valid UTF-8 (byte 223); decoded with cp1252 fallback,False,True
Unsynchronised V and S Dataset/Uncategorised IOVNB (V and S) Dataset/S-Dataset/S-Vta6.csv,smartphone,1376,1376,0,0,0,False,10.000009536752259,1,cp1252,not valid UTF-8 (byte 223); decoded with cp1252 fallback,False,True
Unsynchronised V and S Dataset/Uncategorised IOVNB (V and S) Dataset/S-Dataset/S-Vta7.csv,smartphone,840,840,0,0,0,False,10.000009536752259,1,cp1252,not valid UTF-8 (byte 223); decoded with cp1252 fallback,False,True
Unsynchronised V and S Dataset/Uncategorised IOVNB (V and S) Dataset/S-Dataset/S-Vta8.csv,smartphone,3676,3676,0,0,0,False,10.000009536752259,1,cp1252,not valid UTF-8 (byte 223); decoded with cp1252 fallback,False,True
Unsynchronised V and S Dataset/Uncategorised IOVNB (V and S) Dataset/S-Dataset/S-Vta9.csv,smartphone,156,156,0,0,0,False,10.000009536752259,1,cp1252,not valid UTF-8 (byte 223); decoded with cp1252 fallback,False,True
Unsynchronised V and S Dataset/Uncategorised IOVNB (V and S) Dataset/S-Dataset/S-Vtb1.csv,smartphone,32459,32459,0,6529,0,False,10.000009536752259,2,cp1252,not valid UTF-8 (byte 223); decoded with cp1252 fallback,False,True
Unsynchronised V and S Dataset/Uncategorised IOVNB (V and S) Dataset/S-Dataset/S-Vtb10.csv,smartphone,196,196,0,0,0,False,10.000009536752259,1,cp1252,not valid UTF-8 (byte 223); decoded with cp1252 fallback,False,True
Unsynchronised V and S Dataset/Uncategorised IOVNB (V and S) Dataset/S-Dataset/S-Vtb11.csv,smartphone,361,361,0,0,0,False,10.000009536752259,1,cp1252,not valid UTF-8 (byte 223); decoded with cp1252 fallback,False,True
Unsynchronised V and S Dataset/Uncategorised IOVNB (V and S) Dataset/S-Dataset/S-Vtb12.csv,smartphone,447,447,0,0,0,False,10.000009536752259,1,cp1252,not valid UTF-8 (byte 223); decoded with cp1252 fallback,False,True
Unsynchronised V and S Dataset/Uncategorised IOVNB (V and S) Dataset/S-Dataset/S-Vtb2.csv,smartphone,5712,5712,0,0,0,False,10.000009536752259,1,cp1252,not valid UTF-8 (byte 223); decoded with cp1252 fallback,False,True
Unsynchronised V and S Dataset/Uncategorised IOVNB (V and S) Dataset/S-Dataset/S-Vtb3.csv,smartphone,8240,8240,0,0,0,False,10.000009536752259,1,cp1252,not valid UTF-8 (byte 223); decoded with cp1252 fallback,False,True
Unsynchronised V and S Dataset/Uncategorised IOVNB (V and S) Dataset/S-Dataset/S-Vtb4.csv,smartphone,556,556,0,0,0,False,10.000009536752259,1,cp1252,not valid UTF-8 (byte 223); decoded with cp1252 fallback,False,True
Unsynchronised V and S Dataset/Uncategorised IOVNB (V and S) Dataset/S-Dataset/S-Vtb5.csv,smartphone,64388,64388,0,0,0,False,10.000009536752259,1,cp1252,not valid UTF-8 (byte 223); decoded with cp1252 fallback,False,True
Unsynchronised V and S Dataset/Uncategorised IOVNB (V and S) Dataset/S-Dataset/S-Vtb6.csv,smartphone,498,498,0,0,0,False,10.000009536752259,1,cp1252,not valid UTF-8 (byte 223); decoded with cp1252 fallback,False,True
Unsynchronised V and S Dataset/Uncategorised IOVNB (V and S) Dataset/S-Dataset/S-Vtb7.csv,smartphone,461,461,0,0,0,False,10.000009536752259,1,cp1252,not valid UTF-8 (byte 223); decoded with cp1252 fallback,False,True
Unsynchronised V and S Dataset/Uncategorised IOVNB (V and S) Dataset/S-Dataset/S-Vtb8.csv,smartphone,668,668,0,0,0,False,10.000009536752259,1,cp1252,not valid UTF-8 (byte 223); decoded with cp1252 fallback,False,True
Unsynchronised V and S Dataset/Uncategorised IOVNB (V and S) Dataset/S-Dataset/S-Vtb9.csv,smartphone,452,452,0,0,0,False,10.000009536752259,1,cp1252,not valid UTF-8 (byte 223); decoded with cp1252 fallback,False,True
Unsynchronised V and S Dataset/Uncategorised IOVNB (V and S) Dataset/S-Dataset/S-Vw1.csv,smartphone,20476,20476,0,0,0,False,10.000009536752259,1,cp1252,not valid UTF-8 (byte 223); decoded with cp1252 fallback,False,True
Unsynchronised V and S Dataset/Uncategorised IOVNB (V and S) Dataset/S-Dataset/S-Vw10.csv,smartphone,652,652,0,0,0,False,10.000009536752259,1,cp1252,not valid UTF-8 (byte 223); decoded with cp1252 fallback,False,True
Unsynchronised V and S Dataset/Uncategorised IOVNB (V and S) Dataset/S-Dataset/S-Vw11.csv,smartphone,4909,4909,0,0,0,False,10.000009536752259,1,cp1252,not valid UTF-8 (byte 223); decoded with cp1252 fallback,False,True
Unsynchronised V and S Dataset/Uncategorised IOVNB (V and S) Dataset/S-Dataset/S-Vw12.csv,smartphone,918,918,0,0,0,False,10.000009536752259,1,cp1252,not valid UTF-8 (byte 223); decoded with cp1252 fallback,False,True
Unsynchronised V and S Dataset/Uncategorised IOVNB (V and S) Dataset/S-Dataset/S-Vw13.csv,smartphone,284,284,0,0,0,False,10.000009536752259,1,cp1252,not valid UTF-8 (byte 223); decoded with cp1252 fallback,False,True
Unsynchronised V and S Dataset/Uncategorised IOVNB (V and S) Dataset/S-Dataset/S-Vw14a.csv,smartphone,3138,3138,0,0,0,False,10.000009536752259,1,cp1252,not valid UTF-8 (byte 223); decoded with cp1252 fallback,False,True
Unsynchronised V and S Dataset/Uncategorised IOVNB (V and S) Dataset/S-Dataset/S-Vw14b.csv,smartphone,19588,19588,0,0,0,False,10.000009536752259,1,cp1252,not valid UTF-8 (byte 223); decoded with cp1252 fallback,False,True
Unsynchronised V and S Dataset/Uncategorised IOVNB (V and S) Dataset/S-Dataset/S-Vw14c.csv,smartphone,15826,15826,0,0,0,False,10.000009536752259,1,cp1252,not valid UTF-8 (byte 223); decoded with cp1252 fallback,False,True
Unsynchronised V and S Dataset/Uncategorised IOVNB (V and S) Dataset/S-Dataset/S-Vw15.csv,smartphone,1380,1380,0,0,0,False,10.000009536752259,1,cp1252,not valid UTF-8 (byte 223); decoded with cp1252 fallback,False,True
Unsynchronised V and S Dataset/Uncategorised IOVNB (V and S) Dataset/S-Dataset/S-Vw16a.csv,smartphone,5879,5879,0,0,0,False,10.000009536752259,1,cp1252,not valid UTF-8 (byte 223); decoded with cp1252 fallback,False,True
Unsynchronised V and S Dataset/Uncategorised IOVNB (V and S) Dataset/S-Dataset/S-Vw16b.csv,smartphone,1126,1126,0,0,0,False,10.000009536752259,1,cp1252,not valid UTF-8 (byte 223); decoded with cp1252 fallback,False,True
Unsynchronised V and S Dataset/Uncategorised IOVNB (V and S) Dataset/S-Dataset/S-Vw17.csv,smartphone,329,329,0,0,0,False,10.000009536752259,1,cp1252,not valid UTF-8 (byte 223); decoded with cp1252 fallback,False,True
Unsynchronised V and S Dataset/Uncategorised IOVNB (V and S) Dataset/S-Dataset/S-Vw2.csv,smartphone,52713,52713,0,0,0,False,10.000009536752259,1,cp1252,not valid UTF-8 (byte 223); decoded with cp1252 fallback,False,True
Unsynchronised V and S Dataset/Uncategorised IOVNB (V and S) Dataset/S-Dataset/S-Vw3.csv,smartphone,3861,3861,0,0,0,False,10.000009536752259,1,cp1252,not valid UTF-8 (byte 223); decoded with cp1252 fallback,False,True
Unsynchronised V and S Dataset/Uncategorised IOVNB (V and S) Dataset/S-Dataset/S-Vw4.csv,smartphone,126526,126526,0,0,0,False,10.000009536752259,1,cp1252,not valid UTF-8 (byte 223); decoded with cp1252 fallback,False,True
Unsynchronised V and S Dataset/Uncategorised IOVNB (V and S) Dataset/S-Dataset/S-Vw5.csv,smartphone,1012,1012,0,0,0,False,10.000009536752259,1,cp1252,not valid UTF-8 (byte 223); decoded with cp1252 fallback,False,True
Unsynchronised V and S Dataset/Uncategorised IOVNB (V and S) Dataset/S-Dataset/S-Vw6.csv,smartphone,1281,1281,0,0,0,False,10.000009536752259,1,cp1252,not valid UTF-8 (byte 223); decoded with cp1252 fallback,False,True
Unsynchronised V and S Dataset/Uncategorised IOVNB (V and S) Dataset/S-Dataset/S-Vw7.csv,smartphone,1602,1602,0,0,0,False,10.000009536752259,1,cp1252,not valid UTF-8 (byte 223); decoded with cp1252 fallback,False,True
Unsynchronised V and S Dataset/Uncategorised IOVNB (V and S) Dataset/S-Dataset/S-Vw8.csv,smartphone,1529,1529,0,0,0,False,10.000009536752259,1,cp1252,not valid UTF-8 (byte 223); decoded with cp1252 fallback,False,True
Unsynchronised V and S Dataset/Uncategorised IOVNB (V and S) Dataset/S-Dataset/S-Vw9.csv,smartphone,552,552,0,0,0,False,10.000009536752259,1,cp1252,not valid UTF-8 (byte 223); decoded with cp1252 fallback,False,True
Unsynchronised V and S Dataset/Uncategorised IOVNB (V and S) Dataset/S-Dataset/S-Y1.csv,smartphone,70285,70285,0,0,0,False,10.000009536752259,3,cp1252,not valid UTF-8 (byte 223); decoded with cp1252 fallback,False,True
Unsynchronised V and S Dataset/Uncategorised IOVNB (V and S) Dataset/V-Dataset/V-M.csv,vehicle,105995,105995,0,2,0,False,10.00000000014552,1,utf-8,,False,True
Unsynchronised V and S Dataset/Uncategorised IOVNB (V and S) Dataset/V-Dataset/V-S1.csv,vehicle,51790,51790,0,0,0,False,10.00000000014552,1,utf-8,,False,True
Unsynchronised V and S Dataset/Uncategorised IOVNB (V and S) Dataset/V-Dataset/V-S2.csv,vehicle,93900,93900,0,0,0,False,10.00000000014552,1,utf-8,,False,True
Unsynchronised V and S Dataset/Uncategorised IOVNB (V and S) Dataset/V-Dataset/V-S3a.csv,vehicle,24660,24660,0,0,0,False,9.999999999417923,1,utf-8,,False,True
Unsynchronised V and S Dataset/Uncategorised IOVNB (V and S) Dataset/V-Dataset/V-S3b.csv,vehicle,6840,6840,0,0,0,False,9.999999999417923,1,utf-8,,False,True
Unsynchronised V and S Dataset/Uncategorised IOVNB (V and S) Dataset/V-Dataset/V-S3c.csv,vehicle,37220,37220,0,0,0,False,9.999999999417923,1,utf-8,,False,True
Unsynchronised V and S Dataset/Uncategorised IOVNB (V and S) Dataset/V-Dataset/V-S4.csv,vehicle,97824,97824,0,0,0,False,10.00000000014552,1,utf-8,,False,True
Unsynchronised V and S Dataset/Uncategorised IOVNB (V and S) Dataset/V-Dataset/V-St1.csv,vehicle,57213,57213,0,0,0,False,10.00000000014552,1,utf-8,,False,True
Unsynchronised V and S Dataset/Uncategorised IOVNB (V and S) Dataset/V-Dataset/V-St4.csv,vehicle,13591,13591,0,2,0,False,10.00000000014552,1,utf-8,,False,True
Unsynchronised V and S Dataset/Uncategorised IOVNB (V and S) Dataset/V-Dataset/V-St6.csv,vehicle,51360,51360,0,0,0,False,10.00000000014552,1,utf-8,,False,True
Unsynchronised V and S Dataset/Uncategorised IOVNB (V and S) Dataset/V-Dataset/V-St7.csv,vehicle,44427,44427,0,689,0,False,10.00000000014552,1,utf-8,,False,True
Unsynchronised V and S Dataset/Uncategorised IOVNB (V and S) Dataset/V-Dataset/V-Vfa01.csv,vehicle,11535,11535,0,0,0,False,10.00000000014552,1,utf-8,,False,True
Unsynchronised V and S Dataset/Uncategorised IOVNB (V and S) Dataset/V-Dataset/V-Vfa02.csv,vehicle,67755,67755,0,0,0,False,10.00000000014552,1,utf-8,,False,True
Unsynchronised V and S Dataset/Uncategorised IOVNB (V and S) Dataset/V-Dataset/V-Vfb01a.csv,vehicle,17000,17000,0,0,0,False,10.00000000014552,1,utf-8,,False,True
Unsynchronised V and S Dataset/Uncategorised IOVNB (V and S) Dataset/V-Dataset/V-Vfb01b.csv,vehicle,3880,3880,0,0,0,False,10.00000000014552,1,utf-8,,False,True
Unsynchronised V and S Dataset/Uncategorised IOVNB (V and S) Dataset/V-Dataset/V-Vfb01c.csv,vehicle,6320,6320,0,0,0,False,10.00000000014552,1,utf-8,,False,True
Unsynchronised V and S Dataset/Uncategorised IOVNB (V and S) Dataset/V-Dataset/V-Vfb01d.csv,vehicle,10713,10713,0,0,0,False,10.00000000014552,1,utf-8,,False,True
Unsynchronised V and S Dataset/Uncategorised IOVNB (V and S) Dataset/V-Dataset/V-Vfb02a.csv,vehicle,35960,35960,0,0,0,False,9.999999999417923,1,utf-8,,False,True
Unsynchronised V and S Dataset/Uncategorised IOVNB (V and S) Dataset/V-Dataset/V-Vfb02b.csv,vehicle,11000,11000,0,0,0,False,9.999999999417923,1,utf-8,,False,True
Unsynchronised V and S Dataset/Uncategorised IOVNB (V and S) Dataset/V-Dataset/V-Vfb02c.csv,vehicle,640,640,0,0,0,False,9.999999999417923,1,utf-8,,False,True
Unsynchronised V and S Dataset/Uncategorised IOVNB (V and S) Dataset/V-Dataset/V-Vfb02d.csv,vehicle,880,880,0,0,0,False,9.999999999417923,1,utf-8,,False,True
Unsynchronised V and S Dataset/Uncategorised IOVNB (V and S) Dataset/V-Dataset/V-Vfb02e.csv,vehicle,980,980,0,0,0,False,9.999999999417923,1,utf-8,,False,True
Unsynchronised V and S Dataset/Uncategorised IOVNB (V and S) Dataset/V-Dataset/V-Vfb02f.csv,vehicle,660,660,0,0,0,False,9.999999999417923,1,utf-8,,False,True
Unsynchronised V and S Dataset/Uncategorised IOVNB (V and S) Dataset/V-Dataset/V-Vfb02g.csv,vehicle,27159,27159,0,0,0,False,9.999999999417923,1,utf-8,,False,True
Unsynchronised V and S Dataset/Uncategorised IOVNB (V and S) Dataset/V-Dataset/V-Vta10.csv,vehicle,1570,1570,0,0,0,False,10.00000000014552,1,utf-8,,False,True
Unsynchronised V and S Dataset/Uncategorised IOVNB (V and S) Dataset/V-Dataset/V-Vta11.csv,vehicle,589,589,0,0,0,False,10.00000000014552,1,utf-8,,False,True
Unsynchronised V and S Dataset/Uncategorised IOVNB (V and S) Dataset/V-Dataset/V-Vta12.csv,vehicle,690,690,0,0,0,False,10.00000000014552,1,utf-8,,False,True
Unsynchronised V and S Dataset/Uncategorised IOVNB (V and S) Dataset/V-Dataset/V-Vta13.csv,vehicle,473,473,0,0,0,False,10.00000000014552,1,utf-8,,False,True
Unsynchronised V and S Dataset/Uncategorised IOVNB (V and S) Dataset/V-Dataset/V-Vta14.csv,vehicle,2893,2893,0,0,0,False,10.00000000014552,1,utf-8,,False,True
Unsynchronised V and S Dataset/Uncategorised IOVNB (V and S) Dataset/V-Dataset/V-Vta15.csv,vehicle,869,869,0,0,0,False,10.00000000014552,1,utf-8,,False,True
Unsynchronised V and S Dataset/Uncategorised IOVNB (V and S) Dataset/V-Dataset/V-Vta16.csv,vehicle,11361,11361,0,0,0,False,10.00000000014552,1,utf-8,,False,True
Unsynchronised V and S Dataset/Uncategorised IOVNB (V and S) Dataset/V-Dataset/V-Vta17.csv,vehicle,4594,4594,0,0,0,False,10.00000000014552,1,utf-8,,False,True
Unsynchronised V and S Dataset/Uncategorised IOVNB (V and S) Dataset/V-Dataset/V-Vta18.csv,vehicle,100,100,0,0,0,False,10.00000000014552,1,utf-8,,False,True
Unsynchronised V and S Dataset/Uncategorised IOVNB (V and S) Dataset/V-Dataset/V-Vta19.csv,vehicle,310,310,0,0,0,False,10.00000000014552,1,utf-8,,False,True
Unsynchronised V and S Dataset/Uncategorised IOVNB (V and S) Dataset/V-Dataset/V-Vta1a.csv,vehicle,25821,25821,0,0,0,False,10.00000000014552,1,utf-8,,False,True
Unsynchronised V and S Dataset/Uncategorised IOVNB (V and S) Dataset/V-Dataset/V-Vta1b.csv,vehicle,956,956,0,0,0,False,10.00000000014552,1,utf-8,,False,True
Unsynchronised V and S Dataset/Uncategorised IOVNB (V and S) Dataset/V-Dataset/V-Vta2.csv,vehicle,10995,10995,0,0,0,False,10.00000000014552,1,utf-8,,False,True
Unsynchronised V and S Dataset/Uncategorised IOVNB (V and S) Dataset/V-Dataset/V-Vta20.csv,vehicle,3223,3223,0,0,0,False,10.00000000014552,1,utf-8,,False,True
Unsynchronised V and S Dataset/Uncategorised IOVNB (V and S) Dataset/V-Dataset/V-Vta21.csv,vehicle,2088,2088,0,0,0,False,10.00000000014552,1,utf-8,,False,True
Unsynchronised V and S Dataset/Uncategorised IOVNB (V and S) Dataset/V-Dataset/V-Vta22.csv,vehicle,1572,1572,0,0,0,False,10.00000000014552,1,utf-8,,False,True
Unsynchronised V and S Dataset/Uncategorised IOVNB (V and S) Dataset/V-Dataset/V-Vta23.csv,vehicle,1119,1119,0,0,0,False,10.00000000014552,1,utf-8,,False,True
Unsynchronised V and S Dataset/Uncategorised IOVNB (V and S) Dataset/V-Dataset/V-Vta24.csv,vehicle,1184,1184,0,0,0,False,10.00000000014552,1,utf-8,,False,True
Unsynchronised V and S Dataset/Uncategorised IOVNB (V and S) Dataset/V-Dataset/V-Vta25.csv,vehicle,646,646,0,0,0,False,10.00000000014552,1,utf-8,,False,True
Unsynchronised V and S Dataset/Uncategorised IOVNB (V and S) Dataset/V-Dataset/V-Vta26.csv,vehicle,1947,1947,0,0,0,False,10.00000000014552,1,utf-8,,False,True
Unsynchronised V and S Dataset/Uncategorised IOVNB (V and S) Dataset/V-Dataset/V-Vta27.csv,vehicle,2853,2853,0,0,0,False,10.00000000014552,1,utf-8,,False,True
Unsynchronised V and S Dataset/Uncategorised IOVNB (V and S) Dataset/V-Dataset/V-Vta28.csv,vehicle,4219,4219,0,0,0,False,10.00000000014552,1,utf-8,,False,True
Unsynchronised V and S Dataset/Uncategorised IOVNB (V and S) Dataset/V-Dataset/V-Vta29.csv,vehicle,23737,23737,0,0,0,False,10.00000000014552,1,utf-8,,False,True
Unsynchronised V and S Dataset/Uncategorised IOVNB (V and S) Dataset/V-Dataset/V-Vta3.csv,vehicle,875,875,0,0,0,False,10.00000000014552,1,utf-8,,False,True
Unsynchronised V and S Dataset/Uncategorised IOVNB (V and S) Dataset/V-Dataset/V-Vta30.csv,vehicle,17179,17179,0,0,0,False,10.00000000014552,1,utf-8,,False,True
Unsynchronised V and S Dataset/Uncategorised IOVNB (V and S) Dataset/V-Dataset/V-Vta4.csv,vehicle,1809,1809,0,0,0,False,10.00000000014552,1,utf-8,,False,True
Unsynchronised V and S Dataset/Uncategorised IOVNB (V and S) Dataset/V-Dataset/V-Vta5.csv,vehicle,357,357,0,0,0,False,10.00000000014552,1,utf-8,,False,True
Unsynchronised V and S Dataset/Uncategorised IOVNB (V and S) Dataset/V-Dataset/V-Vta6.csv,vehicle,1393,1393,0,0,0,False,10.00000000014552,1,utf-8,,False,True
Unsynchronised V and S Dataset/Uncategorised IOVNB (V and S) Dataset/V-Dataset/V-Vta7.csv,vehicle,857,857,0,0,0,False,10.00000000014552,1,utf-8,,False,True
Unsynchronised V and S Dataset/Uncategorised IOVNB (V and S) Dataset/V-Dataset/V-Vta8.csv,vehicle,3697,3697,0,0,0,False,10.00000000014552,1,utf-8,,False,True
Unsynchronised V and S Dataset/Uncategorised IOVNB (V and S) Dataset/V-Dataset/V-Vta9.csv,vehicle,226,226,0,0,0,False,10.00000000014552,1,utf-8,,False,True
Unsynchronised V and S Dataset/Uncategorised IOVNB (V and S) Dataset/V-Dataset/V-Vtb1.csv,vehicle,32459,32459,0,0,0,False,10.00000000014552,1,utf-8,,False,True
Unsynchronised V and S Dataset/Uncategorised IOVNB (V and S) Dataset/V-Dataset/V-Vtb10.csv,vehicle,195,195,0,0,0,False,9.999999999417923,1,utf-8,,False,True
Unsynchronised V and S Dataset/Uncategorised IOVNB (V and S) Dataset/V-Dataset/V-Vtb11.csv,vehicle,433,433,0,0,0,False,9.999999999417923,1,utf-8,,False,True
Unsynchronised V and S Dataset/Uncategorised IOVNB (V and S) Dataset/V-Dataset/V-Vtb12.csv,vehicle,490,490,0,0,0,False,9.999999999417923,1,utf-8,,False,True
Unsynchronised V and S Dataset/Uncategorised IOVNB (V and S) Dataset/V-Dataset/V-Vtb13.csv,vehicle,1245,1245,0,0,0,False,9.999999999417923,1,utf-8,,False,True
Unsynchronised V and S Dataset/Uncategorised IOVNB (V and S) Dataset/V-Dataset/V-Vtb2.csv,vehicle,5712,5712,0,2,0,False,10.00000000014552,1,utf-8,,False,True
Unsynchronised V and S Dataset/Uncategorised IOVNB (V and S) Dataset/V-Dataset/V-Vtb3.csv,vehicle,8289,8289,0,0,0,False,10.00000000014552,1,utf-8,,False,True
Unsynchronised V and S Dataset/Uncategorised IOVNB (V and S) Dataset/V-Dataset/V-Vtb4.csv,vehicle,625,625,0,0,0,False,10.00000000014552,1,utf-8,,False,True
Unsynchronised V and S Dataset/Uncategorised IOVNB (V and S) Dataset/V-Dataset/V-Vtb5.csv,vehicle,64610,64610,0,0,0,False,10.00000000014552,1,utf-8,,False,True
Unsynchronised V and S Dataset/Uncategorised IOVNB (V and S) Dataset/V-Dataset/V-Vtb6.csv,vehicle,508,508,0,0,0,False,9.999999999417923,1,utf-8,,False,True
Unsynchronised V and S Dataset/Uncategorised IOVNB (V and S) Dataset/V-Dataset/V-Vtb7.csv,vehicle,461,461,0,0,0,False,9.999999999417923,1,utf-8,,False,True
Unsynchronised V and S Dataset/Uncategorised IOVNB (V and S) Dataset/V-Dataset/V-Vtb8.csv,vehicle,699,699,0,0,0,False,9.999999999417923,1,utf-8,,False,True
Unsynchronised V and S Dataset/Uncategorised IOVNB (V and S) Dataset/V-Dataset/V-Vtb9.csv,vehicle,457,457,0,0,0,False,9.999999999417923,1,utf-8,,False,True
Unsynchronised V and S Dataset/Uncategorised IOVNB (V and S) Dataset/V-Dataset/V-Vw1.csv,vehicle,20475,20475,0,0,0,False,10.00000000014552,1,utf-8,,False,True
Unsynchronised V and S Dataset/Uncategorised IOVNB (V and S) Dataset/V-Dataset/V-Vw10.csv,vehicle,670,670,0,0,0,False,10.00000000014552,1,utf-8,,False,True
Unsynchronised V and S Dataset/Uncategorised IOVNB (V and S) Dataset/V-Dataset/V-Vw11.csv,vehicle,4924,4924,0,0,0,False,10.00000000014552,1,utf-8,,False,True
Unsynchronised V and S Dataset/Uncategorised IOVNB (V and S) Dataset/V-Dataset/V-Vw12.csv,vehicle,1069,1069,0,0,0,False,10.00000000014552,1,utf-8,,False,True
Unsynchronised V and S Dataset/Uncategorised IOVNB (V and S) Dataset/V-Dataset/V-Vw13.csv,vehicle,297,297,0,0,0,False,10.00000000014552,1,utf-8,,False,True
Unsynchronised V and S Dataset/Uncategorised IOVNB (V and S) Dataset/V-Dataset/V-Vw14a.csv,vehicle,3140,3140,0,0,0,False,10.00000000014552,1,utf-8,,False,True
Unsynchronised V and S Dataset/Uncategorised IOVNB (V and S) Dataset/V-Dataset/V-Vw14b.csv,vehicle,19600,19600,0,0,0,False,10.00000000014552,1,utf-8,,False,True
Unsynchronised V and S Dataset/Uncategorised IOVNB (V and S) Dataset/V-Dataset/V-Vw14c.csv,vehicle,15857,15857,0,0,0,False,10.00000000014552,1,utf-8,,False,True
Unsynchronised V and S Dataset/Uncategorised IOVNB (V and S) Dataset/V-Dataset/V-Vw15.csv,vehicle,1391,1391,0,0,0,False,10.00000000014552,1,utf-8,,False,True
Unsynchronised V and S Dataset/Uncategorised IOVNB (V and S) Dataset/V-Dataset/V-Vw16a.csv,vehicle,6000,6000,0,0,0,False,10.00000000014552,1,utf-8,,False,True
Unsynchronised V and S Dataset/Uncategorised IOVNB (V and S) Dataset/V-Dataset/V-Vw16b.csv,vehicle,1171,1171,0,0,0,False,10.00000000014552,1,utf-8,,False,True
Unsynchronised V and S Dataset/Uncategorised IOVNB (V and S) Dataset/V-Dataset/V-Vw17.csv,vehicle,329,329,0,0,0,False,10.00000000014552,1,utf-8,,False,True
Unsynchronised V and S Dataset/Uncategorised IOVNB (V and S) Dataset/V-Dataset/V-Vw2.csv,vehicle,52712,52712,0,0,0,False,10.00000000014552,1,utf-8,,False,True
Unsynchronised V and S Dataset/Uncategorised IOVNB (V and S) Dataset/V-Dataset/V-Vw3.csv,vehicle,3941,3941,0,0,0,False,10.00000000014552,1,utf-8,,False,True
Unsynchronised V and S Dataset/Uncategorised IOVNB (V and S) Dataset/V-Dataset/V-Vw4.csv,vehicle,126573,126573,0,0,0,False,10.00000000014552,1,utf-8,,False,True
Unsynchronised V and S Dataset/Uncategorised IOVNB (V and S) Dataset/V-Dataset/V-Vw5.csv,vehicle,1050,1050,0,0,0,False,10.00000000014552,1,utf-8,,False,True
Unsynchronised V and S Dataset/Uncategorised IOVNB (V and S) Dataset/V-Dataset/V-Vw6.csv,vehicle,1288,1288,0,0,0,False,10.00000000014552,1,utf-8,,False,True
Unsynchronised V and S Dataset/Uncategorised IOVNB (V and S) Dataset/V-Dataset/V-Vw7.csv,vehicle,1689,1689,0,0,0,False,10.00000000014552,1,utf-8,,False,True
Unsynchronised V and S Dataset/Uncategorised IOVNB (V and S) Dataset/V-Dataset/V-Vw8.csv,vehicle,1599,1599,0,0,0,False,10.00000000014552,1,utf-8,,False,True
Unsynchronised V and S Dataset/Uncategorised IOVNB (V and S) Dataset/V-Dataset/V-Vw9.csv,vehicle,601,601,0,0,0,False,10.00000000014552,1,utf-8,,False,True
Unsynchronised V and S Dataset/Uncategorised IOVNB (V and S) Dataset/V-Dataset/V-Y1.csv,vehicle,70341,70341,0,0,0,False,10.00000000014552,3,utf-8,,False,True
Unsynchronised V and S Dataset/Uncategorised IOVNB (V and S) Dataset/V-Dataset/V-Y2.csv,vehicle,57213,57213,0,0,0,False,10.00000000014552,1,utf-8,,False,True
