relative_path,time_column_role,measured_rate_hz,rate_kind,delta_median_s,delta_mean_s,delta_std_s,delta_min_s,delta_max_s,coefficient_of_variation,sampling_class,evidence
Synchronised V abd S datasets/Categorised IOVNB Dataset/M (Driver B)/S-M.csv,time_since_start_ms,10.000000000009095,exact,0.09999999999990905,0.10001193711546447,0.003968366473557808,0.0809999999999036,1.365000000000009,0.03967892821610186,stable,VERIFIED_FROM_FILE
Synchronised V abd S datasets/Categorised IOVNB Dataset/M (Driver B)/V-M.csv,time_of_day_s,10.00000000014552,exact,0.09999999999854481,0.10000094364549122,0.0003072174011410303,0.0989999999947031,0.19999999999708962,0.0030721450212523264,stable,VERIFIED_FROM_FILE
Synchronised V abd S datasets/Categorised IOVNB Dataset/S (Driver A)/S1/S-S1.csv,time_since_start_ms,10.000000000009095,exact,0.09999999999990905,0.0999999806744613,0.0007646277014951554,0.08900000000039654,0.11099999999987631,0.007646278492636063,stable,VERIFIED_FROM_FILE
Synchronised V abd S datasets/Categorised IOVNB Dataset/S (Driver A)/S1/V-S1.csv,time_of_day_s,10.00000000014552,exact,0.09999999999854481,0.1,6.216999090860725e-06,0.0989999999947031,0.10100000000238651,6.216999090860725e-05,stable,VERIFIED_FROM_FILE
Synchronised V abd S datasets/Categorised IOVNB Dataset/S (Driver A)/S2/S-S2.csv,time_since_start_ms,9.999999999997726,exact,0.10000000000002274,0.10000000000000002,0.0005868541640226512,0.08799999999973807,0.11200000000008004,0.00586854164022651,stable,VERIFIED_FROM_FILE
Synchronised V abd S datasets/Categorised IOVNB Dataset/S (Driver A)/S2/V-S2.csv,time_of_day_s,10.00000000014552,exact,0.09999999999854481,0.1,6.52762233826259e-06,0.09900000000197906,0.10100000000238651,6.527622338262589e-05,stable,VERIFIED_FROM_FILE
Synchronised V abd S datasets/Categorised IOVNB Dataset/S (Driver A)/S3a/S-S3a.csv,time_since_start_ms,10.000000000000568,exact,0.09999999999999432,0.1,0.0007830453578772541,0.08699999999998909,0.11199999999985266,0.00783045357877254,stable,VERIFIED_FROM_FILE
Synchronised V abd S datasets/Categorised IOVNB Dataset/S (Driver A)/S3a/V-S3a.csv,time_of_day_s,9.999999999417923,exact,0.10000000000582077,0.1,7.128953417949148e-12,0.09999999999126885,0.10000000000582077,7.128953417949147e-11,stable,VERIFIED_FROM_FILE
Synchronised V abd S datasets/Categorised IOVNB Dataset/S (Driver A)/S3b/S-S3b.csv,time_since_start_ms,10.000000000000568,exact,0.09999999999999432,0.09999999999999996,0.0007916017857307495,0.09499999999979991,0.10500000000001819,0.007916017857307498,stable,VERIFIED_FROM_FILE
Synchronised V abd S datasets/Categorised IOVNB Dataset/S (Driver A)/S3b/V-S3b.csv,time_of_day_s,9.999999999417923,exact,0.10000000000582077,0.09999999999999958,7.129040615335608e-12,0.09999999999126885,0.10000000000582077,7.129040615335639e-11,stable,VERIFIED_FROM_FILE
Synchronised V abd S datasets/Categorised IOVNB Dataset/S (Driver A)/S3c/S-S3c.csv,time_since_start_ms,10.000000000009095,exact,0.09999999999990905,0.099999973105266,0.0008548116913381289,0.08199999999987995,0.12100000000009459,0.008548119212375214,stable,VERIFIED_FROM_FILE
Synchronised V abd S datasets/Categorised IOVNB Dataset/S (Driver A)/S3c/V-S3c.csv,time_of_day_s,9.999999999417923,exact,0.10000000000582077,0.09999999999999992,7.334130326954851e-06,0.09900000000197906,0.10099999999511056,7.334130326954857e-05,stable,VERIFIED_FROM_FILE
Synchronised V abd S datasets/Categorised IOVNB Dataset/S (Driver A)/S4/S-S4.csv,time_since_start_ms,10.000000000009095,exact,0.09999999999990905,0.09999998942884024,0.000861198001403049,0.08199999999999363,0.11700000000001864,0.008611980924416751,stable,VERIFIED_FROM_FILE
Synchronised V abd S datasets/Categorised IOVNB Dataset/S (Driver A)/S4/V-S4.csv,time_of_day_s,10.00000000014552,exact,0.09999999999854481,0.10000000000000002,4.598029185474273e-06,0.09900000000197906,0.10099999999511056,4.598029185474272e-05,stable,VERIFIED_FROM_FILE
Synchronised V abd S datasets/Categorised IOVNB Dataset/Vf (Driver E)/V-Vfa01/S-Vfa01.csv,time_since_start_ms,9.999999999997726,exact,0.10000000000002274,0.1,0.0008482613014428688,0.08600000000001273,0.11299999999999955,0.008482613014428687,stable,VERIFIED_FROM_FILE
Synchronised V abd S datasets/Categorised IOVNB Dataset/Vf (Driver E)/V-Vfa01/V-Vfa01.csv,time_of_day_s,10.00000000014552,exact,0.09999999999854481,0.10000000000000013,2.9104776654407343e-12,0.09999999999854481,0.10000000000582077,2.9104776654407307e-11,stable,VERIFIED_FROM_FILE
Synchronised V abd S datasets/Categorised IOVNB Dataset/Vf (Driver E)/V-Vfa02/S-Vfa02.csv,time_since_start_ms,10.000000000009095,exact,0.09999999999990905,0.10000001480998787,0.000859756537429444,0.05899999999996908,0.1410000000000764,0.00859756410099624,stable,VERIFIED_FROM_FILE
Synchronised V abd S datasets/Categorised IOVNB Dataset/Vf (Driver E)/V-Vfa02/V-Vfa02.csv,time_of_day_s,10.00000000014552,exact,0.09999999999854481,0.10000000000000002,5.43309786606368e-06,0.09900000000197906,0.10100000000238651,5.433097866063679e-05,stable,VERIFIED_FROM_FILE
Synchronised V abd S datasets/Categorised IOVNB Dataset/Vta (Driver E)/Vta01a/S-Vta1a.csv,time_since_start_ms,10.000000000000568,exact,0.09999999999999432,0.09999996105160663,0.0007051624896069295,0.08799999999996544,0.11099999999999,0.007051627642564968,stable,VERIFIED_FROM_FILE
Synchronised V abd S datasets/Categorised IOVNB Dataset/Vta (Driver E)/Vta01a/V-Vta1a.csv,time_of_day_s,10.00000000014552,exact,0.09999999999854481,0.1,2.9103830456786644e-12,0.09999999999854481,0.10000000000582077,2.910383045678664e-11,stable,VERIFIED_FROM_FILE
Synchronised V abd S datasets/Categorised IOVNB Dataset/Vta (Driver E)/Vta01b/S-Vta1b.csv,time_since_start_ms,10.000000000009095,exact,0.09999999999990905,0.10000000000000019,0.0006060208578683719,0.09400000000005093,0.10599999999976717,0.006060208578683708,stable,VERIFIED_FROM_FILE
Synchronised V abd S datasets/Categorised IOVNB Dataset/Vta (Driver E)/Vta01b/V-Vta1b.csv,time_of_day_s,10.00000000014552,exact,0.09999999999854481,0.09999999999999694,2.908087691110064e-12,0.09999999999854481,0.10000000000582077,2.908087691110153e-11,stable,VERIFIED_FROM_FILE
Synchronised V abd S datasets/Categorised IOVNB Dataset/Vta (Driver E)/Vta02/S-Vta2.csv,time_since_start_ms,10.000000000009095,exact,0.09999999999990905,0.09999981801637853,0.0006983667177389171,0.09000000000014552,0.10799999999971988,0.006983679886542741,stable,VERIFIED_FROM_FILE
Synchronised V abd S datasets/Categorised IOVNB Dataset/Vta (Driver E)/Vta02/V-vta2.csv,time_of_day_s,10.00000000014552,exact,0.09999999999854481,0.1,2.9103830456786644e-12,0.09999999999854481,0.10000000000582077,2.910383045678664e-11,stable,VERIFIED_FROM_FILE
Synchronised V abd S datasets/Categorised IOVNB Dataset/Vta (Driver E)/Vta03/S-Vta3.csv,time_since_start_ms,9.999999999999858,exact,0.10000000000000142,0.1,0.0005897678246195116,0.09600000000000009,0.10400000000000276,0.0058976782461951155,stable,VERIFIED_FROM_FILE
Synchronised V abd S datasets/Categorised IOVNB Dataset/Vta (Driver E)/Vta03/V-vta3.csv,time_of_day_s,10.00000000014552,exact,0.09999999999854481,0.10000000000000225,2.9120763865081666e-12,0.09999999999854481,0.10000000000582077,2.912076386508101e-11,stable,VERIFIED_FROM_FILE
Synchronised V abd S datasets/Categorised IOVNB Dataset/Vta (Driver E)/Vta04/S-Vta4.csv,time_since_start_ms,10.000000000000568,exact,0.09999999999999432,0.09999944071588367,0.0005651114205424006,0.09600000000000364,0.10400000000001342,0.00565114581138492,stable,VERIFIED_FROM_FILE
Synchronised V abd S datasets/Categorised IOVNB Dataset/Vta (Driver E)/Vta04/V-vta4.csv,time_of_day_s,10.00000000014552,exact,0.09999999999854481,0.10000000000000163,2.911603133007348e-12,0.09999999999854481,0.10000000000582077,2.9116031330073e-11,stable,VERIFIED_FROM_FILE
Synchronised V abd S datasets/Categorised IOVNB Dataset/Vta (Driver E)/Vta05/S-Vta5.csv,time_since_start_ms,9.999999999997726,exact,0.10000000000002274,0.10000000000000007,0.0004917622040805475,0.09799999999995634,0.10199999999997544,0.004917622040805471,stable,VERIFIED_FROM_FILE
Synchronised V abd S datasets/Categorised IOVNB Dataset/Vta (Driver E)/Vta05/V-vta5.csv,time_of_day_s,10.00000000014552,exact,0.09999999999854481,0.09999999999999525,2.9068103216492355e-12,0.09999999999854481,0.10000000000582077,2.9068103216493736e-11,stable,VERIFIED_FROM_FILE
Synchronised V abd S datasets/Categorised IOVNB Dataset/Vta (Driver E)/Vta06/S-Vta6.csv,time_since_start_ms,9.999999999997726,exact,0.10000000000002274,0.1,0.0005981790549812061,0.09499999999997044,0.10599999999999454,0.005981790549812061,stable,VERIFIED_FROM_FILE
Synchronised V abd S datasets/Categorised IOVNB Dataset/Vta (Driver E)/Vta06/V-vta6.csv,time_of_day_s,10.00000000014552,exact,0.09999999999854481,0.1,2.9103830456786644e-12,0.09999999999854481,0.10000000000582077,2.910383045678664e-11,stable,VERIFIED_FROM_FILE
Synchronised V abd S datasets/Categorised IOVNB Dataset/Vta (Driver E)/Vta07/S-Vta7.csv,time_since_start_ms,9.999999999997726,exact,0.10000000000002274,0.09999999999999998,0.0006604798342438896,0.09100000000000819,0.10800000000000409,0.006604798342438898,stable,VERIFIED_FROM_FILE
Synchronised V abd S datasets/Categorised IOVNB Dataset/Vta (Driver E)/Vta07/V-vta7.csv,time_of_day_s,10.00000000014552,exact,0.09999999999854481,0.10000000000000174,2.911683065263002e-12,0.09999999999854481,0.10000000000582077,2.911683065262951e-11,stable,VERIFIED_FROM_FILE
Synchronised V abd S datasets/Categorised IOVNB Dataset/Vta (Driver E)/Vta08/S-Vta8.csv,time_since_start_ms,9.999999999997726,exact,0.10000000000002274,0.1,0.0006606531503242498,0.09199999999998454,0.10799999999994725,0.006606531503242498,stable,VERIFIED_FROM_FILE
Synchronised V abd S datasets/Categorised IOVNB Dataset/Vta (Driver E)/Vta08/V-vta8.csv,time_of_day_s,10.00000000014552,exact,0.09999999999854481,0.1,2.9103830456786644e-12,0.09999999999854481,0.10000000000582077,2.910383045678664e-11,stable,VERIFIED_FROM_FILE
Synchronised V abd S datasets/Categorised IOVNB Dataset/Vta (Driver E)/Vta09/S-Vta9.csv,time_since_start_ms,9.999999999997726,exact,0.10000000000002274,0.09998709677419312,0.0006323238938723379,0.09699999999997999,0.10199999999997544,0.006324054945813188,stable,VERIFIED_FROM_FILE
Synchronised V abd S datasets/Categorised IOVNB Dataset/Vta (Driver E)/Vta09/V-vta9.csv,time_of_day_s,10.00000000014552,exact,0.09999999999854481,0.1,2.9103830456786644e-12,0.09999999999854481,0.10000000000582077,2.910383045678664e-11,stable,VERIFIED_FROM_FILE
Synchronised V abd S datasets/Categorised IOVNB Dataset/Vta (Driver E)/Vta10/S-Vta10.csv,time_since_start_ms,9.999999999997726,exact,0.10000000000002274,0.10000000000000002,0.0006867936684094969,0.0909999999998945,0.10900000000003729,0.006867936684094968,stable,VERIFIED_FROM_FILE
Synchronised V abd S datasets/Categorised IOVNB Dataset/Vta (Driver E)/Vta10/V-vta10.csv,time_of_day_s,10.00000000014552,exact,0.09999999999854481,0.09999999999999903,2.90965568229088e-12,0.09999999999854481,0.10000000000582077,2.9096556822909082e-11,stable,VERIFIED_FROM_FILE
Synchronised V abd S datasets/Categorised IOVNB Dataset/Vta (Driver E)/Vta11/S-Vta11.csv,time_since_start_ms,10.000000000009095,exact,0.09999999999990905,0.10000000000000017,0.0005779171326261398,0.09699999999997999,0.10200000000008913,0.005779171326261388,stable,VERIFIED_FROM_FILE
Synchronised V abd S datasets/Categorised IOVNB Dataset/Vta (Driver E)/Vta11/V-vta11.csv,time_of_day_s,10.00000000014552,exact,0.09999999999854481,0.10000000000000286,2.912525045083756e-12,0.09999999999854481,0.10000000000582077,2.912525045083673e-11,stable,VERIFIED_FROM_FILE
Synchronised V abd S datasets/Categorised IOVNB Dataset/Vta (Driver E)/Vta12/S-Vta12.csv,time_since_start_ms,10.000000000009095,exact,0.09999999999990905,0.10000000000000014,0.0006225114661160281,0.09699999999997999,0.10299999999983811,0.006225114661160272,stable,VERIFIED_FROM_FILE
Synchronised V abd S datasets/Categorised IOVNB Dataset/Vta (Driver E)/Vta12/V-vta12.csv,time_of_day_s,10.00000000014552,exact,0.09999999999854481,0.10000000000000239,2.912173621745256e-12,0.09999999999854481,0.10000000000582077,2.912173621745186e-11,stable,VERIFIED_FROM_FILE
Synchronised V abd S datasets/Categorised IOVNB Dataset/Vta (Driver E)/Vta13/S-Vta13.csv,time_since_start_ms,10.000000000009095,exact,0.09999999999990905,0.100002481389578,0.0006437281275863538,0.09600000000000364,0.10399999999981446,0.006437121545800378,stable,VERIFIED_FROM_FILE
Synchronised V abd S datasets/Categorised IOVNB Dataset/Vta (Driver E)/Vta13/V-vta13.csv,time_of_day_s,10.00000000014552,exact,0.09999999999854481,0.09999999999998917,2.9022269387439198e-12,0.09999999999854481,0.10000000000582077,2.9022269387442343e-11,stable,VERIFIED_FROM_FILE
Synchronised V abd S datasets/Categorised IOVNB Dataset/Vta (Driver E)/Vta14/S-Vta14.csv,time_since_start_ms,10.000000000009095,exact,0.09999999999990905,0.09999999999999995,0.0006363906545419011,0.09600000000000364,0.10500000000001819,0.006363906545419014,stable,VERIFIED_FROM_FILE
Synchronised V abd S datasets/Categorised IOVNB Dataset/Vta (Driver E)/Vta14/V-vta14.csv,time_of_day_s,10.00000000014552,exact,0.09999999999854481,0.09999999999999798,2.9088682295169006e-12,0.09999999999854481,0.10000000000582077,2.9088682295169593e-11,stable,VERIFIED_FROM_FILE
Synchronised V abd S datasets/Categorised IOVNB Dataset/Vta (Driver E)/Vta15/S-Vta15.csv,time_since_start_ms,10.000000000009095,exact,0.09999999999990905,0.10000000000000006,0.0008406728074789336,0.09000000000014552,0.10999999999989996,0.008406728074789331,stable,VERIFIED_FROM_FILE
Synchronised V abd S datasets/Categorised IOVNB Dataset/Vta (Driver E)/Vta15/V-vta15.csv,time_of_day_s,10.00000000014552,exact,0.09999999999854481,0.09999999999999651,2.907756215622477e-12,0.09999999999854481,0.10000000000582077,2.9077562156225786e-11,stable,VERIFIED_FROM_FILE
Synchronised V abd S datasets/Categorised IOVNB Dataset/Vta (Driver E)/Vta16/S-Vta16.csv,time_since_start_ms,10.000000000009095,exact,0.09999999999990905,0.09999999999999999,0.0006473739217187765,0.09000000000014552,0.10999999999989996,0.006473739217187766,stable,VERIFIED_FROM_FILE
Synchronised V abd S datasets/Categorised IOVNB Dataset/Vta (Driver E)/Vta16/V-vta16.csv,time_of_day_s,10.00000000014552,exact,0.09999999999854481,0.10000000000000013,1.3283832590594987e-05,0.09900000000197906,0.10100000000238651,0.0001328383259059497,stable,VERIFIED_FROM_FILE
Synchronised V abd S datasets/Categorised IOVNB Dataset/Vta (Driver E)/Vta17/S-Vta17.csv,time_since_start_ms,10.000000000009095,exact,0.09999999999990905,0.10026250553342184,0.01762333172974468,0.09300000000030195,1.2840000000001055,0.17577190631716322,mostly_stable,VERIFIED_FROM_FILE
Synchronised V abd S datasets/Categorised IOVNB Dataset/Vta (Driver E)/Vta17/V-vta17.csv,time_of_day_s,10.00000000014552,exact,0.09999999999854481,0.09999999999999903,2.9096580980090555e-12,0.09999999999854481,0.10000000000582077,2.9096580980090834e-11,stable,VERIFIED_FROM_FILE
Synchronised V abd S datasets/Categorised IOVNB Dataset/Vta (Driver E)/Vta19/S-Vta19.csv,time_since_start_ms,10.000000000009095,exact,0.09999999999990905,0.10000343642611723,0.0007058824108324434,0.09699999999975262,0.10400000000026921,0.007058581545384702,stable,VERIFIED_FROM_FILE
Synchronised V abd S datasets/Categorised IOVNB Dataset/Vta (Driver E)/Vta19/V-vta19.csv,time_of_day_s,10.00000000014552,exact,0.09999999999854481,0.099999999999995,2.906625830737637e-12,0.09999999999854481,0.10000000000582077,2.9066258307377825e-11,stable,VERIFIED_FROM_FILE
Synchronised V abd S datasets/Categorised IOVNB Dataset/Vta (Driver E)/Vta20/S-Vta20.csv,time_since_start_ms,10.000000000000568,exact,0.09999999999999432,0.10000000000000002,0.0006178595840064563,0.09499999999999886,0.10500000000000398,0.006178595840064562,stable,VERIFIED_FROM_FILE
Synchronised V abd S datasets/Categorised IOVNB Dataset/Vta (Driver E)/Vta20/V-vta20.csv,time_of_day_s,10.00000000014552,exact,0.09999999999854481,0.0999999999999991,2.909705363142567e-12,0.09999999999854481,0.10000000000582077,2.909705363142593e-11,stable,VERIFIED_FROM_FILE
Synchronised V abd S datasets/Categorised IOVNB Dataset/Vta (Driver E)/Vta21/S-Vta21.csv,time_since_start_ms,9.999999999997726,exact,0.10000000000002274,0.1,0.0005762378398905403,0.09600000000000364,0.10400000000004184,0.005762378398905403,stable,VERIFIED_FROM_FILE
Synchronised V abd S datasets/Categorised IOVNB Dataset/Vta (Driver E)/Vta21/V-vta21.csv,time_of_day_s,10.00000000014552,exact,0.09999999999854481,0.10000000000000141,2.9114329462989144e-12,0.09999999999854481,0.10000000000582077,2.911432946298873e-11,stable,VERIFIED_FROM_FILE
Synchronised V abd S datasets/Categorised IOVNB Dataset/Vta (Driver E)/Vta22/S-Vta22.csv,time_since_start_ms,9.999999999997726,exact,0.10000000000002274,0.10000063979526547,0.000590498103608361,0.09600000000000364,0.10400000000004184,0.0059049432565362265,stable,VERIFIED_FROM_FILE
Synchronised V abd S datasets/Categorised IOVNB Dataset/Vta (Driver E)/Vta22/V-vta22.csv,time_of_day_s,10.00000000014552,exact,0.09999999999854481,0.10000000000000187,2.9117786523645697e-12,0.09999999999854481,0.10000000000582077,2.9117786523645155e-11,stable,VERIFIED_FROM_FILE
Synchronised V abd S datasets/Categorised IOVNB Dataset/Vta (Driver E)/Vta23/S-Vta23.csv,time_since_start_ms,9.999999999997726,exact,0.10000000000002274,0.09999999999999998,0.0006454390164007024,0.09500000000002728,0.10400000000004184,0.006454390164007026,stable,VERIFIED_FROM_FILE
Synchronised V abd S datasets/Categorised IOVNB Dataset/Vta (Driver E)/Vta23/V-vta23.csv,time_of_day_s,10.00000000014552,exact,0.09999999999854481,0.10000000000000131,2.911366707757723e-12,0.09999999999854481,0.10000000000582077,2.911366707757685e-11,stable,VERIFIED_FROM_FILE
Synchronised V abd S datasets/Categorised IOVNB Dataset/Vta (Driver E)/Vta24/S-Vta24.csv,time_since_start_ms,9.999999999997726,exact,0.10000000000002274,0.10000085470085468,0.000668586431579755,0.09600000000000364,0.10400000000004184,0.006685807172146507,stable,VERIFIED_FROM_FILE
Synchronised V abd S datasets/Categorised IOVNB Dataset/Vta (Driver E)/Vta24/V-vta24.csv,time_of_day_s,10.00000000014552,exact,0.09999999999854481,0.1,2.9103830456786644e-12,0.09999999999854481,0.10000000000582077,2.910383045678664e-11,stable,VERIFIED_FROM_FILE
Synchronised V abd S datasets/Categorised IOVNB Dataset/Vta (Driver E)/Vta25/S-Vta25.csv,time_since_start_ms,9.999999999997726,exact,0.10000000000002274,0.09999689922480627,0.0005623783912630726,0.09699999999997999,0.1029999999999518,0.005623958298934565,stable,VERIFIED_FROM_FILE
Synchronised V abd S datasets/Categorised IOVNB Dataset/Vta (Driver E)/Vta25/V-vta25.csv,time_of_day_s,10.00000000014552,exact,0.09999999999854481,0.1,2.9103830456786644e-12,0.09999999999854481,0.10000000000582077,2.910383045678664e-11,stable,VERIFIED_FROM_FILE
Synchronised V abd S datasets/Categorised IOVNB Dataset/Vta (Driver E)/Vta26/S-Vta26.csv,time_since_start_ms,10.000000000009095,exact,0.09999999999990905,0.09999999999999999,0.0005815146218444815,0.09600000000000364,0.10300000000006548,0.005815146218444815,stable,VERIFIED_FROM_FILE
Synchronised V abd S datasets/Categorised IOVNB Dataset/Vta (Driver E)/Vta26/V-vta26.csv,time_of_day_s,10.00000000014552,exact,0.09999999999854481,0.10000000000000075,2.910947213090581e-12,0.09999999999854481,0.10000000000582077,2.9109472130905586e-11,stable,VERIFIED_FROM_FILE
Synchronised V abd S datasets/Categorised IOVNB Dataset/Vta (Driver E)/Vta27/S-Vta27.csv,time_since_start_ms,10.000000000009095,exact,0.09999999999990905,0.10000000000000003,0.0005332578389420388,0.09600000000000364,0.10400000000004184,0.005332578389420386,stable,VERIFIED_FROM_FILE
Synchronised V abd S datasets/Categorised IOVNB Dataset/Vta (Driver E)/Vta27/V-vta27.csv,time_of_day_s,10.00000000014552,exact,0.09999999999854481,0.0999999999999977,2.9086622269371854e-12,0.09999999999854481,0.10000000000582077,2.908662226937252e-11,stable,VERIFIED_FROM_FILE
Synchronised V abd S datasets/Categorised IOVNB Dataset/Vta (Driver E)/Vta28/S-Vta28.csv,time_since_start_ms,10.000000000009095,exact,0.09999999999990905,0.10000000000000002,0.0005820634108166454,0.0929999999998472,0.1069999999999709,0.005820634108166453,stable,VERIFIED_FROM_FILE
Synchronised V abd S datasets/Categorised IOVNB Dataset/Vta (Driver E)/Vta28/V-vta28.csv,time_of_day_s,10.00000000014552,exact,0.09999999999854481,0.09999999999999862,2.9093453321613937e-12,0.09999999999854481,0.10000000000582077,2.909345332161434e-11,stable,VERIFIED_FROM_FILE
Synchronised V abd S datasets/Categorised IOVNB Dataset/Vta (Driver E)/Vta29/S-Vta29.csv,time_since_start_ms,10.000000000000568,exact,0.09999999999999432,0.09999063291139242,0.0011217812934407885,0.0009999999999763531,0.11099999999999,0.01121886381532223,stable,VERIFIED_FROM_FILE
Synchronised V abd S datasets/Categorised IOVNB Dataset/Vta (Driver E)/Vta29/V-vta29.csv,time_of_day_s,10.00000000014552,exact,0.09999999999854481,0.10000000000000006,9.185529127931082e-06,0.09900000000197906,0.10100000000238651,9.185529127931076e-05,stable,VERIFIED_FROM_FILE
Synchronised V abd S datasets/Categorised IOVNB Dataset/Vta (Driver E)/Vta30/S-Vta30.csv,time_since_start_ms,10.000000000009095,exact,0.09999999999990905,0.1,0.0007316274115907559,0.0660000000002583,0.13400000000001455,0.007316274115907559,stable,VERIFIED_FROM_FILE
Synchronised V abd S datasets/Categorised IOVNB Dataset/Vta (Driver E)/Vta30/V-vta30.csv,time_of_day_s,10.00000000014552,exact,0.09999999999854481,0.1,2.9103830456786644e-12,0.09999999999854481,0.10000000000582077,2.910383045678664e-11,stable,VERIFIED_FROM_FILE
Synchronised V abd S datasets/Categorised IOVNB Dataset/Vtb (Driver E)/Vtb01/S-Vtb1.csv,time_since_start_ms,10.000000000009095,exact,0.09999999999990905,0.1202058736389897,4.024250336301483,0.0009999999999763531,661.3760000000001,33.47798418226534,severely_irregular,VERIFIED_FROM_FILE
Synchronised V abd S datasets/Categorised IOVNB Dataset/Vtb (Driver E)/Vtb01/V-vtb1.csv,time_of_day_s,10.00000000014552,exact,0.09999999999854481,0.09999999999999987,7.849719173107635e-06,0.09900000000197906,0.10100000000238651,7.849719173107645e-05,stable,VERIFIED_FROM_FILE
Synchronised V abd S datasets/Categorised IOVNB Dataset/Vtb (Driver E)/Vtb02/S-Vtb2.csv,time_since_start_ms,9.999999999999858,exact,0.10000000000000142,0.1,0.0006498791019387002,0.09399999999993724,0.10700000000008458,0.006498791019387002,stable,VERIFIED_FROM_FILE
Synchronised V abd S datasets/Categorised IOVNB Dataset/Vtb (Driver E)/Vtb02/V-vtb2.csv,time_of_day_s,10.00000000014552,exact,0.09999999999854481,0.10001751313485088,0.0013232561260465,0.09999999999854481,0.19999999999708962,0.013230244229951907,stable,VERIFIED_FROM_FILE
Synchronised V abd S datasets/Categorised IOVNB Dataset/Vtb (Driver E)/Vtb03/S-Vtb3.csv,time_since_start_ms,9.999999999997726,exact,0.10000000000002274,0.09999999999999999,0.0006602842113191995,0.09500000000002728,0.10599999999999454,0.006602842113191995,stable,VERIFIED_FROM_FILE
Synchronised V abd S datasets/Categorised IOVNB Dataset/Vtb (Driver E)/Vtb03/V-vtb3.csv,time_of_day_s,10.00000000014552,exact,0.09999999999854481,0.10000000000000017,2.9105155040641102e-12,0.09999999999854481,0.10000000000582077,2.910515504064105e-11,stable,VERIFIED_FROM_FILE
Synchronised V abd S datasets/Categorised IOVNB Dataset/Vtb (Driver E)/Vtb04/S-Vtb4.csv,time_since_start_ms,10.000000000009095,exact,0.09999999999990905,0.1,0.0005631315273711161,0.09799999999995634,0.10200000000008913,0.005631315273711161,stable,VERIFIED_FROM_FILE
Synchronised V abd S datasets/Categorised IOVNB Dataset/Vtb (Driver E)/Vtb04/V-vtb4.csv,time_of_day_s,10.00000000014552,exact,0.09999999999854481,0.1,2.9103830456786644e-12,0.09999999999854481,0.10000000000582077,2.910383045678664e-11,stable,VERIFIED_FROM_FILE
Synchronised V abd S datasets/Categorised IOVNB Dataset/Vtb (Driver E)/Vtb05/S-Vtb5.csv,time_since_start_ms,10.000000000009095,exact,0.09999999999990905,0.10000001553108546,0.0008643267564102214,0.07999999999992724,0.11900000000014188,0.00864326622170915,stable,VERIFIED_FROM_FILE
Synchronised V abd S datasets/Categorised IOVNB Dataset/Vtb (Driver E)/Vtb05/V-vtb5.csv,time_of_day_s,10.00000000014552,exact,0.09999999999854481,0.10000000000000006,5.573344682306492e-06,0.09900000000197906,0.10100000000238651,5.5733446823064886e-05,stable,VERIFIED_FROM_FILE
Synchronised V abd S datasets/Categorised IOVNB Dataset/Vtb (Driver E)/Vtb06/S-Vtb6.csv,time_since_start_ms,9.99999999996362,exact,0.1000000000003638,0.10000000000000146,0.001166259390450778,0.08799999999973807,0.11200000000008004,0.01166259390450761,stable,VERIFIED_FROM_FILE
Synchronised V abd S datasets/Categorised IOVNB Dataset/Vtb (Driver E)/Vtb06/V-vtb6.csv,time_of_day_s,9.999999999417923,exact,0.10000000000582077,0.10000000000002342,7.124131982508725e-12,0.09999999999126885,0.10000000000582077,7.124131982507056e-11,stable,VERIFIED_FROM_FILE
Synchronised V abd S datasets/Categorised IOVNB Dataset/Vtb (Driver E)/Vtb07/S-Vtb7.csv,time_since_start_ms,9.99999999996362,exact,0.1000000000003638,0.10000217391304195,0.0007024767149111802,0.09599999999954889,0.10300000000006548,0.007024614440102342,stable,VERIFIED_FROM_FILE
Synchronised V abd S datasets/Categorised IOVNB Dataset/Vtb (Driver E)/Vtb07/V-vtb7.csv,time_of_day_s,9.999999999417923,exact,0.10000000000582077,0.1,7.128953417949148e-12,0.09999999999126885,0.10000000000582077,7.128953417949147e-11,stable,VERIFIED_FROM_FILE
Synchronised V abd S datasets/Categorised IOVNB Dataset/Vtb (Driver E)/Vtb08/S-Vtb8.csv,time_since_start_ms,9.99999999996362,exact,0.1000000000003638,0.10000000000000109,0.0009276689685508391,0.09399999999914144,0.10500000000047294,0.00927668968550829,stable,VERIFIED_FROM_FILE
Synchronised V abd S datasets/Categorised IOVNB Dataset/Vtb (Driver E)/Vtb08/V-vtb8.csv,time_of_day_s,9.999999999417923,exact,0.10000000000582077,0.09999999999999563,7.129842700979013e-12,0.09999999999126885,0.10000000000582077,7.129842700979324e-11,stable,VERIFIED_FROM_FILE
Synchronised V abd S datasets/Categorised IOVNB Dataset/Vtb (Driver E)/Vtb09/S-Vtb9.csv,time_since_start_ms,9.99999999996362,exact,0.1000000000003638,0.09999778270510014,0.0006936483813636518,0.09699999999975262,0.10300000000006548,0.006936637619348673,stable,VERIFIED_FROM_FILE
Synchronised V abd S datasets/Categorised IOVNB Dataset/Vtb (Driver E)/Vtb09/V-vtb9.csv,time_of_day_s,9.999999999417923,exact,0.10000000000582077,0.10000000000001291,7.126306745054184e-12,0.09999999999126885,0.10000000000582077,7.126306745053263e-11,stable,VERIFIED_FROM_FILE
Synchronised V abd S datasets/Categorised IOVNB Dataset/Vtb (Driver E)/Vtb10/S-Vtb10.csv,time_since_start_ms,9.99999999996362,exact,0.1000000000003638,0.1,0.000865284894516179,0.09500000000116415,0.10499999999956344,0.00865284894516179,stable,VERIFIED_FROM_FILE
Synchronised V abd S datasets/Categorised IOVNB Dataset/Vtb (Driver E)/Vtb10/V-vtb10.csv,time_of_day_s,9.999999999417923,exact,0.10000000000582077,0.10000000000004501,7.119618446642111e-12,0.09999999999126885,0.10000000000582077,7.119618446638907e-11,stable,VERIFIED_FROM_FILE
Synchronised V abd S datasets/Categorised IOVNB Dataset/Vtb (Driver E)/Vtb11/S-Vtb11.csv,time_since_start_ms,9.99999999996362,exact,0.1000000000003638,0.1,0.0008498365856886943,0.09600000000136788,0.10300000000097498,0.008498365856886942,stable,VERIFIED_FROM_FILE
Synchronised V abd S datasets/Categorised IOVNB Dataset/Vtb (Driver E)/Vtb11/V-vtb11.csv,time_of_day_s,9.999999999417923,exact,0.10000000000582077,0.1,7.128953417949148e-12,0.09999999999126885,0.10000000000582077,7.128953417949147e-11,stable,VERIFIED_FROM_FILE
Synchronised V abd S datasets/Categorised IOVNB Dataset/Vtb (Driver E)/Vtb12/S-Vtb12.csv,time_since_start_ms,9.99999999996362,exact,0.1000000000003638,0.10000224215246356,0.0007071032264872979,0.09699999999975262,0.10300000000097498,0.007070873725103556,stable,VERIFIED_FROM_FILE
Synchronised V abd S datasets/Categorised IOVNB Dataset/Vtb (Driver E)/Vtb12/V-vtb12.csv,time_of_day_s,9.999999999417923,exact,0.10000000000582077,0.09999999999998042,7.1329214844700115e-12,0.09999999999126885,0.10000000000582077,7.132921484471408e-11,stable,VERIFIED_FROM_FILE
Synchronised V abd S datasets/Categorised IOVNB Dataset/Vw (Driver E)/Vw01/S-Vw1.csv,time_since_start_ms,9.999999999999858,exact,0.10000000000000142,0.1,0.0007956536388829012,0.08399999999983265,0.1150000000000091,0.007956536388829013,stable,VERIFIED_FROM_FILE
Synchronised V abd S datasets/Categorised IOVNB Dataset/Vw (Driver E)/Vw01/V-Vw1.csv,time_of_day_s,10.00000000014552,exact,0.09999999999854481,0.10000000000000007,2.910436350642183e-12,0.09999999999854481,0.10000000000582077,2.910436350642181e-11,stable,VERIFIED_FROM_FILE
Synchronised V abd S datasets/Categorised IOVNB Dataset/Vw (Driver E)/Vw02/S-Vw2.csv,time_since_start_ms,10.000000000009095,exact,0.09999999999990905,0.09999998102898772,0.0007989953281039536,0.07699999999931606,0.12300000000050204,0.007989954796814842,stable,VERIFIED_FROM_FILE
Synchronised V abd S datasets/Categorised IOVNB Dataset/Vw (Driver E)/Vw02/V-Vw2.csv,time_of_day_s,10.00000000014552,exact,0.09999999999854481,0.09999999999999998,6.159768233484157e-06,0.0989999999947031,0.10100000000238651,6.159768233484158e-05,stable,VERIFIED_FROM_FILE
Synchronised V abd S datasets/Categorised IOVNB Dataset/Vw (Driver E)/Vw03/S-Vw3.csv,time_since_start_ms,9.99999999996362,exact,0.1000000000003638,0.10000025906735734,0.0007423181274538567,0.09499999999934516,0.10500000000047294,0.00742316204354883,stable,VERIFIED_FROM_FILE
Synchronised V abd S datasets/Categorised IOVNB Dataset/Vw (Driver E)/Vw03/V-Vw3.csv,time_of_day_s,10.00000000014552,exact,0.09999999999854481,0.1,2.9103830456786644e-12,0.09999999999854481,0.10000000000582077,2.910383045678664e-11,stable,VERIFIED_FROM_FILE
Synchronised V abd S datasets/Categorised IOVNB Dataset/Vw (Driver E)/Vw04/S-Vw4.csv,time_since_start_ms,9.99999999996362,exact,0.1000000000003638,0.1,0.0007813171132794281,0.07599999999911233,0.12399999999979627,0.00781317113279428,stable,VERIFIED_FROM_FILE
Synchronised V abd S datasets/Categorised IOVNB Dataset/Vw (Driver E)/Vw04/V-Vw4.csv,time_of_day_s,10.00000000014552,exact,0.09999999999854481,0.10000000000000005,5.622637761050504e-06,0.09900000000197906,0.10099999999511056,5.622637761050501e-05,stable,VERIFIED_FROM_FILE
Synchronised V abd S datasets/Categorised IOVNB Dataset/Vw (Driver E)/Vw05/S-Vw5.csv,time_since_start_ms,9.99999999996362,exact,0.1000000000003638,0.10000098911968225,0.000702545189743386,0.09799999999995634,0.10299999999915599,0.007025382407993709,stable,VERIFIED_FROM_FILE
Synchronised V abd S datasets/Categorised IOVNB Dataset/Vw (Driver E)/Vw05/V-Vw5.csv,time_of_day_s,10.00000000014552,exact,0.09999999999854481,0.09999999999999856,2.9093029704015635e-12,0.09999999999854481,0.10000000000582077,2.9093029704016053e-11,stable,VERIFIED_FROM_FILE
Synchronised V abd S datasets/Categorised IOVNB Dataset/Vw (Driver E)/Vw06/S-Vw6.csv,time_since_start_ms,9.99999999996362,exact,0.1000000000003638,0.1,0.0006696547617443798,0.09699999999975262,0.10300000000097498,0.006696547617443798,stable,VERIFIED_FROM_FILE
Synchronised V abd S datasets/Categorised IOVNB Dataset/Vw (Driver E)/Vw06/V-Vw6.csv,time_of_day_s,10.00000000014552,exact,0.09999999999854481,0.1,2.9103830456786644e-12,0.09999999999854481,0.10000000000582077,2.910383045678664e-11,stable,VERIFIED_FROM_FILE
Synchronised V abd S datasets/Categorised IOVNB Dataset/Vw (Driver E)/Vw07/S-Vw7.csv,time_since_start_ms,9.99999999996362,exact,0.1000000000003638,0.09999937539038112,0.0007126059430245801,0.09399999999914144,0.10599999999976717,0.007126103940576466,stable,VERIFIED_FROM_FILE
Synchronised V abd S datasets/Categorised IOVNB Dataset/Vw (Driver E)/Vw07/V-Vw7.csv,time_of_day_s,10.00000000014552,exact,0.09999999999854481,0.09999999999999909,2.9097011288874854e-12,0.09999999999854481,0.10000000000582077,2.9097011288875117e-11,stable,VERIFIED_FROM_FILE
Synchronised V abd S datasets/Categorised IOVNB Dataset/Vw (Driver E)/Vw08/S-Vw8.csv,time_since_start_ms,9.99999999996362,exact,0.1000000000003638,0.10000000000000071,0.0007423254814019402,0.09499999999934516,0.10499999999956344,0.007423254814019349,stable,VERIFIED_FROM_FILE
Synchronised V abd S datasets/Categorised IOVNB Dataset/Vw (Driver E)/Vw08/V-Vw8.csv,time_of_day_s,10.00000000014552,exact,0.09999999999854481,0.1000000000000019,2.91181059800818e-12,0.09999999999854481,0.10000000000582077,2.911810598008124e-11,stable,VERIFIED_FROM_FILE
Synchronised V abd S datasets/Categorised IOVNB Dataset/Vw (Driver E)/Vw09/S-Vw9.csv,time_since_start_ms,9.99999999996362,exact,0.1000000000003638,0.1000018148820304,0.0006934986984466288,0.09699999999975262,0.10299999999915599,0.006934861124917899,stable,VERIFIED_FROM_FILE
Synchronised V abd S datasets/Categorised IOVNB Dataset/Vw (Driver E)/Vw09/V-Vw9.csv,time_of_day_s,10.00000000014552,exact,0.09999999999854481,0.09999999999999473,2.906421248607749e-12,0.09999999999854481,0.10000000000582077,2.9064212486079022e-11,stable,VERIFIED_FROM_FILE
Synchronised V abd S datasets/Categorised IOVNB Dataset/Vw (Driver E)/Vw10/S-Vw10.csv,time_since_start_ms,9.99999999996362,exact,0.1000000000003638,0.10000000000000056,0.000681103288533593,0.09699999999975262,0.10299999999915599,0.006811032885335892,stable,VERIFIED_FROM_FILE
Synchronised V abd S datasets/Categorised IOVNB Dataset/Vw (Driver E)/Vw10/V-Vw10.csv,time_of_day_s,10.00000000014552,exact,0.09999999999854481,0.09999999999999777,2.908705215701633e-12,0.09999999999854481,0.10000000000582077,2.908705215701698e-11,stable,VERIFIED_FROM_FILE
Synchronised V abd S datasets/Categorised IOVNB Dataset/Vw (Driver E)/Vw11/S-Vw11.csv,time_since_start_ms,9.99999999996362,exact,0.1000000000003638,0.10000000000000023,0.0007802576214755139,0.09100000000034925,0.10899999999855936,0.007802576214755121,stable,VERIFIED_FROM_FILE
Synchronised V abd S datasets/Categorised IOVNB Dataset/Vw (Driver E)/Vw11/V-Vw11.csv,time_of_day_s,10.00000000014552,exact,0.09999999999854481,0.10000000000000059,2.910827691985735e-12,0.09999999999854481,0.10000000000582077,2.9108276919857176e-11,stable,VERIFIED_FROM_FILE
Synchronised V abd S datasets/Categorised IOVNB Dataset/Vw (Driver E)/Vw12/S-Vw12.csv,time_since_start_ms,9.999999999999858,exact,0.10000000000000142,0.09999999999999999,0.0006554860342617754,0.09699999999999998,0.10399999999999987,0.0065548603426177545,stable,VERIFIED_FROM_FILE
Synchronised V abd S datasets/Categorised IOVNB Dataset/Vw (Driver E)/Vw12/V-Vw12.csv,time_of_day_s,10.00000000014552,exact,0.09999999999854481,0.10000000000000477,2.9139475045598577e-12,0.09999999999854481,0.10000000000582077,2.913947504559719e-11,stable,VERIFIED_FROM_FILE
Synchronised V abd S datasets/Categorised IOVNB Dataset/Vw (Driver E)/Vw13/S-Vw13.csv,time_since_start_ms,10.000000000000036,exact,0.09999999999999964,0.1,0.0007280352571744978,0.09799999999999898,0.10200000000000031,0.007280352571744977,stable,VERIFIED_FROM_FILE
Synchronised V abd S datasets/Categorised IOVNB Dataset/Vw (Driver E)/Vw13/V-Vw13.csv,time_of_day_s,10.00000000014552,exact,0.09999999999854481,0.10000000000001029,2.918067759727747e-12,0.09999999999854481,0.10000000000582077,2.9180677597274466e-11,stable,VERIFIED_FROM_FILE
Synchronised V abd S datasets/Categorised IOVNB Dataset/Vw (Driver E)/Vw14a/S-Vw14a.csv,time_since_start_ms,10.000000000000568,exact,0.09999999999999432,0.10000000000000002,0.0007549644429828971,0.09499999999999886,0.10599999999999454,0.00754964442982897,stable,VERIFIED_FROM_FILE
Synchronised V abd S datasets/Categorised IOVNB Dataset/Vw (Driver E)/Vw14a/V-Vw14a.csv,time_of_day_s,10.00000000014552,exact,0.09999999999854481,0.1000000000000014,2.9114262559648383e-12,0.09999999999854481,0.10000000000582077,2.911426255964798e-11,stable,VERIFIED_FROM_FILE
Synchronised V abd S datasets/Categorised IOVNB Dataset/Vw (Driver E)/Vw14b/S-Vw14b.csv,time_since_start_ms,9.999999999997726,exact,0.10000000000002274,0.10000005105427069,0.000755064923163199,0.09100000000000819,0.10900000000003729,0.007550645376705061,stable,VERIFIED_FROM_FILE
Synchronised V abd S datasets/Categorised IOVNB Dataset/Vw (Driver E)/Vw14b/V-Vw14b.csv,time_of_day_s,10.00000000014552,exact,0.09999999999854481,0.10000000000000023,1.0104877073876847e-05,0.09900000000197906,0.10099999999511056,0.00010104877073876824,stable,VERIFIED_FROM_FILE
Synchronised V abd S datasets/Categorised IOVNB Dataset/Vw (Driver E)/Vw14c/S-Vw14c.csv,time_since_start_ms,10.000000000009095,exact,0.09999999999990905,0.1,0.0007551403623403351,0.08800000000019281,0.11200000000008004,0.007551403623403351,stable,VERIFIED_FROM_FILE
Synchronised V abd S datasets/Categorised IOVNB Dataset/Vw (Driver E)/Vw14c/V-Vw14c.csv,time_of_day_s,10.00000000014552,exact,0.09999999999854481,0.1,2.9103830456786644e-12,0.09999999999854481,0.10000000000582077,2.910383045678664e-11,stable,VERIFIED_FROM_FILE
Synchronised V abd S datasets/Categorised IOVNB Dataset/Vw (Driver E)/Vw15/S-Vw15.csv,time_since_start_ms,10.000000000000002,exact,0.09999999999999998,0.1,0.0006211173818453857,0.09700000000000131,0.10200000000000387,0.006211173818453857,stable,VERIFIED_FROM_FILE
Synchronised V abd S datasets/Categorised IOVNB Dataset/Vw (Driver E)/Vw15/V-Vw15.csv,time_of_day_s,10.00000000014552,exact,0.09999999999854481,0.1,2.9103830456786644e-12,0.09999999999854481,0.10000000000582077,2.910383045678664e-11,stable,VERIFIED_FROM_FILE
Synchronised V abd S datasets/Categorised IOVNB Dataset/Vw (Driver E)/Vw16a/S-Vw16a.csv,time_since_start_ms,9.999999999999858,exact,0.10000000000000142,0.09999982987410684,0.0007164284965886288,0.09499999999997044,0.10500000000001819,0.00716429715421081,stable,VERIFIED_FROM_FILE
Synchronised V abd S datasets/Categorised IOVNB Dataset/Vw (Driver E)/Vw16a/V-Vw16a.csv,time_of_day_s,10.00000000014552,exact,0.09999999999854481,0.09999999999999926,2.9098258746219857e-12,0.09999999999854481,0.10000000000582077,2.9098258746220072e-11,stable,VERIFIED_FROM_FILE
Synchronised V abd S datasets/Categorised IOVNB Dataset/Vw (Driver E)/Vw16b/S-Vw16b.csv,time_since_start_ms,9.999999999997726,exact,0.10000000000002274,0.10000088888888886,0.0007099290174918904,0.09799999999995634,0.1029999999999518,0.007099227070678278,stable,VERIFIED_FROM_FILE
Synchronised V abd S datasets/Categorised IOVNB Dataset/Vw (Driver E)/Vw16b/V-Vw16b.csv,time_of_day_s,10.00000000014552,exact,0.09999999999854481,0.1,2.9103830456786644e-12,0.09999999999854481,0.10000000000582077,2.910383045678664e-11,stable,VERIFIED_FROM_FILE
Synchronised V abd S datasets/Categorised IOVNB Dataset/Vw (Driver E)/Vw17/S-Vw17.csv,time_since_start_ms,9.999999999997726,exact,0.10000000000002274,0.10000304878048759,0.0007428458610164141,0.09699999999997999,0.1029999999999518,0.007428232139672094,stable,VERIFIED_FROM_FILE
Synchronised V abd S datasets/Categorised IOVNB Dataset/Vw (Driver E)/Vw17/V-Vw17.csv,time_of_day_s,10.00000000014552,exact,0.09999999999854481,0.10000000000000887,2.917016798568932e-12,0.09999999999854481,0.10000000000582077,2.917016798568673e-11,stable,VERIFIED_FROM_FILE
Synchronised V abd S datasets/Categorised IOVNB Dataset/Y (Driver D)/Y1/S-Y1.csv,time_since_start_ms,10.000000000000568,exact,0.09999999999999432,0.09999850599735348,0.0008752597553369889,0.0010000000002037268,0.11200000000008004,0.008752728319362623,stable,VERIFIED_FROM_FILE
Synchronised V abd S datasets/Categorised IOVNB Dataset/Y (Driver D)/Y1/V-Y1.csv,time_of_day_s,10.00000000014552,exact,0.09999999999854481,0.10908314836947236,1.7379865677769202,0.09900000001653098,384.6000000000058,15.932676987743665,severely_irregular,VERIFIED_FROM_FILE
Synchronised V abd S datasets/Uncategorised IOVNB Dataset/S-Dataset/S-M.csv,time_since_start_ms,10.000000000009095,exact,0.09999999999990905,0.10001193711546447,0.003968366473557808,0.0809999999999036,1.365000000000009,0.03967892821610186,stable,VERIFIED_FROM_FILE
Synchronised V abd S datasets/Uncategorised IOVNB Dataset/S-Dataset/S-S1.csv,time_since_start_ms,10.000000000009095,exact,0.09999999999990905,0.0999999806744613,0.0007646277014951554,0.08900000000039654,0.11099999999987631,0.007646278492636063,stable,VERIFIED_FROM_FILE
Synchronised V abd S datasets/Uncategorised IOVNB Dataset/S-Dataset/S-S2.csv,time_since_start_ms,9.999999999997726,exact,0.10000000000002274,0.10000000000000002,0.0005868541640226512,0.08799999999973807,0.11200000000008004,0.00586854164022651,stable,VERIFIED_FROM_FILE
Synchronised V abd S datasets/Uncategorised IOVNB Dataset/S-Dataset/S-S3a.csv,time_since_start_ms,10.000000000000568,exact,0.09999999999999432,0.1,0.0007830453578772541,0.08699999999998909,0.11199999999985266,0.00783045357877254,stable,VERIFIED_FROM_FILE
Synchronised V abd S datasets/Uncategorised IOVNB Dataset/S-Dataset/S-S3b.csv,time_since_start_ms,10.000000000000568,exact,0.09999999999999432,0.09999999999999996,0.0007916017857307495,0.09499999999979991,0.10500000000001819,0.007916017857307498,stable,VERIFIED_FROM_FILE
Synchronised V abd S datasets/Uncategorised IOVNB Dataset/S-Dataset/S-S3c.csv,time_since_start_ms,10.000000000009095,exact,0.09999999999990905,0.099999973105266,0.0008548116913381289,0.08199999999987995,0.12100000000009459,0.008548119212375214,stable,VERIFIED_FROM_FILE
Synchronised V abd S datasets/Uncategorised IOVNB Dataset/S-Dataset/S-S4.csv,time_since_start_ms,10.000000000009095,exact,0.09999999999990905,0.09999998942884024,0.000861198001403049,0.08199999999999363,0.11700000000001864,0.008611980924416751,stable,VERIFIED_FROM_FILE
Synchronised V abd S datasets/Uncategorised IOVNB Dataset/S-Dataset/S-Vfa01.csv,time_since_start_ms,9.999999999997726,exact,0.10000000000002274,0.1,0.0008482613014428688,0.08600000000001273,0.11299999999999955,0.008482613014428687,stable,VERIFIED_FROM_FILE
Synchronised V abd S datasets/Uncategorised IOVNB Dataset/S-Dataset/S-Vfa02.csv,time_since_start_ms,10.000000000009095,exact,0.09999999999990905,0.10000001480998787,0.000859756537429444,0.05899999999996908,0.1410000000000764,0.00859756410099624,stable,VERIFIED_FROM_FILE
Synchronised V abd S datasets/Uncategorised IOVNB Dataset/S-Dataset/S-Vta10.csv,time_since_start_ms,9.999999999997726,exact,0.10000000000002274,0.10000000000000002,0.0006867936684094969,0.0909999999998945,0.10900000000003729,0.006867936684094968,stable,VERIFIED_FROM_FILE
Synchronised V abd S datasets/Uncategorised IOVNB Dataset/S-Dataset/S-Vta11.csv,time_since_start_ms,10.000000000009095,exact,0.09999999999990905,0.10000000000000017,0.0005779171326261398,0.09699999999997999,0.10200000000008913,0.005779171326261388,stable,VERIFIED_FROM_FILE
Synchronised V abd S datasets/Uncategorised IOVNB Dataset/S-Dataset/S-Vta12.csv,time_since_start_ms,10.000000000009095,exact,0.09999999999990905,0.10000000000000014,0.0006225114661160281,0.09699999999997999,0.10299999999983811,0.006225114661160272,stable,VERIFIED_FROM_FILE
Synchronised V abd S datasets/Uncategorised IOVNB Dataset/S-Dataset/S-Vta13.csv,time_since_start_ms,10.000000000009095,exact,0.09999999999990905,0.100002481389578,0.0006437281275863538,0.09600000000000364,0.10399999999981446,0.006437121545800378,stable,VERIFIED_FROM_FILE
Synchronised V abd S datasets/Uncategorised IOVNB Dataset/S-Dataset/S-Vta14.csv,time_since_start_ms,10.000000000009095,exact,0.09999999999990905,0.09999999999999995,0.0006363906545419011,0.09600000000000364,0.10500000000001819,0.006363906545419014,stable,VERIFIED_FROM_FILE
Synchronised V abd S datasets/Uncategorised IOVNB Dataset/S-Dataset/S-Vta15.csv,time_since_start_ms,10.000000000009095,exact,0.09999999999990905,0.10000000000000006,0.0008406728074789336,0.09000000000014552,0.10999999999989996,0.008406728074789331,stable,VERIFIED_FROM_FILE
Synchronised V abd S datasets/Uncategorised IOVNB Dataset/S-Dataset/S-Vta16.csv,time_since_start_ms,10.000000000009095,exact,0.09999999999990905,0.09999999999999999,0.0006473739217187765,0.09000000000014552,0.10999999999989996,0.006473739217187766,stable,VERIFIED_FROM_FILE
Synchronised V abd S datasets/Uncategorised IOVNB Dataset/S-Dataset/S-Vta17.csv,time_since_start_ms,10.000000000009095,exact,0.09999999999990905,0.10026250553342184,0.01762333172974468,0.09300000000030195,1.2840000000001055,0.17577190631716322,mostly_stable,VERIFIED_FROM_FILE
Synchronised V abd S datasets/Uncategorised IOVNB Dataset/S-Dataset/S-Vta19.csv,time_since_start_ms,10.000000000009095,exact,0.09999999999990905,0.10000343642611723,0.0007058824108324434,0.09699999999975262,0.10400000000026921,0.007058581545384702,stable,VERIFIED_FROM_FILE
Synchronised V abd S datasets/Uncategorised IOVNB Dataset/S-Dataset/S-Vta1a.csv,time_since_start_ms,10.000000000000568,exact,0.09999999999999432,0.09999996105160663,0.0007051624896069295,0.08799999999996544,0.11099999999999,0.007051627642564968,stable,VERIFIED_FROM_FILE
Synchronised V abd S datasets/Uncategorised IOVNB Dataset/S-Dataset/S-Vta1b.csv,time_since_start_ms,10.000000000009095,exact,0.09999999999990905,0.10000000000000019,0.0006060208578683719,0.09400000000005093,0.10599999999976717,0.006060208578683708,stable,VERIFIED_FROM_FILE
Synchronised V abd S datasets/Uncategorised IOVNB Dataset/S-Dataset/S-Vta2.csv,time_since_start_ms,10.000000000009095,exact,0.09999999999990905,0.09999981801637853,0.0006983667177389171,0.09000000000014552,0.10799999999971988,0.006983679886542741,stable,VERIFIED_FROM_FILE
Synchronised V abd S datasets/Uncategorised IOVNB Dataset/S-Dataset/S-Vta20.csv,time_since_start_ms,10.000000000000568,exact,0.09999999999999432,0.10000000000000002,0.0006178595840064563,0.09499999999999886,0.10500000000000398,0.006178595840064562,stable,VERIFIED_FROM_FILE
Synchronised V abd S datasets/Uncategorised IOVNB Dataset/S-Dataset/S-Vta21.csv,time_since_start_ms,9.999999999997726,exact,0.10000000000002274,0.1,0.0005762378398905403,0.09600000000000364,0.10400000000004184,0.005762378398905403,stable,VERIFIED_FROM_FILE
Synchronised V abd S datasets/Uncategorised IOVNB Dataset/S-Dataset/S-Vta22.csv,time_since_start_ms,9.999999999997726,exact,0.10000000000002274,0.10000063979526547,0.000590498103608361,0.09600000000000364,0.10400000000004184,0.0059049432565362265,stable,VERIFIED_FROM_FILE
Synchronised V abd S datasets/Uncategorised IOVNB Dataset/S-Dataset/S-Vta23.csv,time_since_start_ms,9.999999999997726,exact,0.10000000000002274,0.09999999999999998,0.0006454390164007024,0.09500000000002728,0.10400000000004184,0.006454390164007026,stable,VERIFIED_FROM_FILE
Synchronised V abd S datasets/Uncategorised IOVNB Dataset/S-Dataset/S-Vta24.csv,time_since_start_ms,9.999999999997726,exact,0.10000000000002274,0.10000085470085468,0.000668586431579755,0.09600000000000364,0.10400000000004184,0.006685807172146507,stable,VERIFIED_FROM_FILE
Synchronised V abd S datasets/Uncategorised IOVNB Dataset/S-Dataset/S-Vta25.csv,time_since_start_ms,9.999999999997726,exact,0.10000000000002274,0.09999689922480627,0.0005623783912630726,0.09699999999997999,0.1029999999999518,0.005623958298934565,stable,VERIFIED_FROM_FILE
Synchronised V abd S datasets/Uncategorised IOVNB Dataset/S-Dataset/S-Vta26.csv,time_since_start_ms,10.000000000009095,exact,0.09999999999990905,0.09999999999999999,0.0005815146218444815,0.09600000000000364,0.10300000000006548,0.005815146218444815,stable,VERIFIED_FROM_FILE
Synchronised V abd S datasets/Uncategorised IOVNB Dataset/S-Dataset/S-Vta27.csv,time_since_start_ms,10.000000000009095,exact,0.09999999999990905,0.10000000000000003,0.0005332578389420388,0.09600000000000364,0.10400000000004184,0.005332578389420386,stable,VERIFIED_FROM_FILE
Synchronised V abd S datasets/Uncategorised IOVNB Dataset/S-Dataset/S-Vta28.csv,time_since_start_ms,10.000000000009095,exact,0.09999999999990905,0.10000000000000002,0.0005820634108166454,0.0929999999998472,0.1069999999999709,0.005820634108166453,stable,VERIFIED_FROM_FILE
Synchronised V abd S datasets/Uncategorised IOVNB Dataset/S-Dataset/S-Vta29.csv,time_since_start_ms,10.000000000000568,exact,0.09999999999999432,0.09999063291139242,0.0011217812934407885,0.0009999999999763531,0.11099999999999,0.01121886381532223,stable,VERIFIED_FROM_FILE
Synchronised V abd S datasets/Uncategorised IOVNB Dataset/S-Dataset/S-Vta3.csv,time_since_start_ms,9.999999999999858,exact,0.10000000000000142,0.1,0.0005897678246195116,0.09600000000000009,0.10400000000000276,0.0058976782461951155,stable,VERIFIED_FROM_FILE
Synchronised V abd S datasets/Uncategorised IOVNB Dataset/S-Dataset/S-Vta30.csv,time_since_start_ms,10.000000000009095,exact,0.09999999999990905,0.1,0.0007316274115907559,0.0660000000002583,0.13400000000001455,0.007316274115907559,stable,VERIFIED_FROM_FILE
Synchronised V abd S datasets/Uncategorised IOVNB Dataset/S-Dataset/S-Vta4.csv,time_since_start_ms,10.000000000000568,exact,0.09999999999999432,0.09999944071588367,0.0005651114205424006,0.09600000000000364,0.10400000000001342,0.00565114581138492,stable,VERIFIED_FROM_FILE
Synchronised V abd S datasets/Uncategorised IOVNB Dataset/S-Dataset/S-Vta5.csv,time_since_start_ms,9.999999999997726,exact,0.10000000000002274,0.10000000000000007,0.0004917622040805475,0.09799999999995634,0.10199999999997544,0.004917622040805471,stable,VERIFIED_FROM_FILE
Synchronised V abd S datasets/Uncategorised IOVNB Dataset/S-Dataset/S-Vta6.csv,time_since_start_ms,9.999999999997726,exact,0.10000000000002274,0.1,0.0005981790549812061,0.09499999999997044,0.10599999999999454,0.005981790549812061,stable,VERIFIED_FROM_FILE
Synchronised V abd S datasets/Uncategorised IOVNB Dataset/S-Dataset/S-Vta7.csv,time_since_start_ms,9.999999999997726,exact,0.10000000000002274,0.09999999999999998,0.0006604798342438896,0.09100000000000819,0.10800000000000409,0.006604798342438898,stable,VERIFIED_FROM_FILE
Synchronised V abd S datasets/Uncategorised IOVNB Dataset/S-Dataset/S-Vta8.csv,time_since_start_ms,9.999999999997726,exact,0.10000000000002274,0.1,0.0006606531503242498,0.09199999999998454,0.10799999999994725,0.006606531503242498,stable,VERIFIED_FROM_FILE
Synchronised V abd S datasets/Uncategorised IOVNB Dataset/S-Dataset/S-Vta9.csv,time_since_start_ms,9.999999999997726,exact,0.10000000000002274,0.09998709677419312,0.0006323238938723379,0.09699999999997999,0.10199999999997544,0.006324054945813188,stable,VERIFIED_FROM_FILE
Synchronised V abd S datasets/Uncategorised IOVNB Dataset/S-Dataset/S-Vtb1.csv,time_since_start_ms,10.000000000009095,exact,0.09999999999990905,0.1202058736389897,4.024250336301483,0.0009999999999763531,661.3760000000001,33.47798418226534,severely_irregular,VERIFIED_FROM_FILE
Synchronised V abd S datasets/Uncategorised IOVNB Dataset/S-Dataset/S-Vtb10.csv,time_since_start_ms,9.99999999996362,exact,0.1000000000003638,0.1,0.000865284894516179,0.09500000000116415,0.10499999999956344,0.00865284894516179,stable,VERIFIED_FROM_FILE
Synchronised V abd S datasets/Uncategorised IOVNB Dataset/S-Dataset/S-Vtb11.csv,time_since_start_ms,9.99999999996362,exact,0.1000000000003638,0.1,0.0008498365856886943,0.09600000000136788,0.10300000000097498,0.008498365856886942,stable,VERIFIED_FROM_FILE
Synchronised V abd S datasets/Uncategorised IOVNB Dataset/S-Dataset/S-Vtb12.csv,time_since_start_ms,9.99999999996362,exact,0.1000000000003638,0.10000224215246356,0.0007071032264872979,0.09699999999975262,0.10300000000097498,0.007070873725103556,stable,VERIFIED_FROM_FILE
Synchronised V abd S datasets/Uncategorised IOVNB Dataset/S-Dataset/S-Vtb2.csv,time_since_start_ms,9.999999999999858,exact,0.10000000000000142,0.1,0.0006498791019387002,0.09399999999993724,0.10700000000008458,0.006498791019387002,stable,VERIFIED_FROM_FILE
Synchronised V abd S datasets/Uncategorised IOVNB Dataset/S-Dataset/S-Vtb3.csv,time_since_start_ms,9.999999999997726,exact,0.10000000000002274,0.09999999999999999,0.0006602842113191995,0.09500000000002728,0.10599999999999454,0.006602842113191995,stable,VERIFIED_FROM_FILE
Synchronised V abd S datasets/Uncategorised IOVNB Dataset/S-Dataset/S-Vtb4.csv,time_since_start_ms,10.000000000009095,exact,0.09999999999990905,0.1,0.0005631315273711161,0.09799999999995634,0.10200000000008913,0.005631315273711161,stable,VERIFIED_FROM_FILE
Synchronised V abd S datasets/Uncategorised IOVNB Dataset/S-Dataset/S-Vtb5.csv,time_since_start_ms,10.000000000009095,exact,0.09999999999990905,0.10000001553108546,0.0008643267564102214,0.07999999999992724,0.11900000000014188,0.00864326622170915,stable,VERIFIED_FROM_FILE
Synchronised V abd S datasets/Uncategorised IOVNB Dataset/S-Dataset/S-Vtb6.csv,time_since_start_ms,9.99999999996362,exact,0.1000000000003638,0.10000000000000146,0.001166259390450778,0.08799999999973807,0.11200000000008004,0.01166259390450761,stable,VERIFIED_FROM_FILE
Synchronised V abd S datasets/Uncategorised IOVNB Dataset/S-Dataset/S-Vtb7.csv,time_since_start_ms,9.99999999996362,exact,0.1000000000003638,0.10000217391304195,0.0007024767149111802,0.09599999999954889,0.10300000000006548,0.007024614440102342,stable,VERIFIED_FROM_FILE
Synchronised V abd S datasets/Uncategorised IOVNB Dataset/S-Dataset/S-Vtb8.csv,time_since_start_ms,9.99999999996362,exact,0.1000000000003638,0.10000000000000109,0.0009276689685508391,0.09399999999914144,0.10500000000047294,0.00927668968550829,stable,VERIFIED_FROM_FILE
Synchronised V abd S datasets/Uncategorised IOVNB Dataset/S-Dataset/S-Vtb9.csv,time_since_start_ms,9.99999999996362,exact,0.1000000000003638,0.09999778270510014,0.0006936483813636518,0.09699999999975262,0.10300000000006548,0.006936637619348673,stable,VERIFIED_FROM_FILE
Synchronised V abd S datasets/Uncategorised IOVNB Dataset/S-Dataset/S-Vw1.csv,time_since_start_ms,9.999999999999858,exact,0.10000000000000142,0.1,0.0007956536388829012,0.08399999999983265,0.1150000000000091,0.007956536388829013,stable,VERIFIED_FROM_FILE
Synchronised V abd S datasets/Uncategorised IOVNB Dataset/S-Dataset/S-Vw10.csv,time_since_start_ms,9.99999999996362,exact,0.1000000000003638,0.10000000000000056,0.000681103288533593,0.09699999999975262,0.10299999999915599,0.006811032885335892,stable,VERIFIED_FROM_FILE
Synchronised V abd S datasets/Uncategorised IOVNB Dataset/S-Dataset/S-Vw11.csv,time_since_start_ms,9.99999999996362,exact,0.1000000000003638,0.10000000000000023,0.0007802576214755139,0.09100000000034925,0.10899999999855936,0.007802576214755121,stable,VERIFIED_FROM_FILE
Synchronised V abd S datasets/Uncategorised IOVNB Dataset/S-Dataset/S-Vw12.csv,time_since_start_ms,9.999999999999858,exact,0.10000000000000142,0.09999999999999999,0.0006554860342617754,0.09699999999999998,0.10399999999999987,0.0065548603426177545,stable,VERIFIED_FROM_FILE
Synchronised V abd S datasets/Uncategorised IOVNB Dataset/S-Dataset/S-Vw13.csv,time_since_start_ms,10.000000000000036,exact,0.09999999999999964,0.1,0.0007280352571744978,0.09799999999999898,0.10200000000000031,0.007280352571744977,stable,VERIFIED_FROM_FILE
Synchronised V abd S datasets/Uncategorised IOVNB Dataset/S-Dataset/S-Vw14a.csv,time_since_start_ms,10.000000000000568,exact,0.09999999999999432,0.10000000000000002,0.0007549644429828971,0.09499999999999886,0.10599999999999454,0.00754964442982897,stable,VERIFIED_FROM_FILE
Synchronised V abd S datasets/Uncategorised IOVNB Dataset/S-Dataset/S-Vw14b.csv,time_since_start_ms,9.999999999997726,exact,0.10000000000002274,0.10000005105427069,0.000755064923163199,0.09100000000000819,0.10900000000003729,0.007550645376705061,stable,VERIFIED_FROM_FILE
Synchronised V abd S datasets/Uncategorised IOVNB Dataset/S-Dataset/S-Vw14c.csv,time_since_start_ms,10.000000000009095,exact,0.09999999999990905,0.1,0.0007551403623403351,0.08800000000019281,0.11200000000008004,0.007551403623403351,stable,VERIFIED_FROM_FILE
Synchronised V abd S datasets/Uncategorised IOVNB Dataset/S-Dataset/S-Vw15.csv,time_since_start_ms,10.000000000000002,exact,0.09999999999999998,0.1,0.0006211173818453857,0.09700000000000131,0.10200000000000387,0.006211173818453857,stable,VERIFIED_FROM_FILE
Synchronised V abd S datasets/Uncategorised IOVNB Dataset/S-Dataset/S-Vw16a.csv,time_since_start_ms,9.999999999999858,exact,0.10000000000000142,0.09999982987410684,0.0007164284965886288,0.09499999999997044,0.10500000000001819,0.00716429715421081,stable,VERIFIED_FROM_FILE
Synchronised V abd S datasets/Uncategorised IOVNB Dataset/S-Dataset/S-Vw16b.csv,time_since_start_ms,9.999999999997726,exact,0.10000000000002274,0.10000088888888886,0.0007099290174918904,0.09799999999995634,0.1029999999999518,0.007099227070678278,stable,VERIFIED_FROM_FILE
Synchronised V abd S datasets/Uncategorised IOVNB Dataset/S-Dataset/S-Vw17.csv,time_since_start_ms,9.999999999997726,exact,0.10000000000002274,0.10000304878048759,0.0007428458610164141,0.09699999999997999,0.1029999999999518,0.007428232139672094,stable,VERIFIED_FROM_FILE
Synchronised V abd S datasets/Uncategorised IOVNB Dataset/S-Dataset/S-Vw2.csv,time_since_start_ms,10.000000000009095,exact,0.09999999999990905,0.09999998102898772,0.0007989953281039536,0.07699999999931606,0.12300000000050204,0.007989954796814842,stable,VERIFIED_FROM_FILE
Synchronised V abd S datasets/Uncategorised IOVNB Dataset/S-Dataset/S-Vw3.csv,time_since_start_ms,9.99999999996362,exact,0.1000000000003638,0.10000025906735734,0.0007423181274538567,0.09499999999934516,0.10500000000047294,0.00742316204354883,stable,VERIFIED_FROM_FILE
Synchronised V abd S datasets/Uncategorised IOVNB Dataset/S-Dataset/S-Vw4.csv,time_since_start_ms,9.99999999996362,exact,0.1000000000003638,0.1,0.0007813171132794281,0.07599999999911233,0.12399999999979627,0.00781317113279428,stable,VERIFIED_FROM_FILE
Synchronised V abd S datasets/Uncategorised IOVNB Dataset/S-Dataset/S-Vw5.csv,time_since_start_ms,9.99999999996362,exact,0.1000000000003638,0.10000098911968225,0.000702545189743386,0.09799999999995634,0.10299999999915599,0.007025382407993709,stable,VERIFIED_FROM_FILE
Synchronised V abd S datasets/Uncategorised IOVNB Dataset/S-Dataset/S-Vw6.csv,time_since_start_ms,9.99999999996362,exact,0.1000000000003638,0.1,0.0006696547617443798,0.09699999999975262,0.10300000000097498,0.006696547617443798,stable,VERIFIED_FROM_FILE
Synchronised V abd S datasets/Uncategorised IOVNB Dataset/S-Dataset/S-Vw7.csv,time_since_start_ms,9.99999999996362,exact,0.1000000000003638,0.09999937539038112,0.0007126059430245801,0.09399999999914144,0.10599999999976717,0.007126103940576466,stable,VERIFIED_FROM_FILE
Synchronised V abd S datasets/Uncategorised IOVNB Dataset/S-Dataset/S-Vw8.csv,time_since_start_ms,9.99999999996362,exact,0.1000000000003638,0.10000000000000071,0.0007423254814019402,0.09499999999934516,0.10499999999956344,0.007423254814019349,stable,VERIFIED_FROM_FILE
Synchronised V abd S datasets/Uncategorised IOVNB Dataset/S-Dataset/S-Vw9.csv,time_since_start_ms,9.99999999996362,exact,0.1000000000003638,0.1000018148820304,0.0006934986984466288,0.09699999999975262,0.10299999999915599,0.006934861124917899,stable,VERIFIED_FROM_FILE
Synchronised V abd S datasets/Uncategorised IOVNB Dataset/S-Dataset/S-Y1.csv,time_since_start_ms,10.000000000000568,exact,0.09999999999999432,0.09999850599735348,0.0008752597553369889,0.0010000000002037268,0.11200000000008004,0.008752728319362623,stable,VERIFIED_FROM_FILE
Synchronised V abd S datasets/Uncategorised IOVNB Dataset/V-Dataset/V-M.csv,time_of_day_s,10.00000000014552,exact,0.09999999999854481,0.10000094364549122,0.0003072174011410303,0.0989999999947031,0.19999999999708962,0.0030721450212523264,stable,VERIFIED_FROM_FILE
Synchronised V abd S datasets/Uncategorised IOVNB Dataset/V-Dataset/V-S1.csv,time_of_day_s,10.00000000014552,exact,0.09999999999854481,0.1,6.216999090860725e-06,0.0989999999947031,0.10100000000238651,6.216999090860725e-05,stable,VERIFIED_FROM_FILE
Synchronised V abd S datasets/Uncategorised IOVNB Dataset/V-Dataset/V-S2.csv,time_of_day_s,10.00000000014552,exact,0.09999999999854481,0.1,6.52762233826259e-06,0.09900000000197906,0.10100000000238651,6.527622338262589e-05,stable,VERIFIED_FROM_FILE
Synchronised V abd S datasets/Uncategorised IOVNB Dataset/V-Dataset/V-S3a.csv,time_of_day_s,9.999999999417923,exact,0.10000000000582077,0.1,7.128953417949148e-12,0.09999999999126885,0.10000000000582077,7.128953417949147e-11,stable,VERIFIED_FROM_FILE
Synchronised V abd S datasets/Uncategorised IOVNB Dataset/V-Dataset/V-S3b.csv,time_of_day_s,9.999999999417923,exact,0.10000000000582077,0.09999999999999958,7.129040615335608e-12,0.09999999999126885,0.10000000000582077,7.129040615335639e-11,stable,VERIFIED_FROM_FILE
Synchronised V abd S datasets/Uncategorised IOVNB Dataset/V-Dataset/V-S3c.csv,time_of_day_s,9.999999999417923,exact,0.10000000000582077,0.09999999999999992,7.334130326954851e-06,0.09900000000197906,0.10099999999511056,7.334130326954857e-05,stable,VERIFIED_FROM_FILE
Synchronised V abd S datasets/Uncategorised IOVNB Dataset/V-Dataset/V-S4.csv,time_of_day_s,10.00000000014552,exact,0.09999999999854481,0.10000000000000002,4.598029185474273e-06,0.09900000000197906,0.10099999999511056,4.598029185474272e-05,stable,VERIFIED_FROM_FILE
Synchronised V abd S datasets/Uncategorised IOVNB Dataset/V-Dataset/V-Vfa01.csv,time_of_day_s,10.00000000014552,exact,0.09999999999854481,0.10000000000000013,2.9104776654407343e-12,0.09999999999854481,0.10000000000582077,2.9104776654407307e-11,stable,VERIFIED_FROM_FILE
Synchronised V abd S datasets/Uncategorised IOVNB Dataset/V-Dataset/V-Vfa02.csv,time_of_day_s,10.00000000014552,exact,0.09999999999854481,0.10000000000000002,5.43309786606368e-06,0.09900000000197906,0.10100000000238651,5.433097866063679e-05,stable,VERIFIED_FROM_FILE
Synchronised V abd S datasets/Uncategorised IOVNB Dataset/V-Dataset/V-vta10.csv,time_of_day_s,10.00000000014552,exact,0.09999999999854481,0.09999999999999903,2.90965568229088e-12,0.09999999999854481,0.10000000000582077,2.9096556822909082e-11,stable,VERIFIED_FROM_FILE
Synchronised V abd S datasets/Uncategorised IOVNB Dataset/V-Dataset/V-vta11.csv,time_of_day_s,10.00000000014552,exact,0.09999999999854481,0.10000000000000286,2.912525045083756e-12,0.09999999999854481,0.10000000000582077,2.912525045083673e-11,stable,VERIFIED_FROM_FILE
Synchronised V abd S datasets/Uncategorised IOVNB Dataset/V-Dataset/V-vta12.csv,time_of_day_s,10.00000000014552,exact,0.09999999999854481,0.10000000000000239,2.912173621745256e-12,0.09999999999854481,0.10000000000582077,2.912173621745186e-11,stable,VERIFIED_FROM_FILE
Synchronised V abd S datasets/Uncategorised IOVNB Dataset/V-Dataset/V-vta13.csv,time_of_day_s,10.00000000014552,exact,0.09999999999854481,0.09999999999998917,2.9022269387439198e-12,0.09999999999854481,0.10000000000582077,2.9022269387442343e-11,stable,VERIFIED_FROM_FILE
Synchronised V abd S datasets/Uncategorised IOVNB Dataset/V-Dataset/V-vta14.csv,time_of_day_s,10.00000000014552,exact,0.09999999999854481,0.09999999999999798,2.9088682295169006e-12,0.09999999999854481,0.10000000000582077,2.9088682295169593e-11,stable,VERIFIED_FROM_FILE
Synchronised V abd S datasets/Uncategorised IOVNB Dataset/V-Dataset/V-vta15.csv,time_of_day_s,10.00000000014552,exact,0.09999999999854481,0.09999999999999651,2.907756215622477e-12,0.09999999999854481,0.10000000000582077,2.9077562156225786e-11,stable,VERIFIED_FROM_FILE
Synchronised V abd S datasets/Uncategorised IOVNB Dataset/V-Dataset/V-vta16.csv,time_of_day_s,10.00000000014552,exact,0.09999999999854481,0.10000000000000013,1.3283832590594987e-05,0.09900000000197906,0.10100000000238651,0.0001328383259059497,stable,VERIFIED_FROM_FILE
Synchronised V abd S datasets/Uncategorised IOVNB Dataset/V-Dataset/V-vta17.csv,time_of_day_s,10.00000000014552,exact,0.09999999999854481,0.09999999999999903,2.9096580980090555e-12,0.09999999999854481,0.10000000000582077,2.9096580980090834e-11,stable,VERIFIED_FROM_FILE
Synchronised V abd S datasets/Uncategorised IOVNB Dataset/V-Dataset/V-vta19.csv,time_of_day_s,10.00000000014552,exact,0.09999999999854481,0.099999999999995,2.906625830737637e-12,0.09999999999854481,0.10000000000582077,2.9066258307377825e-11,stable,VERIFIED_FROM_FILE
Synchronised V abd S datasets/Uncategorised IOVNB Dataset/V-Dataset/V-Vta1a.csv,time_of_day_s,10.00000000014552,exact,0.09999999999854481,0.1,2.9103830456786644e-12,0.09999999999854481,0.10000000000582077,2.910383045678664e-11,stable,VERIFIED_FROM_FILE
Synchronised V abd S datasets/Uncategorised IOVNB Dataset/V-Dataset/V-Vta1b.csv,time_of_day_s,10.00000000014552,exact,0.09999999999854481,0.09999999999999694,2.908087691110064e-12,0.09999999999854481,0.10000000000582077,2.908087691110153e-11,stable,VERIFIED_FROM_FILE
Synchronised V abd S datasets/Uncategorised IOVNB Dataset/V-Dataset/V-vta2.csv,time_of_day_s,10.00000000014552,exact,0.09999999999854481,0.1,2.9103830456786644e-12,0.09999999999854481,0.10000000000582077,2.910383045678664e-11,stable,VERIFIED_FROM_FILE
Synchronised V abd S datasets/Uncategorised IOVNB Dataset/V-Dataset/V-vta20.csv,time_of_day_s,10.00000000014552,exact,0.09999999999854481,0.0999999999999991,2.909705363142567e-12,0.09999999999854481,0.10000000000582077,2.909705363142593e-11,stable,VERIFIED_FROM_FILE
Synchronised V abd S datasets/Uncategorised IOVNB Dataset/V-Dataset/V-vta21.csv,time_of_day_s,10.00000000014552,exact,0.09999999999854481,0.10000000000000141,2.9114329462989144e-12,0.09999999999854481,0.10000000000582077,2.911432946298873e-11,stable,VERIFIED_FROM_FILE
Synchronised V abd S datasets/Uncategorised IOVNB Dataset/V-Dataset/V-vta22.csv,time_of_day_s,10.00000000014552,exact,0.09999999999854481,0.10000000000000187,2.9117786523645697e-12,0.09999999999854481,0.10000000000582077,2.9117786523645155e-11,stable,VERIFIED_FROM_FILE
Synchronised V abd S datasets/Uncategorised IOVNB Dataset/V-Dataset/V-vta23.csv,time_of_day_s,10.00000000014552,exact,0.09999999999854481,0.10000000000000131,2.911366707757723e-12,0.09999999999854481,0.10000000000582077,2.911366707757685e-11,stable,VERIFIED_FROM_FILE
Synchronised V abd S datasets/Uncategorised IOVNB Dataset/V-Dataset/V-vta24.csv,time_of_day_s,10.00000000014552,exact,0.09999999999854481,0.1,2.9103830456786644e-12,0.09999999999854481,0.10000000000582077,2.910383045678664e-11,stable,VERIFIED_FROM_FILE
Synchronised V abd S datasets/Uncategorised IOVNB Dataset/V-Dataset/V-vta25.csv,time_of_day_s,10.00000000014552,exact,0.09999999999854481,0.1,2.9103830456786644e-12,0.09999999999854481,0.10000000000582077,2.910383045678664e-11,stable,VERIFIED_FROM_FILE
Synchronised V abd S datasets/Uncategorised IOVNB Dataset/V-Dataset/V-vta26.csv,time_of_day_s,10.00000000014552,exact,0.09999999999854481,0.10000000000000075,2.910947213090581e-12,0.09999999999854481,0.10000000000582077,2.9109472130905586e-11,stable,VERIFIED_FROM_FILE
Synchronised V abd S datasets/Uncategorised IOVNB Dataset/V-Dataset/V-vta27.csv,time_of_day_s,10.00000000014552,exact,0.09999999999854481,0.0999999999999977,2.9086622269371854e-12,0.09999999999854481,0.10000000000582077,2.908662226937252e-11,stable,VERIFIED_FROM_FILE
Synchronised V abd S datasets/Uncategorised IOVNB Dataset/V-Dataset/V-vta28.csv,time_of_day_s,10.00000000014552,exact,0.09999999999854481,0.09999999999999862,2.9093453321613937e-12,0.09999999999854481,0.10000000000582077,2.909345332161434e-11,stable,VERIFIED_FROM_FILE
Synchronised V abd S datasets/Uncategorised IOVNB Dataset/V-Dataset/V-vta29.csv,time_of_day_s,10.00000000014552,exact,0.09999999999854481,0.10000000000000006,9.185529127931082e-06,0.09900000000197906,0.10100000000238651,9.185529127931076e-05,stable,VERIFIED_FROM_FILE
Synchronised V abd S datasets/Uncategorised IOVNB Dataset/V-Dataset/V-vta3.csv,time_of_day_s,10.00000000014552,exact,0.09999999999854481,0.10000000000000225,2.9120763865081666e-12,0.09999999999854481,0.10000000000582077,2.912076386508101e-11,stable,VERIFIED_FROM_FILE
Synchronised V abd S datasets/Uncategorised IOVNB Dataset/V-Dataset/V-vta30.csv,time_of_day_s,10.00000000014552,exact,0.09999999999854481,0.1,2.9103830456786644e-12,0.09999999999854481,0.10000000000582077,2.910383045678664e-11,stable,VERIFIED_FROM_FILE
Synchronised V abd S datasets/Uncategorised IOVNB Dataset/V-Dataset/V-vta4.csv,time_of_day_s,10.00000000014552,exact,0.09999999999854481,0.10000000000000163,2.911603133007348e-12,0.09999999999854481,0.10000000000582077,2.9116031330073e-11,stable,VERIFIED_FROM_FILE
Synchronised V abd S datasets/Uncategorised IOVNB Dataset/V-Dataset/V-vta5.csv,time_of_day_s,10.00000000014552,exact,0.09999999999854481,0.09999999999999525,2.9068103216492355e-12,0.09999999999854481,0.10000000000582077,2.9068103216493736e-11,stable,VERIFIED_FROM_FILE
Synchronised V abd S datasets/Uncategorised IOVNB Dataset/V-Dataset/V-vta6.csv,time_of_day_s,10.00000000014552,exact,0.09999999999854481,0.1,2.9103830456786644e-12,0.09999999999854481,0.10000000000582077,2.910383045678664e-11,stable,VERIFIED_FROM_FILE
Synchronised V abd S datasets/Uncategorised IOVNB Dataset/V-Dataset/V-vta7.csv,time_of_day_s,10.00000000014552,exact,0.09999999999854481,0.10000000000000174,2.911683065263002e-12,0.09999999999854481,0.10000000000582077,2.911683065262951e-11,stable,VERIFIED_FROM_FILE
Synchronised V abd S datasets/Uncategorised IOVNB Dataset/V-Dataset/V-vta8.csv,time_of_day_s,10.00000000014552,exact,0.09999999999854481,0.1,2.9103830456786644e-12,0.09999999999854481,0.10000000000582077,2.910383045678664e-11,stable,VERIFIED_FROM_FILE
Synchronised V abd S datasets/Uncategorised IOVNB Dataset/V-Dataset/V-vta9.csv,time_of_day_s,10.00000000014552,exact,0.09999999999854481,0.1,2.9103830456786644e-12,0.09999999999854481,0.10000000000582077,2.910383045678664e-11,stable,VERIFIED_FROM_FILE
Synchronised V abd S datasets/Uncategorised IOVNB Dataset/V-Dataset/V-vtb1.csv,time_of_day_s,10.00000000014552,exact,0.09999999999854481,0.09999999999999987,7.849719173107635e-06,0.09900000000197906,0.10100000000238651,7.849719173107645e-05,stable,VERIFIED_FROM_FILE
Synchronised V abd S datasets/Uncategorised IOVNB Dataset/V-Dataset/V-vtb10.csv,time_of_day_s,9.999999999417923,exact,0.10000000000582077,0.10000000000004501,7.119618446642111e-12,0.09999999999126885,0.10000000000582077,7.119618446638907e-11,stable,VERIFIED_FROM_FILE
Synchronised V abd S datasets/Uncategorised IOVNB Dataset/V-Dataset/V-vtb11.csv,time_of_day_s,9.999999999417923,exact,0.10000000000582077,0.1,7.128953417949148e-12,0.09999999999126885,0.10000000000582077,7.128953417949147e-11,stable,VERIFIED_FROM_FILE
Synchronised V abd S datasets/Uncategorised IOVNB Dataset/V-Dataset/V-vtb12.csv,time_of_day_s,9.999999999417923,exact,0.10000000000582077,0.09999999999998042,7.1329214844700115e-12,0.09999999999126885,0.10000000000582077,7.132921484471408e-11,stable,VERIFIED_FROM_FILE
Synchronised V abd S datasets/Uncategorised IOVNB Dataset/V-Dataset/V-vtb2.csv,time_of_day_s,10.00000000014552,exact,0.09999999999854481,0.10001751313485088,0.0013232561260465,0.09999999999854481,0.19999999999708962,0.013230244229951907,stable,VERIFIED_FROM_FILE
Synchronised V abd S datasets/Uncategorised IOVNB Dataset/V-Dataset/V-vtb3.csv,time_of_day_s,10.00000000014552,exact,0.09999999999854481,0.10000000000000017,2.9105155040641102e-12,0.09999999999854481,0.10000000000582077,2.910515504064105e-11,stable,VERIFIED_FROM_FILE
Synchronised V abd S datasets/Uncategorised IOVNB Dataset/V-Dataset/V-vtb4.csv,time_of_day_s,10.00000000014552,exact,0.09999999999854481,0.1,2.9103830456786644e-12,0.09999999999854481,0.10000000000582077,2.910383045678664e-11,stable,VERIFIED_FROM_FILE
Synchronised V abd S datasets/Uncategorised IOVNB Dataset/V-Dataset/V-vtb5.csv,time_of_day_s,10.00000000014552,exact,0.09999999999854481,0.10000000000000006,5.573344682306492e-06,0.09900000000197906,0.10100000000238651,5.5733446823064886e-05,stable,VERIFIED_FROM_FILE
Synchronised V abd S datasets/Uncategorised IOVNB Dataset/V-Dataset/V-vtb6.csv,time_of_day_s,9.999999999417923,exact,0.10000000000582077,0.10000000000002342,7.124131982508725e-12,0.09999999999126885,0.10000000000582077,7.124131982507056e-11,stable,VERIFIED_FROM_FILE
Synchronised V abd S datasets/Uncategorised IOVNB Dataset/V-Dataset/V-vtb7.csv,time_of_day_s,9.999999999417923,exact,0.10000000000582077,0.1,7.128953417949148e-12,0.09999999999126885,0.10000000000582077,7.128953417949147e-11,stable,VERIFIED_FROM_FILE
Synchronised V abd S datasets/Uncategorised IOVNB Dataset/V-Dataset/V-vtb8.csv,time_of_day_s,9.999999999417923,exact,0.10000000000582077,0.09999999999999563,7.129842700979013e-12,0.09999999999126885,0.10000000000582077,7.129842700979324e-11,stable,VERIFIED_FROM_FILE
Synchronised V abd S datasets/Uncategorised IOVNB Dataset/V-Dataset/V-vtb9.csv,time_of_day_s,9.999999999417923,exact,0.10000000000582077,0.10000000000001291,7.126306745054184e-12,0.09999999999126885,0.10000000000582077,7.126306745053263e-11,stable,VERIFIED_FROM_FILE
Synchronised V abd S datasets/Uncategorised IOVNB Dataset/V-Dataset/V-Vw1.csv,time_of_day_s,10.00000000014552,exact,0.09999999999854481,0.10000000000000007,2.910436350642183e-12,0.09999999999854481,0.10000000000582077,2.910436350642181e-11,stable,VERIFIED_FROM_FILE
Synchronised V abd S datasets/Uncategorised IOVNB Dataset/V-Dataset/V-Vw10.csv,time_of_day_s,10.00000000014552,exact,0.09999999999854481,0.09999999999999777,2.908705215701633e-12,0.09999999999854481,0.10000000000582077,2.908705215701698e-11,stable,VERIFIED_FROM_FILE
Synchronised V abd S datasets/Uncategorised IOVNB Dataset/V-Dataset/V-Vw11.csv,time_of_day_s,10.00000000014552,exact,0.09999999999854481,0.10000000000000059,2.910827691985735e-12,0.09999999999854481,0.10000000000582077,2.9108276919857176e-11,stable,VERIFIED_FROM_FILE
Synchronised V abd S datasets/Uncategorised IOVNB Dataset/V-Dataset/V-Vw12.csv,time_of_day_s,10.00000000014552,exact,0.09999999999854481,0.10000000000000477,2.9139475045598577e-12,0.09999999999854481,0.10000000000582077,2.913947504559719e-11,stable,VERIFIED_FROM_FILE
Synchronised V abd S datasets/Uncategorised IOVNB Dataset/V-Dataset/V-Vw13.csv,time_of_day_s,10.00000000014552,exact,0.09999999999854481,0.10000000000001029,2.918067759727747e-12,0.09999999999854481,0.10000000000582077,2.9180677597274466e-11,stable,VERIFIED_FROM_FILE
Synchronised V abd S datasets/Uncategorised IOVNB Dataset/V-Dataset/V-Vw14a.csv,time_of_day_s,10.00000000014552,exact,0.09999999999854481,0.1000000000000014,2.9114262559648383e-12,0.09999999999854481,0.10000000000582077,2.911426255964798e-11,stable,VERIFIED_FROM_FILE
Synchronised V abd S datasets/Uncategorised IOVNB Dataset/V-Dataset/V-Vw14b.csv,time_of_day_s,10.00000000014552,exact,0.09999999999854481,0.10000000000000023,1.0104877073876847e-05,0.09900000000197906,0.10099999999511056,0.00010104877073876824,stable,VERIFIED_FROM_FILE
Synchronised V abd S datasets/Uncategorised IOVNB Dataset/V-Dataset/V-Vw14c.csv,time_of_day_s,10.00000000014552,exact,0.09999999999854481,0.1,2.9103830456786644e-12,0.09999999999854481,0.10000000000582077,2.910383045678664e-11,stable,VERIFIED_FROM_FILE
Synchronised V abd S datasets/Uncategorised IOVNB Dataset/V-Dataset/V-Vw15.csv,time_of_day_s,10.00000000014552,exact,0.09999999999854481,0.1,2.9103830456786644e-12,0.09999999999854481,0.10000000000582077,2.910383045678664e-11,stable,VERIFIED_FROM_FILE
Synchronised V abd S datasets/Uncategorised IOVNB Dataset/V-Dataset/V-Vw16a.csv,time_of_day_s,10.00000000014552,exact,0.09999999999854481,0.09999999999999926,2.9098258746219857e-12,0.09999999999854481,0.10000000000582077,2.9098258746220072e-11,stable,VERIFIED_FROM_FILE
Synchronised V abd S datasets/Uncategorised IOVNB Dataset/V-Dataset/V-Vw16b.csv,time_of_day_s,10.00000000014552,exact,0.09999999999854481,0.1,2.9103830456786644e-12,0.09999999999854481,0.10000000000582077,2.910383045678664e-11,stable,VERIFIED_FROM_FILE
Synchronised V abd S datasets/Uncategorised IOVNB Dataset/V-Dataset/V-Vw17.csv,time_of_day_s,10.00000000014552,exact,0.09999999999854481,0.10000000000000887,2.917016798568932e-12,0.09999999999854481,0.10000000000582077,2.917016798568673e-11,stable,VERIFIED_FROM_FILE
Synchronised V abd S datasets/Uncategorised IOVNB Dataset/V-Dataset/V-Vw2.csv,time_of_day_s,10.00000000014552,exact,0.09999999999854481,0.09999999999999998,6.159768233484157e-06,0.0989999999947031,0.10100000000238651,6.159768233484158e-05,stable,VERIFIED_FROM_FILE
Synchronised V abd S datasets/Uncategorised IOVNB Dataset/V-Dataset/V-Vw3.csv,time_of_day_s,10.00000000014552,exact,0.09999999999854481,0.1,2.9103830456786644e-12,0.09999999999854481,0.10000000000582077,2.910383045678664e-11,stable,VERIFIED_FROM_FILE
Synchronised V abd S datasets/Uncategorised IOVNB Dataset/V-Dataset/V-Vw4.csv,time_of_day_s,10.00000000014552,exact,0.09999999999854481,0.10000000000000005,5.622637761050504e-06,0.09900000000197906,0.10099999999511056,5.622637761050501e-05,stable,VERIFIED_FROM_FILE
Synchronised V abd S datasets/Uncategorised IOVNB Dataset/V-Dataset/V-Vw5.csv,time_of_day_s,10.00000000014552,exact,0.09999999999854481,0.09999999999999856,2.9093029704015635e-12,0.09999999999854481,0.10000000000582077,2.9093029704016053e-11,stable,VERIFIED_FROM_FILE
Synchronised V abd S datasets/Uncategorised IOVNB Dataset/V-Dataset/V-Vw6.csv,time_of_day_s,10.00000000014552,exact,0.09999999999854481,0.1,2.9103830456786644e-12,0.09999999999854481,0.10000000000582077,2.910383045678664e-11,stable,VERIFIED_FROM_FILE
Synchronised V abd S datasets/Uncategorised IOVNB Dataset/V-Dataset/V-Vw7.csv,time_of_day_s,10.00000000014552,exact,0.09999999999854481,0.09999999999999909,2.9097011288874854e-12,0.09999999999854481,0.10000000000582077,2.9097011288875117e-11,stable,VERIFIED_FROM_FILE
Synchronised V abd S datasets/Uncategorised IOVNB Dataset/V-Dataset/V-Vw8.csv,time_of_day_s,10.00000000014552,exact,0.09999999999854481,0.1000000000000019,2.91181059800818e-12,0.09999999999854481,0.10000000000582077,2.911810598008124e-11,stable,VERIFIED_FROM_FILE
Synchronised V abd S datasets/Uncategorised IOVNB Dataset/V-Dataset/V-Vw9.csv,time_of_day_s,10.00000000014552,exact,0.09999999999854481,0.09999999999999473,2.906421248607749e-12,0.09999999999854481,0.10000000000582077,2.9064212486079022e-11,stable,VERIFIED_FROM_FILE
Synchronised V abd S datasets/Uncategorised IOVNB Dataset/V-Dataset/V-Y1.csv,time_of_day_s,10.00000000014552,exact,0.09999999999854481,0.10908314836947236,1.7379865677769202,0.09900000001653098,384.6000000000058,15.932676987743665,severely_irregular,VERIFIED_FROM_FILE
Unsynchronised V and S Dataset/Categorised IOVNB (V) Dataset/V Dataset/M (Driver B)/V-M.csv,time_of_day_s,10.00000000014552,exact,0.09999999999854481,0.10000094345853029,0.00030718696599838126,0.0989999999947031,0.19999999999708962,0.0030718406784408948,stable,VERIFIED_FROM_FILE
Unsynchronised V and S Dataset/Categorised IOVNB (V) Dataset/V Dataset/S (Driver A)/S1/V-S1.csv,time_of_day_s,10.00000000014552,exact,0.09999999999854481,0.10000000000000003,6.214357544524959e-06,0.0989999999947031,0.10100000000238651,6.214357544524957e-05,stable,VERIFIED_FROM_FILE
Unsynchronised V and S Dataset/Categorised IOVNB (V) Dataset/V Dataset/S (Driver A)/S2/V-S2.csv,time_of_day_s,10.00000000014552,exact,0.09999999999854481,0.10000000000000002,6.526788075129246e-06,0.09900000000197906,0.10100000000238651,6.526788075129245e-05,stable,VERIFIED_FROM_FILE
Unsynchronised V and S Dataset/Categorised IOVNB (V) Dataset/V Dataset/S (Driver A)/S3a/V-S3a.csv,time_of_day_s,9.999999999417923,exact,0.10000000000582077,0.10000000000000035,7.1288811334174845e-12,0.09999999999126885,0.10000000000582077,7.12888113341746e-11,stable,VERIFIED_FROM_FILE
Unsynchronised V and S Dataset/Categorised IOVNB (V) Dataset/V Dataset/S (Driver A)/S3b/V-S3b.csv,time_of_day_s,9.999999999417923,exact,0.10000000000582077,0.10000000000000128,7.128692699604873e-12,0.09999999999126885,0.10000000000582077,7.128692699604782e-11,stable,VERIFIED_FROM_FILE
Unsynchronised V and S Dataset/Categorised IOVNB (V) Dataset/V Dataset/S (Driver A)/S3c/V-S3c.csv,time_of_day_s,9.999999999417923,exact,0.10000000000582077,0.10000000000000024,7.3304839326782075e-06,0.09900000000197906,0.10099999999511056,7.330483932678189e-05,stable,VERIFIED_FROM_FILE
Unsynchronised V and S Dataset/Categorised IOVNB (V) Dataset/V Dataset/S (Driver A)/S4/V-S4.csv,time_of_day_s,10.00000000014552,exact,0.09999999999854481,0.10000000000000003,4.521624648311075e-06,0.09900000000197906,0.10099999999511056,4.521624648311074e-05,stable,VERIFIED_FROM_FILE
Unsynchronised V and S Dataset/Categorised IOVNB (V) Dataset/V Dataset/St (Driver C)/St1/V-St1.csv,time_of_day_s,10.00000000014552,exact,0.09999999999854481,0.09999999999999995,2.910344892366041e-12,0.09999999999854481,0.10000000000582077,2.9103448923660424e-11,stable,VERIFIED_FROM_FILE
Unsynchronised V and S Dataset/Categorised IOVNB (V) Dataset/V Dataset/St (Driver C)/St4/V-St4.csv,time_of_day_s,10.00000000014552,exact,0.09999999999854481,0.10000735889322246,0.0008578083521397576,0.09999999999854481,0.20000000000436557,0.008577452315840447,stable,VERIFIED_FROM_FILE
Unsynchronised V and S Dataset/Categorised IOVNB (V) Dataset/V Dataset/St (Driver C)/St6/V-St6.csv,time_of_day_s,10.00000000014552,exact,0.09999999999854481,0.10000000000000003,2.910404295752082e-12,0.09999999999854481,0.10000000000582077,2.910404295752081e-11,stable,VERIFIED_FROM_FILE
Unsynchronised V and S Dataset/Categorised IOVNB (V) Dataset/V Dataset/St (Driver C)/St7/V-St7.csv,time_of_day_s,10.00000000014552,exact,0.09999999999854481,0.10254911770056405,0.056625002365497584,0.09900000000197906,5.100000000005821,0.5521744470863071,irregular,VERIFIED_FROM_FILE
Unsynchronised V and S Dataset/Categorised IOVNB (V) Dataset/V Dataset/Vf (Driver E)/V-Vfa01/V-Vfa01.csv,time_of_day_s,10.00000000014552,exact,0.09999999999854481,0.10000000000000013,2.9104776654407343e-12,0.09999999999854481,0.10000000000582077,2.9104776654407307e-11,stable,VERIFIED_FROM_FILE
Unsynchronised V and S Dataset/Categorised IOVNB (V) Dataset/V Dataset/Vf (Driver E)/V-Vfa02/V-Vfa02.csv,time_of_day_s,10.00000000014552,exact,0.09999999999854481,0.10000000000000002,5.43309786606368e-06,0.09900000000197906,0.10100000000238651,5.433097866063679e-05,stable,VERIFIED_FROM_FILE
Unsynchronised V and S Dataset/Categorised IOVNB (V) Dataset/V Dataset/Vf (Driver E)/V-Vfb01a/V-Vfb01a.csv,time_of_day_s,10.00000000014552,exact,0.09999999999854481,0.10000000000000009,1.0846841883136452e-05,0.09900000000197906,0.10099999999511056,0.00010846841883136443,stable,VERIFIED_FROM_FILE
Unsynchronised V and S Dataset/Categorised IOVNB (V) Dataset/V Dataset/Vf (Driver E)/V-Vfb01b/V-Vfb01b.csv,time_of_day_s,10.00000000014552,exact,0.09999999999854481,0.10000000000000038,2.9106643674398654e-12,0.09999999999854481,0.10000000000582077,2.910664367439854e-11,stable,VERIFIED_FROM_FILE
Unsynchronised V and S Dataset/Categorised IOVNB (V) Dataset/V Dataset/Vf (Driver E)/V-Vfb01c/V-Vfb01c.csv,time_of_day_s,10.00000000014552,exact,0.09999999999854481,0.10000000000000023,2.9105557476355455e-12,0.09999999999854481,0.10000000000582077,2.9105557476355386e-11,stable,VERIFIED_FROM_FILE
Unsynchronised V and S Dataset/Categorised IOVNB (V) Dataset/V Dataset/Vf (Driver E)/V-Vfb01d/V-Vfb01d.csv,time_of_day_s,10.00000000014552,exact,0.09999999999854481,0.10000000000000041,2.910688656520115e-12,0.09999999999854481,0.10000000000582077,2.910688656520103e-11,stable,VERIFIED_FROM_FILE
Unsynchronised V and S Dataset/Categorised IOVNB (V) Dataset/V Dataset/Vf (Driver E)/V-Vfb02a/V-Vfb02a.csv,time_of_day_s,9.999999999417923,exact,0.10000000000582077,0.10000000000000005,7.457807862277386e-06,0.09900000001653098,0.10099999999511056,7.457807862277382e-05,stable,VERIFIED_FROM_FILE
Unsynchronised V and S Dataset/Categorised IOVNB (V) Dataset/V Dataset/Vf (Driver E)/V-Vfb02b/V-Vfb02b.csv,time_of_day_s,9.999999999417923,exact,0.10000000000582077,0.1000000000000008,7.128791335510054e-12,0.09999999999126885,0.10000000000582077,7.128791335509997e-11,stable,VERIFIED_FROM_FILE
Unsynchronised V and S Dataset/Categorised IOVNB (V) Dataset/V Dataset/Vf (Driver E)/V-Vfb02c/V-Vfb02c.csv,time_of_day_s,9.999999999417923,exact,0.10000000000582077,0.10000000000001366,7.126150667198494e-12,0.09999999999126885,0.10000000000582077,7.126150667197521e-11,stable,VERIFIED_FROM_FILE
Unsynchronised V and S Dataset/Categorised IOVNB (V) Dataset/V Dataset/Vf (Driver E)/V-Vfb02d/V-Vfb02d.csv,time_of_day_s,9.999999999417923,exact,0.10000000000582077,0.10000000000000993,7.126918632588103e-12,0.09999999999126885,0.10000000000582077,7.126918632587395e-11,stable,VERIFIED_FROM_FILE
Unsynchronised V and S Dataset/Categorised IOVNB (V) Dataset/V Dataset/Vf (Driver E)/V-Vfb02e/V-Vfb02e.csv,time_of_day_s,9.999999999417923,exact,0.10000000000582077,0.10000000000000892,7.127127137280755e-12,0.09999999999126885,0.10000000000582077,7.12712713728012e-11,stable,VERIFIED_FROM_FILE
Unsynchronised V and S Dataset/Categorised IOVNB (V) Dataset/V Dataset/Vf (Driver E)/V-Vfb02f/V-Vfb02f.csv,time_of_day_s,9.999999999417923,exact,0.10000000000582077,0.10000000000001324,7.126236129627624e-12,0.09999999999126885,0.10000000000582077,7.12623612962668e-11,stable,VERIFIED_FROM_FILE
Unsynchronised V and S Dataset/Categorised IOVNB (V) Dataset/V Dataset/Vf (Driver E)/V-Vfb02g/V-Vfb02g.csv,time_of_day_s,9.999999999417923,exact,0.10000000000582077,0.1000000000000001,7.128931542175578e-12,0.09999999999126885,0.10000000000582077,7.128931542175571e-11,stable,VERIFIED_FROM_FILE
Unsynchronised V and S Dataset/Categorised IOVNB (V) Dataset/V Dataset/Vta (Driver E)/Vta01a/V-Vta1a.csv,time_of_day_s,10.00000000014552,exact,0.09999999999854481,0.1,2.9103830456786644e-12,0.09999999999854481,0.10000000000582077,2.910383045678664e-11,stable,VERIFIED_FROM_FILE
Unsynchronised V and S Dataset/Categorised IOVNB (V) Dataset/V Dataset/Vta (Driver E)/Vta01b/V-Vta1b.csv,time_of_day_s,10.00000000014552,exact,0.09999999999854481,0.1,2.9103830456786644e-12,0.09999999999854481,0.10000000000582077,2.910383045678664e-11,stable,VERIFIED_FROM_FILE
Unsynchronised V and S Dataset/Categorised IOVNB (V) Dataset/V Dataset/Vta (Driver E)/Vta02/V-Vta2.csv,time_of_day_s,10.00000000014552,exact,0.09999999999854481,0.10000000000000013,2.9104823127232843e-12,0.09999999999854481,0.10000000000582077,2.9104823127232806e-11,stable,VERIFIED_FROM_FILE
Unsynchronised V and S Dataset/Categorised IOVNB (V) Dataset/V Dataset/Vta (Driver E)/Vta03/V-Vta3.csv,time_of_day_s,10.00000000014552,exact,0.09999999999854481,0.10000000000000167,2.91163103599814e-12,0.09999999999854481,0.10000000000582077,2.911631035998091e-11,stable,VERIFIED_FROM_FILE
Unsynchronised V and S Dataset/Categorised IOVNB (V) Dataset/V Dataset/Vta (Driver E)/Vta04/V-Vta4.csv,time_of_day_s,10.00000000014552,exact,0.09999999999854481,0.09999999999999759,2.90857053888421e-12,0.09999999999854481,0.10000000000582077,2.90857053888428e-11,stable,VERIFIED_FROM_FILE
Unsynchronised V and S Dataset/Categorised IOVNB (V) Dataset/V Dataset/Vta (Driver E)/Vta05/V-Vta5.csv,time_of_day_s,10.00000000014552,exact,0.09999999999854481,0.10000000000001635,2.922574432883577e-12,0.09999999999854481,0.10000000000582077,2.9225744328830994e-11,stable,VERIFIED_FROM_FILE
Unsynchronised V and S Dataset/Categorised IOVNB (V) Dataset/V Dataset/Vta (Driver E)/Vta06/V-Vta6.csv,time_of_day_s,10.00000000014552,exact,0.09999999999854481,0.10000000000000314,2.9127325490350293e-12,0.09999999999854481,0.10000000000582077,2.912732549034938e-11,stable,VERIFIED_FROM_FILE
Unsynchronised V and S Dataset/Categorised IOVNB (V) Dataset/V Dataset/Vta (Driver E)/Vta07/V-Vta7.csv,time_of_day_s,10.00000000014552,exact,0.09999999999854481,0.0999999999999983,2.9091072769916073e-12,0.09999999999854481,0.10000000000582077,2.9091072769916568e-11,stable,VERIFIED_FROM_FILE
Unsynchronised V and S Dataset/Categorised IOVNB (V) Dataset/V Dataset/Vta (Driver E)/Vta08/V-Vta8.csv,time_of_day_s,10.00000000014552,exact,0.09999999999854481,0.0999999999999996,2.9100877135715237e-12,0.09999999999854481,0.10000000000582077,2.9100877135715352e-11,stable,VERIFIED_FROM_FILE
Unsynchronised V and S Dataset/Categorised IOVNB (V) Dataset/V Dataset/Vta (Driver E)/Vta09/V-Vta9.csv,time_of_day_s,10.00000000014552,exact,0.09999999999854481,0.1,2.9103830456786644e-12,0.09999999999854481,0.10000000000582077,2.910383045678664e-11,stable,VERIFIED_FROM_FILE
Unsynchronised V and S Dataset/Categorised IOVNB (V) Dataset/V Dataset/Vta (Driver E)/Vta10/V-Vta10.csv,time_of_day_s,10.00000000014552,exact,0.09999999999854481,0.10000000000000092,2.911078413071436e-12,0.09999999999854481,0.10000000000582077,2.911078413071409e-11,stable,VERIFIED_FROM_FILE
Unsynchronised V and S Dataset/Categorised IOVNB (V) Dataset/V Dataset/Vta (Driver E)/Vta11/V-Vta11.csv,time_of_day_s,10.00000000014552,exact,0.09999999999854481,0.10000000000000495,2.9140887009589917e-12,0.09999999999854481,0.10000000000582077,2.9140887009588475e-11,stable,VERIFIED_FROM_FILE
Unsynchronised V and S Dataset/Categorised IOVNB (V) Dataset/V Dataset/Vta (Driver E)/Vta12/V-Vta12.csv,time_of_day_s,10.00000000014552,exact,0.09999999999854481,0.10000000000000211,2.9119658745244998e-12,0.09999999999854481,0.10000000000582077,2.911965874524438e-11,stable,VERIFIED_FROM_FILE
Unsynchronised V and S Dataset/Categorised IOVNB (V) Dataset/V Dataset/Vta (Driver E)/Vta13/V-Vta13.csv,time_of_day_s,10.00000000014552,exact,0.09999999999854481,0.10000000000000925,2.91729696065017e-12,0.09999999999854481,0.10000000000582077,2.9172969606499006e-11,stable,VERIFIED_FROM_FILE
Unsynchronised V and S Dataset/Categorised IOVNB (V) Dataset/V Dataset/Vta (Driver E)/Vta14/V-Vta14.csv,time_of_day_s,10.00000000014552,exact,0.09999999999854481,0.1000000000000015,2.911514585314224e-12,0.09999999999854481,0.10000000000582077,2.91151458531418e-11,stable,VERIFIED_FROM_FILE
Unsynchronised V and S Dataset/Categorised IOVNB (V) Dataset/V Dataset/Vta (Driver E)/Vta15/V-Vta15.csv,time_of_day_s,10.00000000014552,exact,0.09999999999854481,0.09999999999999497,2.906604148802361e-12,0.09999999999854481,0.10000000000582077,2.9066041488025073e-11,stable,VERIFIED_FROM_FILE
Unsynchronised V and S Dataset/Categorised IOVNB (V) Dataset/V Dataset/Vta (Driver E)/Vta16/V-Vta16.csv,time_of_day_s,10.00000000014552,exact,0.09999999999854481,0.1,1.3268622313560374e-05,0.09900000000197906,0.10100000000238651,0.00013268622313560374,stable,VERIFIED_FROM_FILE
Unsynchronised V and S Dataset/Categorised IOVNB (V) Dataset/V Dataset/Vta (Driver E)/Vta17/V-Vta17.csv,time_of_day_s,10.00000000014552,exact,0.09999999999854481,0.10000000000000063,2.91085818008038e-12,0.09999999999854481,0.10000000000582077,2.910858180080362e-11,stable,VERIFIED_FROM_FILE
Unsynchronised V and S Dataset/Categorised IOVNB (V) Dataset/V Dataset/Vta (Driver E)/Vta19/V-Vta19.csv,time_of_day_s,10.00000000014552,exact,0.09999999999854481,0.10000000000000471,2.91390911776803e-12,0.09999999999854481,0.10000000000582077,2.9139091177678926e-11,stable,VERIFIED_FROM_FILE
Unsynchronised V and S Dataset/Categorised IOVNB (V) Dataset/V Dataset/Vta (Driver E)/Vta20/V-Vta20.csv,time_of_day_s,10.00000000014552,exact,0.09999999999854481,0.0999999999999991,2.909705363142567e-12,0.09999999999854481,0.10000000000582077,2.909705363142593e-11,stable,VERIFIED_FROM_FILE
Unsynchronised V and S Dataset/Categorised IOVNB (V) Dataset/V Dataset/Vta (Driver E)/Vta21/V-Vta21.csv,time_of_day_s,10.00000000014552,exact,0.09999999999854481,0.0999999999999986,2.9093366263387804e-12,0.09999999999854481,0.10000000000582077,2.909336626338821e-11,stable,VERIFIED_FROM_FILE
Unsynchronised V and S Dataset/Categorised IOVNB (V) Dataset/V Dataset/Vta (Driver E)/Vta22/V-Vta22.csv,time_of_day_s,10.00000000014552,exact,0.09999999999854481,0.09999999999999908,2.909688102607199e-12,0.09999999999854481,0.10000000000582077,2.909688102607226e-11,stable,VERIFIED_FROM_FILE
Unsynchronised V and S Dataset/Categorised IOVNB (V) Dataset/V Dataset/Vta (Driver E)/Vta23/V-Vta23.csv,time_of_day_s,10.00000000014552,exact,0.09999999999854481,0.09999999999999609,2.9074503430946893e-12,0.09999999999854481,0.10000000000582077,2.907450343094803e-11,stable,VERIFIED_FROM_FILE
Unsynchronised V and S Dataset/Categorised IOVNB (V) Dataset/V Dataset/Vta (Driver E)/Vta24/V-Vta24.csv,time_of_day_s,10.00000000014552,exact,0.09999999999854481,0.10000000000000246,2.9122265507393004e-12,0.09999999999854481,0.10000000000582077,2.9122265507392285e-11,stable,VERIFIED_FROM_FILE
Unsynchronised V and S Dataset/Categorised IOVNB (V) Dataset/V Dataset/Vta (Driver E)/Vta25/V-Vta25.csv,time_of_day_s,10.00000000014552,exact,0.09999999999854481,0.1,2.9103830456786644e-12,0.09999999999854481,0.10000000000582077,2.910383045678664e-11,stable,VERIFIED_FROM_FILE
Unsynchronised V and S Dataset/Categorised IOVNB (V) Dataset/V Dataset/Vta (Driver E)/Vta26/V-Vta26.csv,time_of_day_s,10.00000000014552,exact,0.09999999999854481,0.09999999999999926,2.9098220560551004e-12,0.09999999999854481,0.10000000000582077,2.909822056055122e-11,stable,VERIFIED_FROM_FILE
Unsynchronised V and S Dataset/Categorised IOVNB (V) Dataset/V Dataset/Vta (Driver E)/Vta27/V-Vta27.csv,time_of_day_s,10.00000000014552,exact,0.09999999999854481,0.10000000000000153,2.9115304467385614e-12,0.09999999999854481,0.10000000000582077,2.9115304467385166e-11,stable,VERIFIED_FROM_FILE
Unsynchronised V and S Dataset/Categorised IOVNB (V) Dataset/V Dataset/Vta (Driver E)/Vta28/V-Vta28.csv,time_of_day_s,10.00000000014552,exact,0.09999999999854481,0.10000000000000069,2.9109004113297546e-12,0.09999999999854481,0.10000000000582077,2.910900411329735e-11,stable,VERIFIED_FROM_FILE
Unsynchronised V and S Dataset/Categorised IOVNB (V) Dataset/V Dataset/Vta (Driver E)/Vta29/V-Vta29.csv,time_of_day_s,10.00000000014552,exact,0.09999999999854481,0.09999999999999994,9.179335243795931e-06,0.09900000000197906,0.10100000000238651,9.179335243795937e-05,stable,VERIFIED_FROM_FILE
Unsynchronised V and S Dataset/Categorised IOVNB (V) Dataset/V Dataset/Vta (Driver E)/Vta30/V-Vta30.csv,time_of_day_s,10.00000000014552,exact,0.09999999999854481,0.10000000000000017,2.9105101067368008e-12,0.09999999999854481,0.10000000000582077,2.910510106736796e-11,stable,VERIFIED_FROM_FILE
Unsynchronised V and S Dataset/Categorised IOVNB (V) Dataset/V Dataset/Vtb (Driver E)/Vtb01/V-Vtb1.csv,time_of_day_s,10.00000000014552,exact,0.09999999999854481,0.09999999999999987,7.849719173107635e-06,0.09900000000197906,0.10100000000238651,7.849719173107645e-05,stable,VERIFIED_FROM_FILE
Unsynchronised V and S Dataset/Categorised IOVNB (V) Dataset/V Dataset/Vtb (Driver E)/Vtb02/V-Vtb2.csv,time_of_day_s,10.00000000014552,exact,0.09999999999854481,0.10001751313485088,0.0013232561260465,0.09999999999854481,0.19999999999708962,0.013230244229951907,stable,VERIFIED_FROM_FILE
Unsynchronised V and S Dataset/Categorised IOVNB (V) Dataset/V Dataset/Vtb (Driver E)/Vtb03/V-Vtb3.csv,time_of_day_s,10.00000000014552,exact,0.09999999999854481,0.09999999999999948,2.909987920402806e-12,0.09999999999854481,0.10000000000582077,2.909987920402821e-11,stable,VERIFIED_FROM_FILE
Unsynchronised V and S Dataset/Categorised IOVNB (V) Dataset/V Dataset/Vtb (Driver E)/Vtb04/V-Vtb4.csv,time_of_day_s,10.00000000014552,exact,0.09999999999854481,0.10000000000000234,2.9121306149673634e-12,0.09999999999854481,0.10000000000582077,2.912130614967295e-11,stable,VERIFIED_FROM_FILE
Unsynchronised V and S Dataset/Categorised IOVNB (V) Dataset/V Dataset/Vtb (Driver E)/Vtb05/V-Vtb5.csv,time_of_day_s,10.00000000014552,exact,0.09999999999854481,0.09999999999999991,5.563761286868395e-06,0.09900000000197906,0.10100000000238651,5.5637612868684e-05,stable,VERIFIED_FROM_FILE
Unsynchronised V and S Dataset/Categorised IOVNB (V) Dataset/V Dataset/Vtb (Driver E)/Vtb06/V-Vtb6.csv,time_of_day_s,9.999999999417923,exact,0.10000000000582077,0.09999999999999426,7.1301227652338666e-12,0.09999999999126885,0.10000000000582077,7.130122765234276e-11,stable,VERIFIED_FROM_FILE
Unsynchronised V and S Dataset/Categorised IOVNB (V) Dataset/V Dataset/Vtb (Driver E)/Vtb07/V-Vtb7.csv,time_of_day_s,9.999999999417923,exact,0.10000000000582077,0.1,7.128953417949148e-12,0.09999999999126885,0.10000000000582077,7.128953417949147e-11,stable,VERIFIED_FROM_FILE
Unsynchronised V and S Dataset/Categorised IOVNB (V) Dataset/V Dataset/Vtb (Driver E)/Vtb08/V-Vtb8.csv,time_of_day_s,9.999999999417923,exact,0.10000000000582077,0.10000000000000417,7.1281010309308e-12,0.09999999999126885,0.10000000000582077,7.128101030930502e-11,stable,VERIFIED_FROM_FILE
Unsynchronised V and S Dataset/Categorised IOVNB (V) Dataset/V Dataset/Vtb (Driver E)/Vtb09/V-Vtb9.csv,time_of_day_s,9.999999999417923,exact,0.10000000000582077,0.09999999999998085,7.132835065358458e-12,0.09999999999126885,0.10000000000582077,7.132835065359823e-11,stable,VERIFIED_FROM_FILE
Unsynchronised V and S Dataset/Categorised IOVNB (V) Dataset/V Dataset/Vtb (Driver E)/Vtb10/V-Vtb10.csv,time_of_day_s,9.999999999417923,exact,0.10000000000582077,0.10000000000004501,7.119618446642111e-12,0.09999999999126885,0.10000000000582077,7.119618446638907e-11,stable,VERIFIED_FROM_FILE
Unsynchronised V and S Dataset/Categorised IOVNB (V) Dataset/V Dataset/Vtb (Driver E)/Vtb11/V-Vtb11.csv,time_of_day_s,9.999999999417923,exact,0.10000000000582077,0.10000000000002694,7.123399586185279e-12,0.09999999999126885,0.10000000000582077,7.12339958618336e-11,stable,VERIFIED_FROM_FILE
Unsynchronised V and S Dataset/Categorised IOVNB (V) Dataset/V Dataset/Vtb (Driver E)/Vtb12/V-Vtb12.csv,time_of_day_s,9.999999999417923,exact,0.10000000000582077,0.10000000000001785,7.125285455250126e-12,0.09999999999126885,0.10000000000582077,7.125285455248854e-11,stable,VERIFIED_FROM_FILE
Unsynchronised V and S Dataset/Categorised IOVNB (V) Dataset/V Dataset/Vtb (Driver E)/Vtb13/V-Vtb13.csv,time_of_day_s,9.999999999417923,exact,0.10000000000582077,0.09999999999999531,7.129906930291503e-12,0.09999999999126885,0.10000000000582077,7.129906930291836e-11,stable,VERIFIED_FROM_FILE
Unsynchronised V and S Dataset/Categorised IOVNB (V) Dataset/V Dataset/Vw (Driver E)/Vw01/V-Vw1.csv,time_of_day_s,10.00000000014552,exact,0.09999999999854481,0.10000000000000007,2.910436350642183e-12,0.09999999999854481,0.10000000000582077,2.910436350642181e-11,stable,VERIFIED_FROM_FILE
Unsynchronised V and S Dataset/Categorised IOVNB (V) Dataset/V Dataset/Vw (Driver E)/Vw02/V-Vw2.csv,time_of_day_s,10.00000000014552,exact,0.09999999999854481,0.09999999999999998,6.159768233484157e-06,0.0989999999947031,0.10100000000238651,6.159768233484158e-05,stable,VERIFIED_FROM_FILE
Unsynchronised V and S Dataset/Categorised IOVNB (V) Dataset/V Dataset/Vw (Driver E)/Vw03/V-Vw3.csv,time_of_day_s,10.00000000014552,exact,0.09999999999854481,0.1,2.9103830456786644e-12,0.09999999999854481,0.10000000000582077,2.910383045678664e-11,stable,VERIFIED_FROM_FILE
Unsynchronised V and S Dataset/Categorised IOVNB (V) Dataset/V Dataset/Vw (Driver E)/Vw04/V-Vw4.csv,time_of_day_s,10.00000000014552,exact,0.09999999999854481,0.10000000000000003,5.621615951958631e-06,0.09900000000197906,0.10099999999511056,5.6216159519586287e-05,stable,VERIFIED_FROM_FILE
Unsynchronised V and S Dataset/Categorised IOVNB (V) Dataset/V Dataset/Vw (Driver E)/Vw05/V-Vw5.csv,time_of_day_s,10.00000000014552,exact,0.09999999999854481,0.1000000000000014,2.911422942680503e-12,0.09999999999854481,0.10000000000582077,2.911422942680463e-11,stable,VERIFIED_FROM_FILE
Unsynchronised V and S Dataset/Categorised IOVNB (V) Dataset/V Dataset/Vw (Driver E)/Vw06/V-Vw6.csv,time_of_day_s,10.00000000014552,exact,0.09999999999854481,0.10000000000000339,2.91292400086507e-12,0.09999999999854481,0.10000000000582077,2.912924000864971e-11,stable,VERIFIED_FROM_FILE
Unsynchronised V and S Dataset/Categorised IOVNB (V) Dataset/V Dataset/Vw (Driver E)/Vw07/V-Vw7.csv,time_of_day_s,10.00000000014552,exact,0.09999999999854481,0.10000000000000173,2.911675368471532e-12,0.09999999999854481,0.10000000000582077,2.9116753684714816e-11,stable,VERIFIED_FROM_FILE
Unsynchronised V and S Dataset/Categorised IOVNB (V) Dataset/V Dataset/Vw (Driver E)/Vw08/V-Vw8.csv,time_of_day_s,10.00000000014552,exact,0.09999999999854481,0.10000000000000182,2.9117481051783115e-12,0.09999999999854481,0.10000000000582077,2.9117481051782584e-11,stable,VERIFIED_FROM_FILE
Unsynchronised V and S Dataset/Categorised IOVNB (V) Dataset/V Dataset/Vw (Driver E)/Vw09/V-Vw9.csv,time_of_day_s,10.00000000014552,exact,0.09999999999854481,0.1,2.9103830456786644e-12,0.09999999999854481,0.10000000000582077,2.910383045678664e-11,stable,VERIFIED_FROM_FILE
Unsynchronised V and S Dataset/Categorised IOVNB (V) Dataset/V Dataset/Vw (Driver E)/Vw10/V-Vw10.csv,time_of_day_s,10.00000000014552,exact,0.09999999999854481,0.10000000000000217,2.9120131569485046e-12,0.09999999999854481,0.10000000000582077,2.912013156948441e-11,stable,VERIFIED_FROM_FILE
Unsynchronised V and S Dataset/Categorised IOVNB (V) Dataset/V Dataset/Vw (Driver E)/Vw11/V-Vw10.csv,time_of_day_s,10.00000000014552,exact,0.09999999999854481,0.10000000000000217,2.9120131569485046e-12,0.09999999999854481,0.10000000000582077,2.912013156948441e-11,stable,VERIFIED_FROM_FILE
Unsynchronised V and S Dataset/Categorised IOVNB (V) Dataset/V Dataset/Vw (Driver E)/Vw12/V-Vw12.csv,time_of_day_s,10.00000000014552,exact,0.09999999999854481,0.10000000000000273,2.912424861975421e-12,0.09999999999854481,0.10000000000582077,2.912424861975342e-11,stable,VERIFIED_FROM_FILE
Unsynchronised V and S Dataset/Categorised IOVNB (V) Dataset/V Dataset/Vw (Driver E)/Vw13/V-Vw13.csv,time_of_day_s,10.00000000014552,exact,0.09999999999854481,0.09999999999999508,2.9066894089678124e-12,0.09999999999854481,0.10000000000582077,2.9066894089679555e-11,stable,VERIFIED_FROM_FILE
Unsynchronised V and S Dataset/Categorised IOVNB (V) Dataset/V Dataset/Vw (Driver E)/Vw14a/V-Vw14a.csv,time_of_day_s,10.00000000014552,exact,0.09999999999854481,0.10000000000000046,2.9107306763124566e-12,0.09999999999854481,0.10000000000582077,2.910730676312443e-11,stable,VERIFIED_FROM_FILE
Unsynchronised V and S Dataset/Categorised IOVNB (V) Dataset/V Dataset/Vw (Driver E)/Vw14b/V-Vw14b.csv,time_of_day_s,10.00000000014552,exact,0.09999999999854481,0.10000000000000007,1.010178311266719e-05,0.09900000000197906,0.10099999999511056,0.00010101783112667182,stable,VERIFIED_FROM_FILE
Unsynchronised V and S Dataset/Categorised IOVNB (V) Dataset/V Dataset/Vw (Driver E)/Vw14c/V-Vw14c.csv,time_of_day_s,10.00000000014552,exact,0.09999999999854481,0.09999999999999991,2.910314211825447e-12,0.09999999999854481,0.10000000000582077,2.9103142118254496e-11,stable,VERIFIED_FROM_FILE
Unsynchronised V and S Dataset/Categorised IOVNB (V) Dataset/V Dataset/Vw (Driver E)/Vw15/V-Vw15.csv,time_of_day_s,10.00000000014552,exact,0.09999999999854481,0.1,2.9103830456786644e-12,0.09999999999854481,0.10000000000582077,2.910383045678664e-11,stable,VERIFIED_FROM_FILE
Unsynchronised V and S Dataset/Categorised IOVNB (V) Dataset/V Dataset/Vw (Driver E)/Vw16a/V-Vw16a.csv,time_of_day_s,10.00000000014552,exact,0.09999999999854481,0.09999999999999903,2.909655075844229e-12,0.09999999999854481,0.10000000000582077,2.909655075844257e-11,stable,VERIFIED_FROM_FILE
Unsynchronised V and S Dataset/Categorised IOVNB (V) Dataset/V Dataset/Vw (Driver E)/Vw16b/V-Vw16b.csv,time_of_day_s,10.00000000014552,exact,0.09999999999854481,0.1,2.9103830456786644e-12,0.09999999999854481,0.10000000000582077,2.910383045678664e-11,stable,VERIFIED_FROM_FILE
Unsynchronised V and S Dataset/Categorised IOVNB (V) Dataset/V Dataset/Vw (Driver E)/Vw17/V-Vw17.csv,time_of_day_s,10.00000000014552,exact,0.09999999999854481,0.10000000000000887,2.917016798568932e-12,0.09999999999854481,0.10000000000582077,2.917016798568673e-11,stable,VERIFIED_FROM_FILE
Unsynchronised V and S Dataset/Categorised IOVNB (V) Dataset/V Dataset/Y (Driver D)/Y1/V-Y1.csv,time_of_day_s,10.00000000014552,exact,0.09999999999854481,0.10907591697469436,1.7372946146239123,0.09900000001653098,384.6000000000058,15.927389499067562,severely_irregular,VERIFIED_FROM_FILE
Unsynchronised V and S Dataset/Categorised IOVNB (V) Dataset/V Dataset/Y (Driver D)/Y2/V-Y2.csv,time_of_day_s,10.00000000014552,exact,0.09999999999854481,0.09999999999999995,2.910344892366041e-12,0.09999999999854481,0.10000000000582077,2.9103448923660424e-11,stable,VERIFIED_FROM_FILE
Unsynchronised V and S Dataset/Uncategorised IOVNB (V and S) Dataset/S-Dataset/S-A1.csv,time_since_start_ms,2.0,exact,0.5,0.5000176737922909,0.0020827496720209307,0.4270000000001346,0.6060000000002219,0.004165352108905879,stable,VERIFIED_FROM_FILE
Unsynchronised V and S Dataset/Uncategorised IOVNB (V and S) Dataset/S-Dataset/S-A10.csv,time_since_start_ms,2.0,exact,0.5,0.5,0.0008703197039508851,0.4750000000000014,0.5249999999999986,0.0017406394079017703,stable,VERIFIED_FROM_FILE
Unsynchronised V and S Dataset/Uncategorised IOVNB (V and S) Dataset/S-Dataset/S-A11.csv,time_since_start_ms,2.0,exact,0.5,0.5,0.000792866918935748,0.4939999999999145,0.5060000000000855,0.001585733837871496,stable,VERIFIED_FROM_FILE
Unsynchronised V and S Dataset/Uncategorised IOVNB (V and S) Dataset/S-Dataset/S-A12.csv,time_since_start_ms,2.0,exact,0.5,0.49999978595890404,0.0007912459539836295,0.48900000000003274,0.5099999999999909,0.0015824925854041536,stable,VERIFIED_FROM_FILE
Unsynchronised V and S Dataset/Uncategorised IOVNB (V and S) Dataset/S-Dataset/S-A13.csv,time_since_start_ms,2.0,exact,0.5,0.5,0.0007970598263361262,0.4659999999998945,0.5340000000001055,0.0015941196526722524,stable,VERIFIED_FROM_FILE
Unsynchronised V and S Dataset/Uncategorised IOVNB (V and S) Dataset/S-Dataset/S-A2.csv,time_since_start_ms,2.0,exact,0.5,0.5,0.000823070057899458,0.4770000000003165,0.5229999999996835,0.001646140115798916,stable,VERIFIED_FROM_FILE
Unsynchronised V and S Dataset/Uncategorised IOVNB (V and S) Dataset/S-Dataset/S-A3.csv,time_since_start_ms,2.0,exact,0.5,0.5000474350911868,0.014323253728295324,0.0009999999999763531,1.8789999999999054,0.028643790015008056,stable,VERIFIED_FROM_FILE
Unsynchronised V and S Dataset/Uncategorised IOVNB (V and S) Dataset/S-Dataset/S-A4.csv,time_since_start_ms,,exact,,,,,,,unknown,UNVERIFIED
Unsynchronised V and S Dataset/Uncategorised IOVNB (V and S) Dataset/S-Dataset/S-A5.csv,time_since_start_ms,10.000000000000568,exact,0.09999999999999432,0.10000410395108182,0.0017640964568472557,0.0029999999997016857,0.5610000000006039,0.01764024062162673,stable,VERIFIED_FROM_FILE
Unsynchronised V and S Dataset/Uncategorised IOVNB (V and S) Dataset/S-Dataset/S-A6.csv,time_since_start_ms,9.999999999999858,exact,0.10000000000000142,0.09923865208243735,0.012322032682991575,0.0009999999992942321,0.37300000000050204,0.12416565949279205,mostly_stable,VERIFIED_FROM_FILE
Unsynchronised V and S Dataset/Uncategorised IOVNB (V and S) Dataset/S-Dataset/S-A7.csv,time_since_start_ms,10.000000000009095,exact,0.09999999999990905,0.1,0.0008824094776715368,0.06499999999959982,0.136000000000422,0.008824094776715367,stable,VERIFIED_FROM_FILE
Unsynchronised V and S Dataset/Uncategorised IOVNB (V and S) Dataset/S-Dataset/S-A8.csv,time_since_start_ms,10.000000000009095,exact,0.09999999999990905,0.1,0.0009700232565658687,0.027000000000043656,0.17300000000068394,0.009700232565658686,stable,VERIFIED_FROM_FILE
Unsynchronised V and S Dataset/Uncategorised IOVNB (V and S) Dataset/S-Dataset/S-A9.csv,time_since_start_ms,2.0,exact,0.5,0.49999991639495023,0.0007758045799357401,0.49099999999998545,0.5080000000000382,0.0015516094193162456,stable,VERIFIED_FROM_FILE
Unsynchronised V and S Dataset/Uncategorised IOVNB (V and S) Dataset/S-Dataset/S-I.csv,time_since_start_ms,10.000000000000213,exact,0.09999999999999787,0.16516661919681005,4.814259520202794,0.0009999999999763531,285.379,29.147896491519237,severely_irregular,VERIFIED_FROM_FILE
Unsynchronised V and S Dataset/Uncategorised IOVNB (V and S) Dataset/S-Dataset/S-M.csv,time_since_start_ms,10.000000000009095,exact,0.09999999999990905,0.10001193711546447,0.003968366473557808,0.0809999999999036,1.365000000000009,0.03967892821610186,stable,VERIFIED_FROM_FILE
Unsynchronised V and S Dataset/Uncategorised IOVNB (V and S) Dataset/S-Dataset/S-S1.csv,time_since_start_ms,10.000000000009095,exact,0.09999999999990905,0.0999999806744613,0.0007646277014951554,0.08900000000039654,0.11099999999987631,0.007646278492636063,stable,VERIFIED_FROM_FILE
Unsynchronised V and S Dataset/Uncategorised IOVNB (V and S) Dataset/S-Dataset/S-S2.csv,time_since_start_ms,9.999999999997726,exact,0.10000000000002274,0.10000000000000002,0.0005868541640226512,0.08799999999973807,0.11200000000008004,0.00586854164022651,stable,VERIFIED_FROM_FILE
Unsynchronised V and S Dataset/Uncategorised IOVNB (V and S) Dataset/S-Dataset/S-S3a.csv,time_since_start_ms,10.000000000000568,exact,0.09999999999999432,0.1,0.0007830453578772541,0.08699999999998909,0.11199999999985266,0.00783045357877254,stable,VERIFIED_FROM_FILE
Unsynchronised V and S Dataset/Uncategorised IOVNB (V and S) Dataset/S-Dataset/S-S3b.csv,time_since_start_ms,10.000000000000568,exact,0.09999999999999432,0.09999999999999996,0.0007916017857307495,0.09499999999979991,0.10500000000001819,0.007916017857307498,stable,VERIFIED_FROM_FILE
Unsynchronised V and S Dataset/Uncategorised IOVNB (V and S) Dataset/S-Dataset/S-S3c.csv,time_since_start_ms,10.000000000009095,exact,0.09999999999990905,0.099999973105266,0.0008548116913381289,0.08199999999987995,0.12100000000009459,0.008548119212375214,stable,VERIFIED_FROM_FILE
Unsynchronised V and S Dataset/Uncategorised IOVNB (V and S) Dataset/S-Dataset/S-S4.csv,time_since_start_ms,10.000000000009095,exact,0.09999999999990905,0.09999998942884024,0.000861198001403049,0.08199999999999363,0.11700000000001864,0.008611980924416751,stable,VERIFIED_FROM_FILE
Unsynchronised V and S Dataset/Uncategorised IOVNB (V and S) Dataset/S-Dataset/S-T1.csv,time_since_start_ms,999.9999999668034,exact,0.0010000000000331966,0.047959145232527936,0.07545171206554015,0.0009999999999763531,0.4519999999999982,1.5732497253592748,severely_irregular,VERIFIED_FROM_FILE
Unsynchronised V and S Dataset/Uncategorised IOVNB (V and S) Dataset/S-Dataset/S-T10.csv,time_since_start_ms,9.999999999999147,exact,0.10000000000000853,0.09999999999999999,0.0009483527545953383,0.07100000000002638,0.1279999999999859,0.009483527545953383,stable,VERIFIED_FROM_FILE
Unsynchronised V and S Dataset/Uncategorised IOVNB (V and S) Dataset/S-Dataset/S-T11.csv,time_since_start_ms,9.999999999999858,exact,0.10000000000000142,0.10000017577781685,0.0008833332882061888,0.08600000000001273,0.11400000000000432,0.008833317355049485,stable,VERIFIED_FROM_FILE
Unsynchronised V and S Dataset/Uncategorised IOVNB (V and S) Dataset/S-Dataset/S-T2.csv,time_since_start_ms,10.00000000000341,exact,0.0999999999999659,0.09999662484116899,0.0008732407992808662,0.0010000000002037268,0.11499999999978172,0.008732702735396222,stable,VERIFIED_FROM_FILE
Unsynchronised V and S Dataset/Uncategorised IOVNB (V and S) Dataset/S-Dataset/S-T3.csv,time_since_start_ms,10.000000000009095,exact,0.09999999999990905,0.09925193310831544,0.011955838248221797,0.0009999999992942321,0.43699999999989814,0.12045950012050821,mostly_stable,VERIFIED_FROM_FILE
Unsynchronised V and S Dataset/Uncategorised IOVNB (V and S) Dataset/S-Dataset/S-T4.csv,time_since_start_ms,10.101010101016968,exact,0.0989999999999327,0.06810805258051629,0.07812385851835243,0.0009999999997489795,1.58199999999988,1.147057588028899,severely_irregular,VERIFIED_FROM_FILE
Unsynchronised V and S Dataset/Uncategorised IOVNB (V and S) Dataset/S-Dataset/S-T5.csv,time_since_start_ms,23.809523809506796,exact,0.04200000000003001,0.06338463453340386,0.0812611994445256,0.0009999999999763531,0.45499999999992724,1.282033099073889,severely_irregular,VERIFIED_FROM_FILE
Unsynchronised V and S Dataset/Uncategorised IOVNB (V and S) Dataset/S-Dataset/S-T6.csv,time_since_start_ms,999.9999997962732,exact,0.0010000000002037268,0.0485499352243943,0.09232715516508795,0.0009999999997489795,3.4500000000000455,1.90169471366663,severely_irregular,VERIFIED_FROM_FILE
Unsynchronised V and S Dataset/Uncategorised IOVNB (V and S) Dataset/S-Dataset/S-T7.csv,time_since_start_ms,9.999999999997726,exact,0.10000000000002274,0.10001166301173184,0.0027754594304544456,0.08999999999969077,0.83199999999988,0.027751357660444773,stable,VERIFIED_FROM_FILE
Unsynchronised V and S Dataset/Uncategorised IOVNB (V and S) Dataset/S-Dataset/S-T8.csv,time_since_start_ms,10.000000000009095,exact,0.09999999999990905,0.09999391820607767,0.0031677620049368103,0.0009999999997489795,0.7100000000000364,0.031679546734116,stable,VERIFIED_FROM_FILE
Unsynchronised V and S Dataset/Uncategorised IOVNB (V and S) Dataset/S-Dataset/S-T9.csv,time_since_start_ms,10.00000000000341,exact,0.0999999999999659,0.09999896130550133,0.0007733202119035544,0.015999999999991132,0.10800000000017462,0.007733282444214859,stable,VERIFIED_FROM_FILE
Unsynchronised V and S Dataset/Uncategorised IOVNB (V and S) Dataset/S-Dataset/S-Vfa01.csv,time_since_start_ms,9.999999999997726,exact,0.10000000000002274,0.1,0.0008482613014428688,0.08600000000001273,0.11299999999999955,0.008482613014428687,stable,VERIFIED_FROM_FILE
Unsynchronised V and S Dataset/Uncategorised IOVNB (V and S) Dataset/S-Dataset/S-Vfa02.csv,time_since_start_ms,10.000000000009095,exact,0.09999999999990905,0.10000001480998787,0.000859756537429444,0.05899999999996908,0.1410000000000764,0.00859756410099624,stable,VERIFIED_FROM_FILE
Unsynchronised V and S Dataset/Uncategorised IOVNB (V and S) Dataset/S-Dataset/S-Vta10.csv,time_since_start_ms,9.999999999997726,exact,0.10000000000002274,0.10000000000000002,0.0006867936684094969,0.0909999999998945,0.10900000000003729,0.006867936684094968,stable,VERIFIED_FROM_FILE
Unsynchronised V and S Dataset/Uncategorised IOVNB (V and S) Dataset/S-Dataset/S-Vta11.csv,time_since_start_ms,10.000000000009095,exact,0.09999999999990905,0.10000000000000017,0.0005779171326261398,0.09699999999997999,0.10200000000008913,0.005779171326261388,stable,VERIFIED_FROM_FILE
Unsynchronised V and S Dataset/Uncategorised IOVNB (V and S) Dataset/S-Dataset/S-Vta12.csv,time_since_start_ms,10.000000000009095,exact,0.09999999999990905,0.10000000000000014,0.0006225114661160281,0.09699999999997999,0.10299999999983811,0.006225114661160272,stable,VERIFIED_FROM_FILE
Unsynchronised V and S Dataset/Uncategorised IOVNB (V and S) Dataset/S-Dataset/S-Vta13.csv,time_since_start_ms,10.000000000009095,exact,0.09999999999990905,0.100002481389578,0.0006437281275863538,0.09600000000000364,0.10399999999981446,0.006437121545800378,stable,VERIFIED_FROM_FILE
Unsynchronised V and S Dataset/Uncategorised IOVNB (V and S) Dataset/S-Dataset/S-Vta14.csv,time_since_start_ms,10.000000000009095,exact,0.09999999999990905,0.09999999999999995,0.0006363906545419011,0.09600000000000364,0.10500000000001819,0.006363906545419014,stable,VERIFIED_FROM_FILE
Unsynchronised V and S Dataset/Uncategorised IOVNB (V and S) Dataset/S-Dataset/S-Vta15.csv,time_since_start_ms,10.000000000009095,exact,0.09999999999990905,0.10000000000000006,0.0008406728074789336,0.09000000000014552,0.10999999999989996,0.008406728074789331,stable,VERIFIED_FROM_FILE
Unsynchronised V and S Dataset/Uncategorised IOVNB (V and S) Dataset/S-Dataset/S-Vta16.csv,time_since_start_ms,10.000000000009095,exact,0.09999999999990905,0.09999999999999999,0.0006473739217187765,0.09000000000014552,0.10999999999989996,0.006473739217187766,stable,VERIFIED_FROM_FILE
Unsynchronised V and S Dataset/Uncategorised IOVNB (V and S) Dataset/S-Dataset/S-Vta17.csv,time_since_start_ms,10.000000000009095,exact,0.09999999999990905,0.10026250553342184,0.01762333172974468,0.09300000000030195,1.2840000000001055,0.17577190631716322,mostly_stable,VERIFIED_FROM_FILE
Unsynchronised V and S Dataset/Uncategorised IOVNB (V and S) Dataset/S-Dataset/S-Vta19.csv,time_since_start_ms,10.000000000009095,exact,0.09999999999990905,0.10000343642611723,0.0007058824108324434,0.09699999999975262,0.10400000000026921,0.007058581545384702,stable,VERIFIED_FROM_FILE
Unsynchronised V and S Dataset/Uncategorised IOVNB (V and S) Dataset/S-Dataset/S-Vta1a.csv,time_since_start_ms,10.000000000000568,exact,0.09999999999999432,0.09999996105160663,0.0007051624896069295,0.08799999999996544,0.11099999999999,0.007051627642564968,stable,VERIFIED_FROM_FILE
Unsynchronised V and S Dataset/Uncategorised IOVNB (V and S) Dataset/S-Dataset/S-Vta1b.csv,time_since_start_ms,10.000000000009095,exact,0.09999999999990905,0.10000000000000019,0.0006060208578683719,0.09400000000005093,0.10599999999976717,0.006060208578683708,stable,VERIFIED_FROM_FILE
Unsynchronised V and S Dataset/Uncategorised IOVNB (V and S) Dataset/S-Dataset/S-Vta2.csv,time_since_start_ms,10.000000000009095,exact,0.09999999999990905,0.09999981801637853,0.0006983667177389171,0.09000000000014552,0.10799999999971988,0.006983679886542741,stable,VERIFIED_FROM_FILE
Unsynchronised V and S Dataset/Uncategorised IOVNB (V and S) Dataset/S-Dataset/S-Vta20.csv,time_since_start_ms,10.000000000000568,exact,0.09999999999999432,0.10000000000000002,0.0006178595840064563,0.09499999999999886,0.10500000000000398,0.006178595840064562,stable,VERIFIED_FROM_FILE
Unsynchronised V and S Dataset/Uncategorised IOVNB (V and S) Dataset/S-Dataset/S-Vta21.csv,time_since_start_ms,9.999999999997726,exact,0.10000000000002274,0.1,0.0005762378398905403,0.09600000000000364,0.10400000000004184,0.005762378398905403,stable,VERIFIED_FROM_FILE
Unsynchronised V and S Dataset/Uncategorised IOVNB (V and S) Dataset/S-Dataset/S-Vta22.csv,time_since_start_ms,9.999999999997726,exact,0.10000000000002274,0.10000063979526547,0.000590498103608361,0.09600000000000364,0.10400000000004184,0.0059049432565362265,stable,VERIFIED_FROM_FILE
Unsynchronised V and S Dataset/Uncategorised IOVNB (V and S) Dataset/S-Dataset/S-Vta23.csv,time_since_start_ms,9.999999999997726,exact,0.10000000000002274,0.09999999999999998,0.0006454390164007024,0.09500000000002728,0.10400000000004184,0.006454390164007026,stable,VERIFIED_FROM_FILE
Unsynchronised V and S Dataset/Uncategorised IOVNB (V and S) Dataset/S-Dataset/S-Vta24.csv,time_since_start_ms,9.999999999997726,exact,0.10000000000002274,0.10000085470085468,0.000668586431579755,0.09600000000000364,0.10400000000004184,0.006685807172146507,stable,VERIFIED_FROM_FILE
Unsynchronised V and S Dataset/Uncategorised IOVNB (V and S) Dataset/S-Dataset/S-Vta25.csv,time_since_start_ms,9.999999999997726,exact,0.10000000000002274,0.09999689922480627,0.0005623783912630726,0.09699999999997999,0.1029999999999518,0.005623958298934565,stable,VERIFIED_FROM_FILE
Unsynchronised V and S Dataset/Uncategorised IOVNB (V and S) Dataset/S-Dataset/S-Vta26.csv,time_since_start_ms,10.000000000009095,exact,0.09999999999990905,0.09999999999999999,0.0005815146218444815,0.09600000000000364,0.10300000000006548,0.005815146218444815,stable,VERIFIED_FROM_FILE
Unsynchronised V and S Dataset/Uncategorised IOVNB (V and S) Dataset/S-Dataset/S-Vta27.csv,time_since_start_ms,10.000000000009095,exact,0.09999999999990905,0.10000000000000003,0.0005332578389420388,0.09600000000000364,0.10400000000004184,0.005332578389420386,stable,VERIFIED_FROM_FILE
Unsynchronised V and S Dataset/Uncategorised IOVNB (V and S) Dataset/S-Dataset/S-Vta28.csv,time_since_start_ms,10.000000000009095,exact,0.09999999999990905,0.10000000000000002,0.0005820634108166454,0.0929999999998472,0.1069999999999709,0.005820634108166453,stable,VERIFIED_FROM_FILE
Unsynchronised V and S Dataset/Uncategorised IOVNB (V and S) Dataset/S-Dataset/S-Vta29.csv,time_since_start_ms,10.000000000000568,exact,0.09999999999999432,0.09999063291139242,0.0011217812934407885,0.0009999999999763531,0.11099999999999,0.01121886381532223,stable,VERIFIED_FROM_FILE
Unsynchronised V and S Dataset/Uncategorised IOVNB (V and S) Dataset/S-Dataset/S-Vta3.csv,time_since_start_ms,9.999999999999858,exact,0.10000000000000142,0.1,0.0005897678246195116,0.09600000000000009,0.10400000000000276,0.0058976782461951155,stable,VERIFIED_FROM_FILE
Unsynchronised V and S Dataset/Uncategorised IOVNB (V and S) Dataset/S-Dataset/S-Vta30.csv,time_since_start_ms,10.000000000009095,exact,0.09999999999990905,0.1,0.0007316274115907559,0.0660000000002583,0.13400000000001455,0.007316274115907559,stable,VERIFIED_FROM_FILE
Unsynchronised V and S Dataset/Uncategorised IOVNB (V and S) Dataset/S-Dataset/S-Vta4.csv,time_since_start_ms,10.000000000000568,exact,0.09999999999999432,0.09999944071588367,0.0005651114205424006,0.09600000000000364,0.10400000000001342,0.00565114581138492,stable,VERIFIED_FROM_FILE
Unsynchronised V and S Dataset/Uncategorised IOVNB (V and S) Dataset/S-Dataset/S-Vta5.csv,time_since_start_ms,9.999999999997726,exact,0.10000000000002274,0.10000000000000007,0.0004917622040805475,0.09799999999995634,0.10199999999997544,0.004917622040805471,stable,VERIFIED_FROM_FILE
Unsynchronised V and S Dataset/Uncategorised IOVNB (V and S) Dataset/S-Dataset/S-Vta6.csv,time_since_start_ms,9.999999999997726,exact,0.10000000000002274,0.1,0.0005981790549812061,0.09499999999997044,0.10599999999999454,0.005981790549812061,stable,VERIFIED_FROM_FILE
Unsynchronised V and S Dataset/Uncategorised IOVNB (V and S) Dataset/S-Dataset/S-Vta7.csv,time_since_start_ms,9.999999999997726,exact,0.10000000000002274,0.09999999999999998,0.0006604798342438896,0.09100000000000819,0.10800000000000409,0.006604798342438898,stable,VERIFIED_FROM_FILE
Unsynchronised V and S Dataset/Uncategorised IOVNB (V and S) Dataset/S-Dataset/S-Vta8.csv,time_since_start_ms,9.999999999997726,exact,0.10000000000002274,0.1,0.0006606531503242498,0.09199999999998454,0.10799999999994725,0.006606531503242498,stable,VERIFIED_FROM_FILE
Unsynchronised V and S Dataset/Uncategorised IOVNB (V and S) Dataset/S-Dataset/S-Vta9.csv,time_since_start_ms,9.999999999997726,exact,0.10000000000002274,0.09998709677419312,0.0006323238938723379,0.09699999999997999,0.10199999999997544,0.006324054945813188,stable,VERIFIED_FROM_FILE
Unsynchronised V and S Dataset/Uncategorised IOVNB (V and S) Dataset/S-Dataset/S-Vtb1.csv,time_since_start_ms,10.000000000009095,exact,0.09999999999990905,0.1202058736389897,4.024250336301483,0.0009999999999763531,661.3760000000001,33.47798418226534,severely_irregular,VERIFIED_FROM_FILE
Unsynchronised V and S Dataset/Uncategorised IOVNB (V and S) Dataset/S-Dataset/S-Vtb10.csv,time_since_start_ms,9.99999999996362,exact,0.1000000000003638,0.1,0.000865284894516179,0.09500000000116415,0.10499999999956344,0.00865284894516179,stable,VERIFIED_FROM_FILE
Unsynchronised V and S Dataset/Uncategorised IOVNB (V and S) Dataset/S-Dataset/S-Vtb11.csv,time_since_start_ms,9.99999999996362,exact,0.1000000000003638,0.1,0.0008498365856886943,0.09600000000136788,0.10300000000097498,0.008498365856886942,stable,VERIFIED_FROM_FILE
Unsynchronised V and S Dataset/Uncategorised IOVNB (V and S) Dataset/S-Dataset/S-Vtb12.csv,time_since_start_ms,9.99999999996362,exact,0.1000000000003638,0.10000224215246356,0.0007071032264872979,0.09699999999975262,0.10300000000097498,0.007070873725103556,stable,VERIFIED_FROM_FILE
Unsynchronised V and S Dataset/Uncategorised IOVNB (V and S) Dataset/S-Dataset/S-Vtb2.csv,time_since_start_ms,9.999999999999858,exact,0.10000000000000142,0.1,0.0006498791019387002,0.09399999999993724,0.10700000000008458,0.006498791019387002,stable,VERIFIED_FROM_FILE
Unsynchronised V and S Dataset/Uncategorised IOVNB (V and S) Dataset/S-Dataset/S-Vtb3.csv,time_since_start_ms,9.999999999997726,exact,0.10000000000002274,0.09999999999999999,0.0006602842113191995,0.09500000000002728,0.10599999999999454,0.006602842113191995,stable,VERIFIED_FROM_FILE
Unsynchronised V and S Dataset/Uncategorised IOVNB (V and S) Dataset/S-Dataset/S-Vtb4.csv,time_since_start_ms,10.000000000009095,exact,0.09999999999990905,0.1,0.0005631315273711161,0.09799999999995634,0.10200000000008913,0.005631315273711161,stable,VERIFIED_FROM_FILE
Unsynchronised V and S Dataset/Uncategorised IOVNB (V and S) Dataset/S-Dataset/S-Vtb5.csv,time_since_start_ms,10.000000000009095,exact,0.09999999999990905,0.10000001553108546,0.0008643267564102214,0.07999999999992724,0.11900000000014188,0.00864326622170915,stable,VERIFIED_FROM_FILE
Unsynchronised V and S Dataset/Uncategorised IOVNB (V and S) Dataset/S-Dataset/S-Vtb6.csv,time_since_start_ms,9.99999999996362,exact,0.1000000000003638,0.10000000000000146,0.001166259390450778,0.08799999999973807,0.11200000000008004,0.01166259390450761,stable,VERIFIED_FROM_FILE
Unsynchronised V and S Dataset/Uncategorised IOVNB (V and S) Dataset/S-Dataset/S-Vtb7.csv,time_since_start_ms,9.99999999996362,exact,0.1000000000003638,0.10000217391304195,0.0007024767149111802,0.09599999999954889,0.10300000000006548,0.007024614440102342,stable,VERIFIED_FROM_FILE
Unsynchronised V and S Dataset/Uncategorised IOVNB (V and S) Dataset/S-Dataset/S-Vtb8.csv,time_since_start_ms,9.99999999996362,exact,0.1000000000003638,0.10000000000000109,0.0009276689685508391,0.09399999999914144,0.10500000000047294,0.00927668968550829,stable,VERIFIED_FROM_FILE
Unsynchronised V and S Dataset/Uncategorised IOVNB (V and S) Dataset/S-Dataset/S-Vtb9.csv,time_since_start_ms,9.99999999996362,exact,0.1000000000003638,0.09999778270510014,0.0006936483813636518,0.09699999999975262,0.10300000000006548,0.006936637619348673,stable,VERIFIED_FROM_FILE
Unsynchronised V and S Dataset/Uncategorised IOVNB (V and S) Dataset/S-Dataset/S-Vw1.csv,time_since_start_ms,9.999999999999858,exact,0.10000000000000142,0.1,0.0007956536388829012,0.08399999999983265,0.1150000000000091,0.007956536388829013,stable,VERIFIED_FROM_FILE
Unsynchronised V and S Dataset/Uncategorised IOVNB (V and S) Dataset/S-Dataset/S-Vw10.csv,time_since_start_ms,9.99999999996362,exact,0.1000000000003638,0.10000000000000056,0.000681103288533593,0.09699999999975262,0.10299999999915599,0.006811032885335892,stable,VERIFIED_FROM_FILE
Unsynchronised V and S Dataset/Uncategorised IOVNB (V and S) Dataset/S-Dataset/S-Vw11.csv,time_since_start_ms,9.99999999996362,exact,0.1000000000003638,0.10000000000000023,0.0007802576214755139,0.09100000000034925,0.10899999999855936,0.007802576214755121,stable,VERIFIED_FROM_FILE
Unsynchronised V and S Dataset/Uncategorised IOVNB (V and S) Dataset/S-Dataset/S-Vw12.csv,time_since_start_ms,9.999999999999858,exact,0.10000000000000142,0.09999999999999999,0.0006554860342617754,0.09699999999999998,0.10399999999999987,0.0065548603426177545,stable,VERIFIED_FROM_FILE
Unsynchronised V and S Dataset/Uncategorised IOVNB (V and S) Dataset/S-Dataset/S-Vw13.csv,time_since_start_ms,10.000000000000036,exact,0.09999999999999964,0.1,0.0007280352571744978,0.09799999999999898,0.10200000000000031,0.007280352571744977,stable,VERIFIED_FROM_FILE
Unsynchronised V and S Dataset/Uncategorised IOVNB (V and S) Dataset/S-Dataset/S-Vw14a.csv,time_since_start_ms,10.000000000000568,exact,0.09999999999999432,0.10000000000000002,0.0007549644429828971,0.09499999999999886,0.10599999999999454,0.00754964442982897,stable,VERIFIED_FROM_FILE
Unsynchronised V and S Dataset/Uncategorised IOVNB (V and S) Dataset/S-Dataset/S-Vw14b.csv,time_since_start_ms,9.999999999997726,exact,0.10000000000002274,0.10000005105427069,0.000755064923163199,0.09100000000000819,0.10900000000003729,0.007550645376705061,stable,VERIFIED_FROM_FILE
Unsynchronised V and S Dataset/Uncategorised IOVNB (V and S) Dataset/S-Dataset/S-Vw14c.csv,time_since_start_ms,10.000000000009095,exact,0.09999999999990905,0.1,0.0007551403623403351,0.08800000000019281,0.11200000000008004,0.007551403623403351,stable,VERIFIED_FROM_FILE
Unsynchronised V and S Dataset/Uncategorised IOVNB (V and S) Dataset/S-Dataset/S-Vw15.csv,time_since_start_ms,10.000000000000002,exact,0.09999999999999998,0.1,0.0006211173818453857,0.09700000000000131,0.10200000000000387,0.006211173818453857,stable,VERIFIED_FROM_FILE
Unsynchronised V and S Dataset/Uncategorised IOVNB (V and S) Dataset/S-Dataset/S-Vw16a.csv,time_since_start_ms,9.999999999999858,exact,0.10000000000000142,0.09999982987410684,0.0007164284965886288,0.09499999999997044,0.10500000000001819,0.00716429715421081,stable,VERIFIED_FROM_FILE
Unsynchronised V and S Dataset/Uncategorised IOVNB (V and S) Dataset/S-Dataset/S-Vw16b.csv,time_since_start_ms,9.999999999997726,exact,0.10000000000002274,0.10000088888888886,0.0007099290174918904,0.09799999999995634,0.1029999999999518,0.007099227070678278,stable,VERIFIED_FROM_FILE
Unsynchronised V and S Dataset/Uncategorised IOVNB (V and S) Dataset/S-Dataset/S-Vw17.csv,time_since_start_ms,9.999999999997726,exact,0.10000000000002274,0.10000304878048759,0.0007428458610164141,0.09699999999997999,0.1029999999999518,0.007428232139672094,stable,VERIFIED_FROM_FILE
Unsynchronised V and S Dataset/Uncategorised IOVNB (V and S) Dataset/S-Dataset/S-Vw2.csv,time_since_start_ms,10.000000000009095,exact,0.09999999999990905,0.09999998102898772,0.0007989953281039536,0.07699999999931606,0.12300000000050204,0.007989954796814842,stable,VERIFIED_FROM_FILE
Unsynchronised V and S Dataset/Uncategorised IOVNB (V and S) Dataset/S-Dataset/S-Vw3.csv,time_since_start_ms,9.99999999996362,exact,0.1000000000003638,0.10000025906735734,0.0007423181274538567,0.09499999999934516,0.10500000000047294,0.00742316204354883,stable,VERIFIED_FROM_FILE
Unsynchronised V and S Dataset/Uncategorised IOVNB (V and S) Dataset/S-Dataset/S-Vw4.csv,time_since_start_ms,9.99999999996362,exact,0.1000000000003638,0.1,0.0007813171132794281,0.07599999999911233,0.12399999999979627,0.00781317113279428,stable,VERIFIED_FROM_FILE
Unsynchronised V and S Dataset/Uncategorised IOVNB (V and S) Dataset/S-Dataset/S-Vw5.csv,time_since_start_ms,9.99999999996362,exact,0.1000000000003638,0.10000098911968225,0.000702545189743386,0.09799999999995634,0.10299999999915599,0.007025382407993709,stable,VERIFIED_FROM_FILE
Unsynchronised V and S Dataset/Uncategorised IOVNB (V and S) Dataset/S-Dataset/S-Vw6.csv,time_since_start_ms,9.99999999996362,exact,0.1000000000003638,0.1,0.0006696547617443798,0.09699999999975262,0.10300000000097498,0.006696547617443798,stable,VERIFIED_FROM_FILE
Unsynchronised V and S Dataset/Uncategorised IOVNB (V and S) Dataset/S-Dataset/S-Vw7.csv,time_since_start_ms,9.99999999996362,exact,0.1000000000003638,0.09999937539038112,0.0007126059430245801,0.09399999999914144,0.10599999999976717,0.007126103940576466,stable,VERIFIED_FROM_FILE
Unsynchronised V and S Dataset/Uncategorised IOVNB (V and S) Dataset/S-Dataset/S-Vw8.csv,time_since_start_ms,9.99999999996362,exact,0.1000000000003638,0.10000000000000071,0.0007423254814019402,0.09499999999934516,0.10499999999956344,0.007423254814019349,stable,VERIFIED_FROM_FILE
Unsynchronised V and S Dataset/Uncategorised IOVNB (V and S) Dataset/S-Dataset/S-Vw9.csv,time_since_start_ms,9.99999999996362,exact,0.1000000000003638,0.1000018148820304,0.0006934986984466288,0.09699999999975262,0.10299999999915599,0.006934861124917899,stable,VERIFIED_FROM_FILE
Unsynchronised V and S Dataset/Uncategorised IOVNB (V and S) Dataset/S-Dataset/S-Y1.csv,time_since_start_ms,10.000000000000568,exact,0.09999999999999432,0.09999850599735348,0.0008752597553369889,0.0010000000002037268,0.11200000000008004,0.008752728319362623,stable,VERIFIED_FROM_FILE
Unsynchronised V and S Dataset/Uncategorised IOVNB (V and S) Dataset/V-Dataset/V-M.csv,time_of_day_s,10.00000000014552,exact,0.09999999999854481,0.10000094345853029,0.00030718696599838126,0.0989999999947031,0.19999999999708962,0.0030718406784408948,stable,VERIFIED_FROM_FILE
Unsynchronised V and S Dataset/Uncategorised IOVNB (V and S) Dataset/V-Dataset/V-S1.csv,time_of_day_s,10.00000000014552,exact,0.09999999999854481,0.10000000000000003,6.214357544524959e-06,0.0989999999947031,0.10100000000238651,6.214357544524957e-05,stable,VERIFIED_FROM_FILE
Unsynchronised V and S Dataset/Uncategorised IOVNB (V and S) Dataset/V-Dataset/V-S2.csv,time_of_day_s,10.00000000014552,exact,0.09999999999854481,0.10000000000000002,6.526788075129246e-06,0.09900000000197906,0.10100000000238651,6.526788075129245e-05,stable,VERIFIED_FROM_FILE
Unsynchronised V and S Dataset/Uncategorised IOVNB (V and S) Dataset/V-Dataset/V-S3a.csv,time_of_day_s,9.999999999417923,exact,0.10000000000582077,0.10000000000000035,7.1288811334174845e-12,0.09999999999126885,0.10000000000582077,7.12888113341746e-11,stable,VERIFIED_FROM_FILE
Unsynchronised V and S Dataset/Uncategorised IOVNB (V and S) Dataset/V-Dataset/V-S3b.csv,time_of_day_s,9.999999999417923,exact,0.10000000000582077,0.10000000000000128,7.128692699604873e-12,0.09999999999126885,0.10000000000582077,7.128692699604782e-11,stable,VERIFIED_FROM_FILE
Unsynchronised V and S Dataset/Uncategorised IOVNB (V and S) Dataset/V-Dataset/V-S3c.csv,time_of_day_s,9.999999999417923,exact,0.10000000000582077,0.10000000000000024,7.3304839326782075e-06,0.09900000000197906,0.10099999999511056,7.330483932678189e-05,stable,VERIFIED_FROM_FILE
Unsynchronised V and S Dataset/Uncategorised IOVNB (V and S) Dataset/V-Dataset/V-S4.csv,time_of_day_s,10.00000000014552,exact,0.09999999999854481,0.10000000000000003,4.521624648311075e-06,0.09900000000197906,0.10099999999511056,4.521624648311074e-05,stable,VERIFIED_FROM_FILE
Unsynchronised V and S Dataset/Uncategorised IOVNB (V and S) Dataset/V-Dataset/V-St1.csv,time_of_day_s,10.00000000014552,exact,0.09999999999854481,0.09999999999999995,2.910344892366041e-12,0.09999999999854481,0.10000000000582077,2.9103448923660424e-11,stable,VERIFIED_FROM_FILE
Unsynchronised V and S Dataset/Uncategorised IOVNB (V and S) Dataset/V-Dataset/V-St4.csv,time_of_day_s,10.00000000014552,exact,0.09999999999854481,0.10000735889322246,0.0008578083521397576,0.09999999999854481,0.20000000000436557,0.008577452315840447,stable,VERIFIED_FROM_FILE
Unsynchronised V and S Dataset/Uncategorised IOVNB (V and S) Dataset/V-Dataset/V-St6.csv,time_of_day_s,10.00000000014552,exact,0.09999999999854481,0.10000000000000003,2.910404295752082e-12,0.09999999999854481,0.10000000000582077,2.910404295752081e-11,stable,VERIFIED_FROM_FILE
Unsynchronised V and S Dataset/Uncategorised IOVNB (V and S) Dataset/V-Dataset/V-St7.csv,time_of_day_s,10.00000000014552,exact,0.09999999999854481,0.10254911770056405,0.056625002365497584,0.09900000000197906,5.100000000005821,0.5521744470863071,irregular,VERIFIED_FROM_FILE
Unsynchronised V and S Dataset/Uncategorised IOVNB (V and S) Dataset/V-Dataset/V-Vfa01.csv,time_of_day_s,10.00000000014552,exact,0.09999999999854481,0.10000000000000013,2.9104776654407343e-12,0.09999999999854481,0.10000000000582077,2.9104776654407307e-11,stable,VERIFIED_FROM_FILE
Unsynchronised V and S Dataset/Uncategorised IOVNB (V and S) Dataset/V-Dataset/V-Vfa02.csv,time_of_day_s,10.00000000014552,exact,0.09999999999854481,0.10000000000000002,5.43309786606368e-06,0.09900000000197906,0.10100000000238651,5.433097866063679e-05,stable,VERIFIED_FROM_FILE
Unsynchronised V and S Dataset/Uncategorised IOVNB (V and S) Dataset/V-Dataset/V-Vfb01a.csv,time_of_day_s,10.00000000014552,exact,0.09999999999854481,0.10000000000000009,1.0846841883136452e-05,0.09900000000197906,0.10099999999511056,0.00010846841883136443,stable,VERIFIED_FROM_FILE
Unsynchronised V and S Dataset/Uncategorised IOVNB (V and S) Dataset/V-Dataset/V-Vfb01b.csv,time_of_day_s,10.00000000014552,exact,0.09999999999854481,0.10000000000000038,2.9106643674398654e-12,0.09999999999854481,0.10000000000582077,2.910664367439854e-11,stable,VERIFIED_FROM_FILE
Unsynchronised V and S Dataset/Uncategorised IOVNB (V and S) Dataset/V-Dataset/V-Vfb01c.csv,time_of_day_s,10.00000000014552,exact,0.09999999999854481,0.10000000000000023,2.9105557476355455e-12,0.09999999999854481,0.10000000000582077,2.9105557476355386e-11,stable,VERIFIED_FROM_FILE
Unsynchronised V and S Dataset/Uncategorised IOVNB (V and S) Dataset/V-Dataset/V-Vfb01d.csv,time_of_day_s,10.00000000014552,exact,0.09999999999854481,0.10000000000000041,2.910688656520115e-12,0.09999999999854481,0.10000000000582077,2.910688656520103e-11,stable,VERIFIED_FROM_FILE
Unsynchronised V and S Dataset/Uncategorised IOVNB (V and S) Dataset/V-Dataset/V-Vfb02a.csv,time_of_day_s,9.999999999417923,exact,0.10000000000582077,0.10000000000000005,7.457807862277386e-06,0.09900000001653098,0.10099999999511056,7.457807862277382e-05,stable,VERIFIED_FROM_FILE
Unsynchronised V and S Dataset/Uncategorised IOVNB (V and S) Dataset/V-Dataset/V-Vfb02b.csv,time_of_day_s,9.999999999417923,exact,0.10000000000582077,0.1000000000000008,7.128791335510054e-12,0.09999999999126885,0.10000000000582077,7.128791335509997e-11,stable,VERIFIED_FROM_FILE
Unsynchronised V and S Dataset/Uncategorised IOVNB (V and S) Dataset/V-Dataset/V-Vfb02c.csv,time_of_day_s,9.999999999417923,exact,0.10000000000582077,0.10000000000001366,7.126150667198494e-12,0.09999999999126885,0.10000000000582077,7.126150667197521e-11,stable,VERIFIED_FROM_FILE
Unsynchronised V and S Dataset/Uncategorised IOVNB (V and S) Dataset/V-Dataset/V-Vfb02d.csv,time_of_day_s,9.999999999417923,exact,0.10000000000582077,0.10000000000000993,7.126918632588103e-12,0.09999999999126885,0.10000000000582077,7.126918632587395e-11,stable,VERIFIED_FROM_FILE
Unsynchronised V and S Dataset/Uncategorised IOVNB (V and S) Dataset/V-Dataset/V-Vfb02e.csv,time_of_day_s,9.999999999417923,exact,0.10000000000582077,0.10000000000000892,7.127127137280755e-12,0.09999999999126885,0.10000000000582077,7.12712713728012e-11,stable,VERIFIED_FROM_FILE
Unsynchronised V and S Dataset/Uncategorised IOVNB (V and S) Dataset/V-Dataset/V-Vfb02f.csv,time_of_day_s,9.999999999417923,exact,0.10000000000582077,0.10000000000001324,7.126236129627624e-12,0.09999999999126885,0.10000000000582077,7.12623612962668e-11,stable,VERIFIED_FROM_FILE
Unsynchronised V and S Dataset/Uncategorised IOVNB (V and S) Dataset/V-Dataset/V-Vfb02g.csv,time_of_day_s,9.999999999417923,exact,0.10000000000582077,0.1000000000000001,7.128931542175578e-12,0.09999999999126885,0.10000000000582077,7.128931542175571e-11,stable,VERIFIED_FROM_FILE
Unsynchronised V and S Dataset/Uncategorised IOVNB (V and S) Dataset/V-Dataset/V-Vta10.csv,time_of_day_s,10.00000000014552,exact,0.09999999999854481,0.10000000000000092,2.911078413071436e-12,0.09999999999854481,0.10000000000582077,2.911078413071409e-11,stable,VERIFIED_FROM_FILE
Unsynchronised V and S Dataset/Uncategorised IOVNB (V and S) Dataset/V-Dataset/V-Vta11.csv,time_of_day_s,10.00000000014552,exact,0.09999999999854481,0.10000000000000495,2.9140887009589917e-12,0.09999999999854481,0.10000000000582077,2.9140887009588475e-11,stable,VERIFIED_FROM_FILE
Unsynchronised V and S Dataset/Uncategorised IOVNB (V and S) Dataset/V-Dataset/V-Vta12.csv,time_of_day_s,10.00000000014552,exact,0.09999999999854481,0.10000000000000211,2.9119658745244998e-12,0.09999999999854481,0.10000000000582077,2.911965874524438e-11,stable,VERIFIED_FROM_FILE
Unsynchronised V and S Dataset/Uncategorised IOVNB (V and S) Dataset/V-Dataset/V-Vta13.csv,time_of_day_s,10.00000000014552,exact,0.09999999999854481,0.10000000000000925,2.91729696065017e-12,0.09999999999854481,0.10000000000582077,2.9172969606499006e-11,stable,VERIFIED_FROM_FILE
Unsynchronised V and S Dataset/Uncategorised IOVNB (V and S) Dataset/V-Dataset/V-Vta14.csv,time_of_day_s,10.00000000014552,exact,0.09999999999854481,0.1000000000000015,2.911514585314224e-12,0.09999999999854481,0.10000000000582077,2.91151458531418e-11,stable,VERIFIED_FROM_FILE
Unsynchronised V and S Dataset/Uncategorised IOVNB (V and S) Dataset/V-Dataset/V-Vta15.csv,time_of_day_s,10.00000000014552,exact,0.09999999999854481,0.09999999999999497,2.906604148802361e-12,0.09999999999854481,0.10000000000582077,2.9066041488025073e-11,stable,VERIFIED_FROM_FILE
Unsynchronised V and S Dataset/Uncategorised IOVNB (V and S) Dataset/V-Dataset/V-Vta16.csv,time_of_day_s,10.00000000014552,exact,0.09999999999854481,0.1,1.3268622313560374e-05,0.09900000000197906,0.10100000000238651,0.00013268622313560374,stable,VERIFIED_FROM_FILE
Unsynchronised V and S Dataset/Uncategorised IOVNB (V and S) Dataset/V-Dataset/V-Vta17.csv,time_of_day_s,10.00000000014552,exact,0.09999999999854481,0.10000000000000063,2.91085818008038e-12,0.09999999999854481,0.10000000000582077,2.910858180080362e-11,stable,VERIFIED_FROM_FILE
Unsynchronised V and S Dataset/Uncategorised IOVNB (V and S) Dataset/V-Dataset/V-Vta18.csv,time_of_day_s,10.00000000014552,exact,0.09999999999854481,0.1000000000000147,2.921349444595324e-12,0.09999999999854481,0.10000000000582077,2.921349444594894e-11,stable,VERIFIED_FROM_FILE
Unsynchronised V and S Dataset/Uncategorised IOVNB (V and S) Dataset/V-Dataset/V-Vta19.csv,time_of_day_s,10.00000000014552,exact,0.09999999999854481,0.10000000000000471,2.91390911776803e-12,0.09999999999854481,0.10000000000582077,2.9139091177678926e-11,stable,VERIFIED_FROM_FILE
Unsynchronised V and S Dataset/Uncategorised IOVNB (V and S) Dataset/V-Dataset/V-Vta1a.csv,time_of_day_s,10.00000000014552,exact,0.09999999999854481,0.1,2.9103830456786644e-12,0.09999999999854481,0.10000000000582077,2.910383045678664e-11,stable,VERIFIED_FROM_FILE
Unsynchronised V and S Dataset/Uncategorised IOVNB (V and S) Dataset/V-Dataset/V-Vta1b.csv,time_of_day_s,10.00000000014552,exact,0.09999999999854481,0.1,2.9103830456786644e-12,0.09999999999854481,0.10000000000582077,2.910383045678664e-11,stable,VERIFIED_FROM_FILE
Unsynchronised V and S Dataset/Uncategorised IOVNB (V and S) Dataset/V-Dataset/V-Vta2.csv,time_of_day_s,10.00000000014552,exact,0.09999999999854481,0.10000000000000013,2.9104823127232843e-12,0.09999999999854481,0.10000000000582077,2.9104823127232806e-11,stable,VERIFIED_FROM_FILE
Unsynchronised V and S Dataset/Uncategorised IOVNB (V and S) Dataset/V-Dataset/V-Vta20.csv,time_of_day_s,10.00000000014552,exact,0.09999999999854481,0.0999999999999991,2.909705363142567e-12,0.09999999999854481,0.10000000000582077,2.909705363142593e-11,stable,VERIFIED_FROM_FILE
Unsynchronised V and S Dataset/Uncategorised IOVNB (V and S) Dataset/V-Dataset/V-Vta21.csv,time_of_day_s,10.00000000014552,exact,0.09999999999854481,0.0999999999999986,2.9093366263387804e-12,0.09999999999854481,0.10000000000582077,2.909336626338821e-11,stable,VERIFIED_FROM_FILE
Unsynchronised V and S Dataset/Uncategorised IOVNB (V and S) Dataset/V-Dataset/V-Vta22.csv,time_of_day_s,10.00000000014552,exact,0.09999999999854481,0.09999999999999908,2.909688102607199e-12,0.09999999999854481,0.10000000000582077,2.909688102607226e-11,stable,VERIFIED_FROM_FILE
Unsynchronised V and S Dataset/Uncategorised IOVNB (V and S) Dataset/V-Dataset/V-Vta23.csv,time_of_day_s,10.00000000014552,exact,0.09999999999854481,0.09999999999999609,2.9074503430946893e-12,0.09999999999854481,0.10000000000582077,2.907450343094803e-11,stable,VERIFIED_FROM_FILE
Unsynchronised V and S Dataset/Uncategorised IOVNB (V and S) Dataset/V-Dataset/V-Vta24.csv,time_of_day_s,10.00000000014552,exact,0.09999999999854481,0.10000000000000246,2.9122265507393004e-12,0.09999999999854481,0.10000000000582077,2.9122265507392285e-11,stable,VERIFIED_FROM_FILE
Unsynchronised V and S Dataset/Uncategorised IOVNB (V and S) Dataset/V-Dataset/V-Vta25.csv,time_of_day_s,10.00000000014552,exact,0.09999999999854481,0.1,2.9103830456786644e-12,0.09999999999854481,0.10000000000582077,2.910383045678664e-11,stable,VERIFIED_FROM_FILE
Unsynchronised V and S Dataset/Uncategorised IOVNB (V and S) Dataset/V-Dataset/V-Vta26.csv,time_of_day_s,10.00000000014552,exact,0.09999999999854481,0.09999999999999926,2.9098220560551004e-12,0.09999999999854481,0.10000000000582077,2.909822056055122e-11,stable,VERIFIED_FROM_FILE
Unsynchronised V and S Dataset/Uncategorised IOVNB (V and S) Dataset/V-Dataset/V-Vta27.csv,time_of_day_s,10.00000000014552,exact,0.09999999999854481,0.10000000000000153,2.9115304467385614e-12,0.09999999999854481,0.10000000000582077,2.9115304467385166e-11,stable,VERIFIED_FROM_FILE
Unsynchronised V and S Dataset/Uncategorised IOVNB (V and S) Dataset/V-Dataset/V-Vta28.csv,time_of_day_s,10.00000000014552,exact,0.09999999999854481,0.10000000000000069,2.9109004113297546e-12,0.09999999999854481,0.10000000000582077,2.910900411329735e-11,stable,VERIFIED_FROM_FILE
Unsynchronised V and S Dataset/Uncategorised IOVNB (V and S) Dataset/V-Dataset/V-Vta29.csv,time_of_day_s,10.00000000014552,exact,0.09999999999854481,0.09999999999999994,9.179335243795931e-06,0.09900000000197906,0.10100000000238651,9.179335243795937e-05,stable,VERIFIED_FROM_FILE
Unsynchronised V and S Dataset/Uncategorised IOVNB (V and S) Dataset/V-Dataset/V-Vta3.csv,time_of_day_s,10.00000000014552,exact,0.09999999999854481,0.10000000000000167,2.91163103599814e-12,0.09999999999854481,0.10000000000582077,2.911631035998091e-11,stable,VERIFIED_FROM_FILE
Unsynchronised V and S Dataset/Uncategorised IOVNB (V and S) Dataset/V-Dataset/V-Vta30.csv,time_of_day_s,10.00000000014552,exact,0.09999999999854481,0.10000000000000017,2.9105101067368008e-12,0.09999999999854481,0.10000000000582077,2.910510106736796e-11,stable,VERIFIED_FROM_FILE
Unsynchronised V and S Dataset/Uncategorised IOVNB (V and S) Dataset/V-Dataset/V-Vta4.csv,time_of_day_s,10.00000000014552,exact,0.09999999999854481,0.09999999999999759,2.90857053888421e-12,0.09999999999854481,0.10000000000582077,2.90857053888428e-11,stable,VERIFIED_FROM_FILE
Unsynchronised V and S Dataset/Uncategorised IOVNB (V and S) Dataset/V-Dataset/V-Vta5.csv,time_of_day_s,10.00000000014552,exact,0.09999999999854481,0.10000000000001635,2.922574432883577e-12,0.09999999999854481,0.10000000000582077,2.9225744328830994e-11,stable,VERIFIED_FROM_FILE
Unsynchronised V and S Dataset/Uncategorised IOVNB (V and S) Dataset/V-Dataset/V-Vta6.csv,time_of_day_s,10.00000000014552,exact,0.09999999999854481,0.10000000000000314,2.9127325490350293e-12,0.09999999999854481,0.10000000000582077,2.912732549034938e-11,stable,VERIFIED_FROM_FILE
Unsynchronised V and S Dataset/Uncategorised IOVNB (V and S) Dataset/V-Dataset/V-Vta7.csv,time_of_day_s,10.00000000014552,exact,0.09999999999854481,0.0999999999999983,2.9091072769916073e-12,0.09999999999854481,0.10000000000582077,2.9091072769916568e-11,stable,VERIFIED_FROM_FILE
Unsynchronised V and S Dataset/Uncategorised IOVNB (V and S) Dataset/V-Dataset/V-Vta8.csv,time_of_day_s,10.00000000014552,exact,0.09999999999854481,0.0999999999999996,2.9100877135715237e-12,0.09999999999854481,0.10000000000582077,2.9100877135715352e-11,stable,VERIFIED_FROM_FILE
Unsynchronised V and S Dataset/Uncategorised IOVNB (V and S) Dataset/V-Dataset/V-Vta9.csv,time_of_day_s,10.00000000014552,exact,0.09999999999854481,0.1,2.9103830456786644e-12,0.09999999999854481,0.10000000000582077,2.910383045678664e-11,stable,VERIFIED_FROM_FILE
Unsynchronised V and S Dataset/Uncategorised IOVNB (V and S) Dataset/V-Dataset/V-Vtb1.csv,time_of_day_s,10.00000000014552,exact,0.09999999999854481,0.09999999999999987,7.849719173107635e-06,0.09900000000197906,0.10100000000238651,7.849719173107645e-05,stable,VERIFIED_FROM_FILE
Unsynchronised V and S Dataset/Uncategorised IOVNB (V and S) Dataset/V-Dataset/V-Vtb10.csv,time_of_day_s,9.999999999417923,exact,0.10000000000582077,0.10000000000004501,7.119618446642111e-12,0.09999999999126885,0.10000000000582077,7.119618446638907e-11,stable,VERIFIED_FROM_FILE
Unsynchronised V and S Dataset/Uncategorised IOVNB (V and S) Dataset/V-Dataset/V-Vtb11.csv,time_of_day_s,9.999999999417923,exact,0.10000000000582077,0.10000000000002694,7.123399586185279e-12,0.09999999999126885,0.10000000000582077,7.12339958618336e-11,stable,VERIFIED_FROM_FILE
Unsynchronised V and S Dataset/Uncategorised IOVNB (V and S) Dataset/V-Dataset/V-Vtb12.csv,time_of_day_s,9.999999999417923,exact,0.10000000000582077,0.10000000000001785,7.125285455250126e-12,0.09999999999126885,0.10000000000582077,7.125285455248854e-11,stable,VERIFIED_FROM_FILE
Unsynchronised V and S Dataset/Uncategorised IOVNB (V and S) Dataset/V-Dataset/V-Vtb13.csv,time_of_day_s,9.999999999417923,exact,0.10000000000582077,0.09999999999999531,7.129906930291503e-12,0.09999999999126885,0.10000000000582077,7.129906930291836e-11,stable,VERIFIED_FROM_FILE
Unsynchronised V and S Dataset/Uncategorised IOVNB (V and S) Dataset/V-Dataset/V-Vtb2.csv,time_of_day_s,10.00000000014552,exact,0.09999999999854481,0.10001751313485088,0.0013232561260465,0.09999999999854481,0.19999999999708962,0.013230244229951907,stable,VERIFIED_FROM_FILE
Unsynchronised V and S Dataset/Uncategorised IOVNB (V and S) Dataset/V-Dataset/V-Vtb3.csv,time_of_day_s,10.00000000014552,exact,0.09999999999854481,0.09999999999999948,2.909987920402806e-12,0.09999999999854481,0.10000000000582077,2.909987920402821e-11,stable,VERIFIED_FROM_FILE
Unsynchronised V and S Dataset/Uncategorised IOVNB (V and S) Dataset/V-Dataset/V-Vtb4.csv,time_of_day_s,10.00000000014552,exact,0.09999999999854481,0.10000000000000234,2.9121306149673634e-12,0.09999999999854481,0.10000000000582077,2.912130614967295e-11,stable,VERIFIED_FROM_FILE
Unsynchronised V and S Dataset/Uncategorised IOVNB (V and S) Dataset/V-Dataset/V-Vtb5.csv,time_of_day_s,10.00000000014552,exact,0.09999999999854481,0.09999999999999991,5.563761286868395e-06,0.09900000000197906,0.10100000000238651,5.5637612868684e-05,stable,VERIFIED_FROM_FILE
Unsynchronised V and S Dataset/Uncategorised IOVNB (V and S) Dataset/V-Dataset/V-Vtb6.csv,time_of_day_s,9.999999999417923,exact,0.10000000000582077,0.09999999999999426,7.1301227652338666e-12,0.09999999999126885,0.10000000000582077,7.130122765234276e-11,stable,VERIFIED_FROM_FILE
Unsynchronised V and S Dataset/Uncategorised IOVNB (V and S) Dataset/V-Dataset/V-Vtb7.csv,time_of_day_s,9.999999999417923,exact,0.10000000000582077,0.1,7.128953417949148e-12,0.09999999999126885,0.10000000000582077,7.128953417949147e-11,stable,VERIFIED_FROM_FILE
Unsynchronised V and S Dataset/Uncategorised IOVNB (V and S) Dataset/V-Dataset/V-Vtb8.csv,time_of_day_s,9.999999999417923,exact,0.10000000000582077,0.10000000000000417,7.1281010309308e-12,0.09999999999126885,0.10000000000582077,7.128101030930502e-11,stable,VERIFIED_FROM_FILE
Unsynchronised V and S Dataset/Uncategorised IOVNB (V and S) Dataset/V-Dataset/V-Vtb9.csv,time_of_day_s,9.999999999417923,exact,0.10000000000582077,0.09999999999998085,7.132835065358458e-12,0.09999999999126885,0.10000000000582077,7.132835065359823e-11,stable,VERIFIED_FROM_FILE
Unsynchronised V and S Dataset/Uncategorised IOVNB (V and S) Dataset/V-Dataset/V-Vw1.csv,time_of_day_s,10.00000000014552,exact,0.09999999999854481,0.10000000000000007,2.910436350642183e-12,0.09999999999854481,0.10000000000582077,2.910436350642181e-11,stable,VERIFIED_FROM_FILE
Unsynchronised V and S Dataset/Uncategorised IOVNB (V and S) Dataset/V-Dataset/V-Vw10.csv,time_of_day_s,10.00000000014552,exact,0.09999999999854481,0.10000000000000217,2.9120131569485046e-12,0.09999999999854481,0.10000000000582077,2.912013156948441e-11,stable,VERIFIED_FROM_FILE
Unsynchronised V and S Dataset/Uncategorised IOVNB (V and S) Dataset/V-Dataset/V-Vw11.csv,time_of_day_s,10.00000000014552,exact,0.09999999999854481,0.10000000000000059,2.910826337467207e-12,0.09999999999854481,0.10000000000582077,2.91082633746719e-11,stable,VERIFIED_FROM_FILE
Unsynchronised V and S Dataset/Uncategorised IOVNB (V and S) Dataset/V-Dataset/V-Vw12.csv,time_of_day_s,10.00000000014552,exact,0.09999999999854481,0.10000000000000273,2.912424861975421e-12,0.09999999999854481,0.10000000000582077,2.912424861975342e-11,stable,VERIFIED_FROM_FILE
Unsynchronised V and S Dataset/Uncategorised IOVNB (V and S) Dataset/V-Dataset/V-Vw13.csv,time_of_day_s,10.00000000014552,exact,0.09999999999854481,0.09999999999999508,2.9066894089678124e-12,0.09999999999854481,0.10000000000582077,2.9066894089679555e-11,stable,VERIFIED_FROM_FILE
Unsynchronised V and S Dataset/Uncategorised IOVNB (V and S) Dataset/V-Dataset/V-Vw14a.csv,time_of_day_s,10.00000000014552,exact,0.09999999999854481,0.10000000000000046,2.9107306763124566e-12,0.09999999999854481,0.10000000000582077,2.910730676312443e-11,stable,VERIFIED_FROM_FILE
Unsynchronised V and S Dataset/Uncategorised IOVNB (V and S) Dataset/V-Dataset/V-Vw14b.csv,time_of_day_s,10.00000000014552,exact,0.09999999999854481,0.10000000000000007,1.010178311266719e-05,0.09900000000197906,0.10099999999511056,0.00010101783112667182,stable,VERIFIED_FROM_FILE
Unsynchronised V and S Dataset/Uncategorised IOVNB (V and S) Dataset/V-Dataset/V-Vw14c.csv,time_of_day_s,10.00000000014552,exact,0.09999999999854481,0.09999999999999991,2.910314211825447e-12,0.09999999999854481,0.10000000000582077,2.9103142118254496e-11,stable,VERIFIED_FROM_FILE
Unsynchronised V and S Dataset/Uncategorised IOVNB (V and S) Dataset/V-Dataset/V-Vw15.csv,time_of_day_s,10.00000000014552,exact,0.09999999999854481,0.1,2.9103830456786644e-12,0.09999999999854481,0.10000000000582077,2.910383045678664e-11,stable,VERIFIED_FROM_FILE
Unsynchronised V and S Dataset/Uncategorised IOVNB (V and S) Dataset/V-Dataset/V-Vw16a.csv,time_of_day_s,10.00000000014552,exact,0.09999999999854481,0.09999999999999903,2.909655075844229e-12,0.09999999999854481,0.10000000000582077,2.909655075844257e-11,stable,VERIFIED_FROM_FILE
Unsynchronised V and S Dataset/Uncategorised IOVNB (V and S) Dataset/V-Dataset/V-Vw16b.csv,time_of_day_s,10.00000000014552,exact,0.09999999999854481,0.1,2.9103830456786644e-12,0.09999999999854481,0.10000000000582077,2.910383045678664e-11,stable,VERIFIED_FROM_FILE
Unsynchronised V and S Dataset/Uncategorised IOVNB (V and S) Dataset/V-Dataset/V-Vw17.csv,time_of_day_s,10.00000000014552,exact,0.09999999999854481,0.10000000000000887,2.917016798568932e-12,0.09999999999854481,0.10000000000582077,2.917016798568673e-11,stable,VERIFIED_FROM_FILE
Unsynchronised V and S Dataset/Uncategorised IOVNB (V and S) Dataset/V-Dataset/V-Vw2.csv,time_of_day_s,10.00000000014552,exact,0.09999999999854481,0.09999999999999998,6.159768233484157e-06,0.0989999999947031,0.10100000000238651,6.159768233484158e-05,stable,VERIFIED_FROM_FILE
Unsynchronised V and S Dataset/Uncategorised IOVNB (V and S) Dataset/V-Dataset/V-Vw3.csv,time_of_day_s,10.00000000014552,exact,0.09999999999854481,0.1,2.9103830456786644e-12,0.09999999999854481,0.10000000000582077,2.910383045678664e-11,stable,VERIFIED_FROM_FILE
Unsynchronised V and S Dataset/Uncategorised IOVNB (V and S) Dataset/V-Dataset/V-Vw4.csv,time_of_day_s,10.00000000014552,exact,0.09999999999854481,0.10000000000000003,5.621615951958631e-06,0.09900000000197906,0.10099999999511056,5.6216159519586287e-05,stable,VERIFIED_FROM_FILE
Unsynchronised V and S Dataset/Uncategorised IOVNB (V and S) Dataset/V-Dataset/V-Vw5.csv,time_of_day_s,10.00000000014552,exact,0.09999999999854481,0.1000000000000014,2.911422942680503e-12,0.09999999999854481,0.10000000000582077,2.911422942680463e-11,stable,VERIFIED_FROM_FILE
Unsynchronised V and S Dataset/Uncategorised IOVNB (V and S) Dataset/V-Dataset/V-Vw6.csv,time_of_day_s,10.00000000014552,exact,0.09999999999854481,0.10000000000000339,2.91292400086507e-12,0.09999999999854481,0.10000000000582077,2.912924000864971e-11,stable,VERIFIED_FROM_FILE
Unsynchronised V and S Dataset/Uncategorised IOVNB (V and S) Dataset/V-Dataset/V-Vw7.csv,time_of_day_s,10.00000000014552,exact,0.09999999999854481,0.10000000000000173,2.911675368471532e-12,0.09999999999854481,0.10000000000582077,2.9116753684714816e-11,stable,VERIFIED_FROM_FILE
Unsynchronised V and S Dataset/Uncategorised IOVNB (V and S) Dataset/V-Dataset/V-Vw8.csv,time_of_day_s,10.00000000014552,exact,0.09999999999854481,0.10000000000000182,2.9117481051783115e-12,0.09999999999854481,0.10000000000582077,2.9117481051782584e-11,stable,VERIFIED_FROM_FILE
Unsynchronised V and S Dataset/Uncategorised IOVNB (V and S) Dataset/V-Dataset/V-Vw9.csv,time_of_day_s,10.00000000014552,exact,0.09999999999854481,0.1,2.9103830456786644e-12,0.09999999999854481,0.10000000000582077,2.910383045678664e-11,stable,VERIFIED_FROM_FILE
Unsynchronised V and S Dataset/Uncategorised IOVNB (V and S) Dataset/V-Dataset/V-Y1.csv,time_of_day_s,10.00000000014552,exact,0.09999999999854481,0.10907591697469436,1.7372946146239123,0.09900000001653098,384.6000000000058,15.927389499067562,severely_irregular,VERIFIED_FROM_FILE
Unsynchronised V and S Dataset/Uncategorised IOVNB (V and S) Dataset/V-Dataset/V-Y2.csv,time_of_day_s,10.00000000014552,exact,0.09999999999854481,0.09999999999999995,2.910344892366041e-12,0.09999999999854481,0.10000000000582077,2.9103448923660424e-11,stable,VERIFIED_FROM_FILE
