source_file,session_id,stream,dataset_family,payload_hash,segment_id,segment_index,start_row,end_row,row_count,start_time_s,end_time_s,duration_s,gap_before_s,median_interval_s,measured_rate_hz,segmentation_reason,is_short
Synchronised V abd S datasets/Categorised IOVNB Dataset/M (Driver B)/S-M.csv,M,smartphone,synchronized_categorized,71453d0af0d336bf4cc25e548f4ec4c75e83eba8b2a224604280510049d09587,71453d0af0d3:000,0,0,105973,105974,1567847609.5059998,1567858209.129,10599.623000144958,,0.09999990463256836,10.000009536752259,first segment of file,False
Synchronised V abd S datasets/Categorised IOVNB Dataset/M (Driver B)/V-M.csv,M,vehicle,synchronized_categorized,23f0904d08a74f8eae2f689349079659e8a0b71717fc2898eea541780a61ef14,23f0904d08a7:000,0,0,105973,105974,29608.4,40205.7,10597.299999999996,,0.09999999999854481,10.00000000014552,first segment of file,False
Synchronised V abd S datasets/Categorised IOVNB Dataset/S (Driver A)/S1/S-S1.csv,S1,smartphone,synchronized_categorized,b15d7dcaa47b1d92805048eb66121567075f37a26314ecabf33e09898ac95dab,b15d7dcaa47b:000,0,0,51745,51746,1567937269.5459998,1567942444.0449998,5174.499000072479,,0.09999990463256836,10.000009536752259,first segment of file,False
Synchronised V abd S datasets/Categorised IOVNB Dataset/S (Driver A)/S1/V-S1.csv,S1,vehicle,synchronized_categorized,8e59eda9fa0601b1f8243aef2526346092ee0f0607570aaaf3cc97e61f7b193f,8e59eda9fa06:000,0,0,51745,51746,32869.0,38043.5,5174.5,,0.09999999999854481,10.00000000014552,first segment of file,False
Synchronised V abd S datasets/Categorised IOVNB Dataset/S (Driver A)/S2/S-S2.csv,S2,smartphone,synchronized_categorized,5851902ce5d4f82f900d082e082d2fc43deac3d4f8f128d1193e6a353970f22d,5851902ce5d4:000,0,0,93875,93876,1567944231.741,1567953620.349,9388.608000040054,,0.09999990463256836,10.000009536752259,first segment of file,False
Synchronised V abd S datasets/Categorised IOVNB Dataset/S (Driver A)/S2/V-S2.csv,S2,vehicle,synchronized_categorized,492b2b5443566cf77f57c729b9dfed8b8533d60c0f02ee4a8d5dc6205e8e94ec,492b2b544356:000,0,0,93875,93876,39824.4,49211.9,9387.5,,0.09999999999854481,10.00000000014552,first segment of file,False
Synchronised V abd S datasets/Categorised IOVNB Dataset/S (Driver A)/S3a/S-S3a.csv,S3A,smartphone,synchronized_categorized,274a8da537e3c3794e8e39760ed6667c673b0671c86752f1eb3782d8561582d4,274a8da537e3:000,0,0,24620,24621,1567624911.4940002,1567627373.4940002,2462.0,,0.09999990463256836,10.000009536752259,first segment of file,False
Synchronised V abd S datasets/Categorised IOVNB Dataset/S (Driver A)/S3a/V-S3a.csv,S3A,vehicle,synchronized_categorized,97e24d298e0c300746994304e40071b074ebbddb7c3865a442d5caef279dfed4,97e24d298e0c:000,0,0,24620,24621,66118.0,68580.0,2462.0,,0.10000000000582077,9.999999999417923,first segment of file,False
Synchronised V abd S datasets/Categorised IOVNB Dataset/S (Driver A)/S3b/S-S3b.csv,S3B,smartphone,synchronized_categorized,5b2fbe40e507e9813d47413517e5392fcd36885aa9efa4f5b4afa8b3e0d38b58,5b2fbe40e507:000,0,0,6812,6813,1567627383.493,1567628069.021,685.5279998779297,,0.09999990463256836,10.000009536752259,first segment of file,False
Synchronised V abd S datasets/Categorised IOVNB Dataset/S (Driver A)/S3b/V-S3b.csv,S3B,vehicle,synchronized_categorized,0de2ff37232feaa0c59896f5c53151efda817c8311f74756c079260a2a491ac7,0de2ff37232f:000,0,0,6812,6813,68582.8,69264.0,681.1999999999971,,0.10000000000582077,9.999999999417923,first segment of file,False
Synchronised V abd S datasets/Categorised IOVNB Dataset/S (Driver A)/S3c/S-S3c.csv,S3C,smartphone,synchronized_categorized,45a91123027b3f299865b7721e13300380b8de948c6360951a78cd3ef1d26db9,45a91123027b:000,0,0,37182,37183,1567628068.521,1567631786.72,3718.199000120163,,0.09999990463256836,10.000009536752259,first segment of file,False
Synchronised V abd S datasets/Categorised IOVNB Dataset/S (Driver A)/S3c/V-S3c.csv,S3C,vehicle,synchronized_categorized,86d8c37c03bbab93004dabb1712cbf67c9ec13194d2061adcd28a93f457bc8b9,86d8c37c03bb:000,0,0,37182,37183,69267.8,72986.0,3718.199999999997,,0.10000000000582077,9.999999999417923,first segment of file,False
Synchronised V abd S datasets/Categorised IOVNB Dataset/S (Driver A)/S4/S-S4.csv,S4,smartphone,synchronized_categorized,4a3b9065b673c57492bc3668afe3bf3d5fcac1eb7bb6ba9e3d3a54b9dba53d93,4a3b9065b673:000,0,0,35185,35186,1567793775.111,1567797293.611,3518.5,,0.09999990463256836,10.000009536752259,first segment of file,False
Synchronised V abd S datasets/Categorised IOVNB Dataset/S (Driver A)/S4/S-S4.csv,S4,smartphone,synchronized_categorized,4a3b9065b673c57492bc3668afe3bf3d5fcac1eb7bb6ba9e3d3a54b9dba53d93,4a3b9065b673:001,1,35186,94599,59414,1567797605.753,1567803548.216,5942.463000059128,312.1419999599457,0.09999990463256836,10.000009536752259,"forward gap of 312.1s exceeds threshold 10.0s (max(100.0x median interval 0.1000s, 10.0s))",False
Synchronised V abd S datasets/Categorised IOVNB Dataset/S (Driver A)/S4/V-S4.csv,S4,vehicle,synchronized_categorized,12044e2b839a9871d7e2608beabde9f7f1cf1e36ef1ae83739b2a4192f9cb05f,12044e2b839a:000,0,0,94599,94600,62173.4,71633.3,9459.900000000001,,0.09999999999854481,10.00000000014552,first segment of file,False
Synchronised V abd S datasets/Categorised IOVNB Dataset/Vf (Driver E)/V-Vfa01/S-Vfa01.csv,VFA01,smartphone,synchronized_categorized,c743ad854bd5fd6419fd12506ca1171f9a41ee25c991bd8d5697fc852644352c,c743ad854bd5:000,0,0,11485,11486,1573204826.236,1573205974.736,1148.5,,0.09999990463256836,10.000009536752259,first segment of file,False
Synchronised V abd S datasets/Categorised IOVNB Dataset/Vf (Driver E)/V-Vfa01/V-Vfa01.csv,VFA01,vehicle,synchronized_categorized,e690a419193d8d79892553606826ba703b7c6ccd4231c7febaf64e0d4333c63b,e690a419193d:000,0,0,11534,11535,33622.0,34775.4,1153.4000000000015,,0.09999999999854481,10.00000000014552,first segment of file,False
Synchronised V abd S datasets/Categorised IOVNB Dataset/Vf (Driver E)/V-Vfa02/S-Vfa02.csv,VFA02,smartphone,synchronized_categorized,65348172ad4eb61777bdee119ab5e88c558bf648df53a514e11d17a571d3b556,65348172ad4e:000,0,0,67522,67523,1573207037.649,1573213789.85,6752.2009999752045,,0.09999990463256836,10.000009536752259,first segment of file,False
Synchronised V abd S datasets/Categorised IOVNB Dataset/Vf (Driver E)/V-Vfa02/V-Vfa02.csv,VFA02,vehicle,synchronized_categorized,85b9631ca6a8ce0cadc79ab32f581d28eaec3186a86ee2fc5a2af88766af8f29,85b9631ca6a8:000,0,0,67754,67755,35829.9,42605.3,6775.4000000000015,,0.09999999999854481,10.00000000014552,first segment of file,False
Synchronised V abd S datasets/Categorised IOVNB Dataset/Vta (Driver E)/Vta01a/S-Vta1a.csv,VTA1A,smartphone,synchronized_categorized,25e382fbbc3403530e5faa5aad1ac1ef18676ed50319827bf2f7c2d782f5491c,25e382fbbc34:000,0,0,25675,25676,1573036907.3630002,1573039474.8620002,2567.4990000724792,,0.09999990463256836,10.000009536752259,first segment of file,False
Synchronised V abd S datasets/Categorised IOVNB Dataset/Vta (Driver E)/Vta01a/V-Vta1a.csv,VTA1A,vehicle,synchronized_categorized,4b09e133584bf61221884b76e95004a96ce700d7eda5a9955ce802388d8f4fa8,4b09e133584b:000,0,0,25675,25676,38521.0,41088.5,2567.5,,0.09999999999854481,10.00000000014552,first segment of file,False
Synchronised V abd S datasets/Categorised IOVNB Dataset/Vta (Driver E)/Vta01b/S-Vta1b.csv,VTA1B,smartphone,synchronized_categorized,b98958cc351eaee53bcc39d28bce3516fde4031935b666d6ef4ab2bed7a6138b,b98958cc351e:000,0,0,953,954,1573039489.463,1573039584.763,95.29999995231628,,0.09999990463256836,10.000009536752259,first segment of file,False
Synchronised V abd S datasets/Categorised IOVNB Dataset/Vta (Driver E)/Vta01b/V-Vta1b.csv,VTA1B,vehicle,synchronized_categorized,83c6ad5afbbc7b0aa36df623b5fd2de18716b97e212807954b0f4da966ec2ac1,83c6ad5afbbc:000,0,0,952,953,41089.0,41184.2,95.19999999999709,,0.09999999999854481,10.00000000014552,first segment of file,False
Synchronised V abd S datasets/Categorised IOVNB Dataset/Vta (Driver E)/Vta02/S-Vta2.csv,VTA2,smartphone,synchronized_categorized,7bd4640e4db3bbec3754091908b245d4d93888469451483ee214bd3f8b92d5fe,7bd4640e4db3:000,0,0,10990,10991,1573039591.2649999,1573040690.263,1098.9980001449585,,0.09999990463256836,10.000009536752259,first segment of file,False
Synchronised V abd S datasets/Categorised IOVNB Dataset/Vta (Driver E)/Vta02/V-vta2.csv,VTA2,vehicle,synchronized_categorized,5fb5a864e5a6fa71445b7b0425bfabef3685ad6d178a8a39b34f2c4cc4bc1a0e,5fb5a864e5a6:000,0,0,10990,10991,41190.3,42289.3,1099.0,,0.09999999999854481,10.00000000014552,first segment of file,False
Synchronised V abd S datasets/Categorised IOVNB Dataset/Vta (Driver E)/Vta03/S-Vta3.csv,VTA3,smartphone,synchronized_categorized,3b82987cb99d7dfddcbbdbb9994006e10d231cb6017bf4d2d02f647a9a30ae21,3b82987cb99d:000,0,0,644,645,1573040753.893,1573040818.293,64.40000009536743,,0.09999990463256836,10.000009536752259,first segment of file,False
Synchronised V abd S datasets/Categorised IOVNB Dataset/Vta (Driver E)/Vta03/V-vta3.csv,VTA3,vehicle,synchronized_categorized,e2c6b46b5147ce6264535d24d92e616bccfc1b1e7e06976c0730302b77cdadb7,e2c6b46b5147:000,0,0,644,645,42374.0,42438.4,64.40000000000146,,0.09999999999854481,10.00000000014552,first segment of file,False
Synchronised V abd S datasets/Categorised IOVNB Dataset/Vta (Driver E)/Vta04/S-Vta4.csv,VTA4,smartphone,synchronized_categorized,f37db4374cc0b11e64fc0be619b502407d9f988c8b1f840922f6c4fc69b97a67,f37db4374cc0:000,0,0,1788,1789,1573040847.3939998,1573041026.1929998,178.79900002479553,,0.09999990463256836,10.000009536752259,first segment of file,False
Synchronised V abd S datasets/Categorised IOVNB Dataset/Vta (Driver E)/Vta04/V-vta4.csv,VTA4,vehicle,synchronized_categorized,0c626160be0f6ed1079a1b9d1c504429eb0c980c53167171fdebc2c27e0b2fff,0c626160be0f:000,0,0,1788,1789,42445.2,42624.0,178.8000000000029,,0.09999999999854481,10.00000000014552,first segment of file,False
Synchronised V abd S datasets/Categorised IOVNB Dataset/Vta (Driver E)/Vta05/S-Vta5.csv,VTA5,smartphone,synchronized_categorized,7aff2d8777e070fe55acb694b688cf9e501cf8f45c4fa4d2fb35d2633eaa5692,7aff2d8777e0:000,0,0,306,307,1573041034.393,1573041064.993,30.600000143051147,,0.09999990463256836,10.000009536752259,first segment of file,False
Synchronised V abd S datasets/Categorised IOVNB Dataset/Vta (Driver E)/Vta05/V-vta5.csv,VTA5,vehicle,synchronized_categorized,31c052676e02adc11e95a36a871b50f17b25296e66cbae3dc94dfc6bb5357d2a,31c052676e02:000,0,0,306,307,42633.6,42664.2,30.599999999998545,,0.09999999999854481,10.00000000014552,first segment of file,False
Synchronised V abd S datasets/Categorised IOVNB Dataset/Vta (Driver E)/Vta06/S-Vta6.csv,VTA6,smartphone,synchronized_categorized,5d09dd027359589a368dff658d3b5a7b1a5408e487493110772bd380ba77824b,5d09dd027359:000,0,0,1375,1376,1573041071.993,1573041209.493,137.5,,0.09999990463256836,10.000009536752259,first segment of file,False
Synchronised V abd S datasets/Categorised IOVNB Dataset/Vta (Driver E)/Vta06/V-vta6.csv,VTA6,vehicle,synchronized_categorized,ec82e633ecdcbaa5f5f78d10618f316da03ad5127d65b5a133c1c6bbb5dcf6be,ec82e633ecdc:000,0,0,1375,1376,42669.7,42807.2,137.5,,0.09999999999854481,10.00000000014552,first segment of file,False
Synchronised V abd S datasets/Categorised IOVNB Dataset/Vta (Driver E)/Vta07/S-Vta7.csv,VTA7,smartphone,synchronized_categorized,ac7c45d5dfb9885a3ca6291f5e0b10f4c3314cc1a8154badbd8c267bc847e180,ac7c45d5dfb9:000,0,0,839,840,1573041215.293,1573041299.1929998,83.89999985694885,,0.09999990463256836,10.000009536752259,first segment of file,False
Synchronised V abd S datasets/Categorised IOVNB Dataset/Vta (Driver E)/Vta07/V-vta7.csv,VTA7,vehicle,synchronized_categorized,87c54b7fb23d9bb6462b6a98b2ef732cd1cb40115aa442556d8a9ce3a4a363c6,87c54b7fb23d:000,0,0,839,840,42813.7,42897.6,83.90000000000146,,0.09999999999854481,10.00000000014552,first segment of file,False
Synchronised V abd S datasets/Categorised IOVNB Dataset/Vta (Driver E)/Vta08/S-Vta8.csv,VTA8,smartphone,synchronized_categorized,9879c75d65da9f797553cf7faa7e59c88a461b44eaa863b714df6757cc8fa4c1,9879c75d65da:000,0,0,3675,3676,1573041305.293,1573041672.793,367.5,,0.09999990463256836,10.000009536752259,first segment of file,False
Synchronised V abd S datasets/Categorised IOVNB Dataset/Vta (Driver E)/Vta08/V-vta8.csv,VTA8,vehicle,synchronized_categorized,3b38a7a248b5fd63dd715712974c9fd7f723be6cc0e1717e2d4555c3fc491984,3b38a7a248b5:000,0,0,3675,3676,42904.0,43271.5,367.5,,0.09999999999854481,10.00000000014552,first segment of file,False
Synchronised V abd S datasets/Categorised IOVNB Dataset/Vta (Driver E)/Vta09/S-Vta9.csv,VTA9,smartphone,synchronized_categorized,2671b8ec230138c353ee98fa6ef0da47f0bf8a164c136a4e424f275f42f2c8e8,2671b8ec2301:000,0,0,155,156,1573041683.3939998,1573041698.892,15.498000144958496,,0.09999990463256836,10.000009536752259,first segment of file,False
Synchronised V abd S datasets/Categorised IOVNB Dataset/Vta (Driver E)/Vta09/V-vta9.csv,VTA9,vehicle,synchronized_categorized,1b01d98ee2b5cd064ffdfc2a202cec1eaf4431445da753d895ab8d6c1ceb0180,1b01d98ee2b5:000,0,0,155,156,43283.1,43298.6,15.5,,0.09999999999854481,10.00000000014552,first segment of file,False
Synchronised V abd S datasets/Categorised IOVNB Dataset/Vta (Driver E)/Vta10/S-Vta10.csv,VTA10,smartphone,synchronized_categorized,a5d4d99847a8bd7459b8e323f10f0e61a640cc270a7892416875f982672da334,a5d4d99847a8:000,0,0,1501,1502,1573041710.393,1573041860.493,150.10000014305115,,0.09999990463256836,10.000009536752259,first segment of file,False
Synchronised V abd S datasets/Categorised IOVNB Dataset/Vta (Driver E)/Vta10/V-vta10.csv,VTA10,vehicle,synchronized_categorized,2848d229f4a5712783b95df1a3511a82f7488cdbb3968991c8a7a635b330549a,2848d229f4a5:000,0,0,1501,1502,43309.9,43460.0,150.09999999999854,,0.09999999999854481,10.00000000014552,first segment of file,False
Synchronised V abd S datasets/Categorised IOVNB Dataset/Vta (Driver E)/Vta11/S-Vta11.csv,VTA11,smartphone,synchronized_categorized,82e456eb6e006cd29f1b13b37ba125e2afdb25bde878c3349bf3d63ea6aea966,82e456eb6e00:000,0,0,509,510,1573041872.393,1573041923.293,50.90000009536743,,0.09999990463256836,10.000009536752259,first segment of file,False
Synchronised V abd S datasets/Categorised IOVNB Dataset/Vta (Driver E)/Vta11/V-vta11.csv,VTA11,vehicle,synchronized_categorized,12cf51936ea2cf4c98b5fda07bf6660ec48fac16ef8025160b7cf300b3a283b9,12cf51936ea2:000,0,0,509,510,43471.9,43522.8,50.900000000001455,,0.09999999999854481,10.00000000014552,first segment of file,False
Synchronised V abd S datasets/Categorised IOVNB Dataset/Vta (Driver E)/Vta12/S-Vta12.csv,VTA12,smartphone,synchronized_categorized,9809c567bbe8a3b5df48437e5ee9de7a19966376728395debb1fda1eead97553,9809c567bbe8:000,0,0,609,610,1573041935.393,1573041996.293,60.90000009536743,,0.09999990463256836,10.000009536752259,first segment of file,False
Synchronised V abd S datasets/Categorised IOVNB Dataset/Vta (Driver E)/Vta12/V-vta12.csv,VTA12,vehicle,synchronized_categorized,c2ba3053903b4afb93a72cf63d760120c66b9d4bc9b6abcd5a18f5e97c04b0a4,c2ba3053903b:000,0,0,609,610,43535.1,43596.0,60.900000000001455,,0.09999999999854481,10.00000000014552,first segment of file,False
Synchronised V abd S datasets/Categorised IOVNB Dataset/Vta (Driver E)/Vta13/S-Vta13.csv,VTA13,smartphone,synchronized_categorized,04b0ee07c4e48be7387bd82d1f0c9e170d9d5c62482a3ccc290d97675210297f,04b0ee07c4e4:000,0,0,403,404,1573042007.292,1573042047.593,40.300999879837036,,0.09999990463256836,10.000009536752259,first segment of file,False
Synchronised V abd S datasets/Categorised IOVNB Dataset/Vta (Driver E)/Vta13/V-vta13.csv,VTA13,vehicle,synchronized_categorized,2654dd964866b19ee869baabc31dde9d6dfdbd9ca9ebd2613c8b8c43c2b3adfa,2654dd964866:000,0,0,403,404,43606.9,43647.2,40.299999999995634,,0.09999999999854481,10.00000000014552,first segment of file,False
Synchronised V abd S datasets/Categorised IOVNB Dataset/Vta (Driver E)/Vta14/S-Vta14.csv,VTA14,smartphone,synchronized_categorized,413a1f581614b5f0088fcacd908d14289f1f5375fe2a810551cc3caa887629f0,413a1f581614:000,0,0,2884,2885,1573042052.493,1573042340.893,288.39999985694885,,0.09999990463256836,10.000009536752259,first segment of file,False
Synchronised V abd S datasets/Categorised IOVNB Dataset/Vta (Driver E)/Vta14/V-vta14.csv,VTA14,vehicle,synchronized_categorized,47fb8c1e6a90e4791af51dc18880c757d7541fef80b98ac27ba4c14d02d8925d,47fb8c1e6a90:000,0,0,2884,2885,43651.8,43940.2,288.3999999999942,,0.09999999999854481,10.00000000014552,first segment of file,False
Synchronised V abd S datasets/Categorised IOVNB Dataset/Vta (Driver E)/Vta15/S-Vta15.csv,VTA15,smartphone,synchronized_categorized,7d5d51193b78a370976310605201e34f5155bf4bc0740c69d356db1961cdfa4c,7d5d51193b78:000,0,0,832,833,1573042351.793,1573042434.993,83.20000004768372,,0.09999990463256836,10.000009536752259,first segment of file,False
Synchronised V abd S datasets/Categorised IOVNB Dataset/Vta (Driver E)/Vta15/V-vta15.csv,VTA15,vehicle,synchronized_categorized,7ce40f70af390e8d76c85f6c24d76c31f7e3e9f4bd5d6510e8196b852659e664,7ce40f70af39:000,0,0,832,833,43948.8,44032.0,83.19999999999709,,0.09999999999854481,10.00000000014552,first segment of file,False
Synchronised V abd S datasets/Categorised IOVNB Dataset/Vta (Driver E)/Vta16/S-Vta16.csv,VTA16,smartphone,synchronized_categorized,62fb3e3d94574567635c19bc646b374b2da209e611bfbfeb7f9e5899d05653f4,62fb3e3d9457:000,0,0,11334,11335,1573042440.6929998,1573043574.093,1133.4000000953674,,0.09999990463256836,10.000009536752259,first segment of file,False
Synchronised V abd S datasets/Categorised IOVNB Dataset/Vta (Driver E)/Vta16/V-vta16.csv,VTA16,vehicle,synchronized_categorized,c0d60dc9d7a391a06c4c9c42b81141f053465e8dd0e7038fdb380176da532205,c0d60dc9d7a3:000,0,0,11334,11335,44038.9,45172.3,1133.4000000000015,,0.09999999999854481,10.00000000014552,first segment of file,False
Synchronised V abd S datasets/Categorised IOVNB Dataset/Vta (Driver E)/Vta17/S-Vta17.csv,VTA17,smartphone,synchronized_categorized,cfabd101e8e06df30dfd00c692ccb9d102267c0c2b887e5d8bfc8a5e3a2c3a18,cfabd101e8e0:000,0,0,4518,4519,1573043585.392,1573044038.3779998,452.9859998226166,,0.09999990463256836,10.000009536752259,first segment of file,False
Synchronised V abd S datasets/Categorised IOVNB Dataset/Vta (Driver E)/Vta17/V-vta17.csv,VTA17,vehicle,synchronized_categorized,d635527b069dd3ad661ac4ab72aa73ca9c393610b07db8ce6c29985861878a68,d635527b069d:000,0,0,4518,4519,45184.9,45636.7,451.79999999999563,,0.09999999999854481,10.00000000014552,first segment of file,False
Synchronised V abd S datasets/Categorised IOVNB Dataset/Vta (Driver E)/Vta19/S-Vta19.csv,VTA19,smartphone,synchronized_categorized,052bc3dacd0c8189b67654acd7e41908d51eec407f2b71d09de7a3e6fbfb6695,052bc3dacd0c:000,0,0,291,292,1573044057.3769999,1573044086.4780002,29.10100030899048,,0.09999990463256836,10.000009536752259,first segment of file,False
Synchronised V abd S datasets/Categorised IOVNB Dataset/Vta (Driver E)/Vta19/V-vta19.csv,VTA19,vehicle,synchronized_categorized,129785b4938790880d7a8fb4b06b236c30f862732ea778640fd1ee42a92826fb,129785b49387:000,0,0,291,292,45656.9,45686.0,29.099999999998545,,0.09999999999854481,10.00000000014552,first segment of file,False
Synchronised V abd S datasets/Categorised IOVNB Dataset/Vta (Driver E)/Vta20/S-Vta20.csv,VTA20,smartphone,synchronized_categorized,4e255b689bb10c0a7ed6d83405f69c6a19eeafaf05d91bf645cab2ae8197a53c,4e255b689bb1:000,0,0,3222,3223,1573044141.722,1573044463.922,322.2000000476837,,0.09999990463256836,10.000009536752259,first segment of file,False
Synchronised V abd S datasets/Categorised IOVNB Dataset/Vta (Driver E)/Vta20/V-vta20.csv,VTA20,vehicle,synchronized_categorized,4c49f750ae059a877fa4aa2389bc90fcded325caa500611f63ffbc0c1e72b88b,4c49f750ae05:000,0,0,3222,3223,45715.0,46037.2,322.1999999999971,,0.09999999999854481,10.00000000014552,first segment of file,False
Synchronised V abd S datasets/Categorised IOVNB Dataset/Vta (Driver E)/Vta21/S-Vta21.csv,VTA21,smartphone,synchronized_categorized,fa378298fb403d4bf857d4aa0f9d717aa5516e478bcd77f143498e760a83b751,fa378298fb40:000,0,0,2078,2079,1573044452.022,1573044659.822,207.79999995231628,,0.09999990463256836,10.000009536752259,first segment of file,False
Synchronised V abd S datasets/Categorised IOVNB Dataset/Vta (Driver E)/Vta21/V-vta21.csv,VTA21,vehicle,synchronized_categorized,9fef5d99355c9f3f92b0ae5369b44af9f7d2f28dd374a48ee90964633473d6fd,9fef5d99355c:000,0,0,2078,2079,46043.7,46251.5,207.8000000000029,,0.09999999999854481,10.00000000014552,first segment of file,False
Synchronised V abd S datasets/Categorised IOVNB Dataset/Vta (Driver E)/Vta22/S-Vta22.csv,VTA22,smartphone,synchronized_categorized,e07de2f95c2b08cb4da7b94e47765442e5e27687b274bd0dd784a529f592bb51,e07de2f95c2b:000,0,0,1563,1564,1573044660.822,1573044817.1230001,156.30100011825562,,0.09999990463256836,10.000009536752259,first segment of file,False
Synchronised V abd S datasets/Categorised IOVNB Dataset/Vta (Driver E)/Vta22/V-vta22.csv,VTA22,vehicle,synchronized_categorized,b9f3b54087995125a35ba44f8b93f59981ae51abbc1bd9de46ff8df8c4c8d973,b9f3b5408799:000,0,0,1563,1564,46257.0,46413.3,156.3000000000029,,0.09999999999854481,10.00000000014552,first segment of file,False
Synchronised V abd S datasets/Categorised IOVNB Dataset/Vta (Driver E)/Vta23/S-Vta23.csv,VTA23,smartphone,synchronized_categorized,b898b14918eaa6097b8b54b61c15b6636805b7a1e5b610ad202b9d7979cb3e49,b898b14918ea:000,0,0,1109,1110,1573044820.023,1573044930.923,110.90000009536743,,0.09999990463256836,10.000009536752259,first segment of file,False
Synchronised V abd S datasets/Categorised IOVNB Dataset/Vta (Driver E)/Vta23/V-vta23.csv,VTA23,vehicle,synchronized_categorized,67c2a792a3696cfb18413ad07398e016842eaedd563200bf2fefac905993f353,67c2a792a369:000,0,0,1109,1110,46419.1,46530.0,110.90000000000146,,0.09999999999854481,10.00000000014552,first segment of file,False
Synchronised V abd S datasets/Categorised IOVNB Dataset/Vta (Driver E)/Vta24/S-Vta24.csv,VTA24,smartphone,synchronized_categorized,02929be6c8962eac080c855303ed2f0966a2fcc722b81c86c970eb222bbce54b,02929be6c896:000,0,0,1170,1171,1573044935.922,1573045052.923,117.00100016593933,,0.09999990463256836,10.000009536752259,first segment of file,False
Synchronised V abd S datasets/Categorised IOVNB Dataset/Vta (Driver E)/Vta24/V-vta24.csv,VTA24,vehicle,synchronized_categorized,719438458b2e383cc6fb8f27b5e2b4201fbe769fafb22b5f8ba1b633ff7a663c,719438458b2e:000,0,0,1170,1171,46535.8,46652.8,117.0,,0.09999999999854481,10.00000000014552,first segment of file,False
Synchronised V abd S datasets/Categorised IOVNB Dataset/Vta (Driver E)/Vta25/S-Vta25.csv,VTA25,smartphone,synchronized_categorized,ee2c003b48daf37abbd1e47eb570b88549911f7aeadb6559c53e667738e19715,ee2c003b48da:000,0,0,645,646,1573045056.324,1573045120.822,64.4980001449585,,0.09999990463256836,10.000009536752259,first segment of file,False
Synchronised V abd S datasets/Categorised IOVNB Dataset/Vta (Driver E)/Vta25/V-vta25.csv,VTA25,vehicle,synchronized_categorized,08c4cb3b39f2ca6964f46fca7d7ace98f84991b842ea83dc721ce16d45947632,08c4cb3b39f2:000,0,0,645,646,46657.6,46722.1,64.5,,0.09999999999854481,10.00000000014552,first segment of file,False
Synchronised V abd S datasets/Categorised IOVNB Dataset/Vta (Driver E)/Vta26/S-Vta26.csv,VTA26,smartphone,synchronized_categorized,ef9cf5419e1fa28e6a23f6718c8326202de2824da7ff74a1d280aa0a2f9443d1,ef9cf5419e1f:000,0,0,1934,1935,1573045128.922,1573045322.3219998,193.39999985694885,,0.09999990463256836,10.000009536752259,first segment of file,False
Synchronised V abd S datasets/Categorised IOVNB Dataset/Vta (Driver E)/Vta26/V-vta26.csv,VTA26,vehicle,synchronized_categorized,57e364d817aaa440c65f3e6afac2309a91a24ded9dc0ed620886e32138b778f5,57e364d817aa:000,0,0,1934,1935,46727.6,46921.0,193.40000000000146,,0.09999999999854481,10.00000000014552,first segment of file,False
Synchronised V abd S datasets/Categorised IOVNB Dataset/Vta (Driver E)/Vta27/S-Vta27.csv,VTA27,smartphone,synchronized_categorized,159116d1f4d56e93fbd0cd72940acd797c1eeccbbaed957c279ba9a5b77fc764,159116d1f4d5:000,0,0,2539,2540,1573045329.6220002,1573045583.5219998,253.89999961853027,,0.09999990463256836,10.000009536752259,first segment of file,False
Synchronised V abd S datasets/Categorised IOVNB Dataset/Vta (Driver E)/Vta27/V-vta27.csv,VTA27,vehicle,synchronized_categorized,7f3af1c360081cc93aabcbadec459c8625dbabc4edcbec9e5a5d812dacfbfd05,7f3af1c36008:000,0,0,2539,2540,46956.8,47210.7,253.89999999999418,,0.09999999999854481,10.00000000014552,first segment of file,False
Synchronised V abd S datasets/Categorised IOVNB Dataset/Vta (Driver E)/Vta28/S-Vta28.csv,VTA28,smartphone,synchronized_categorized,ade9b3d779ac108d1f59ec26207e9b330a6465728d308abbb599b219b261d077,ade9b3d779ac:000,0,0,4209,4210,1573045614.922,1573046035.822,420.90000009536743,,0.09999990463256836,10.000009536752259,first segment of file,False
Synchronised V abd S datasets/Categorised IOVNB Dataset/Vta (Driver E)/Vta28/V-vta28.csv,VTA28,vehicle,synchronized_categorized,a8752e753ff91c1788bac4b4f3f1e827cdd6834b44b03a88010d8c666d162efb,a8752e753ff9:000,0,0,4209,4210,47216.3,47637.2,420.8999999999942,,0.09999999999854481,10.00000000014552,first segment of file,False
Synchronised V abd S datasets/Categorised IOVNB Dataset/Vta (Driver E)/Vta29/S-Vta29.csv,VTA29,smartphone,synchronized_categorized,fdb0c5fe8db02276321e8780ca009543835eb2f452fe66372aa73e1a950787e1,fdb0c5fe8db0:000,0,0,23704,23705,1573046840.808,1573049210.586,2369.7779998779297,,0.09999990463256836,10.000009536752259,first segment of file,False
Synchronised V abd S datasets/Categorised IOVNB Dataset/Vta (Driver E)/Vta29/V-vta29.csv,VTA29,vehicle,synchronized_categorized,eb87d258739b1c37d893b9cfcaa2da55feea89ef13a3439c04d2ff8afc893b1d,eb87d258739b:000,0,0,23704,23705,48446.2,50816.6,2370.4000000000015,,0.09999999999854481,10.00000000014552,first segment of file,False
Synchronised V abd S datasets/Categorised IOVNB Dataset/Vta (Driver E)/Vta30/S-Vta30.csv,VTA30,smartphone,synchronized_categorized,28161336944b3371ce22d074dbfd5693e915dfd3189c1dec1d0d5e0ffc69984c,28161336944b:000,0,0,17135,17136,1573049223.8860002,1573050937.386,1713.4999997615814,,0.09999990463256836,10.000009536752259,first segment of file,False
Synchronised V abd S datasets/Categorised IOVNB Dataset/Vta (Driver E)/Vta30/V-vta30.csv,VTA30,vehicle,synchronized_categorized,5c8b13f1e83f2e4b543e18a437a98e5be13b75f155d1af0f8abf7dbb100747f6,5c8b13f1e83f:000,0,0,17135,17136,50821.6,52535.1,1713.5,,0.09999999999854481,10.00000000014552,first segment of file,False
Synchronised V abd S datasets/Categorised IOVNB Dataset/Vtb (Driver E)/Vtb01/S-Vtb1.csv,VTB1,smartphone,synchronized_categorized,4132d57199e839a0b10e2eaee6f0c23bf40a700b385d14efbb98739a726eb7e1,4132d57199e8:000,0,0,683,684,1573052257.146,1573052325.445,68.29900002479553,,0.09999990463256836,10.000009536752259,first segment of file,False
Synchronised V abd S datasets/Categorised IOVNB Dataset/Vtb (Driver E)/Vtb01/S-Vtb1.csv,VTB1,smartphone,synchronized_categorized,4132d57199e839a0b10e2eaee6f0c23bf40a700b385d14efbb98739a726eb7e1,4132d57199e8:001,1,684,32458,31775,1573052986.8209999,1573055502.945,2516.1240000724792,661.3759999275208,0.09999990463256836,10.000009536752259,"forward gap of 661.4s exceeds threshold 10.0s (max(100.0x median interval 0.1000s, 10.0s))",False
Synchronised V abd S datasets/Categorised IOVNB Dataset/Vtb (Driver E)/Vtb01/V-vtb1.csv,VTB1,vehicle,synchronized_categorized,9c7487b61d3758944284c704ab2335cc25700843b21d04712c7c84fe33c6a343,9c7487b61d37:000,0,0,32458,32459,53857.8,57103.6,3245.7999999999956,,0.09999999999854481,10.00000000014552,first segment of file,False
Synchronised V abd S datasets/Categorised IOVNB Dataset/Vtb (Driver E)/Vtb02/S-Vtb2.csv,VTB2,smartphone,synchronized_categorized,06ad03911f2d31320e711bebbf41a3e0a3fb6264de7934b319d5e48eb89b4b75,06ad03911f2d:000,0,0,5711,5712,1573056380.476,1573056951.576,571.0999999046326,,0.09999990463256836,10.000009536752259,first segment of file,False
Synchronised V abd S datasets/Categorised IOVNB Dataset/Vtb (Driver E)/Vtb02/V-vtb2.csv,VTB2,vehicle,synchronized_categorized,87da4e0c77e961c3eeef19d22bfada34e460ac1cd9fe8e7ac28d09bd91716fe3,87da4e0c77e9:000,0,0,5711,5712,57981.4,58552.5,571.0999999999985,,0.09999999999854481,10.00000000014552,first segment of file,False
Synchronised V abd S datasets/Categorised IOVNB Dataset/Vtb (Driver E)/Vtb03/S-Vtb3.csv,VTB3,smartphone,synchronized_categorized,7a8bd69ead897490494fb6c6742a324800b0e3dcf4e6ee256aae5e71a468fcc1,7a8bd69ead89:000,0,0,8239,8240,1573056961.676,1573057785.576,823.8999998569489,,0.09999990463256836,10.000009536752259,first segment of file,False
Synchronised V abd S datasets/Categorised IOVNB Dataset/Vtb (Driver E)/Vtb03/V-vtb3.csv,VTB3,vehicle,synchronized_categorized,91667e76e8e0dbdff283a386e42799bd2baf68ae7191da919d2c162a390e5dfd,91667e76e8e0:000,0,0,8239,8240,58563.1,59387.0,823.9000000000015,,0.09999999999854481,10.00000000014552,first segment of file,False
Synchronised V abd S datasets/Categorised IOVNB Dataset/Vtb (Driver E)/Vtb04/S-Vtb4.csv,VTB4,smartphone,synchronized_categorized,bd191de76af1bff0f27cfc569d093db5f02e66c898ddadd800edad8988ec498c,bd191de76af1:000,0,0,555,556,1573057798.376,1573057853.876,55.5,,0.09999990463256836,10.000009536752259,first segment of file,False
Synchronised V abd S datasets/Categorised IOVNB Dataset/Vtb (Driver E)/Vtb04/V-vtb4.csv,VTB4,vehicle,synchronized_categorized,bd4d02f88c0bbe568840af05d043e861a374449e5a213f2ff06231199a29e68c,bd4d02f88c0b:000,0,0,555,556,59398.8,59454.3,55.5,,0.09999999999854481,10.00000000014552,first segment of file,False
Synchronised V abd S datasets/Categorised IOVNB Dataset/Vtb (Driver E)/Vtb05/S-Vtb5.csv,VTB5,smartphone,synchronized_categorized,6896dfad520b85c28d953f7d9980334436fbcc15d8de9563debcf84945259842,6896dfad520b:000,0,0,64387,64388,1573057853.075,1573064291.776,6438.7009999752045,,0.09999990463256836,10.000009536752259,first segment of file,False
Synchronised V abd S datasets/Categorised IOVNB Dataset/Vtb (Driver E)/Vtb05/V-vtb5.csv,VTB5,vehicle,synchronized_categorized,b694eaeeb9842881069dc2f0c75706a58ec2b6fcba8cdf60c66953a0de7c5a73,b694eaeeb984:000,0,0,64387,64388,59481.4,65920.1,6438.700000000004,,0.09999999999854481,10.00000000014552,first segment of file,False
Synchronised V abd S datasets/Categorised IOVNB Dataset/Vtb (Driver E)/Vtb06/S-Vtb6.csv,VTB6,smartphone,synchronized_categorized,437e6ff31147682ed57af9660140a0c6783e4711b175a19dd4a60bdb269dfe47,437e6ff31147:000,0,0,497,498,1573064325.376,1573064375.076,49.700000047683716,,0.09999990463256836,10.000009536752259,first segment of file,False
Synchronised V abd S datasets/Categorised IOVNB Dataset/Vtb (Driver E)/Vtb06/V-vtb6.csv,VTB6,vehicle,synchronized_categorized,ff570e77d68f8ace833c8c0f4e2c093b5c024a24f044997c034893175be3db22,ff570e77d68f:000,0,0,497,498,65926.9,65976.6,49.70000000001164,,0.10000000000582077,9.999999999417923,first segment of file,False
Synchronised V abd S datasets/Categorised IOVNB Dataset/Vtb (Driver E)/Vtb07/S-Vtb7.csv,VTB7,smartphone,synchronized_categorized,3c912d93a732a8574806ff0244c7f8351ffe73490847fc8f7129b5aee0325109,3c912d93a732:000,0,0,460,461,1573064379.375,1573064425.376,46.00099992752075,,0.09999990463256836,10.000009536752259,first segment of file,False
Synchronised V abd S datasets/Categorised IOVNB Dataset/Vtb (Driver E)/Vtb07/V-vtb7.csv,VTB7,vehicle,synchronized_categorized,067663bd7ab608e3417eacbc49ff07093d0b6657e58fdfbe699245e25eaf3950,067663bd7ab6:000,0,0,460,461,65981.2,66027.2,46.0,,0.10000000000582077,9.999999999417923,first segment of file,False
Synchronised V abd S datasets/Categorised IOVNB Dataset/Vtb (Driver E)/Vtb08/S-Vtb8.csv,VTB8,smartphone,synchronized_categorized,6d3b6e43afbe8e43dd854558bd0eda3a5370fdacf7ff89894a907cccecba9d3d,6d3b6e43afbe:000,0,0,667,668,1573064433.376,1573064500.076,66.70000004768372,,0.09999990463256836,10.000009536752259,first segment of file,False
Synchronised V abd S datasets/Categorised IOVNB Dataset/Vtb (Driver E)/Vtb08/V-vtb8.csv,VTB8,vehicle,synchronized_categorized,c06b3df20364474e33b00ee096b2711426366534c41474d6b03d6a9580028268,c06b3df20364:000,0,0,667,668,66035.0,66101.7,66.69999999999709,,0.10000000000582077,9.999999999417923,first segment of file,False
Synchronised V abd S datasets/Categorised IOVNB Dataset/Vtb (Driver E)/Vtb09/S-Vtb9.csv,VTB9,smartphone,synchronized_categorized,2914b6a690964f185a229157ecb6d315a4426e1ca8558c2d61b0f91e4cfd69e8,2914b6a69096:000,0,0,451,452,1573064505.3769999,1573064550.476,45.099000215530396,,0.09999990463256836,10.000009536752259,first segment of file,False
Synchronised V abd S datasets/Categorised IOVNB Dataset/Vtb (Driver E)/Vtb09/V-vtb9.csv,VTB9,vehicle,synchronized_categorized,3ad2255b751fe4a2a89fe5a546cc8b7306abece9417d690a90373c057c41bccb,3ad2255b751f:000,0,0,451,452,66107.0,66152.1,45.10000000000582,,0.10000000000582077,9.999999999417923,first segment of file,False
Synchronised V abd S datasets/Categorised IOVNB Dataset/Vtb (Driver E)/Vtb10/S-Vtb10.csv,VTB10,smartphone,synchronized_categorized,9e3fc03408f134c51ff02fb592c7544c0051199cdef0d2f9b8011a34d1c8bbaa,9e3fc03408f1:000,0,0,195,196,1573064557.375,1573064576.875,19.5,,0.09999990463256836,10.000009536752259,first segment of file,False
Synchronised V abd S datasets/Categorised IOVNB Dataset/Vtb (Driver E)/Vtb10/V-vtb10.csv,VTB10,vehicle,synchronized_categorized,bfc8ef5f13fadb113b68b7dc3632dfe9836ca7a38ba63a46537ce192bb5dd576,bfc8ef5f13fa:000,0,0,194,195,66156.9,66176.3,19.40000000000873,,0.10000000000582077,9.999999999417923,first segment of file,False
Synchronised V abd S datasets/Categorised IOVNB Dataset/Vtb (Driver E)/Vtb11/S-Vtb11.csv,VTB11,smartphone,synchronized_categorized,87c795b6c20e413f18b78f3c40b9bb15d0300496071b3172fe045aad9eb8e03d,87c795b6c20e:000,0,0,360,361,1573064586.376,1573064622.376,36.0,,0.09999990463256836,10.000009536752259,first segment of file,False
Synchronised V abd S datasets/Categorised IOVNB Dataset/Vtb (Driver E)/Vtb11/V-vtb11.csv,VTB11,vehicle,synchronized_categorized,95c98373c89438dbbeb27962b9a32dc2e81dbb5b699629c0b245e8b0e991aad3,95c98373c894:000,0,0,360,361,66188.0,66224.0,36.0,,0.10000000000582077,9.999999999417923,first segment of file,False
Synchronised V abd S datasets/Categorised IOVNB Dataset/Vtb (Driver E)/Vtb12/S-Vtb12.csv,VTB12,smartphone,synchronized_categorized,538064be488dc40c34ef7410c6b105cea5ee129d7bdf860c1bd27b61fbd97d86,538064be488d:000,0,0,446,447,1573064631.4750001,1573064676.076,44.60099983215332,,0.09999990463256836,10.000009536752259,first segment of file,False
Synchronised V abd S datasets/Categorised IOVNB Dataset/Vtb (Driver E)/Vtb12/V-vtb12.csv,VTB12,vehicle,synchronized_categorized,6d755d7c49d3053167986dc82af562fb5039f8a4cbf95b793b4364197f770da3,6d755d7c49d3:000,0,0,446,447,66233.1,66277.7,44.59999999999127,,0.10000000000582077,9.999999999417923,first segment of file,False
Synchronised V abd S datasets/Categorised IOVNB Dataset/Vw (Driver E)/Vw01/S-Vw1.csv,VW1,smartphone,synchronized_categorized,fbf968d0ce575b60b087db7b705fe71e8142686fad52dc078eae352f93ca1357,fbf968d0ce57:000,0,0,20475,20476,1578476275.816,1578478323.316,2047.5,,0.09999990463256836,10.000009536752259,first segment of file,False
Synchronised V abd S datasets/Categorised IOVNB Dataset/Vw (Driver E)/Vw01/V-Vw1.csv,VW1,vehicle,synchronized_categorized,1c5f7db8725caa321ad8e932387cd988432f863d97fb2008895116e68b203d1a,1c5f7db8725c:000,0,0,20474,20475,34575.4,36622.8,2047.4000000000015,,0.09999999999854481,10.00000000014552,first segment of file,False
Synchronised V abd S datasets/Categorised IOVNB Dataset/Vw (Driver E)/Vw02/S-Vw2.csv,VW2,smartphone,synchronized_categorized,51abe4136abb6c2bcee554894a22b0b31ab882115cec958163c69fa74398329c,51abe4136abb:000,0,0,52712,52713,1578478546.685,1578483817.884,5271.199000120163,,0.09999990463256836,10.000009536752259,first segment of file,False
Synchronised V abd S datasets/Categorised IOVNB Dataset/Vw (Driver E)/Vw02/V-Vw2.csv,VW2,vehicle,synchronized_categorized,5cb2a91ed33e81423e5d68301d52c4c394b0532e63411d39f4c090c11f037bd5,5cb2a91ed33e:000,0,0,52711,52712,36944.8,42215.9,5271.0999999999985,,0.09999999999854481,10.00000000014552,first segment of file,False
Synchronised V abd S datasets/Categorised IOVNB Dataset/Vw (Driver E)/Vw03/S-Vw3.csv,VW3,smartphone,synchronized_categorized,9a03b6e9ec4aa1cd27dddf9953553ce84b83909313f3a863e6fd180d414e8d3d,9a03b6e9ec4a:000,0,0,3860,3861,1578483839.984,1578484225.985,386.00099992752075,,0.09999990463256836,10.000009536752259,first segment of file,False
Synchronised V abd S datasets/Categorised IOVNB Dataset/Vw (Driver E)/Vw03/V-Vw3.csv,VW3,vehicle,synchronized_categorized,c9a28bfa44a442f683cc8c6a6dcb4b6f5aff587779140a8c907a64f78955a1a1,c9a28bfa44a4:000,0,0,3860,3861,42240.0,42626.0,386.0,,0.09999999999854481,10.00000000014552,first segment of file,False
Synchronised V abd S datasets/Categorised IOVNB Dataset/Vw (Driver E)/Vw04/S-Vw4.csv,VW4,smartphone,synchronized_categorized,fa0b8dc8dddf5bf7b6f7487608e557978038610dfb4e6f7b0a1bfe7b70b65e0a,fa0b8dc8dddf:000,0,0,126525,126526,1578485727.004,1578498379.504,12652.5,,0.09999990463256836,10.000009536752259,first segment of file,False
Synchronised V abd S datasets/Categorised IOVNB Dataset/Vw (Driver E)/Vw04/V-Vw4.csv,VW4,vehicle,synchronized_categorized,2f233ca5b785d9500f90cd185be82fe1572cebfc61e6f545b49b6c6e54848bed,2f233ca5b785:000,0,0,126526,126527,44126.7,56779.3,12652.600000000006,,0.09999999999854481,10.00000000014552,first segment of file,False
Synchronised V abd S datasets/Categorised IOVNB Dataset/Vw (Driver E)/Vw05/S-Vw5.csv,VW5,smartphone,synchronized_categorized,049ad3efce5a35125d79bfbd68dd352a9c8cf08251d3cff028409777f910bcea,049ad3efce5a:000,0,0,1011,1012,1578498396.903,1578498498.004,101.10099983215332,,0.09999990463256836,10.000009536752259,first segment of file,False
Synchronised V abd S datasets/Categorised IOVNB Dataset/Vw (Driver E)/Vw05/V-Vw5.csv,VW5,vehicle,synchronized_categorized,0db45b1a102a61d8102f1f8d40cee2c5c969ae04171ad6dd80a8fa0890f2bcc8,0db45b1a102a:000,0,0,1011,1012,56794.1,56895.2,101.09999999999854,,0.09999999999854481,10.00000000014552,first segment of file,False
Synchronised V abd S datasets/Categorised IOVNB Dataset/Vw (Driver E)/Vw06/S-Vw6.csv,VW6,smartphone,synchronized_categorized,d37056443067c853dcf6b4266c6ed3f92c5eda8a1cad9e97487734d1945c01ce,d37056443067:000,0,0,1280,1281,1578498502.904,1578498630.904,128.0,,0.09999990463256836,10.000009536752259,first segment of file,False
Synchronised V abd S datasets/Categorised IOVNB Dataset/Vw (Driver E)/Vw06/V-Vw6.csv,VW6,vehicle,synchronized_categorized,bddfff4d6696d344197fdc884a412b4f77e1fe30deff4876160749c829e69629,bddfff4d6696:000,0,0,1280,1281,56904.2,57032.2,128.0,,0.09999999999854481,10.00000000014552,first segment of file,False
Synchronised V abd S datasets/Categorised IOVNB Dataset/Vw (Driver E)/Vw07/S-Vw7.csv,VW7,smartphone,synchronized_categorized,aa2774bec0399222b06b3a8cd1eff16d20c58fe1478e3a9a728061b363e8c44e,aa2774bec039:000,0,0,1601,1602,1578498909.004,1578499069.1030002,160.0990002155304,,0.09999990463256836,10.000009536752259,first segment of file,False
Synchronised V abd S datasets/Categorised IOVNB Dataset/Vw (Driver E)/Vw07/V-Vw7.csv,VW7,vehicle,synchronized_categorized,e42fa1303dce73f23f4c28667c62a961711bb1891e646c4acfae1f7c49ec0edb,e42fa1303dce:000,0,0,1601,1602,57476.8,57636.9,160.09999999999854,,0.09999999999854481,10.00000000014552,first segment of file,False
Synchronised V abd S datasets/Categorised IOVNB Dataset/Vw (Driver E)/Vw08/S-Vw8.csv,VW8,smartphone,synchronized_categorized,53a4a5b9494e19fdfbe28ce57d7bf5f1b4482f1a5516c400fd14fc6c1316d728,53a4a5b9494e:000,0,0,1528,1529,1578499089.004,1578499241.804,152.79999995231628,,0.09999990463256836,10.000009536752259,first segment of file,False
Synchronised V abd S datasets/Categorised IOVNB Dataset/Vw (Driver E)/Vw08/V-Vw8.csv,VW8,vehicle,synchronized_categorized,89692d9e3e6a2968867c6e04172bf5fed27c5a7e6b70206fa162a153420064b1,89692d9e3e6a:000,0,0,1528,1529,57650.0,57802.8,152.8000000000029,,0.09999999999854481,10.00000000014552,first segment of file,False
Synchronised V abd S datasets/Categorised IOVNB Dataset/Vw (Driver E)/Vw09/S-Vw9.csv,VW9,smartphone,synchronized_categorized,1a9d760bc7d2a5aeb29bda49873d643643fbfa40bc951e0ffce1d767b456a7e2,1a9d760bc7d2:000,0,0,551,552,1578499440.403,1578499495.504,55.10099983215332,,0.09999990463256836,10.000009536752259,first segment of file,False
Synchronised V abd S datasets/Categorised IOVNB Dataset/Vw (Driver E)/Vw09/V-Vw9.csv,VW9,vehicle,synchronized_categorized,0e371904d8bca8c86cc208118a8a4e269592c5b12944c66ea88f0a80ac844120,0e371904d8bc:000,0,0,552,553,57839.9,57895.1,55.19999999999709,,0.09999999999854481,10.00000000014552,first segment of file,False
Synchronised V abd S datasets/Categorised IOVNB Dataset/Vw (Driver E)/Vw10/S-Vw10.csv,VW10,smartphone,synchronized_categorized,dac55cdbb0b0763eef61a6d969a560b8f59c4a82ba84415990f200eb4e4259ef,dac55cdbb0b0:000,0,0,651,652,1578499661.904,1578499727.004,65.09999990463257,,0.09999990463256836,10.000009536752259,first segment of file,False
Synchronised V abd S datasets/Categorised IOVNB Dataset/Vw (Driver E)/Vw10/V-Vw10.csv,VW10,vehicle,synchronized_categorized,1591b8eda9cb12c07cd61a014e9449364c8dce3c8921c1050e494df214b4a81b,1591b8eda9cb:000,0,0,651,652,58062.4,58127.5,65.09999999999854,,0.09999999999854481,10.00000000014552,first segment of file,False
Synchronised V abd S datasets/Categorised IOVNB Dataset/Vw (Driver E)/Vw11/S-Vw11.csv,VW11,smartphone,synchronized_categorized,d1fb2b7e3ad012c7f9c32937830f22d86e529322d3a43a9c0df8782351ed178a,d1fb2b7e3ad0:000,0,0,4908,4909,1578499735.504,1578500226.304,490.7999999523163,,0.09999990463256836,10.000009536752259,first segment of file,False
Synchronised V abd S datasets/Categorised IOVNB Dataset/Vw (Driver E)/Vw11/V-Vw11.csv,VW11,vehicle,synchronized_categorized,5ce83ed06846321844a18a97cdb643d57e226724c2ea7d3d5709b11c5658fba5,5ce83ed06846:000,0,0,4908,4909,58134.0,58624.8,490.8000000000029,,0.09999999999854481,10.00000000014552,first segment of file,False
Synchronised V abd S datasets/Categorised IOVNB Dataset/Vw (Driver E)/Vw12/S-Vw12.csv,VW12,smartphone,synchronized_categorized,3db4ee68418f36529ab01bfc7cff290531941291af2e369e5da974f884f9ba9b,3db4ee68418f:000,0,0,917,918,1578500240.205,1578500331.905,91.70000004768372,,0.09999990463256836,10.000009536752259,first segment of file,False
Synchronised V abd S datasets/Categorised IOVNB Dataset/Vw (Driver E)/Vw12/V-Vw12.csv,VW12,vehicle,synchronized_categorized,b5448bfcb1300088911573bba02087a96a3264ce838a70f58cf631c69d029e0a,b5448bfcb130:000,0,0,917,918,58636.2,58727.9,91.70000000000437,,0.09999999999854481,10.00000000014552,first segment of file,False
Synchronised V abd S datasets/Categorised IOVNB Dataset/Vw (Driver E)/Vw13/S-Vw13.csv,VW13,smartphone,synchronized_categorized,f86e535305a7200563e68f8399590109a170f7e78192d2eff32b31c2a8e762c9,f86e535305a7:000,0,0,283,284,1578500426.104,1578500454.404,28.299999952316284,,0.09999990463256836,10.000009536752259,first segment of file,False
Synchronised V abd S datasets/Categorised IOVNB Dataset/Vw (Driver E)/Vw13/V-Vw13.csv,VW13,vehicle,synchronized_categorized,a1be801957c9ed33c11c2f88ebd8ea70d064e655d9ffa42070d61a99fde5a072,a1be801957c9:000,0,0,283,284,58825.1,58853.4,28.30000000000291,,0.09999999999854481,10.00000000014552,first segment of file,False
Synchronised V abd S datasets/Categorised IOVNB Dataset/Vw (Driver E)/Vw14a/S-Vw14a.csv,VW14A,smartphone,synchronized_categorized,c33f936d8de8a1ea40bab912b3ff8f3efb3692c08208c7ff002e881691fc5575,c33f936d8de8:000,0,0,3137,3138,1578500474.984,1578500788.684,313.7000000476837,,0.09999990463256836,10.000009536752259,first segment of file,False
Synchronised V abd S datasets/Categorised IOVNB Dataset/Vw (Driver E)/Vw14a/V-Vw14a.csv,VW14A,vehicle,synchronized_categorized,a5bebc38b09ca1e98b892acaee2431a83beb68e498e55014b62493dc416eb1e4,a5bebc38b09c:000,0,0,3137,3138,58870.1,59183.8,313.70000000000437,,0.09999999999854481,10.00000000014552,first segment of file,False
Synchronised V abd S datasets/Categorised IOVNB Dataset/Vw (Driver E)/Vw14b/S-Vw14b.csv,VW14B,smartphone,synchronized_categorized,0be63d31a96741735ff59d7308231b50e99820992e8bd8f4b898667c8082776f,0be63d31a967:000,0,0,19587,19588,1578500788.983,1578502747.684,1958.7009999752045,,0.09999990463256836,10.000009536752259,first segment of file,False
Synchronised V abd S datasets/Categorised IOVNB Dataset/Vw (Driver E)/Vw14b/V-Vw14b.csv,VW14B,vehicle,synchronized_categorized,506b8ce6f602ccceff3b82a5aefd0146b2cbf1e97a11515f07afb3c4b33d2088,506b8ce6f602:000,0,0,19587,19588,59185.1,61143.8,1958.7000000000044,,0.09999999999854481,10.00000000014552,first segment of file,False
Synchronised V abd S datasets/Categorised IOVNB Dataset/Vw (Driver E)/Vw14c/S-Vw14c.csv,VW14C,smartphone,synchronized_categorized,79d0af64caf879be228fd8b13b61fee81881225c10134d3262f80b21539ac814,79d0af64caf8:000,0,0,15825,15826,1578502748.984,1578504331.484,1582.5,,0.09999990463256836,10.000009536752259,first segment of file,False
Synchronised V abd S datasets/Categorised IOVNB Dataset/Vw (Driver E)/Vw14c/V-Vw14c.csv,VW14C,vehicle,synchronized_categorized,242132227ff27a72f091462b44ba8e65b9d409a0a3ce2651a491258eeb49cbae,242132227ff2:000,0,0,15825,15826,61147.0,62729.5,1582.5,,0.09999999999854481,10.00000000014552,first segment of file,False
Synchronised V abd S datasets/Categorised IOVNB Dataset/Vw (Driver E)/Vw15/S-Vw15.csv,VW15,smartphone,synchronized_categorized,85be9e57dfa63a53432bc8a30fb6a652f4ea9d6deb2f3309edd149420ec7afbc,85be9e57dfa6:000,0,0,1379,1380,1578504589.943,1578504727.8430002,137.90000009536743,,0.09999990463256836,10.000009536752259,first segment of file,False
Synchronised V abd S datasets/Categorised IOVNB Dataset/Vw (Driver E)/Vw15/V-Vw15.csv,VW15,vehicle,synchronized_categorized,1b9ee80793538ff7c9fc1675ff83a749cbcdb27174acf85865bebdb4b1ae0fe3,1b9ee8079353:000,0,0,1390,1391,62986.9,63125.9,139.0,,0.09999999999854481,10.00000000014552,first segment of file,False
Synchronised V abd S datasets/Categorised IOVNB Dataset/Vw (Driver E)/Vw16a/S-Vw16a.csv,VW16A,smartphone,synchronized_categorized,fc23e971b8f331ce5ca9c0956f1bb8bc103d6f7baf3dafadec8367bdcfa2cf74,fc23e971b8f3:000,0,0,5878,5879,1578504733.6030002,1578505321.402,587.798999786377,,0.09999990463256836,10.000009536752259,first segment of file,False
Synchronised V abd S datasets/Categorised IOVNB Dataset/Vw (Driver E)/Vw16a/V-Vw16a.csv,VW16A,vehicle,synchronized_categorized,02a947a7f4344d7d804487743ba8d2c67ad36f02a065b2f957319bb697a8fe06,02a947a7f434:000,0,0,5878,5879,63143.8,63731.6,587.7999999999956,,0.09999999999854481,10.00000000014552,first segment of file,False
Synchronised V abd S datasets/Categorised IOVNB Dataset/Vw (Driver E)/Vw16b/S-Vw16b.csv,VW16B,smartphone,synchronized_categorized,5edb201c6796af66840f16917315a5715acf6584feae0f0f5e4f27453c33e0df,5edb201c6796:000,0,0,1125,1126,1578505336.0019999,1578505448.503,112.50100016593933,,0.09999990463256836,10.000009536752259,first segment of file,False
Synchronised V abd S datasets/Categorised IOVNB Dataset/Vw (Driver E)/Vw16b/V-Vw16b.csv,VW16B,vehicle,synchronized_categorized,5646f2e20776bf4e9615291e7a4b3a388ba31ee57c1a7eeeb1bcf0915e049a0c,5646f2e20776:000,0,0,1125,1126,63736.2,63848.7,112.5,,0.09999999999854481,10.00000000014552,first segment of file,False
Synchronised V abd S datasets/Categorised IOVNB Dataset/Vw (Driver E)/Vw17/S-Vw17.csv,VW17,smartphone,synchronized_categorized,abd8373222ff026c1cf2879155e043c8007bc9e95186854aa7e1efe6908fac9d,abd8373222ff:000,0,0,328,329,1578505454.7020001,1578505487.503,32.800999879837036,,0.09999990463256836,10.000009536752259,first segment of file,False
Synchronised V abd S datasets/Categorised IOVNB Dataset/Vw (Driver E)/Vw17/V-Vw17.csv,VW17,vehicle,synchronized_categorized,e3bdc813996678698b015c2feecb0f44299c71559756fc27544ba4a19500e92b,e3bdc8139966:000,0,0,328,329,63853.1,63885.9,32.80000000000291,,0.09999999999854481,10.00000000014552,first segment of file,False
Synchronised V abd S datasets/Categorised IOVNB Dataset/Y (Driver D)/Y1/S-Y1.csv,Y1,smartphone,synchronized_categorized,4e0f18c9aeea9f9e60e595697a77046828ce633f96d4c84a9df8dc04067d0d4a,4e0f18c9aeea:000,0,0,337,338,1567188765.703,1567188805.3100002,39.60700011253357,,0.09999990463256836,10.000009536752259,first segment of file,False
Synchronised V abd S datasets/Categorised IOVNB Dataset/Y (Driver D)/Y1/S-Y1.csv,Y1,smartphone,synchronized_categorized,4e0f18c9aeea9f9e60e595697a77046828ce633f96d4c84a9df8dc04067d0d4a,4e0f18c9aeea:001,1,338,3374,3037,1567188913.7459998,1567189217.346,303.60000014305115,108.43599963188171,0.09999990463256836,10.000009536752259,"forward gap of 108.4s exceeds threshold 10.0s (max(100.0x median interval 0.1000s, 10.0s))",False
Synchronised V abd S datasets/Categorised IOVNB Dataset/Y (Driver D)/Y1/S-Y1.csv,Y1,smartphone,synchronized_categorized,4e0f18c9aeea9f9e60e595697a77046828ce633f96d4c84a9df8dc04067d0d4a,4e0f18c9aeea:002,2,3375,70284,66910,1567189466.2259998,1567196157.021,6690.795000076294,248.87999987602234,0.09999990463256836,10.000009536752259,"forward gap of 248.9s exceeds threshold 10.0s (max(100.0x median interval 0.1000s, 10.0s))",False
Synchronised V abd S datasets/Categorised IOVNB Dataset/Y (Driver D)/Y1/V-Y1.csv,Y1,vehicle,synchronized_categorized,382cb04c75e8655bb498c98f50a354f1091c3750a391310e1bf2c1767a7f6478,382cb04c75e8:000,0,0,4557,4558,61959.9,62415.6,455.6999999999971,,0.09999999999854481,10.00000000014552,first segment of file,False
Synchronised V abd S datasets/Categorised IOVNB Dataset/Y (Driver D)/Y1/V-Y1.csv,Y1,vehicle,synchronized_categorized,382cb04c75e8655bb498c98f50a354f1091c3750a391310e1bf2c1767a7f6478,382cb04c75e8:001,1,4558,70099,65542,62669.6,69223.7,6554.0999999999985,254.0,0.09999999999854481,10.00000000014552,"forward gap of 254.0s exceeds threshold 10.0s (max(100.0x median interval 0.1000s, 10.0s))",False
Synchronised V abd S datasets/Categorised IOVNB Dataset/Y (Driver D)/Y1/V-Y1.csv,Y1,vehicle,synchronized_categorized,382cb04c75e8655bb498c98f50a354f1091c3750a391310e1bf2c1767a7f6478,382cb04c75e8:002,2,70100,70284,185,69608.3,69626.7,18.39999999999418,384.6000000000058,0.10000000000582077,9.999999999417923,"forward gap of 384.6s exceeds threshold 10.0s (max(100.0x median interval 0.1000s, 10.0s))",False
Synchronised V abd S datasets/Uncategorised IOVNB Dataset/S-Dataset/S-M.csv,M,smartphone,synchronized_uncategorized,71453d0af0d336bf4cc25e548f4ec4c75e83eba8b2a224604280510049d09587,71453d0af0d3:000,0,0,105973,105974,1567847609.5059998,1567858209.129,10599.623000144958,,0.09999990463256836,10.000009536752259,first segment of file,False
Synchronised V abd S datasets/Uncategorised IOVNB Dataset/S-Dataset/S-S1.csv,S1,smartphone,synchronized_uncategorized,819c5c4bb272ad843acc31d94da9eb34c43fabb6fbfa3fa0067a844bbe70beaa,819c5c4bb272:000,0,0,51745,51746,1567937269.5459998,1567942444.0449998,5174.499000072479,,0.09999990463256836,10.000009536752259,first segment of file,False
Synchronised V abd S datasets/Uncategorised IOVNB Dataset/S-Dataset/S-S2.csv,S2,smartphone,synchronized_uncategorized,5851902ce5d4f82f900d082e082d2fc43deac3d4f8f128d1193e6a353970f22d,5851902ce5d4:000,0,0,93875,93876,1567944231.741,1567953620.349,9388.608000040054,,0.09999990463256836,10.000009536752259,first segment of file,False
Synchronised V abd S datasets/Uncategorised IOVNB Dataset/S-Dataset/S-S3a.csv,S3A,smartphone,synchronized_uncategorized,8e085465f03842026bb12029f08eb21e891263d7e82700b0601607afc2832aaa,8e085465f038:000,0,0,24620,24621,1567624911.4940002,1567627373.4940002,2462.0,,0.09999990463256836,10.000009536752259,first segment of file,False
Synchronised V abd S datasets/Uncategorised IOVNB Dataset/S-Dataset/S-S3b.csv,S3B,smartphone,synchronized_uncategorized,19e3c80523efaccf8c56245c1f8d4806d175b088616daca65b877eda68397d31,19e3c80523ef:000,0,0,6812,6813,1567627383.493,1567628069.021,685.5279998779297,,0.09999990463256836,10.000009536752259,first segment of file,False
Synchronised V abd S datasets/Uncategorised IOVNB Dataset/S-Dataset/S-S3c.csv,S3C,smartphone,synchronized_uncategorized,4eaf1873275aef7015a58927a0bbfcc17e1799162e47de53a94886950ce30e3a,4eaf1873275a:000,0,0,37182,37183,1567628068.521,1567631786.72,3718.199000120163,,0.09999990463256836,10.000009536752259,first segment of file,False
Synchronised V abd S datasets/Uncategorised IOVNB Dataset/S-Dataset/S-S4.csv,S4,smartphone,synchronized_uncategorized,4a3b9065b673c57492bc3668afe3bf3d5fcac1eb7bb6ba9e3d3a54b9dba53d93,4a3b9065b673:000,0,0,35185,35186,1567793775.111,1567797293.611,3518.5,,0.09999990463256836,10.000009536752259,first segment of file,False
Synchronised V abd S datasets/Uncategorised IOVNB Dataset/S-Dataset/S-S4.csv,S4,smartphone,synchronized_uncategorized,4a3b9065b673c57492bc3668afe3bf3d5fcac1eb7bb6ba9e3d3a54b9dba53d93,4a3b9065b673:001,1,35186,94599,59414,1567797605.753,1567803548.216,5942.463000059128,312.1419999599457,0.09999990463256836,10.000009536752259,"forward gap of 312.1s exceeds threshold 10.0s (max(100.0x median interval 0.1000s, 10.0s))",False
Synchronised V abd S datasets/Uncategorised IOVNB Dataset/S-Dataset/S-Vfa01.csv,VFA01,smartphone,synchronized_uncategorized,c743ad854bd5fd6419fd12506ca1171f9a41ee25c991bd8d5697fc852644352c,c743ad854bd5:000,0,0,11485,11486,1573204826.236,1573205974.736,1148.5,,0.09999990463256836,10.000009536752259,first segment of file,False
Synchronised V abd S datasets/Uncategorised IOVNB Dataset/S-Dataset/S-Vfa02.csv,VFA02,smartphone,synchronized_uncategorized,65348172ad4eb61777bdee119ab5e88c558bf648df53a514e11d17a571d3b556,65348172ad4e:000,0,0,67522,67523,1573207037.649,1573213789.85,6752.2009999752045,,0.09999990463256836,10.000009536752259,first segment of file,False
Synchronised V abd S datasets/Uncategorised IOVNB Dataset/S-Dataset/S-Vta10.csv,VTA10,smartphone,synchronized_uncategorized,1802cbfa0458ea06c8e52fd7bebfefbdf2614a56329377ec26b4d4c981aee863,1802cbfa0458:000,0,0,1501,1502,1573041710.393,1573041860.493,150.10000014305115,,0.09999990463256836,10.000009536752259,first segment of file,False
Synchronised V abd S datasets/Uncategorised IOVNB Dataset/S-Dataset/S-Vta11.csv,VTA11,smartphone,synchronized_uncategorized,55296eaadaa797bde6a790f5f8b7ac7b98c250ff186b00773f33a0eda8f21db3,55296eaadaa7:000,0,0,509,510,1573041872.393,1573041923.293,50.90000009536743,,0.09999990463256836,10.000009536752259,first segment of file,False
Synchronised V abd S datasets/Uncategorised IOVNB Dataset/S-Dataset/S-Vta12.csv,VTA12,smartphone,synchronized_uncategorized,e0ea65fc0a2f31c301f80508d75bdf9cd5a39c3f33e55c91d031a368a64ceca9,e0ea65fc0a2f:000,0,0,609,610,1573041935.393,1573041996.293,60.90000009536743,,0.09999990463256836,10.000009536752259,first segment of file,False
Synchronised V abd S datasets/Uncategorised IOVNB Dataset/S-Dataset/S-Vta13.csv,VTA13,smartphone,synchronized_uncategorized,228caace5149d33268cc499f8a66c155a09099f617fed9da84d8ad07379cefa6,228caace5149:000,0,0,403,404,1573042007.292,1573042047.593,40.300999879837036,,0.09999990463256836,10.000009536752259,first segment of file,False
Synchronised V abd S datasets/Uncategorised IOVNB Dataset/S-Dataset/S-Vta14.csv,VTA14,smartphone,synchronized_uncategorized,bb4a6ff8b36af8de10e86abdddb2ff46de53d7cfe209a774d42080fecdd3993f,bb4a6ff8b36a:000,0,0,2884,2885,1573042052.493,1573042340.893,288.39999985694885,,0.09999990463256836,10.000009536752259,first segment of file,False
Synchronised V abd S datasets/Uncategorised IOVNB Dataset/S-Dataset/S-Vta15.csv,VTA15,smartphone,synchronized_uncategorized,97658ff6d1e6bac43ba2614e6dcaccd1c56024cd57b762c85efda43a978060cb,97658ff6d1e6:000,0,0,832,833,1573042351.793,1573042434.993,83.20000004768372,,0.09999990463256836,10.000009536752259,first segment of file,False
Synchronised V abd S datasets/Uncategorised IOVNB Dataset/S-Dataset/S-Vta16.csv,VTA16,smartphone,synchronized_uncategorized,25bba4c7024d5e8fbad2b0bc65221b0f69e81661d774e00a123a370775f87ca7,25bba4c7024d:000,0,0,11334,11335,1573042440.6929998,1573043574.093,1133.4000000953674,,0.09999990463256836,10.000009536752259,first segment of file,False
Synchronised V abd S datasets/Uncategorised IOVNB Dataset/S-Dataset/S-Vta17.csv,VTA17,smartphone,synchronized_uncategorized,e7dd97db647b400f8be06c52f2366d76761cb6255d85da7e5f218714809f0ea4,e7dd97db647b:000,0,0,4518,4519,1573043585.392,1573044038.3779998,452.9859998226166,,0.09999990463256836,10.000009536752259,first segment of file,False
Synchronised V abd S datasets/Uncategorised IOVNB Dataset/S-Dataset/S-Vta19.csv,VTA19,smartphone,synchronized_uncategorized,50a0ce6338f87d5c04129f3b28cb443be0a60a0239eeda7c58e49cc880f08ca2,50a0ce6338f8:000,0,0,291,292,1573044057.3769999,1573044086.4780002,29.10100030899048,,0.09999990463256836,10.000009536752259,first segment of file,False
Synchronised V abd S datasets/Uncategorised IOVNB Dataset/S-Dataset/S-Vta1a.csv,VTA1A,smartphone,synchronized_uncategorized,25e382fbbc3403530e5faa5aad1ac1ef18676ed50319827bf2f7c2d782f5491c,25e382fbbc34:000,0,0,25675,25676,1573036907.3630002,1573039474.8620002,2567.4990000724792,,0.09999990463256836,10.000009536752259,first segment of file,False
Synchronised V abd S datasets/Uncategorised IOVNB Dataset/S-Dataset/S-Vta1b.csv,VTA1B,smartphone,synchronized_uncategorized,d4286914fd022b5784dceb7c086d452c30d64507cffc2ec2ce2a0405932a5b82,d4286914fd02:000,0,0,953,954,1573039489.463,1573039584.763,95.29999995231628,,0.09999990463256836,10.000009536752259,first segment of file,False
Synchronised V abd S datasets/Uncategorised IOVNB Dataset/S-Dataset/S-Vta2.csv,VTA2,smartphone,synchronized_uncategorized,eafbdc315806d9f6644ce18f63318b9a75d7ed5f817b340c2745141ac92c7159,eafbdc315806:000,0,0,10990,10991,1573039591.2649999,1573040690.263,1098.9980001449585,,0.09999990463256836,10.000009536752259,first segment of file,False
Synchronised V abd S datasets/Uncategorised IOVNB Dataset/S-Dataset/S-Vta20.csv,VTA20,smartphone,synchronized_uncategorized,2053e5e5c9a739118c490104966ba941826c08f18d7418f54199d7bfde195f46,2053e5e5c9a7:000,0,0,3222,3223,1573044141.722,1573044463.922,322.2000000476837,,0.09999990463256836,10.000009536752259,first segment of file,False
Synchronised V abd S datasets/Uncategorised IOVNB Dataset/S-Dataset/S-Vta21.csv,VTA21,smartphone,synchronized_uncategorized,8aa3df49db9bd45d40751a5d0f31939a3a9181a945d10a9e1540dac24beef5e4,8aa3df49db9b:000,0,0,2078,2079,1573044452.022,1573044659.822,207.79999995231628,,0.09999990463256836,10.000009536752259,first segment of file,False
Synchronised V abd S datasets/Uncategorised IOVNB Dataset/S-Dataset/S-Vta22.csv,VTA22,smartphone,synchronized_uncategorized,63dcb0fceb5e515bdc08e465647e71e2784ad231aee5c772ef2c29f6e569d327,63dcb0fceb5e:000,0,0,1563,1564,1573044660.822,1573044817.1230001,156.30100011825562,,0.09999990463256836,10.000009536752259,first segment of file,False
Synchronised V abd S datasets/Uncategorised IOVNB Dataset/S-Dataset/S-Vta23.csv,VTA23,smartphone,synchronized_uncategorized,9b6078292366076f3e641d55f443d759a0429652023db517c8db8fafe24b0971,9b6078292366:000,0,0,1109,1110,1573044820.023,1573044930.923,110.90000009536743,,0.09999990463256836,10.000009536752259,first segment of file,False
Synchronised V abd S datasets/Uncategorised IOVNB Dataset/S-Dataset/S-Vta24.csv,VTA24,smartphone,synchronized_uncategorized,0e19870184841a8f9ccdf8b74aa657dbb2fdae66ac7112cb6597c648aca155a0,0e1987018484:000,0,0,1170,1171,1573044935.922,1573045052.923,117.00100016593933,,0.09999990463256836,10.000009536752259,first segment of file,False
Synchronised V abd S datasets/Uncategorised IOVNB Dataset/S-Dataset/S-Vta25.csv,VTA25,smartphone,synchronized_uncategorized,79a3cb847acd285da722c1ac63b89d757361e82bcf686e8fab40bb54fa319883,79a3cb847acd:000,0,0,645,646,1573045056.324,1573045120.822,64.4980001449585,,0.09999990463256836,10.000009536752259,first segment of file,False
Synchronised V abd S datasets/Uncategorised IOVNB Dataset/S-Dataset/S-Vta26.csv,VTA26,smartphone,synchronized_uncategorized,35b361cd3f6673e8548e6068e82cc66458ce05daef8483a91f904cc048b76b5a,35b361cd3f66:000,0,0,1934,1935,1573045128.922,1573045322.3219998,193.39999985694885,,0.09999990463256836,10.000009536752259,first segment of file,False
Synchronised V abd S datasets/Uncategorised IOVNB Dataset/S-Dataset/S-Vta27.csv,VTA27,smartphone,synchronized_uncategorized,5a5de2c15ce2cc7fe1008a92df855697f83407478fd728f7465dc7864d7a1949,5a5de2c15ce2:000,0,0,2539,2540,1573045329.6220002,1573045583.5219998,253.89999961853027,,0.09999990463256836,10.000009536752259,first segment of file,False
Synchronised V abd S datasets/Uncategorised IOVNB Dataset/S-Dataset/S-Vta28.csv,VTA28,smartphone,synchronized_uncategorized,f6681389a3ae39e0b085f81857f370629fc78349cbb50461273dc1e54096af62,f6681389a3ae:000,0,0,4209,4210,1573045614.922,1573046035.822,420.90000009536743,,0.09999990463256836,10.000009536752259,first segment of file,False
Synchronised V abd S datasets/Uncategorised IOVNB Dataset/S-Dataset/S-Vta29.csv,VTA29,smartphone,synchronized_uncategorized,fdb0c5fe8db02276321e8780ca009543835eb2f452fe66372aa73e1a950787e1,fdb0c5fe8db0:000,0,0,23704,23705,1573046840.808,1573049210.586,2369.7779998779297,,0.09999990463256836,10.000009536752259,first segment of file,False
Synchronised V abd S datasets/Uncategorised IOVNB Dataset/S-Dataset/S-Vta3.csv,VTA3,smartphone,synchronized_uncategorized,e94b492767c89f9371182a9c877b001fc4d06592be48ed5b69e9298706147a30,e94b492767c8:000,0,0,644,645,1573040753.893,1573040818.293,64.40000009536743,,0.09999990463256836,10.000009536752259,first segment of file,False
Synchronised V abd S datasets/Uncategorised IOVNB Dataset/S-Dataset/S-Vta30.csv,VTA30,smartphone,synchronized_uncategorized,28161336944b3371ce22d074dbfd5693e915dfd3189c1dec1d0d5e0ffc69984c,28161336944b:000,0,0,17135,17136,1573049223.8860002,1573050937.386,1713.4999997615814,,0.09999990463256836,10.000009536752259,first segment of file,False
Synchronised V abd S datasets/Uncategorised IOVNB Dataset/S-Dataset/S-Vta4.csv,VTA4,smartphone,synchronized_uncategorized,b3afee4fde18ba7facfbf7ad2c0811c3d989867fff4b4cb548a382a87276992f,b3afee4fde18:000,0,0,1788,1789,1573040847.3939998,1573041026.1929998,178.79900002479553,,0.09999990463256836,10.000009536752259,first segment of file,False
Synchronised V abd S datasets/Uncategorised IOVNB Dataset/S-Dataset/S-Vta5.csv,VTA5,smartphone,synchronized_uncategorized,ef23269dffe16050ab251b6b2d77a92cfec1d2ad1c1989cb76c67c3eb7d3b215,ef23269dffe1:000,0,0,306,307,1573041034.393,1573041064.993,30.600000143051147,,0.09999990463256836,10.000009536752259,first segment of file,False
Synchronised V abd S datasets/Uncategorised IOVNB Dataset/S-Dataset/S-Vta6.csv,VTA6,smartphone,synchronized_uncategorized,1deac04dc111225b0f80126c8d3f466ca2c121700e35f566a676a6a9f01f59df,1deac04dc111:000,0,0,1375,1376,1573041071.993,1573041209.493,137.5,,0.09999990463256836,10.000009536752259,first segment of file,False
Synchronised V abd S datasets/Uncategorised IOVNB Dataset/S-Dataset/S-Vta7.csv,VTA7,smartphone,synchronized_uncategorized,a3979f48728a7f7bf31600afb6710cad8bd2c69e281b219ecd3a0981a5cc3103,a3979f48728a:000,0,0,839,840,1573041215.293,1573041299.1929998,83.89999985694885,,0.09999990463256836,10.000009536752259,first segment of file,False
Synchronised V abd S datasets/Uncategorised IOVNB Dataset/S-Dataset/S-Vta8.csv,VTA8,smartphone,synchronized_uncategorized,b771523b2a83f94bad8fee4c84b8689490deb65b6d017667cd3fabce4f256b2b,b771523b2a83:000,0,0,3675,3676,1573041305.293,1573041672.793,367.5,,0.09999990463256836,10.000009536752259,first segment of file,False
Synchronised V abd S datasets/Uncategorised IOVNB Dataset/S-Dataset/S-Vta9.csv,VTA9,smartphone,synchronized_uncategorized,ddca3a613dc259fa950a764c00b09b9ed85aea780efcf79c4d7981bb69c3eb8c,ddca3a613dc2:000,0,0,155,156,1573041683.3939998,1573041698.892,15.498000144958496,,0.09999990463256836,10.000009536752259,first segment of file,False
Synchronised V abd S datasets/Uncategorised IOVNB Dataset/S-Dataset/S-Vtb1.csv,VTB1,smartphone,synchronized_uncategorized,4132d57199e839a0b10e2eaee6f0c23bf40a700b385d14efbb98739a726eb7e1,4132d57199e8:000,0,0,683,684,1573052257.146,1573052325.445,68.29900002479553,,0.09999990463256836,10.000009536752259,first segment of file,False
Synchronised V abd S datasets/Uncategorised IOVNB Dataset/S-Dataset/S-Vtb1.csv,VTB1,smartphone,synchronized_uncategorized,4132d57199e839a0b10e2eaee6f0c23bf40a700b385d14efbb98739a726eb7e1,4132d57199e8:001,1,684,32458,31775,1573052986.8209999,1573055502.945,2516.1240000724792,661.3759999275208,0.09999990463256836,10.000009536752259,"forward gap of 661.4s exceeds threshold 10.0s (max(100.0x median interval 0.1000s, 10.0s))",False
Synchronised V abd S datasets/Uncategorised IOVNB Dataset/S-Dataset/S-Vtb10.csv,VTB10,smartphone,synchronized_uncategorized,202fab30375ed39b0311ac63e92a1c58ad2851541bc72cc9792bce638363d23b,202fab30375e:000,0,0,195,196,1573064557.375,1573064576.875,19.5,,0.09999990463256836,10.000009536752259,first segment of file,False
Synchronised V abd S datasets/Uncategorised IOVNB Dataset/S-Dataset/S-Vtb11.csv,VTB11,smartphone,synchronized_uncategorized,6cf4b689fa8102dec178ff7e3dddefd414c34b56b27cdb830d3d83fe9d646204,6cf4b689fa81:000,0,0,360,361,1573064586.376,1573064622.376,36.0,,0.09999990463256836,10.000009536752259,first segment of file,False
Synchronised V abd S datasets/Uncategorised IOVNB Dataset/S-Dataset/S-Vtb12.csv,VTB12,smartphone,synchronized_uncategorized,c8360323ca02d0fec1274997f62c00ef3ecaebc8af18ea1eb76046d1dcce7904,c8360323ca02:000,0,0,446,447,1573064631.4750001,1573064676.076,44.60099983215332,,0.09999990463256836,10.000009536752259,first segment of file,False
Synchronised V abd S datasets/Uncategorised IOVNB Dataset/S-Dataset/S-Vtb2.csv,VTB2,smartphone,synchronized_uncategorized,06ad03911f2d31320e711bebbf41a3e0a3fb6264de7934b319d5e48eb89b4b75,06ad03911f2d:000,0,0,5711,5712,1573056380.476,1573056951.576,571.0999999046326,,0.09999990463256836,10.000009536752259,first segment of file,False
Synchronised V abd S datasets/Uncategorised IOVNB Dataset/S-Dataset/S-Vtb3.csv,VTB3,smartphone,synchronized_uncategorized,7a8bd69ead897490494fb6c6742a324800b0e3dcf4e6ee256aae5e71a468fcc1,7a8bd69ead89:000,0,0,8239,8240,1573056961.676,1573057785.576,823.8999998569489,,0.09999990463256836,10.000009536752259,first segment of file,False
Synchronised V abd S datasets/Uncategorised IOVNB Dataset/S-Dataset/S-Vtb4.csv,VTB4,smartphone,synchronized_uncategorized,1048727c0ca2ccb3c6e00fe35ac582e0500f359e3048f0ef7f987e1d48713b78,1048727c0ca2:000,0,0,555,556,1573057798.376,1573057853.876,55.5,,0.09999990463256836,10.000009536752259,first segment of file,False
Synchronised V abd S datasets/Uncategorised IOVNB Dataset/S-Dataset/S-Vtb5.csv,VTB5,smartphone,synchronized_uncategorized,b5f5d659485e7add06e31bf87aba03f72aaebb2ee11a49720709b3ddbbae577f,b5f5d659485e:000,0,0,64387,64388,1573057853.075,1573064291.776,6438.7009999752045,,0.09999990463256836,10.000009536752259,first segment of file,False
Synchronised V abd S datasets/Uncategorised IOVNB Dataset/S-Dataset/S-Vtb6.csv,VTB6,smartphone,synchronized_uncategorized,5d699a3e20def13001e2634a4e74d40e6f54bd688f376166b1697750ae8d0375,5d699a3e20de:000,0,0,497,498,1573064325.376,1573064375.076,49.700000047683716,,0.09999990463256836,10.000009536752259,first segment of file,False
Synchronised V abd S datasets/Uncategorised IOVNB Dataset/S-Dataset/S-Vtb7.csv,VTB7,smartphone,synchronized_uncategorized,9837d2ebc6993222c74a7d1ad4ca8c655e370780eb82524e6d08cc7891d79eaa,9837d2ebc699:000,0,0,460,461,1573064379.375,1573064425.376,46.00099992752075,,0.09999990463256836,10.000009536752259,first segment of file,False
Synchronised V abd S datasets/Uncategorised IOVNB Dataset/S-Dataset/S-Vtb8.csv,VTB8,smartphone,synchronized_uncategorized,d80cb5cebc5e4bc326bbc993e6243a5ad5d5b06c8b7dad6af923c7953e9ed294,d80cb5cebc5e:000,0,0,667,668,1573064433.376,1573064500.076,66.70000004768372,,0.09999990463256836,10.000009536752259,first segment of file,False
Synchronised V abd S datasets/Uncategorised IOVNB Dataset/S-Dataset/S-Vtb9.csv,VTB9,smartphone,synchronized_uncategorized,cae29ddeeff1a3e6f385e670a50816d6ae3f563aa97c5c71e33d1d1483562606,cae29ddeeff1:000,0,0,451,452,1573064505.3769999,1573064550.476,45.099000215530396,,0.09999990463256836,10.000009536752259,first segment of file,False
Synchronised V abd S datasets/Uncategorised IOVNB Dataset/S-Dataset/S-Vw1.csv,VW1,smartphone,synchronized_uncategorized,fbf968d0ce575b60b087db7b705fe71e8142686fad52dc078eae352f93ca1357,fbf968d0ce57:000,0,0,20475,20476,1578476275.816,1578478323.316,2047.5,,0.09999990463256836,10.000009536752259,first segment of file,False
Synchronised V abd S datasets/Uncategorised IOVNB Dataset/S-Dataset/S-Vw10.csv,VW10,smartphone,synchronized_uncategorized,31906be512c48d1baae00015079868cf97355c79ff6e6c6c5353922dbbe9d850,31906be512c4:000,0,0,651,652,1578499661.904,1578499727.004,65.09999990463257,,0.09999990463256836,10.000009536752259,first segment of file,False
Synchronised V abd S datasets/Uncategorised IOVNB Dataset/S-Dataset/S-Vw11.csv,VW11,smartphone,synchronized_uncategorized,cd923def23f54bfbb52ef732652be92429131ca3715bfef3bf021d9e4e3bbf9d,cd923def23f5:000,0,0,4908,4909,1578499735.504,1578500226.304,490.7999999523163,,0.09999990463256836,10.000009536752259,first segment of file,False
Synchronised V abd S datasets/Uncategorised IOVNB Dataset/S-Dataset/S-Vw12.csv,VW12,smartphone,synchronized_uncategorized,fa60a662386f7eff0150f6b8380a9e1e008a2fa4c3fca2308bd0b0b6fbbc2dd5,fa60a662386f:000,0,0,917,918,1578500240.205,1578500331.905,91.70000004768372,,0.09999990463256836,10.000009536752259,first segment of file,False
Synchronised V abd S datasets/Uncategorised IOVNB Dataset/S-Dataset/S-Vw13.csv,VW13,smartphone,synchronized_uncategorized,c3e5f69ec8f47ce57f1a304ff96e21ca51cd8be7edf66235eb0217ff4a3d2177,c3e5f69ec8f4:000,0,0,283,284,1578500426.104,1578500454.404,28.299999952316284,,0.09999990463256836,10.000009536752259,first segment of file,False
Synchronised V abd S datasets/Uncategorised IOVNB Dataset/S-Dataset/S-Vw14a.csv,VW14A,smartphone,synchronized_uncategorized,836db6cc3414518a391158b87d9bb094c16c8183a86f1251c6ffe045e8c55e37,836db6cc3414:000,0,0,3137,3138,1578500474.984,1578500788.684,313.7000000476837,,0.09999990463256836,10.000009536752259,first segment of file,False
Synchronised V abd S datasets/Uncategorised IOVNB Dataset/S-Dataset/S-Vw14b.csv,VW14B,smartphone,synchronized_uncategorized,0db4f806fa684768971ddba1293a5a985c183fc70a5024155675e4ca346c3e90,0db4f806fa68:000,0,0,19587,19588,1578500788.983,1578502747.684,1958.7009999752045,,0.09999990463256836,10.000009536752259,first segment of file,False
Synchronised V abd S datasets/Uncategorised IOVNB Dataset/S-Dataset/S-Vw14c.csv,VW14C,smartphone,synchronized_uncategorized,c352dd554b956d05f8e5e7a69cc74e60f48e0d12d6108ad4e96ae8edf82e3560,c352dd554b95:000,0,0,15825,15826,1578502748.984,1578504331.484,1582.5,,0.09999990463256836,10.000009536752259,first segment of file,False
Synchronised V abd S datasets/Uncategorised IOVNB Dataset/S-Dataset/S-Vw15.csv,VW15,smartphone,synchronized_uncategorized,68e3eeebef9679a1e4ac0306ea4a689c6a49470886e8376b4ee7f1889f4beb3d,68e3eeebef96:000,0,0,1379,1380,1578504589.943,1578504727.8430002,137.90000009536743,,0.09999990463256836,10.000009536752259,first segment of file,False
Synchronised V abd S datasets/Uncategorised IOVNB Dataset/S-Dataset/S-Vw16a.csv,VW16A,smartphone,synchronized_uncategorized,77dfd320c66aec9889960cb6e32b586c571e17ebaf15cbe41d2965518669a01d,77dfd320c66a:000,0,0,5878,5879,1578504733.6030002,1578505321.402,587.798999786377,,0.09999990463256836,10.000009536752259,first segment of file,False
Synchronised V abd S datasets/Uncategorised IOVNB Dataset/S-Dataset/S-Vw16b.csv,VW16B,smartphone,synchronized_uncategorized,66355f866e3d0d5cf90bcc2bcc9fd3618d72c5f458306dcbdf9fb676a4092cbe,66355f866e3d:000,0,0,1125,1126,1578505336.0019999,1578505448.503,112.50100016593933,,0.09999990463256836,10.000009536752259,first segment of file,False
Synchronised V abd S datasets/Uncategorised IOVNB Dataset/S-Dataset/S-Vw17.csv,VW17,smartphone,synchronized_uncategorized,ffadddf6b48a509ea87c71ee19dada9a54160bf56d1fd950eb9a924572a46f4d,ffadddf6b48a:000,0,0,328,329,1578505454.7020001,1578505487.503,32.800999879837036,,0.09999990463256836,10.000009536752259,first segment of file,False
Synchronised V abd S datasets/Uncategorised IOVNB Dataset/S-Dataset/S-Vw2.csv,VW2,smartphone,synchronized_uncategorized,51abe4136abb6c2bcee554894a22b0b31ab882115cec958163c69fa74398329c,51abe4136abb:000,0,0,52712,52713,1578478546.685,1578483817.884,5271.199000120163,,0.09999990463256836,10.000009536752259,first segment of file,False
Synchronised V abd S datasets/Uncategorised IOVNB Dataset/S-Dataset/S-Vw3.csv,VW3,smartphone,synchronized_uncategorized,07a93fc8421c0b4d26da352d051a819591a24e7a29ef5c27101914ed9ff5b28f,07a93fc8421c:000,0,0,3860,3861,1578483839.984,1578484225.985,386.00099992752075,,0.09999990463256836,10.000009536752259,first segment of file,False
Synchronised V abd S datasets/Uncategorised IOVNB Dataset/S-Dataset/S-Vw4.csv,VW4,smartphone,synchronized_uncategorized,fa0b8dc8dddf5bf7b6f7487608e557978038610dfb4e6f7b0a1bfe7b70b65e0a,fa0b8dc8dddf:000,0,0,126525,126526,1578485727.004,1578498379.504,12652.5,,0.09999990463256836,10.000009536752259,first segment of file,False
Synchronised V abd S datasets/Uncategorised IOVNB Dataset/S-Dataset/S-Vw5.csv,VW5,smartphone,synchronized_uncategorized,aad875202b3910674a376bb9d17671607aedbd9349faf1bcca2985323e75ac60,aad875202b39:000,0,0,1011,1012,1578498396.903,1578498498.004,101.10099983215332,,0.09999990463256836,10.000009536752259,first segment of file,False
Synchronised V abd S datasets/Uncategorised IOVNB Dataset/S-Dataset/S-Vw6.csv,VW6,smartphone,synchronized_uncategorized,39c4ae392225760f8873c57ad376734ff3ee026d896db07d80cc217e43b55f95,39c4ae392225:000,0,0,1280,1281,1578498502.904,1578498630.904,128.0,,0.09999990463256836,10.000009536752259,first segment of file,False
Synchronised V abd S datasets/Uncategorised IOVNB Dataset/S-Dataset/S-Vw7.csv,VW7,smartphone,synchronized_uncategorized,ae588bfe13db87273e55d5dc60b49d781d92584cca5c3b7671893e49e1450a7d,ae588bfe13db:000,0,0,1601,1602,1578498909.004,1578499069.1030002,160.0990002155304,,0.09999990463256836,10.000009536752259,first segment of file,False
Synchronised V abd S datasets/Uncategorised IOVNB Dataset/S-Dataset/S-Vw8.csv,VW8,smartphone,synchronized_uncategorized,7f899dfeb1c3450c15c30bc933dc4ea098e081fccd72177e8c159acc5cb078c1,7f899dfeb1c3:000,0,0,1528,1529,1578499089.004,1578499241.804,152.79999995231628,,0.09999990463256836,10.000009536752259,first segment of file,False
Synchronised V abd S datasets/Uncategorised IOVNB Dataset/S-Dataset/S-Vw9.csv,VW9,smartphone,synchronized_uncategorized,751e3a387bd340e99224f2ef1cbc14926a455922625325cfb41e1929aa140145,751e3a387bd3:000,0,0,551,552,1578499440.403,1578499495.504,55.10099983215332,,0.09999990463256836,10.000009536752259,first segment of file,False
Synchronised V abd S datasets/Uncategorised IOVNB Dataset/S-Dataset/S-Y1.csv,Y1,smartphone,synchronized_uncategorized,4e0f18c9aeea9f9e60e595697a77046828ce633f96d4c84a9df8dc04067d0d4a,4e0f18c9aeea:000,0,0,337,338,1567188765.703,1567188805.3100002,39.60700011253357,,0.09999990463256836,10.000009536752259,first segment of file,False
Synchronised V abd S datasets/Uncategorised IOVNB Dataset/S-Dataset/S-Y1.csv,Y1,smartphone,synchronized_uncategorized,4e0f18c9aeea9f9e60e595697a77046828ce633f96d4c84a9df8dc04067d0d4a,4e0f18c9aeea:001,1,338,3374,3037,1567188913.7459998,1567189217.346,303.60000014305115,108.43599963188171,0.09999990463256836,10.000009536752259,"forward gap of 108.4s exceeds threshold 10.0s (max(100.0x median interval 0.1000s, 10.0s))",False
Synchronised V abd S datasets/Uncategorised IOVNB Dataset/S-Dataset/S-Y1.csv,Y1,smartphone,synchronized_uncategorized,4e0f18c9aeea9f9e60e595697a77046828ce633f96d4c84a9df8dc04067d0d4a,4e0f18c9aeea:002,2,3375,70284,66910,1567189466.2259998,1567196157.021,6690.795000076294,248.87999987602234,0.09999990463256836,10.000009536752259,"forward gap of 248.9s exceeds threshold 10.0s (max(100.0x median interval 0.1000s, 10.0s))",False
Synchronised V abd S datasets/Uncategorised IOVNB Dataset/V-Dataset/V-M.csv,M,vehicle,synchronized_uncategorized,23f0904d08a74f8eae2f689349079659e8a0b71717fc2898eea541780a61ef14,23f0904d08a7:000,0,0,105973,105974,29608.4,40205.7,10597.299999999996,,0.09999999999854481,10.00000000014552,first segment of file,False
Synchronised V abd S datasets/Uncategorised IOVNB Dataset/V-Dataset/V-S1.csv,S1,vehicle,synchronized_uncategorized,8e59eda9fa0601b1f8243aef2526346092ee0f0607570aaaf3cc97e61f7b193f,8e59eda9fa06:000,0,0,51745,51746,32869.0,38043.5,5174.5,,0.09999999999854481,10.00000000014552,first segment of file,False
Synchronised V abd S datasets/Uncategorised IOVNB Dataset/V-Dataset/V-S2.csv,S2,vehicle,synchronized_uncategorized,492b2b5443566cf77f57c729b9dfed8b8533d60c0f02ee4a8d5dc6205e8e94ec,492b2b544356:000,0,0,93875,93876,39824.4,49211.9,9387.5,,0.09999999999854481,10.00000000014552,first segment of file,False
Synchronised V abd S datasets/Uncategorised IOVNB Dataset/V-Dataset/V-S3a.csv,S3A,vehicle,synchronized_uncategorized,97e24d298e0c300746994304e40071b074ebbddb7c3865a442d5caef279dfed4,97e24d298e0c:000,0,0,24620,24621,66118.0,68580.0,2462.0,,0.10000000000582077,9.999999999417923,first segment of file,False
Synchronised V abd S datasets/Uncategorised IOVNB Dataset/V-Dataset/V-S3b.csv,S3B,vehicle,synchronized_uncategorized,0de2ff37232feaa0c59896f5c53151efda817c8311f74756c079260a2a491ac7,0de2ff37232f:000,0,0,6812,6813,68582.8,69264.0,681.1999999999971,,0.10000000000582077,9.999999999417923,first segment of file,False
Synchronised V abd S datasets/Uncategorised IOVNB Dataset/V-Dataset/V-S3c.csv,S3C,vehicle,synchronized_uncategorized,86d8c37c03bbab93004dabb1712cbf67c9ec13194d2061adcd28a93f457bc8b9,86d8c37c03bb:000,0,0,37182,37183,69267.8,72986.0,3718.199999999997,,0.10000000000582077,9.999999999417923,first segment of file,False
Synchronised V abd S datasets/Uncategorised IOVNB Dataset/V-Dataset/V-S4.csv,S4,vehicle,synchronized_uncategorized,12044e2b839a9871d7e2608beabde9f7f1cf1e36ef1ae83739b2a4192f9cb05f,12044e2b839a:000,0,0,94599,94600,62173.4,71633.3,9459.900000000001,,0.09999999999854481,10.00000000014552,first segment of file,False
Synchronised V abd S datasets/Uncategorised IOVNB Dataset/V-Dataset/V-Vfa01.csv,VFA01,vehicle,synchronized_uncategorized,e690a419193d8d79892553606826ba703b7c6ccd4231c7febaf64e0d4333c63b,e690a419193d:000,0,0,11534,11535,33622.0,34775.4,1153.4000000000015,,0.09999999999854481,10.00000000014552,first segment of file,False
Synchronised V abd S datasets/Uncategorised IOVNB Dataset/V-Dataset/V-Vfa02.csv,VFA02,vehicle,synchronized_uncategorized,85b9631ca6a8ce0cadc79ab32f581d28eaec3186a86ee2fc5a2af88766af8f29,85b9631ca6a8:000,0,0,67754,67755,35829.9,42605.3,6775.4000000000015,,0.09999999999854481,10.00000000014552,first segment of file,False
Synchronised V abd S datasets/Uncategorised IOVNB Dataset/V-Dataset/V-vta10.csv,VTA10,vehicle,synchronized_uncategorized,2848d229f4a5712783b95df1a3511a82f7488cdbb3968991c8a7a635b330549a,2848d229f4a5:000,0,0,1501,1502,43309.9,43460.0,150.09999999999854,,0.09999999999854481,10.00000000014552,first segment of file,False
Synchronised V abd S datasets/Uncategorised IOVNB Dataset/V-Dataset/V-vta11.csv,VTA11,vehicle,synchronized_uncategorized,12cf51936ea2cf4c98b5fda07bf6660ec48fac16ef8025160b7cf300b3a283b9,12cf51936ea2:000,0,0,509,510,43471.9,43522.8,50.900000000001455,,0.09999999999854481,10.00000000014552,first segment of file,False
Synchronised V abd S datasets/Uncategorised IOVNB Dataset/V-Dataset/V-vta12.csv,VTA12,vehicle,synchronized_uncategorized,c2ba3053903b4afb93a72cf63d760120c66b9d4bc9b6abcd5a18f5e97c04b0a4,c2ba3053903b:000,0,0,609,610,43535.1,43596.0,60.900000000001455,,0.09999999999854481,10.00000000014552,first segment of file,False
Synchronised V abd S datasets/Uncategorised IOVNB Dataset/V-Dataset/V-vta13.csv,VTA13,vehicle,synchronized_uncategorized,2654dd964866b19ee869baabc31dde9d6dfdbd9ca9ebd2613c8b8c43c2b3adfa,2654dd964866:000,0,0,403,404,43606.9,43647.2,40.299999999995634,,0.09999999999854481,10.00000000014552,first segment of file,False
Synchronised V abd S datasets/Uncategorised IOVNB Dataset/V-Dataset/V-vta14.csv,VTA14,vehicle,synchronized_uncategorized,47fb8c1e6a90e4791af51dc18880c757d7541fef80b98ac27ba4c14d02d8925d,47fb8c1e6a90:000,0,0,2884,2885,43651.8,43940.2,288.3999999999942,,0.09999999999854481,10.00000000014552,first segment of file,False
Synchronised V abd S datasets/Uncategorised IOVNB Dataset/V-Dataset/V-vta15.csv,VTA15,vehicle,synchronized_uncategorized,7ce40f70af390e8d76c85f6c24d76c31f7e3e9f4bd5d6510e8196b852659e664,7ce40f70af39:000,0,0,832,833,43948.8,44032.0,83.19999999999709,,0.09999999999854481,10.00000000014552,first segment of file,False
Synchronised V abd S datasets/Uncategorised IOVNB Dataset/V-Dataset/V-vta16.csv,VTA16,vehicle,synchronized_uncategorized,c0d60dc9d7a391a06c4c9c42b81141f053465e8dd0e7038fdb380176da532205,c0d60dc9d7a3:000,0,0,11334,11335,44038.9,45172.3,1133.4000000000015,,0.09999999999854481,10.00000000014552,first segment of file,False
Synchronised V abd S datasets/Uncategorised IOVNB Dataset/V-Dataset/V-vta17.csv,VTA17,vehicle,synchronized_uncategorized,d635527b069dd3ad661ac4ab72aa73ca9c393610b07db8ce6c29985861878a68,d635527b069d:000,0,0,4518,4519,45184.9,45636.7,451.79999999999563,,0.09999999999854481,10.00000000014552,first segment of file,False
Synchronised V abd S datasets/Uncategorised IOVNB Dataset/V-Dataset/V-vta19.csv,VTA19,vehicle,synchronized_uncategorized,129785b4938790880d7a8fb4b06b236c30f862732ea778640fd1ee42a92826fb,129785b49387:000,0,0,291,292,45656.9,45686.0,29.099999999998545,,0.09999999999854481,10.00000000014552,first segment of file,False
Synchronised V abd S datasets/Uncategorised IOVNB Dataset/V-Dataset/V-Vta1a.csv,VTA1A,vehicle,synchronized_uncategorized,4b09e133584bf61221884b76e95004a96ce700d7eda5a9955ce802388d8f4fa8,4b09e133584b:000,0,0,25675,25676,38521.0,41088.5,2567.5,,0.09999999999854481,10.00000000014552,first segment of file,False
Synchronised V abd S datasets/Uncategorised IOVNB Dataset/V-Dataset/V-Vta1b.csv,VTA1B,vehicle,synchronized_uncategorized,83c6ad5afbbc7b0aa36df623b5fd2de18716b97e212807954b0f4da966ec2ac1,83c6ad5afbbc:000,0,0,952,953,41089.0,41184.2,95.19999999999709,,0.09999999999854481,10.00000000014552,first segment of file,False
Synchronised V abd S datasets/Uncategorised IOVNB Dataset/V-Dataset/V-vta2.csv,VTA2,vehicle,synchronized_uncategorized,5fb5a864e5a6fa71445b7b0425bfabef3685ad6d178a8a39b34f2c4cc4bc1a0e,5fb5a864e5a6:000,0,0,10990,10991,41190.3,42289.3,1099.0,,0.09999999999854481,10.00000000014552,first segment of file,False
Synchronised V abd S datasets/Uncategorised IOVNB Dataset/V-Dataset/V-vta20.csv,VTA20,vehicle,synchronized_uncategorized,4c49f750ae059a877fa4aa2389bc90fcded325caa500611f63ffbc0c1e72b88b,4c49f750ae05:000,0,0,3222,3223,45715.0,46037.2,322.1999999999971,,0.09999999999854481,10.00000000014552,first segment of file,False
Synchronised V abd S datasets/Uncategorised IOVNB Dataset/V-Dataset/V-vta21.csv,VTA21,vehicle,synchronized_uncategorized,9fef5d99355c9f3f92b0ae5369b44af9f7d2f28dd374a48ee90964633473d6fd,9fef5d99355c:000,0,0,2078,2079,46043.7,46251.5,207.8000000000029,,0.09999999999854481,10.00000000014552,first segment of file,False
Synchronised V abd S datasets/Uncategorised IOVNB Dataset/V-Dataset/V-vta22.csv,VTA22,vehicle,synchronized_uncategorized,b9f3b54087995125a35ba44f8b93f59981ae51abbc1bd9de46ff8df8c4c8d973,b9f3b5408799:000,0,0,1563,1564,46257.0,46413.3,156.3000000000029,,0.09999999999854481,10.00000000014552,first segment of file,False
Synchronised V abd S datasets/Uncategorised IOVNB Dataset/V-Dataset/V-vta23.csv,VTA23,vehicle,synchronized_uncategorized,67c2a792a3696cfb18413ad07398e016842eaedd563200bf2fefac905993f353,67c2a792a369:000,0,0,1109,1110,46419.1,46530.0,110.90000000000146,,0.09999999999854481,10.00000000014552,first segment of file,False
Synchronised V abd S datasets/Uncategorised IOVNB Dataset/V-Dataset/V-vta24.csv,VTA24,vehicle,synchronized_uncategorized,719438458b2e383cc6fb8f27b5e2b4201fbe769fafb22b5f8ba1b633ff7a663c,719438458b2e:000,0,0,1170,1171,46535.8,46652.8,117.0,,0.09999999999854481,10.00000000014552,first segment of file,False
Synchronised V abd S datasets/Uncategorised IOVNB Dataset/V-Dataset/V-vta25.csv,VTA25,vehicle,synchronized_uncategorized,08c4cb3b39f2ca6964f46fca7d7ace98f84991b842ea83dc721ce16d45947632,08c4cb3b39f2:000,0,0,645,646,46657.6,46722.1,64.5,,0.09999999999854481,10.00000000014552,first segment of file,False
Synchronised V abd S datasets/Uncategorised IOVNB Dataset/V-Dataset/V-vta26.csv,VTA26,vehicle,synchronized_uncategorized,57e364d817aaa440c65f3e6afac2309a91a24ded9dc0ed620886e32138b778f5,57e364d817aa:000,0,0,1934,1935,46727.6,46921.0,193.40000000000146,,0.09999999999854481,10.00000000014552,first segment of file,False
Synchronised V abd S datasets/Uncategorised IOVNB Dataset/V-Dataset/V-vta27.csv,VTA27,vehicle,synchronized_uncategorized,7f3af1c360081cc93aabcbadec459c8625dbabc4edcbec9e5a5d812dacfbfd05,7f3af1c36008:000,0,0,2539,2540,46956.8,47210.7,253.89999999999418,,0.09999999999854481,10.00000000014552,first segment of file,False
Synchronised V abd S datasets/Uncategorised IOVNB Dataset/V-Dataset/V-vta28.csv,VTA28,vehicle,synchronized_uncategorized,a8752e753ff91c1788bac4b4f3f1e827cdd6834b44b03a88010d8c666d162efb,a8752e753ff9:000,0,0,4209,4210,47216.3,47637.2,420.8999999999942,,0.09999999999854481,10.00000000014552,first segment of file,False
Synchronised V abd S datasets/Uncategorised IOVNB Dataset/V-Dataset/V-vta29.csv,VTA29,vehicle,synchronized_uncategorized,eb87d258739b1c37d893b9cfcaa2da55feea89ef13a3439c04d2ff8afc893b1d,eb87d258739b:000,0,0,23704,23705,48446.2,50816.6,2370.4000000000015,,0.09999999999854481,10.00000000014552,first segment of file,False
Synchronised V abd S datasets/Uncategorised IOVNB Dataset/V-Dataset/V-vta3.csv,VTA3,vehicle,synchronized_uncategorized,e2c6b46b5147ce6264535d24d92e616bccfc1b1e7e06976c0730302b77cdadb7,e2c6b46b5147:000,0,0,644,645,42374.0,42438.4,64.40000000000146,,0.09999999999854481,10.00000000014552,first segment of file,False
Synchronised V abd S datasets/Uncategorised IOVNB Dataset/V-Dataset/V-vta30.csv,VTA30,vehicle,synchronized_uncategorized,5c8b13f1e83f2e4b543e18a437a98e5be13b75f155d1af0f8abf7dbb100747f6,5c8b13f1e83f:000,0,0,17135,17136,50821.6,52535.1,1713.5,,0.09999999999854481,10.00000000014552,first segment of file,False
Synchronised V abd S datasets/Uncategorised IOVNB Dataset/V-Dataset/V-vta4.csv,VTA4,vehicle,synchronized_uncategorized,0c626160be0f6ed1079a1b9d1c504429eb0c980c53167171fdebc2c27e0b2fff,0c626160be0f:000,0,0,1788,1789,42445.2,42624.0,178.8000000000029,,0.09999999999854481,10.00000000014552,first segment of file,False
Synchronised V abd S datasets/Uncategorised IOVNB Dataset/V-Dataset/V-vta5.csv,VTA5,vehicle,synchronized_uncategorized,31c052676e02adc11e95a36a871b50f17b25296e66cbae3dc94dfc6bb5357d2a,31c052676e02:000,0,0,306,307,42633.6,42664.2,30.599999999998545,,0.09999999999854481,10.00000000014552,first segment of file,False
Synchronised V abd S datasets/Uncategorised IOVNB Dataset/V-Dataset/V-vta6.csv,VTA6,vehicle,synchronized_uncategorized,ec82e633ecdcbaa5f5f78d10618f316da03ad5127d65b5a133c1c6bbb5dcf6be,ec82e633ecdc:000,0,0,1375,1376,42669.7,42807.2,137.5,,0.09999999999854481,10.00000000014552,first segment of file,False
Synchronised V abd S datasets/Uncategorised IOVNB Dataset/V-Dataset/V-vta7.csv,VTA7,vehicle,synchronized_uncategorized,87c54b7fb23d9bb6462b6a98b2ef732cd1cb40115aa442556d8a9ce3a4a363c6,87c54b7fb23d:000,0,0,839,840,42813.7,42897.6,83.90000000000146,,0.09999999999854481,10.00000000014552,first segment of file,False
Synchronised V abd S datasets/Uncategorised IOVNB Dataset/V-Dataset/V-vta8.csv,VTA8,vehicle,synchronized_uncategorized,3b38a7a248b5fd63dd715712974c9fd7f723be6cc0e1717e2d4555c3fc491984,3b38a7a248b5:000,0,0,3675,3676,42904.0,43271.5,367.5,,0.09999999999854481,10.00000000014552,first segment of file,False
Synchronised V abd S datasets/Uncategorised IOVNB Dataset/V-Dataset/V-vta9.csv,VTA9,vehicle,synchronized_uncategorized,1b01d98ee2b5cd064ffdfc2a202cec1eaf4431445da753d895ab8d6c1ceb0180,1b01d98ee2b5:000,0,0,155,156,43283.1,43298.6,15.5,,0.09999999999854481,10.00000000014552,first segment of file,False
Synchronised V abd S datasets/Uncategorised IOVNB Dataset/V-Dataset/V-vtb1.csv,VTB1,vehicle,synchronized_uncategorized,9c7487b61d3758944284c704ab2335cc25700843b21d04712c7c84fe33c6a343,9c7487b61d37:000,0,0,32458,32459,53857.8,57103.6,3245.7999999999956,,0.09999999999854481,10.00000000014552,first segment of file,False
Synchronised V abd S datasets/Uncategorised IOVNB Dataset/V-Dataset/V-vtb10.csv,VTB10,vehicle,synchronized_uncategorized,bfc8ef5f13fadb113b68b7dc3632dfe9836ca7a38ba63a46537ce192bb5dd576,bfc8ef5f13fa:000,0,0,194,195,66156.9,66176.3,19.40000000000873,,0.10000000000582077,9.999999999417923,first segment of file,False
Synchronised V abd S datasets/Uncategorised IOVNB Dataset/V-Dataset/V-vtb11.csv,VTB11,vehicle,synchronized_uncategorized,95c98373c89438dbbeb27962b9a32dc2e81dbb5b699629c0b245e8b0e991aad3,95c98373c894:000,0,0,360,361,66188.0,66224.0,36.0,,0.10000000000582077,9.999999999417923,first segment of file,False
Synchronised V abd S datasets/Uncategorised IOVNB Dataset/V-Dataset/V-vtb12.csv,VTB12,vehicle,synchronized_uncategorized,6d755d7c49d3053167986dc82af562fb5039f8a4cbf95b793b4364197f770da3,6d755d7c49d3:000,0,0,446,447,66233.1,66277.7,44.59999999999127,,0.10000000000582077,9.999999999417923,first segment of file,False
Synchronised V abd S datasets/Uncategorised IOVNB Dataset/V-Dataset/V-vtb2.csv,VTB2,vehicle,synchronized_uncategorized,87da4e0c77e961c3eeef19d22bfada34e460ac1cd9fe8e7ac28d09bd91716fe3,87da4e0c77e9:000,0,0,5711,5712,57981.4,58552.5,571.0999999999985,,0.09999999999854481,10.00000000014552,first segment of file,False
Synchronised V abd S datasets/Uncategorised IOVNB Dataset/V-Dataset/V-vtb3.csv,VTB3,vehicle,synchronized_uncategorized,91667e76e8e0dbdff283a386e42799bd2baf68ae7191da919d2c162a390e5dfd,91667e76e8e0:000,0,0,8239,8240,58563.1,59387.0,823.9000000000015,,0.09999999999854481,10.00000000014552,first segment of file,False
Synchronised V abd S datasets/Uncategorised IOVNB Dataset/V-Dataset/V-vtb4.csv,VTB4,vehicle,synchronized_uncategorized,bd4d02f88c0bbe568840af05d043e861a374449e5a213f2ff06231199a29e68c,bd4d02f88c0b:000,0,0,555,556,59398.8,59454.3,55.5,,0.09999999999854481,10.00000000014552,first segment of file,False
Synchronised V abd S datasets/Uncategorised IOVNB Dataset/V-Dataset/V-vtb5.csv,VTB5,vehicle,synchronized_uncategorized,b694eaeeb9842881069dc2f0c75706a58ec2b6fcba8cdf60c66953a0de7c5a73,b694eaeeb984:000,0,0,64387,64388,59481.4,65920.1,6438.700000000004,,0.09999999999854481,10.00000000014552,first segment of file,False
Synchronised V abd S datasets/Uncategorised IOVNB Dataset/V-Dataset/V-vtb6.csv,VTB6,vehicle,synchronized_uncategorized,ff570e77d68f8ace833c8c0f4e2c093b5c024a24f044997c034893175be3db22,ff570e77d68f:000,0,0,497,498,65926.9,65976.6,49.70000000001164,,0.10000000000582077,9.999999999417923,first segment of file,False
Synchronised V abd S datasets/Uncategorised IOVNB Dataset/V-Dataset/V-vtb7.csv,VTB7,vehicle,synchronized_uncategorized,067663bd7ab608e3417eacbc49ff07093d0b6657e58fdfbe699245e25eaf3950,067663bd7ab6:000,0,0,460,461,65981.2,66027.2,46.0,,0.10000000000582077,9.999999999417923,first segment of file,False
Synchronised V abd S datasets/Uncategorised IOVNB Dataset/V-Dataset/V-vtb8.csv,VTB8,vehicle,synchronized_uncategorized,c06b3df20364474e33b00ee096b2711426366534c41474d6b03d6a9580028268,c06b3df20364:000,0,0,667,668,66035.0,66101.7,66.69999999999709,,0.10000000000582077,9.999999999417923,first segment of file,False
Synchronised V abd S datasets/Uncategorised IOVNB Dataset/V-Dataset/V-vtb9.csv,VTB9,vehicle,synchronized_uncategorized,3ad2255b751fe4a2a89fe5a546cc8b7306abece9417d690a90373c057c41bccb,3ad2255b751f:000,0,0,451,452,66107.0,66152.1,45.10000000000582,,0.10000000000582077,9.999999999417923,first segment of file,False
Synchronised V abd S datasets/Uncategorised IOVNB Dataset/V-Dataset/V-Vw1.csv,VW1,vehicle,synchronized_uncategorized,1c5f7db8725caa321ad8e932387cd988432f863d97fb2008895116e68b203d1a,1c5f7db8725c:000,0,0,20474,20475,34575.4,36622.8,2047.4000000000015,,0.09999999999854481,10.00000000014552,first segment of file,False
Synchronised V abd S datasets/Uncategorised IOVNB Dataset/V-Dataset/V-Vw10.csv,VW10,vehicle,synchronized_uncategorized,1591b8eda9cb12c07cd61a014e9449364c8dce3c8921c1050e494df214b4a81b,1591b8eda9cb:000,0,0,651,652,58062.4,58127.5,65.09999999999854,,0.09999999999854481,10.00000000014552,first segment of file,False
Synchronised V abd S datasets/Uncategorised IOVNB Dataset/V-Dataset/V-Vw11.csv,VW11,vehicle,synchronized_uncategorized,5ce83ed06846321844a18a97cdb643d57e226724c2ea7d3d5709b11c5658fba5,5ce83ed06846:000,0,0,4908,4909,58134.0,58624.8,490.8000000000029,,0.09999999999854481,10.00000000014552,first segment of file,False
Synchronised V abd S datasets/Uncategorised IOVNB Dataset/V-Dataset/V-Vw12.csv,VW12,vehicle,synchronized_uncategorized,b5448bfcb1300088911573bba02087a96a3264ce838a70f58cf631c69d029e0a,b5448bfcb130:000,0,0,917,918,58636.2,58727.9,91.70000000000437,,0.09999999999854481,10.00000000014552,first segment of file,False
Synchronised V abd S datasets/Uncategorised IOVNB Dataset/V-Dataset/V-Vw13.csv,VW13,vehicle,synchronized_uncategorized,a1be801957c9ed33c11c2f88ebd8ea70d064e655d9ffa42070d61a99fde5a072,a1be801957c9:000,0,0,283,284,58825.1,58853.4,28.30000000000291,,0.09999999999854481,10.00000000014552,first segment of file,False
Synchronised V abd S datasets/Uncategorised IOVNB Dataset/V-Dataset/V-Vw14a.csv,VW14A,vehicle,synchronized_uncategorized,a5bebc38b09ca1e98b892acaee2431a83beb68e498e55014b62493dc416eb1e4,a5bebc38b09c:000,0,0,3137,3138,58870.1,59183.8,313.70000000000437,,0.09999999999854481,10.00000000014552,first segment of file,False
Synchronised V abd S datasets/Uncategorised IOVNB Dataset/V-Dataset/V-Vw14b.csv,VW14B,vehicle,synchronized_uncategorized,506b8ce6f602ccceff3b82a5aefd0146b2cbf1e97a11515f07afb3c4b33d2088,506b8ce6f602:000,0,0,19587,19588,59185.1,61143.8,1958.7000000000044,,0.09999999999854481,10.00000000014552,first segment of file,False
Synchronised V abd S datasets/Uncategorised IOVNB Dataset/V-Dataset/V-Vw14c.csv,VW14C,vehicle,synchronized_uncategorized,242132227ff27a72f091462b44ba8e65b9d409a0a3ce2651a491258eeb49cbae,242132227ff2:000,0,0,15825,15826,61147.0,62729.5,1582.5,,0.09999999999854481,10.00000000014552,first segment of file,False
Synchronised V abd S datasets/Uncategorised IOVNB Dataset/V-Dataset/V-Vw15.csv,VW15,vehicle,synchronized_uncategorized,1b9ee80793538ff7c9fc1675ff83a749cbcdb27174acf85865bebdb4b1ae0fe3,1b9ee8079353:000,0,0,1390,1391,62986.9,63125.9,139.0,,0.09999999999854481,10.00000000014552,first segment of file,False
Synchronised V abd S datasets/Uncategorised IOVNB Dataset/V-Dataset/V-Vw16a.csv,VW16A,vehicle,synchronized_uncategorized,02a947a7f4344d7d804487743ba8d2c67ad36f02a065b2f957319bb697a8fe06,02a947a7f434:000,0,0,5878,5879,63143.8,63731.6,587.7999999999956,,0.09999999999854481,10.00000000014552,first segment of file,False
Synchronised V abd S datasets/Uncategorised IOVNB Dataset/V-Dataset/V-Vw16b.csv,VW16B,vehicle,synchronized_uncategorized,5646f2e20776bf4e9615291e7a4b3a388ba31ee57c1a7eeeb1bcf0915e049a0c,5646f2e20776:000,0,0,1125,1126,63736.2,63848.7,112.5,,0.09999999999854481,10.00000000014552,first segment of file,False
Synchronised V abd S datasets/Uncategorised IOVNB Dataset/V-Dataset/V-Vw17.csv,VW17,vehicle,synchronized_uncategorized,e3bdc813996678698b015c2feecb0f44299c71559756fc27544ba4a19500e92b,e3bdc8139966:000,0,0,328,329,63853.1,63885.9,32.80000000000291,,0.09999999999854481,10.00000000014552,first segment of file,False
Synchronised V abd S datasets/Uncategorised IOVNB Dataset/V-Dataset/V-Vw2.csv,VW2,vehicle,synchronized_uncategorized,5cb2a91ed33e81423e5d68301d52c4c394b0532e63411d39f4c090c11f037bd5,5cb2a91ed33e:000,0,0,52711,52712,36944.8,42215.9,5271.0999999999985,,0.09999999999854481,10.00000000014552,first segment of file,False
Synchronised V abd S datasets/Uncategorised IOVNB Dataset/V-Dataset/V-Vw3.csv,VW3,vehicle,synchronized_uncategorized,c9a28bfa44a442f683cc8c6a6dcb4b6f5aff587779140a8c907a64f78955a1a1,c9a28bfa44a4:000,0,0,3860,3861,42240.0,42626.0,386.0,,0.09999999999854481,10.00000000014552,first segment of file,False
Synchronised V abd S datasets/Uncategorised IOVNB Dataset/V-Dataset/V-Vw4.csv,VW4,vehicle,synchronized_uncategorized,2f233ca5b785d9500f90cd185be82fe1572cebfc61e6f545b49b6c6e54848bed,2f233ca5b785:000,0,0,126526,126527,44126.7,56779.3,12652.600000000006,,0.09999999999854481,10.00000000014552,first segment of file,False
Synchronised V abd S datasets/Uncategorised IOVNB Dataset/V-Dataset/V-Vw5.csv,VW5,vehicle,synchronized_uncategorized,0db45b1a102a61d8102f1f8d40cee2c5c969ae04171ad6dd80a8fa0890f2bcc8,0db45b1a102a:000,0,0,1011,1012,56794.1,56895.2,101.09999999999854,,0.09999999999854481,10.00000000014552,first segment of file,False
Synchronised V abd S datasets/Uncategorised IOVNB Dataset/V-Dataset/V-Vw6.csv,VW6,vehicle,synchronized_uncategorized,bddfff4d6696d344197fdc884a412b4f77e1fe30deff4876160749c829e69629,bddfff4d6696:000,0,0,1280,1281,56904.2,57032.2,128.0,,0.09999999999854481,10.00000000014552,first segment of file,False
Synchronised V abd S datasets/Uncategorised IOVNB Dataset/V-Dataset/V-Vw7.csv,VW7,vehicle,synchronized_uncategorized,e42fa1303dce73f23f4c28667c62a961711bb1891e646c4acfae1f7c49ec0edb,e42fa1303dce:000,0,0,1601,1602,57476.8,57636.9,160.09999999999854,,0.09999999999854481,10.00000000014552,first segment of file,False
Synchronised V abd S datasets/Uncategorised IOVNB Dataset/V-Dataset/V-Vw8.csv,VW8,vehicle,synchronized_uncategorized,89692d9e3e6a2968867c6e04172bf5fed27c5a7e6b70206fa162a153420064b1,89692d9e3e6a:000,0,0,1528,1529,57650.0,57802.8,152.8000000000029,,0.09999999999854481,10.00000000014552,first segment of file,False
Synchronised V abd S datasets/Uncategorised IOVNB Dataset/V-Dataset/V-Vw9.csv,VW9,vehicle,synchronized_uncategorized,0e371904d8bca8c86cc208118a8a4e269592c5b12944c66ea88f0a80ac844120,0e371904d8bc:000,0,0,552,553,57839.9,57895.1,55.19999999999709,,0.09999999999854481,10.00000000014552,first segment of file,False
Synchronised V abd S datasets/Uncategorised IOVNB Dataset/V-Dataset/V-Y1.csv,Y1,vehicle,synchronized_uncategorized,382cb04c75e8655bb498c98f50a354f1091c3750a391310e1bf2c1767a7f6478,382cb04c75e8:000,0,0,4557,4558,61959.9,62415.6,455.6999999999971,,0.09999999999854481,10.00000000014552,first segment of file,False
Synchronised V abd S datasets/Uncategorised IOVNB Dataset/V-Dataset/V-Y1.csv,Y1,vehicle,synchronized_uncategorized,382cb04c75e8655bb498c98f50a354f1091c3750a391310e1bf2c1767a7f6478,382cb04c75e8:001,1,4558,70099,65542,62669.6,69223.7,6554.0999999999985,254.0,0.09999999999854481,10.00000000014552,"forward gap of 254.0s exceeds threshold 10.0s (max(100.0x median interval 0.1000s, 10.0s))",False
Synchronised V abd S datasets/Uncategorised IOVNB Dataset/V-Dataset/V-Y1.csv,Y1,vehicle,synchronized_uncategorized,382cb04c75e8655bb498c98f50a354f1091c3750a391310e1bf2c1767a7f6478,382cb04c75e8:002,2,70100,70284,185,69608.3,69626.7,18.39999999999418,384.6000000000058,0.10000000000582077,9.999999999417923,"forward gap of 384.6s exceeds threshold 10.0s (max(100.0x median interval 0.1000s, 10.0s))",False
Unsynchronised V and S Dataset/Categorised IOVNB (V) Dataset/V Dataset/M (Driver B)/V-M.csv,M,vehicle,unsynchronized_categorized,efd2d4ff28f3689cdd19906c969053665fe959435622af8483c47e1ae5e3f829,efd2d4ff28f3:000,0,0,105994,105995,29606.4,40205.8,10599.400000000001,,0.09999999999854481,10.00000000014552,first segment of file,False
Unsynchronised V and S Dataset/Categorised IOVNB (V) Dataset/V Dataset/S (Driver A)/S1/V-S1.csv,S1,vehicle,unsynchronized_categorized,c36ee220cd88bd10273cc1d700ff924db036c3d2d816b51a5df99da654da7c6e,c36ee220cd88:000,0,0,51789,51790,32864.7,38043.6,5178.9000000000015,,0.09999999999854481,10.00000000014552,first segment of file,False
Unsynchronised V and S Dataset/Categorised IOVNB (V) Dataset/V Dataset/S (Driver A)/S2/V-S2.csv,S2,vehicle,unsynchronized_categorized,37ece1cc50549518a430ebf2b93a3c06ec358229133ff471686d8a0e78e0b0dc,37ece1cc5054:000,0,0,93899,93900,39824.4,49214.3,9389.900000000001,,0.09999999999854481,10.00000000014552,first segment of file,False
Unsynchronised V and S Dataset/Categorised IOVNB (V) Dataset/V Dataset/S (Driver A)/S3a/V-S3a.csv,S3A,vehicle,unsynchronized_categorized,444577aa16f7257f5d05cf9441611d5132e258023609689b29bf6c46328defa4,444577aa16f7:000,0,0,24659,24660,66114.2,68580.1,2465.9000000000087,,0.10000000000582077,9.999999999417923,first segment of file,False
Unsynchronised V and S Dataset/Categorised IOVNB (V) Dataset/V Dataset/S (Driver A)/S3b/V-S3b.csv,S3B,vehicle,unsynchronized_categorized,5899a1aa790075c7ac0bb5683dcf106a6b880b549cca155bd7c0d37c6544606a,5899a1aa7900:000,0,0,6839,6840,68580.2,69264.1,683.9000000000087,,0.10000000000582077,9.999999999417923,first segment of file,False
Unsynchronised V and S Dataset/Categorised IOVNB (V) Dataset/V Dataset/S (Driver A)/S3c/V-S3c.csv,S3C,vehicle,unsynchronized_categorized,b8761d5bd8d52fb88c10adbbd91b0437b173027b49c302b3ff017b03ba9189a8,b8761d5bd8d5:000,0,0,37219,37220,69264.2,72986.1,3721.9000000000087,,0.10000000000582077,9.999999999417923,first segment of file,False
Unsynchronised V and S Dataset/Categorised IOVNB (V) Dataset/V Dataset/S (Driver A)/S4/V-S4.csv,S4,vehicle,unsynchronized_categorized,7232747a441e4e317b0f506619a53189eb41e00e89bc0128327fc668269c0c42,7232747a441e:000,0,0,97823,97824,62172.8,71955.1,9782.300000000003,,0.09999999999854481,10.00000000014552,first segment of file,False
Unsynchronised V and S Dataset/Categorised IOVNB (V) Dataset/V Dataset/St (Driver C)/St1/V-St1.csv,ST1,vehicle,unsynchronized_categorized,2b6c4ea1238edfbfea29ca43f694307d30dc48f15b20ce8d0df378541ad81f5f,2b6c4ea1238e:000,0,0,57212,57213,35349.9,41071.1,5721.199999999997,,0.09999999999854481,10.00000000014552,first segment of file,False
Unsynchronised V and S Dataset/Categorised IOVNB (V) Dataset/V Dataset/St (Driver C)/St4/V-St4.csv,ST4,vehicle,unsynchronized_categorized,1eb361eb39050df0dfa40ab574e622744f2b43ec7a212e8d1650469e5752c1da,1eb361eb3905:000,0,0,13590,13591,45917.6,47276.6,1359.0,,0.09999999999854481,10.00000000014552,first segment of file,False
Unsynchronised V and S Dataset/Categorised IOVNB (V) Dataset/V Dataset/St (Driver C)/St6/V-St6.csv,ST6,vehicle,unsynchronized_categorized,30836ca9e7edd4159cc7c6c7e57b5c2506632eb0b425aad242ac58ad4e0821d7,30836ca9e7ed:000,0,0,51359,51360,47933.7,53069.6,5135.9000000000015,,0.09999999999854481,10.00000000014552,first segment of file,False
Unsynchronised V and S Dataset/Categorised IOVNB (V) Dataset/V Dataset/St (Driver C)/St7/V-St7.csv,ST7,vehicle,unsynchronized_categorized,738f4d6048ebe0c546c333422a88b1265dd2669884310c0d0733266199ac78e0,738f4d6048eb:000,0,0,44426,44427,63257.9,67767.6,4509.700000000004,,0.09999999999854481,10.00000000014552,first segment of file,False
Unsynchronised V and S Dataset/Categorised IOVNB (V) Dataset/V Dataset/Vf (Driver E)/V-Vfa01/V-Vfa01.csv,VFA01,vehicle,unsynchronized_categorized,e690a419193d8d79892553606826ba703b7c6ccd4231c7febaf64e0d4333c63b,e690a419193d:000,0,0,11534,11535,33622.0,34775.4,1153.4000000000015,,0.09999999999854481,10.00000000014552,first segment of file,False
Unsynchronised V and S Dataset/Categorised IOVNB (V) Dataset/V Dataset/Vf (Driver E)/V-Vfa02/V-Vfa02.csv,VFA02,vehicle,unsynchronized_categorized,85b9631ca6a8ce0cadc79ab32f581d28eaec3186a86ee2fc5a2af88766af8f29,85b9631ca6a8:000,0,0,67754,67755,35829.9,42605.3,6775.4000000000015,,0.09999999999854481,10.00000000014552,first segment of file,False
Unsynchronised V and S Dataset/Categorised IOVNB (V) Dataset/V Dataset/Vf (Driver E)/V-Vfb01a/V-Vfb01a.csv,VFB01A,vehicle,unsynchronized_categorized,21086d0da7c148cf45e70d2a2dbdf8bb1dbdbed97bfd296f008ed9b20e301a07,21086d0da7c1:000,0,0,16999,17000,59124.2,60824.1,1699.9000000000015,,0.09999999999854481,10.00000000014552,first segment of file,False
Unsynchronised V and S Dataset/Categorised IOVNB (V) Dataset/V Dataset/Vf (Driver E)/V-Vfb01b/V-Vfb01b.csv,VFB01B,vehicle,unsynchronized_categorized,12adad36bfe8373a75051deae12cb6b161fd137d651722bae6f210ffcc392f68,12adad36bfe8:000,0,0,3879,3880,60824.2,61212.1,387.90000000000146,,0.09999999999854481,10.00000000014552,first segment of file,False
Unsynchronised V and S Dataset/Categorised IOVNB (V) Dataset/V Dataset/Vf (Driver E)/V-Vfb01c/V-Vfb01c.csv,VFB01C,vehicle,unsynchronized_categorized,09a85a869ba39e721a7ac7ff165d6d51667feda4fdbf51c47aa5d76d0503a7f4,09a85a869ba3:000,0,0,6319,6320,61212.2,61844.1,631.9000000000015,,0.09999999999854481,10.00000000014552,first segment of file,False
Unsynchronised V and S Dataset/Categorised IOVNB (V) Dataset/V Dataset/Vf (Driver E)/V-Vfb01d/V-Vfb01d.csv,VFB01D,vehicle,unsynchronized_categorized,acd1d299bbbe394c357e9a4bf0fd396cee892cad3e50eeb85371c6b3e349e0fc,acd1d299bbbe:000,0,0,10712,10713,61844.2,62915.4,1071.2000000000044,,0.09999999999854481,10.00000000014552,first segment of file,False
Unsynchronised V and S Dataset/Categorised IOVNB (V) Dataset/V Dataset/Vf (Driver E)/V-Vfb02a/V-Vfb02a.csv,VFB02A,vehicle,unsynchronized_categorized,7385001a020fe0f1f5505f12d104887055bddf43a584c727324f25b5f765d6d6,7385001a020f:000,0,0,35959,35960,64933.4,68529.3,3595.9000000000015,,0.10000000000582077,9.999999999417923,first segment of file,False
Unsynchronised V and S Dataset/Categorised IOVNB (V) Dataset/V Dataset/Vf (Driver E)/V-Vfb02b/V-Vfb02b.csv,VFB02B,vehicle,unsynchronized_categorized,53d6e6cbf04dad18ea5bc8c9545b31766a781dad0e7c1b6e9f465163edcb2e6b,53d6e6cbf04d:000,0,0,10999,11000,68529.4,69629.3,1099.9000000000087,,0.10000000000582077,9.999999999417923,first segment of file,False
Unsynchronised V and S Dataset/Categorised IOVNB (V) Dataset/V Dataset/Vf (Driver E)/V-Vfb02c/V-Vfb02c.csv,VFB02C,vehicle,unsynchronized_categorized,e4c8be628e339bc594b8fbb404bfa16e3eeb810759d3449105224e345156e404,e4c8be628e33:000,0,0,639,640,69629.4,69693.3,63.90000000000873,,0.10000000000582077,9.999999999417923,first segment of file,False
Unsynchronised V and S Dataset/Categorised IOVNB (V) Dataset/V Dataset/Vf (Driver E)/V-Vfb02d/V-Vfb02d.csv,VFB02D,vehicle,unsynchronized_categorized,c4ec36119c943d6e6e3f993dcfbff587afed9e2fbbb7a37afef597d97ef828ef,c4ec36119c94:000,0,0,879,880,69693.4,69781.3,87.90000000000873,,0.10000000000582077,9.999999999417923,first segment of file,False
Unsynchronised V and S Dataset/Categorised IOVNB (V) Dataset/V Dataset/Vf (Driver E)/V-Vfb02e/V-Vfb02e.csv,VFB02E,vehicle,unsynchronized_categorized,0c64377b6fab3843269019c4bf8befefab3c88908da40b83b516d661b53d939f,0c64377b6fab:000,0,0,979,980,69781.4,69879.3,97.90000000000873,,0.10000000000582077,9.999999999417923,first segment of file,False
Unsynchronised V and S Dataset/Categorised IOVNB (V) Dataset/V Dataset/Vf (Driver E)/V-Vfb02f/V-Vfb02f.csv,VFB02F,vehicle,unsynchronized_categorized,8c3c6211b26146bd6bf53027fe63a7d2210ee68756d60e66d7550e6b4d016b39,8c3c6211b261:000,0,0,659,660,69879.4,69945.3,65.90000000000873,,0.10000000000582077,9.999999999417923,first segment of file,False
Unsynchronised V and S Dataset/Categorised IOVNB (V) Dataset/V Dataset/Vf (Driver E)/V-Vfb02g/V-Vfb02g.csv,VFB02G,vehicle,unsynchronized_categorized,878198cfe5fcab64ddd0805ab5fce3f2b10c5def12ee8c44d03543e51620d553,878198cfe5fc:000,0,0,27158,27159,69945.4,72661.2,2715.800000000003,,0.10000000000582077,9.999999999417923,first segment of file,False
Unsynchronised V and S Dataset/Categorised IOVNB (V) Dataset/V Dataset/Vta (Driver E)/Vta01a/V-Vta1a.csv,VTA1A,vehicle,unsynchronized_categorized,10e9b3604d9087b359145ab5ef4effd58d5e77642d55e4107e7c2607f76005d3,10e9b3604d90:000,0,0,25820,25821,38506.6,41088.6,2582.0,,0.09999999999854481,10.00000000014552,first segment of file,False
Unsynchronised V and S Dataset/Categorised IOVNB (V) Dataset/V Dataset/Vta (Driver E)/Vta01b/V-Vta1b.csv,VTA1B,vehicle,unsynchronized_categorized,c2310873c85bbee53c043fdb444b554658ef4d72b5c0170e112941e3f392d00a,c2310873c85b:000,0,0,955,956,41088.7,41184.2,95.5,,0.09999999999854481,10.00000000014552,first segment of file,False
Unsynchronised V and S Dataset/Categorised IOVNB (V) Dataset/V Dataset/Vta (Driver E)/Vta02/V-Vta2.csv,VTA2,vehicle,unsynchronized_categorized,880d9b6b520224a0840a58751beaf37b2c70f1d29e3e469dd47e11727d926ab4,880d9b6b5202:000,0,0,10994,10995,41190.0,42289.4,1099.4000000000015,,0.09999999999854481,10.00000000014552,first segment of file,False
Unsynchronised V and S Dataset/Categorised IOVNB (V) Dataset/V Dataset/Vta (Driver E)/Vta03/V-Vta3.csv,VTA3,vehicle,unsynchronized_categorized,d818af3087a250e0dff78402822f9ed7f2498bbe684f644c446f1d9b14fcaaba,d818af3087a2:000,0,0,874,875,42351.1,42438.5,87.40000000000146,,0.09999999999854481,10.00000000014552,first segment of file,False
Unsynchronised V and S Dataset/Categorised IOVNB (V) Dataset/V Dataset/Vta (Driver E)/Vta04/V-Vta4.csv,VTA4,vehicle,unsynchronized_categorized,451d71e480947c47fa3539706b8e0f12bc96c1da2368529ffbba828c98657b7c,451d71e48094:000,0,0,1808,1809,42443.3,42624.1,180.79999999999563,,0.09999999999854481,10.00000000014552,first segment of file,False
Unsynchronised V and S Dataset/Categorised IOVNB (V) Dataset/V Dataset/Vta (Driver E)/Vta05/V-Vta5.csv,VTA5,vehicle,unsynchronized_categorized,006c4dbcebbb02cdf4ebde111062913f7c013bb2965be9639f57dc99de240466,006c4dbcebbb:000,0,0,356,357,42628.7,42664.3,35.60000000000582,,0.09999999999854481,10.00000000014552,first segment of file,False
Unsynchronised V and S Dataset/Categorised IOVNB (V) Dataset/V Dataset/Vta (Driver E)/Vta06/V-Vta6.csv,VTA6,vehicle,unsynchronized_categorized,f3740003df907ad034951826b47b016627c658b79b7c4112faad59657fbf0c0b,f3740003df90:000,0,0,1392,1393,42668.1,42807.3,139.20000000000437,,0.09999999999854481,10.00000000014552,first segment of file,False
Unsynchronised V and S Dataset/Categorised IOVNB (V) Dataset/V Dataset/Vta (Driver E)/Vta07/V-Vta7.csv,VTA7,vehicle,unsynchronized_categorized,215ce5897fe205c0778beea0830d4c2c6c6d6c7a7e231b4b24ac0999a016848b,215ce5897fe2:000,0,0,856,857,42812.1,42897.7,85.59999999999854,,0.09999999999854481,10.00000000014552,first segment of file,False
Unsynchronised V and S Dataset/Categorised IOVNB (V) Dataset/V Dataset/Vta (Driver E)/Vta08/V-Vta8.csv,VTA8,vehicle,unsynchronized_categorized,a60313a99b19a13177337805b2d151b6a589c1ef5aad7191e84e45c3fb2beb29,a60313a99b19:000,0,0,3696,3697,42902.0,43271.6,369.59999999999854,,0.09999999999854481,10.00000000014552,first segment of file,False
Unsynchronised V and S Dataset/Categorised IOVNB (V) Dataset/V Dataset/Vta (Driver E)/Vta09/V-Vta9.csv,VTA9,vehicle,unsynchronized_categorized,e5b95bb24041e9a2b6302b87ae7a043c8453b8da4ab459979b37a0818ff47a70,e5b95bb24041:000,0,0,225,226,43276.2,43298.7,22.5,,0.09999999999854481,10.00000000014552,first segment of file,False
Unsynchronised V and S Dataset/Categorised IOVNB (V) Dataset/V Dataset/Vta (Driver E)/Vta10/V-Vta10.csv,VTA10,vehicle,unsynchronized_categorized,81eb8079360e9f5e5c52da56edf8c9524b37c9085dff023c31281b7277aa9d89,81eb8079360e:000,0,0,1569,1570,43303.2,43460.1,156.90000000000146,,0.09999999999854481,10.00000000014552,first segment of file,False
Unsynchronised V and S Dataset/Categorised IOVNB (V) Dataset/V Dataset/Vta (Driver E)/Vta11/V-Vta11.csv,VTA11,vehicle,unsynchronized_categorized,8dd0b5b44dfae32f3baad91bb63a4d9c850830314ac4cb597bf5577c33ad0672,8dd0b5b44dfa:000,0,0,588,589,43464.1,43522.9,58.80000000000291,,0.09999999999854481,10.00000000014552,first segment of file,False
Unsynchronised V and S Dataset/Categorised IOVNB (V) Dataset/V Dataset/Vta (Driver E)/Vta12/V-Vta12.csv,VTA12,vehicle,unsynchronized_categorized,c28da9ae3d56a04ca2450ece3089cee68121d0fd641e1ba4a8b0f822692835f8,c28da9ae3d56:000,0,0,689,690,43527.2,43596.1,68.90000000000146,,0.09999999999854481,10.00000000014552,first segment of file,False
Unsynchronised V and S Dataset/Categorised IOVNB (V) Dataset/V Dataset/Vta (Driver E)/Vta13/V-Vta13.csv,VTA13,vehicle,unsynchronized_categorized,9ca7b7b297bd2b3e2337871d7e6fac4efd6460f992dc57e0e79dcd448f923fe6,9ca7b7b297bd:000,0,0,472,473,43600.1,43647.3,47.200000000004366,,0.09999999999854481,10.00000000014552,first segment of file,False
Unsynchronised V and S Dataset/Categorised IOVNB (V) Dataset/V Dataset/Vta (Driver E)/Vta14/V-Vta14.csv,VTA14,vehicle,unsynchronized_categorized,9bf8deb2cafd2296f679e1309ec975fb56823a476117336328bcf3cd4d7595ed,9bf8deb2cafd:000,0,0,2892,2893,43651.1,43940.3,289.20000000000437,,0.09999999999854481,10.00000000014552,first segment of file,False
Unsynchronised V and S Dataset/Categorised IOVNB (V) Dataset/V Dataset/Vta (Driver E)/Vta15/V-Vta15.csv,VTA15,vehicle,unsynchronized_categorized,f4dae80b413a027f5de8f07d8ad86e975536aed8d3d0d11f199ea79f3860db9e,f4dae80b413a:000,0,0,868,869,43945.3,44032.1,86.79999999999563,,0.09999999999854481,10.00000000014552,first segment of file,False
Unsynchronised V and S Dataset/Categorised IOVNB (V) Dataset/V Dataset/Vta (Driver E)/Vta16/V-Vta16.csv,VTA16,vehicle,unsynchronized_categorized,9b7b865bc44b9f807b3e07e8c2ba4d70c29abc42fbcd47d4231c047add52d3cf,9b7b865bc44b:000,0,0,11360,11361,44036.4,45172.4,1136.0,,0.09999999999854481,10.00000000014552,first segment of file,False
Unsynchronised V and S Dataset/Categorised IOVNB (V) Dataset/V Dataset/Vta (Driver E)/Vta17/V-Vta17.csv,VTA17,vehicle,unsynchronized_categorized,b7937e94b73e534111cc2b9c8deb932a2350ceb17fa9d5abb2972329190f1ca1,b7937e94b73e:000,0,0,4593,4594,45177.5,45636.8,459.3000000000029,,0.09999999999854481,10.00000000014552,first segment of file,False
Unsynchronised V and S Dataset/Categorised IOVNB (V) Dataset/V Dataset/Vta (Driver E)/Vta19/V-Vta19.csv,VTA19,vehicle,unsynchronized_categorized,579c090d5f55ed79d168e301dd4c28fc11317be44d730a1e3852c8f2147c3956,579c090d5f55:000,0,0,309,310,45655.2,45686.1,30.900000000001455,,0.09999999999854481,10.00000000014552,first segment of file,False
Unsynchronised V and S Dataset/Categorised IOVNB (V) Dataset/V Dataset/Vta (Driver E)/Vta20/V-Vta20.csv,VTA20,vehicle,unsynchronized_categorized,533c9bef17f0d6ed94e475c9cdd29b926856b64421784b0031afb3c7a27b0ac8,533c9bef17f0:000,0,0,3222,3223,45715.0,46037.2,322.1999999999971,,0.09999999999854481,10.00000000014552,first segment of file,False
Unsynchronised V and S Dataset/Categorised IOVNB (V) Dataset/V Dataset/Vta (Driver E)/Vta21/V-Vta21.csv,VTA21,vehicle,unsynchronized_categorized,735e5337c6f45103eb2aefc7804334331addd9129292d0708126ff1867232903,735e5337c6f4:000,0,0,2087,2088,46042.9,46251.6,208.6999999999971,,0.09999999999854481,10.00000000014552,first segment of file,False
Unsynchronised V and S Dataset/Categorised IOVNB (V) Dataset/V Dataset/Vta (Driver E)/Vta22/V-Vta22.csv,VTA22,vehicle,unsynchronized_categorized,b0d92ef84541f4253cbcd7d37db23ace13ce1237a27952f04aa155dae88431a5,b0d92ef84541:000,0,0,1571,1572,46256.3,46413.4,157.09999999999854,,0.09999999999854481,10.00000000014552,first segment of file,False
Unsynchronised V and S Dataset/Categorised IOVNB (V) Dataset/V Dataset/Vta (Driver E)/Vta23/V-Vta23.csv,VTA23,vehicle,unsynchronized_categorized,611eaccab9deb8563111f80a105e09b5e9f1fc2824a4d38ab3a6c3c2bcabf0ec,611eaccab9de:000,0,0,1118,1119,46418.3,46530.1,111.79999999999563,,0.09999999999854481,10.00000000014552,first segment of file,False
Unsynchronised V and S Dataset/Categorised IOVNB (V) Dataset/V Dataset/Vta (Driver E)/Vta24/V-Vta24.csv,VTA24,vehicle,unsynchronized_categorized,d48c89250454ff4d7bb4c66fd21771863c9293a7bad5e693b16c3d3860f88e1a,d48c89250454:000,0,0,1183,1184,46534.6,46652.9,118.30000000000291,,0.09999999999854481,10.00000000014552,first segment of file,False
Unsynchronised V and S Dataset/Categorised IOVNB (V) Dataset/V Dataset/Vta (Driver E)/Vta25/V-Vta25.csv,VTA25,vehicle,unsynchronized_categorized,f2f35847820a8927d8faa18a85e5b0e868ee916c8f5f7cf8785986d1e3d35227,f2f35847820a:000,0,0,645,646,46657.6,46722.1,64.5,,0.09999999999854481,10.00000000014552,first segment of file,False
Unsynchronised V and S Dataset/Categorised IOVNB (V) Dataset/V Dataset/Vta (Driver E)/Vta26/V-Vta26.csv,VTA26,vehicle,unsynchronized_categorized,19fd1dd70b39a6fec08d37b775326b8b4e6e642c177650ee7c938bf5f9e60ad1,19fd1dd70b39:000,0,0,1946,1947,46726.5,46921.1,194.59999999999854,,0.09999999999854481,10.00000000014552,first segment of file,False
Unsynchronised V and S Dataset/Categorised IOVNB (V) Dataset/V Dataset/Vta (Driver E)/Vta27/V-Vta27.csv,VTA27,vehicle,unsynchronized_categorized,8c60748d3366129becf1795cbcbb2e2eb5de118518f2ca02a67d1162b97a1cbc,8c60748d3366:000,0,0,2852,2853,46925.6,47210.8,285.20000000000437,,0.09999999999854481,10.00000000014552,first segment of file,False
Unsynchronised V and S Dataset/Categorised IOVNB (V) Dataset/V Dataset/Vta (Driver E)/Vta28/V-Vta28.csv,VTA28,vehicle,unsynchronized_categorized,5aa02baf4555bc7924ffa6f72c3d22bddce46a38d0f69f7cb97be50dd5d69b64,5aa02baf4555:000,0,0,4218,4219,47215.5,47637.3,421.8000000000029,,0.09999999999854481,10.00000000014552,first segment of file,False
Unsynchronised V and S Dataset/Categorised IOVNB (V) Dataset/V Dataset/Vta (Driver E)/Vta29/V-Vta29.csv,VTA29,vehicle,unsynchronized_categorized,91831cc8ad9ff68f3191937e3f1d87012ebff8e2cd984c0a01eaa7e4ca658fa6,91831cc8ad9f:000,0,0,23736,23737,48443.1,50816.7,2373.5999999999985,,0.09999999999854481,10.00000000014552,first segment of file,False
Unsynchronised V and S Dataset/Categorised IOVNB (V) Dataset/V Dataset/Vta (Driver E)/Vta30/V-Vta30.csv,VTA30,vehicle,unsynchronized_categorized,452eb811579e84a93327da28516ad0cc21f52ea316726310d707b808a164fdc9,452eb811579e:000,0,0,17178,17179,50821.6,52539.4,1717.800000000003,,0.09999999999854481,10.00000000014552,first segment of file,False
Unsynchronised V and S Dataset/Categorised IOVNB (V) Dataset/V Dataset/Vtb (Driver E)/Vtb01/V-Vtb1.csv,VTB1,vehicle,unsynchronized_categorized,b935595d3039a751b3fe988c6fe447a717c9443c1efc6b7d3e1e45c59e2262aa,b935595d3039:000,0,0,32458,32459,53857.8,57103.6,3245.7999999999956,,0.09999999999854481,10.00000000014552,first segment of file,False
Unsynchronised V and S Dataset/Categorised IOVNB (V) Dataset/V Dataset/Vtb (Driver E)/Vtb02/V-Vtb2.csv,VTB2,vehicle,unsynchronized_categorized,06d3c23b08224ed04fdc71a985f253fad51856ac892cec13f2b3287726c46d1d,06d3c23b0822:000,0,0,5711,5712,57981.4,58552.5,571.0999999999985,,0.09999999999854481,10.00000000014552,first segment of file,False
Unsynchronised V and S Dataset/Categorised IOVNB (V) Dataset/V Dataset/Vtb (Driver E)/Vtb03/V-Vtb3.csv,VTB3,vehicle,unsynchronized_categorized,dea1ddbfcb41c74d798990b9d9f97b6a55b44b962662682a599213d3958969ed,dea1ddbfcb41:000,0,0,8288,8289,58558.3,59387.1,828.7999999999956,,0.09999999999854481,10.00000000014552,first segment of file,False
Unsynchronised V and S Dataset/Categorised IOVNB (V) Dataset/V Dataset/Vtb (Driver E)/Vtb04/V-Vtb4.csv,VTB4,vehicle,unsynchronized_categorized,a54aa8e94b78b512c9c8d52efc6a62ad3faf76a9672784ee0329d667ab3c1cc6,a54aa8e94b78:000,0,0,624,625,59392.0,59454.4,62.400000000001455,,0.09999999999854481,10.00000000014552,first segment of file,False
Unsynchronised V and S Dataset/Categorised IOVNB (V) Dataset/V Dataset/Vtb (Driver E)/Vtb05/V-Vtb5.csv,VTB5,vehicle,unsynchronized_categorized,ba82bba4bf4b8cd6c3dfa767e0241077aa5265e906777b8855017d630a827647,ba82bba4bf4b:000,0,0,64609,64610,59459.3,65920.2,6460.899999999994,,0.09999999999854481,10.00000000014552,first segment of file,False
Unsynchronised V and S Dataset/Categorised IOVNB (V) Dataset/V Dataset/Vtb (Driver E)/Vtb06/V-Vtb6.csv,VTB6,vehicle,unsynchronized_categorized,c23411d81547943913ff1fa1a65e0dacc4cb787aaf3ba5dff4e9a02e92644263,c23411d81547:000,0,0,507,508,65926.0,65976.7,50.69999999999709,,0.10000000000582077,9.999999999417923,first segment of file,False
Unsynchronised V and S Dataset/Categorised IOVNB (V) Dataset/V Dataset/Vtb (Driver E)/Vtb07/V-Vtb7.csv,VTB7,vehicle,unsynchronized_categorized,538130135fb40944ca8dea3af6ecf2db61ff3066b496add5edca7aa9b42a7fcc,538130135fb4:000,0,0,460,461,65981.2,66027.2,46.0,,0.10000000000582077,9.999999999417923,first segment of file,False
Unsynchronised V and S Dataset/Categorised IOVNB (V) Dataset/V Dataset/Vtb (Driver E)/Vtb08/V-Vtb8.csv,VTB8,vehicle,unsynchronized_categorized,5ec90eed9f351e7b509751e0a4edaab8835ff92410f5c91f4b83208612f92a9c,5ec90eed9f35:000,0,0,698,699,66032.0,66101.8,69.80000000000291,,0.10000000000582077,9.999999999417923,first segment of file,False
Unsynchronised V and S Dataset/Categorised IOVNB (V) Dataset/V Dataset/Vtb (Driver E)/Vtb09/V-Vtb9.csv,VTB9,vehicle,unsynchronized_categorized,9e25f7d2ed49bbc025a5e0da6e606040f1390698622e78cde4a036de20e11353,9e25f7d2ed49:000,0,0,456,457,66106.6,66152.2,45.59999999999127,,0.10000000000582077,9.999999999417923,first segment of file,False
Unsynchronised V and S Dataset/Categorised IOVNB (V) Dataset/V Dataset/Vtb (Driver E)/Vtb10/V-Vtb10.csv,VTB10,vehicle,unsynchronized_categorized,8024f15a52069f27eae14572691fc098d9704bffce76daba0a7d08418ddef009,8024f15a5206:000,0,0,194,195,66156.9,66176.3,19.40000000000873,,0.10000000000582077,9.999999999417923,first segment of file,False
Unsynchronised V and S Dataset/Categorised IOVNB (V) Dataset/V Dataset/Vtb (Driver E)/Vtb11/V-Vtb11.csv,VTB11,vehicle,unsynchronized_categorized,d2d46c6ef06c85e614f350ba0285014c59302087f239298b92a84a7fded6cc0d,d2d46c6ef06c:000,0,0,432,433,66180.9,66224.1,43.20000000001164,,0.10000000000582077,9.999999999417923,first segment of file,False
Unsynchronised V and S Dataset/Categorised IOVNB (V) Dataset/V Dataset/Vtb (Driver E)/Vtb12/V-Vtb12.csv,VTB12,vehicle,unsynchronized_categorized,db2205971f960bd04d284a8ab45e81bc6c728763306843c9659f6e51aa753941,db2205971f96:000,0,0,489,490,66228.9,66277.8,48.90000000000873,,0.10000000000582077,9.999999999417923,first segment of file,False
Unsynchronised V and S Dataset/Categorised IOVNB (V) Dataset/V Dataset/Vtb (Driver E)/Vtb13/V-Vtb13.csv,VTB13,vehicle,unsynchronized_categorized,ca1e22196e53ee373c8f06fa018d9f3f896c684a36902c142388debf77361ea2,ca1e22196e53:000,0,0,1244,1245,67192.6,67317.0,124.39999999999418,,0.10000000000582077,9.999999999417923,first segment of file,False
Unsynchronised V and S Dataset/Categorised IOVNB (V) Dataset/V Dataset/Vw (Driver E)/Vw01/V-Vw1.csv,VW1,vehicle,unsynchronized_categorized,6323621a93212e1ad23caff0911eef4cb7a3cdca6dbc0cdef861bdd615969de5,6323621a9321:000,0,0,20474,20475,34575.4,36622.8,2047.4000000000015,,0.09999999999854481,10.00000000014552,first segment of file,False
Unsynchronised V and S Dataset/Categorised IOVNB (V) Dataset/V Dataset/Vw (Driver E)/Vw02/V-Vw2.csv,VW2,vehicle,unsynchronized_categorized,30733145dc375b2892a21ec8f1548fa4df802a3bce640475db9b439a58389417,30733145dc37:000,0,0,52711,52712,36944.8,42215.9,5271.0999999999985,,0.09999999999854481,10.00000000014552,first segment of file,False
Unsynchronised V and S Dataset/Categorised IOVNB (V) Dataset/V Dataset/Vw (Driver E)/Vw03/V-Vw3.csv,VW3,vehicle,unsynchronized_categorized,4fa83e78d31139e504fadc8c0193371ecbe9aec25028acfdc7f676bb9789ebe7,4fa83e78d311:000,0,0,3940,3941,42232.0,42626.0,394.0,,0.09999999999854481,10.00000000014552,first segment of file,False
Unsynchronised V and S Dataset/Categorised IOVNB (V) Dataset/V Dataset/Vw (Driver E)/Vw04/V-Vw4.csv,VW4,vehicle,unsynchronized_categorized,e82458131e6f2bb7e265aebe99a61c68280284a1953b4c0e9a0c4c677ed32e70,e82458131e6f:000,0,0,126572,126573,44122.1,56779.3,12657.200000000004,,0.09999999999854481,10.00000000014552,first segment of file,False
Unsynchronised V and S Dataset/Categorised IOVNB (V) Dataset/V Dataset/Vw (Driver E)/Vw05/V-Vw5.csv,VW5,vehicle,unsynchronized_categorized,34144ecc462c9b3af7a370d1fc61776c53d9778b8ea068c9274797ae386abef8,34144ecc462c:000,0,0,1049,1050,56790.4,56895.3,104.90000000000146,,0.09999999999854481,10.00000000014552,first segment of file,False
Unsynchronised V and S Dataset/Categorised IOVNB (V) Dataset/V Dataset/Vw (Driver E)/Vw06/V-Vw6.csv,VW6,vehicle,unsynchronized_categorized,9acb7769e06481316502418ebaf41ea398f317f07c1d6c9bdfe6ef7b9636a744,9acb7769e064:000,0,0,1287,1288,56903.6,57032.3,128.70000000000437,,0.09999999999854481,10.00000000014552,first segment of file,False
Unsynchronised V and S Dataset/Categorised IOVNB (V) Dataset/V Dataset/Vw (Driver E)/Vw07/V-Vw7.csv,VW7,vehicle,unsynchronized_categorized,a75ed9a312a1609fcaf8776764d84c75ed03ddeaf9c8f2a5cc16008335a701da,a75ed9a312a1:000,0,0,1688,1689,57468.2,57637.0,168.8000000000029,,0.09999999999854481,10.00000000014552,first segment of file,False
Unsynchronised V and S Dataset/Categorised IOVNB (V) Dataset/V Dataset/Vw (Driver E)/Vw08/V-Vw8.csv,VW8,vehicle,unsynchronized_categorized,69846416ec5ff8ecbb4ff4c82ccf62bf0d4e4838e7d5a9cd966841e589929a05,69846416ec5f:000,0,0,1598,1599,57643.1,57802.9,159.8000000000029,,0.09999999999854481,10.00000000014552,first segment of file,False
Unsynchronised V and S Dataset/Categorised IOVNB (V) Dataset/V Dataset/Vw (Driver E)/Vw09/V-Vw9.csv,VW9,vehicle,unsynchronized_categorized,b9850efcf8c6cbab46a8ad93fce7fd765c757da9693a9a8f190ced322339fbbe,b9850efcf8c6:000,0,0,600,601,57835.1,57895.1,60.0,,0.09999999999854481,10.00000000014552,first segment of file,False
Unsynchronised V and S Dataset/Categorised IOVNB (V) Dataset/V Dataset/Vw (Driver E)/Vw10/V-Vw10.csv,VW10,vehicle,unsynchronized_categorized,4963db622690990e91af1a4bfa4414edcee127105e8a142fa20a1448ae5a83d3,4963db622690:000,0,0,669,670,58060.7,58127.6,66.90000000000146,,0.09999999999854481,10.00000000014552,first segment of file,False
Unsynchronised V and S Dataset/Categorised IOVNB (V) Dataset/V Dataset/Vw (Driver E)/Vw11/V-Vw10.csv,VW10,vehicle,unsynchronized_categorized,4963db622690990e91af1a4bfa4414edcee127105e8a142fa20a1448ae5a83d3,4963db622690:000,0,0,669,670,58060.7,58127.6,66.90000000000146,,0.09999999999854481,10.00000000014552,first segment of file,False
Unsynchronised V and S Dataset/Categorised IOVNB (V) Dataset/V Dataset/Vw (Driver E)/Vw12/V-Vw12.csv,VW12,vehicle,unsynchronized_categorized,a54ef9e6ab8a38f1769e271e86324d517a3c2333656bd2967a9c987c4005ab95,a54ef9e6ab8a:000,0,0,1068,1069,58630.2,58737.0,106.80000000000291,,0.09999999999854481,10.00000000014552,first segment of file,False
Unsynchronised V and S Dataset/Categorised IOVNB (V) Dataset/V Dataset/Vw (Driver E)/Vw13/V-Vw13.csv,VW13,vehicle,unsynchronized_categorized,d5baf3d1342795aa6aefb011048278414a20f30ab874cf8bfa3e13caefeb7f97,d5baf3d13427:000,0,0,296,297,58823.8,58853.4,29.599999999998545,,0.09999999999854481,10.00000000014552,first segment of file,False
Unsynchronised V and S Dataset/Categorised IOVNB (V) Dataset/V Dataset/Vw (Driver E)/Vw14a/V-Vw14a.csv,VW14A,vehicle,unsynchronized_categorized,4f750963ebb7d654f7baf5a610611176d7227e7bbacd51f85ff78ee3e430f0b6,4f750963ebb7:000,0,0,3139,3140,58870.0,59183.9,313.90000000000146,,0.09999999999854481,10.00000000014552,first segment of file,False
Unsynchronised V and S Dataset/Categorised IOVNB (V) Dataset/V Dataset/Vw (Driver E)/Vw14b/V-Vw14b.csv,VW14B,vehicle,unsynchronized_categorized,a490a5922017631337e1c927f7a0ee882139a145fab1d10bdadd659fa40ab242,a490a5922017:000,0,0,19599,19600,59184.0,61143.9,1959.9000000000015,,0.09999999999854481,10.00000000014552,first segment of file,False
Unsynchronised V and S Dataset/Categorised IOVNB (V) Dataset/V Dataset/Vw (Driver E)/Vw14c/V-Vw14c.csv,VW14C,vehicle,unsynchronized_categorized,04929366928dbf3b30d5528c4055804d312490c960167840090d8d8436c22b4c,04929366928d:000,0,0,15856,15857,61144.0,62729.6,1585.5999999999985,,0.09999999999854481,10.00000000014552,first segment of file,False
Unsynchronised V and S Dataset/Categorised IOVNB (V) Dataset/V Dataset/Vw (Driver E)/Vw15/V-Vw15.csv,VW15,vehicle,unsynchronized_categorized,e9a78a8fc5df8aa9655914fac3e530912db94d34cbfc7ba767e17625afa12a39,e9a78a8fc5df:000,0,0,1390,1391,62986.9,63125.9,139.0,,0.09999999999854481,10.00000000014552,first segment of file,False
Unsynchronised V and S Dataset/Categorised IOVNB (V) Dataset/V Dataset/Vw (Driver E)/Vw16a/V-Vw16a.csv,VW16A,vehicle,unsynchronized_categorized,ec97aa52952dd6c5cafad7c928a02a0fd702c4e563afe9f76cc4d781821ecedc,ec97aa52952d:000,0,0,5999,6000,63131.8,63731.7,599.8999999999942,,0.09999999999854481,10.00000000014552,first segment of file,False
Unsynchronised V and S Dataset/Categorised IOVNB (V) Dataset/V Dataset/Vw (Driver E)/Vw16b/V-Vw16b.csv,VW16B,vehicle,unsynchronized_categorized,78871442687e3a4647a5be2a4410b8ce3b84f2a06abbb71f5b322320160d67c5,78871442687e:000,0,0,1170,1171,63731.8,63848.8,117.0,,0.09999999999854481,10.00000000014552,first segment of file,False
Unsynchronised V and S Dataset/Categorised IOVNB (V) Dataset/V Dataset/Vw (Driver E)/Vw17/V-Vw17.csv,VW17,vehicle,unsynchronized_categorized,d372f22589dee5ff4ef74a1e3030b0d93b3b0d3724c9934ec396760714835c75,d372f22589de:000,0,0,328,329,63853.1,63885.9,32.80000000000291,,0.09999999999854481,10.00000000014552,first segment of file,False
Unsynchronised V and S Dataset/Categorised IOVNB (V) Dataset/V Dataset/Y (Driver D)/Y1/V-Y1.csv,Y1,vehicle,unsynchronized_categorized,9d011603a57b7c6638cfbef531e19176ab7301cb4256d781356c388a050c5c8f,9d011603a57b:000,0,0,4612,4613,61954.4,62415.6,461.1999999999971,,0.09999999999854481,10.00000000014552,first segment of file,False
Unsynchronised V and S Dataset/Categorised IOVNB (V) Dataset/V Dataset/Y (Driver D)/Y1/V-Y1.csv,Y1,vehicle,unsynchronized_categorized,9d011603a57b7c6638cfbef531e19176ab7301cb4256d781356c388a050c5c8f,9d011603a57b:001,1,4613,70154,65542,62669.6,69223.7,6554.0999999999985,254.0,0.09999999999854481,10.00000000014552,"forward gap of 254.0s exceeds threshold 10.0s (max(100.0x median interval 0.1000s, 10.0s))",False
Unsynchronised V and S Dataset/Categorised IOVNB (V) Dataset/V Dataset/Y (Driver D)/Y1/V-Y1.csv,Y1,vehicle,unsynchronized_categorized,9d011603a57b7c6638cfbef531e19176ab7301cb4256d781356c388a050c5c8f,9d011603a57b:002,2,70155,70340,186,69608.3,69626.8,18.5,384.6000000000058,0.10000000000582077,9.999999999417923,"forward gap of 384.6s exceeds threshold 10.0s (max(100.0x median interval 0.1000s, 10.0s))",False
Unsynchronised V and S Dataset/Categorised IOVNB (V) Dataset/V Dataset/Y (Driver D)/Y2/V-Y2.csv,Y2,vehicle,unsynchronized_categorized,208ddd707c50fdcd785795c8e87f7245b05c5efdf50243a300050d710089aff3,208ddd707c50:000,0,0,57212,57213,35349.9,41071.1,5721.199999999997,,0.09999999999854481,10.00000000014552,first segment of file,False
Unsynchronised V and S Dataset/Uncategorised IOVNB (V and S) Dataset/S-Dataset/S-A1.csv,A1,smartphone,unsynchronized_uncategorized,8a6e2591b4510bd9eaf5532b9fc59bbe85ae14e863d8cbc2d7d93db5b6baada4,8a6e2591b451:000,0,0,5941,5942,1551259092.68,1551262063.2849998,2970.604999780655,,0.5,2.0,first segment of file,False
Unsynchronised V and S Dataset/Uncategorised IOVNB (V and S) Dataset/S-Dataset/S-A10.csv,A10,smartphone,unsynchronized_uncategorized,1fd3d11e1b31b60056390b5f3047b60c01dfef07c391366937ad3178be8e3621,1fd3d11e1b31:000,0,0,8885,8886,1570112564.804,1570117007.304,4442.5,,0.5,2.0,first segment of file,False
Unsynchronised V and S Dataset/Uncategorised IOVNB (V and S) Dataset/S-Dataset/S-A11.csv,A11,smartphone,unsynchronized_uncategorized,2addd6cdb9c95c386d26f6a65428c49ca969cd2b6c16e6407189f642b42709d1,2addd6cdb9c9:000,0,0,5154,5155,1584786174.7459998,1584788751.7459998,2577.0,,0.5,2.0,first segment of file,False
Unsynchronised V and S Dataset/Uncategorised IOVNB (V and S) Dataset/S-Dataset/S-A12.csv,A12,smartphone,unsynchronized_uncategorized,c674f8de297f595c599e73612479c106fe21320f483d73f0edb1d4af84aac3aa,c674f8de297f:000,0,0,4672,4673,1584789068.0979998,1584791404.097,2335.9990000724792,,0.5,2.0,first segment of file,False
Unsynchronised V and S Dataset/Uncategorised IOVNB (V and S) Dataset/S-Dataset/S-A13.csv,A13,smartphone,unsynchronized_uncategorized,31640a5f5290102033e3a958805683d1d681faf09915b21e4ea2db6c7c3f5384,31640a5f5290:000,0,0,9183,9184,1584800937.374,1584805528.8739998,4591.499999761581,,0.5,2.0,first segment of file,False
Unsynchronised V and S Dataset/Uncategorised IOVNB (V and S) Dataset/S-Dataset/S-A2.csv,A2,smartphone,unsynchronized_uncategorized,ebc743e3e724279ca86521c947ac21bdd7ce8e2eb2cd6373c5a89caf9a7e9706,ebc743e3e724:000,0,0,11629,11630,1550228202.5449998,1550234017.0449998,5814.5,,0.5,2.0,first segment of file,False
Unsynchronised V and S Dataset/Uncategorised IOVNB (V and S) Dataset/S-Dataset/S-A3.csv,A3,smartphone,unsynchronized_uncategorized,ed067f770ac83e063d663826e110db9e8ee9e9ded25a62d02b390aaa55cee406,ed067f770ac8:000,0,0,11131,11132,1551262551.537,1551268117.5649998,5566.02799987793,,0.5,2.0,first segment of file,False
Unsynchronised V and S Dataset/Uncategorised IOVNB (V and S) Dataset/S-Dataset/S-A4.csv,A4,smartphone,unsynchronized_uncategorized,99845be37ef34a45500ea4db5acf1fc99c8483d3b3f3b10f828fd77d6a85a84f,99845be37ef3:000,0,0,32828,32829,1565954964.414,1565958247.2140002,3282.800000190735,,0.09999990463256836,10.000009536752259,first segment of file,False
Unsynchronised V and S Dataset/Uncategorised IOVNB (V and S) Dataset/S-Dataset/S-A5.csv,A5,smartphone,unsynchronized_uncategorized,dcfad1472878b0bf4c2dfcd2995521291e7ddaba7d2fe134450615722e6c3a3b,dcfad1472878:000,0,0,85040,85041,1565959753.803,1565968258.152,8504.348999977112,,0.09999990463256836,10.000009536752259,first segment of file,False
Unsynchronised V and S Dataset/Uncategorised IOVNB (V and S) Dataset/S-Dataset/S-A6.csv,A6,smartphone,unsynchronized_uncategorized,7763df94e92de925ad0ccf1b2294cb9caee3219c9bcda6ae288641be8c209e2c,7763df94e92d:000,0,0,86033,86034,1566026429.5059998,1566034966.908,8537.402000188828,,0.09999990463256836,10.000009536752259,first segment of file,False
Unsynchronised V and S Dataset/Uncategorised IOVNB (V and S) Dataset/S-Dataset/S-A7.csv,A7,smartphone,unsynchronized_uncategorized,96b4949e2c7d9855f62a0286e34c4f2c244b99f3dbc979b08144faae4d251a7b,96b4949e2c7d:000,0,0,43871,43872,1567239931.81,1567244318.91,4387.100000143051,,0.09999990463256836,10.000009536752259,first segment of file,False
Unsynchronised V and S Dataset/Uncategorised IOVNB (V and S) Dataset/S-Dataset/S-A8.csv,A8,smartphone,unsynchronized_uncategorized,3590c6ee231da41c13b4897f4dde490d6a350cade6f0c802ec0a7f1eede90ac2,3590c6ee231d:000,0,0,66616,66617,1567245020.12,1567251681.72,6661.600000143051,,0.09999990463256836,10.000009536752259,first segment of file,False
Unsynchronised V and S Dataset/Uncategorised IOVNB (V and S) Dataset/S-Dataset/S-A9.csv,A9,smartphone,unsynchronized_uncategorized,887c7597bd65ac135bc9739cc03363a6bcaa4e5baea7e03064c427528941bdb5,887c7597bd65:000,0,0,11961,11962,1569677517.743,1569683498.2419999,5980.498999834061,,0.5,2.0,first segment of file,False
Unsynchronised V and S Dataset/Uncategorised IOVNB (V and S) Dataset/S-Dataset/S-I.csv,I,smartphone,unsynchronized_uncategorized,090a788528aceff3dd2e7839bf8afd7313e884ad54e9369b88668a0d36f1348d,090a788528ac:000,0,0,1467,1468,1577395141.705,1577395288.405,146.70000004768372,,0.09999990463256836,10.000009536752259,first segment of file,False
Unsynchronised V and S Dataset/Uncategorised IOVNB (V and S) Dataset/S-Dataset/S-I.csv,I,smartphone,unsynchronized_uncategorized,090a788528aceff3dd2e7839bf8afd7313e884ad54e9369b88668a0d36f1348d,090a788528ac:001,1,1468,5799,4332,1577395573.784,1577395721.605,147.82100009918213,285.3789999485016,0.09999990463256836,10.000009536752259,"forward gap of 285.4s exceeds threshold 10.0s (max(100.0x median interval 0.1000s, 10.0s))",False
Unsynchronised V and S Dataset/Uncategorised IOVNB (V and S) Dataset/S-Dataset/S-M.csv,M,smartphone,unsynchronized_uncategorized,71453d0af0d336bf4cc25e548f4ec4c75e83eba8b2a224604280510049d09587,71453d0af0d3:000,0,0,105973,105974,1567847609.5059998,1567858209.129,10599.623000144958,,0.09999990463256836,10.000009536752259,first segment of file,False
Unsynchronised V and S Dataset/Uncategorised IOVNB (V and S) Dataset/S-Dataset/S-S1.csv,S1,smartphone,unsynchronized_uncategorized,b15d7dcaa47b1d92805048eb66121567075f37a26314ecabf33e09898ac95dab,b15d7dcaa47b:000,0,0,51745,51746,1567937269.5459998,1567942444.0449998,5174.499000072479,,0.09999990463256836,10.000009536752259,first segment of file,False
Unsynchronised V and S Dataset/Uncategorised IOVNB (V and S) Dataset/S-Dataset/S-S2.csv,S2,smartphone,unsynchronized_uncategorized,5851902ce5d4f82f900d082e082d2fc43deac3d4f8f128d1193e6a353970f22d,5851902ce5d4:000,0,0,93875,93876,1567944231.741,1567953620.349,9388.608000040054,,0.09999990463256836,10.000009536752259,first segment of file,False
Unsynchronised V and S Dataset/Uncategorised IOVNB (V and S) Dataset/S-Dataset/S-S3a.csv,S3A,smartphone,unsynchronized_uncategorized,274a8da537e3c3794e8e39760ed6667c673b0671c86752f1eb3782d8561582d4,274a8da537e3:000,0,0,24620,24621,1567624911.4940002,1567627373.4940002,2462.0,,0.09999990463256836,10.000009536752259,first segment of file,False
Unsynchronised V and S Dataset/Uncategorised IOVNB (V and S) Dataset/S-Dataset/S-S3b.csv,S3B,smartphone,unsynchronized_uncategorized,19e3c80523efaccf8c56245c1f8d4806d175b088616daca65b877eda68397d31,19e3c80523ef:000,0,0,6812,6813,1567627383.493,1567628069.021,685.5279998779297,,0.09999990463256836,10.000009536752259,first segment of file,False
Unsynchronised V and S Dataset/Uncategorised IOVNB (V and S) Dataset/S-Dataset/S-S3c.csv,S3C,smartphone,unsynchronized_uncategorized,45a91123027b3f299865b7721e13300380b8de948c6360951a78cd3ef1d26db9,45a91123027b:000,0,0,37182,37183,1567628068.521,1567631786.72,3718.199000120163,,0.09999990463256836,10.000009536752259,first segment of file,False
Unsynchronised V and S Dataset/Uncategorised IOVNB (V and S) Dataset/S-Dataset/S-S4.csv,S4,smartphone,unsynchronized_uncategorized,4a3b9065b673c57492bc3668afe3bf3d5fcac1eb7bb6ba9e3d3a54b9dba53d93,4a3b9065b673:000,0,0,35185,35186,1567793775.111,1567797293.611,3518.5,,0.09999990463256836,10.000009536752259,first segment of file,False
Unsynchronised V and S Dataset/Uncategorised IOVNB (V and S) Dataset/S-Dataset/S-S4.csv,S4,smartphone,unsynchronized_uncategorized,4a3b9065b673c57492bc3668afe3bf3d5fcac1eb7bb6ba9e3d3a54b9dba53d93,4a3b9065b673:001,1,35186,94599,59414,1567797605.753,1567803548.216,5942.463000059128,312.1419999599457,0.09999990463256836,10.000009536752259,"forward gap of 312.1s exceeds threshold 10.0s (max(100.0x median interval 0.1000s, 10.0s))",False
Unsynchronised V and S Dataset/Uncategorised IOVNB (V and S) Dataset/S-Dataset/S-T1.csv,T1,smartphone,unsynchronized_uncategorized,2155a872fe5ad1c6aac49f5f18967abf0d54f8fb1688e469d770134d2f34c8d2,2155a872fe5a:000,0,0,25758,25759,1565255667.556,1565256405.9350002,738.3790001869202,,0.0010001659393310547,999.8340882002384,first segment of file,False
Unsynchronised V and S Dataset/Uncategorised IOVNB (V and S) Dataset/S-Dataset/S-T10.csv,T10,smartphone,unsynchronized_uncategorized,c51e706ffc9090761552735eb16ddb67e0a342b8e9222787b4973a89a6efc7b8,c51e706ffc90:000,0,0,6698,6699,1578137876.2710001,1578138546.071,669.7999999523163,,0.09999990463256836,10.000009536752259,first segment of file,False
Unsynchronised V and S Dataset/Uncategorised IOVNB (V and S) Dataset/S-Dataset/S-T11.csv,T11,smartphone,unsynchronized_uncategorized,dc92ec49c6dedcd252165283167529785028998d8a860d9647a173dd37fc5f58,dc92ec49c6de:000,0,0,5689,5690,1578138771.334,1578139340.2350001,568.9010000228882,,0.09999990463256836,10.000009536752259,first segment of file,False
Unsynchronised V and S Dataset/Uncategorised IOVNB (V and S) Dataset/S-Dataset/S-T2.csv,T2,smartphone,unsynchronized_uncategorized,eda01aff8e4d92608aba93f4cce002d0d454d656b33f9e1c9f2522cb05bd1912,eda01aff8e4d:000,0,0,75554,75555,1565381648.748,1565389203.6929998,7554.944999933243,,0.09999990463256836,10.000009536752259,first segment of file,False
Unsynchronised V and S Dataset/Uncategorised IOVNB (V and S) Dataset/S-Dataset/S-T3.csv,T3,smartphone,unsynchronized_uncategorized,9c89e57dc4564bd689e35eeb387115eceeacb3d7bee4c760abceb8deab6a48c8,9c89e57dc456:000,0,0,65858,65859,1565390117.2380002,1565396586.479,6469.2409999370575,,0.09999990463256836,10.000009536752259,first segment of file,False
Unsynchronised V and S Dataset/Uncategorised IOVNB (V and S) Dataset/S-Dataset/S-T4.csv,T4,smartphone,unsynchronized_uncategorized,b3cfa068598880209639b88e4d4ba959fb9c1ca846e2d10717e382b17ea39f3d,b3cfa0685988:000,0,0,73481,73482,1565605482.516,1565609062.752,3580.236000061035,,0.0989999771118164,10.101012436301284,first segment of file,False
Unsynchronised V and S Dataset/Uncategorised IOVNB (V and S) Dataset/S-Dataset/S-T5.csv,T5,smartphone,unsynchronized_uncategorized,6a95e97940883ca4e1910e036f7e1506649fafa916fa7221087f536f14305230,6a95e9794088:000,0,0,46386,46387,1565615985.464,1565618022.456,2036.9920001029968,,0.04200005531311035,23.809492452926584,first segment of file,False
Unsynchronised V and S Dataset/Uncategorised IOVNB (V and S) Dataset/S-Dataset/S-T6.csv,T6,smartphone,unsynchronized_uncategorized,cac38e6d5a1f776adf5c5941ecbc7ebdf59b7a317338a59398037cc29ae518b4,cac38e6d5a1f:000,0,0,86439,86440,1565627560.456,1565630071.313,2510.856999874115,,0.0010001659393310547,999.8340882002384,first segment of file,False
Unsynchronised V and S Dataset/Uncategorised IOVNB (V and S) Dataset/S-Dataset/S-T7.csv,T7,smartphone,unsynchronized_uncategorized,43dd8e5594fdef748cecba5ed2cb8ccc54b0596e9402513f07c2e861a330da8e,43dd8e5594fd:000,0,0,101689,101690,1566141222.548,1566151392.6339998,10170.08599972725,,0.09999990463256836,10.000009536752259,first segment of file,False
Unsynchronised V and S Dataset/Uncategorised IOVNB (V and S) Dataset/S-Dataset/S-T8.csv,T8,smartphone,unsynchronized_uncategorized,392d0b39dc4336f571717fb70ff211242b434fe503793bccf0fd8c6c1abb7091,392d0b39dc43:000,0,0,48343,48344,1566161469.1260002,1566166302.932,4833.805999755859,,0.09999990463256836,10.000009536752259,first segment of file,False
Unsynchronised V and S Dataset/Uncategorised IOVNB (V and S) Dataset/S-Dataset/S-T9.csv,T9,smartphone,unsynchronized_uncategorized,2c7f5ff6371784aa48ac24ab6fb040d02953894d6df934f745a3c368453fe763,2c7f5ff63717:000,0,0,79908,79909,1566166789.5619998,1566174780.279,7990.717000246048,,0.09999990463256836,10.000009536752259,first segment of file,False
Unsynchronised V and S Dataset/Uncategorised IOVNB (V and S) Dataset/S-Dataset/S-Vfa01.csv,VFA01,smartphone,unsynchronized_uncategorized,c743ad854bd5fd6419fd12506ca1171f9a41ee25c991bd8d5697fc852644352c,c743ad854bd5:000,0,0,11485,11486,1573204826.236,1573205974.736,1148.5,,0.09999990463256836,10.000009536752259,first segment of file,False
Unsynchronised V and S Dataset/Uncategorised IOVNB (V and S) Dataset/S-Dataset/S-Vfa02.csv,VFA02,smartphone,unsynchronized_uncategorized,65348172ad4eb61777bdee119ab5e88c558bf648df53a514e11d17a571d3b556,65348172ad4e:000,0,0,67522,67523,1573207037.649,1573213789.85,6752.2009999752045,,0.09999990463256836,10.000009536752259,first segment of file,False
Unsynchronised V and S Dataset/Uncategorised IOVNB (V and S) Dataset/S-Dataset/S-Vta10.csv,VTA10,smartphone,unsynchronized_uncategorized,a5d4d99847a8bd7459b8e323f10f0e61a640cc270a7892416875f982672da334,a5d4d99847a8:000,0,0,1501,1502,1573041710.393,1573041860.493,150.10000014305115,,0.09999990463256836,10.000009536752259,first segment of file,False
Unsynchronised V and S Dataset/Uncategorised IOVNB (V and S) Dataset/S-Dataset/S-Vta11.csv,VTA11,smartphone,unsynchronized_uncategorized,82e456eb6e006cd29f1b13b37ba125e2afdb25bde878c3349bf3d63ea6aea966,82e456eb6e00:000,0,0,509,510,1573041872.393,1573041923.293,50.90000009536743,,0.09999990463256836,10.000009536752259,first segment of file,False
Unsynchronised V and S Dataset/Uncategorised IOVNB (V and S) Dataset/S-Dataset/S-Vta12.csv,VTA12,smartphone,unsynchronized_uncategorized,9809c567bbe8a3b5df48437e5ee9de7a19966376728395debb1fda1eead97553,9809c567bbe8:000,0,0,609,610,1573041935.393,1573041996.293,60.90000009536743,,0.09999990463256836,10.000009536752259,first segment of file,False
Unsynchronised V and S Dataset/Uncategorised IOVNB (V and S) Dataset/S-Dataset/S-Vta13.csv,VTA13,smartphone,unsynchronized_uncategorized,04b0ee07c4e48be7387bd82d1f0c9e170d9d5c62482a3ccc290d97675210297f,04b0ee07c4e4:000,0,0,403,404,1573042007.292,1573042047.593,40.300999879837036,,0.09999990463256836,10.000009536752259,first segment of file,False
Unsynchronised V and S Dataset/Uncategorised IOVNB (V and S) Dataset/S-Dataset/S-Vta14.csv,VTA14,smartphone,unsynchronized_uncategorized,413a1f581614b5f0088fcacd908d14289f1f5375fe2a810551cc3caa887629f0,413a1f581614:000,0,0,2884,2885,1573042052.493,1573042340.893,288.39999985694885,,0.09999990463256836,10.000009536752259,first segment of file,False
Unsynchronised V and S Dataset/Uncategorised IOVNB (V and S) Dataset/S-Dataset/S-Vta15.csv,VTA15,smartphone,unsynchronized_uncategorized,7d5d51193b78a370976310605201e34f5155bf4bc0740c69d356db1961cdfa4c,7d5d51193b78:000,0,0,832,833,1573042351.793,1573042434.993,83.20000004768372,,0.09999990463256836,10.000009536752259,first segment of file,False
Unsynchronised V and S Dataset/Uncategorised IOVNB (V and S) Dataset/S-Dataset/S-Vta16.csv,VTA16,smartphone,unsynchronized_uncategorized,62fb3e3d94574567635c19bc646b374b2da209e611bfbfeb7f9e5899d05653f4,62fb3e3d9457:000,0,0,11334,11335,1573042440.6929998,1573043574.093,1133.4000000953674,,0.09999990463256836,10.000009536752259,first segment of file,False
Unsynchronised V and S Dataset/Uncategorised IOVNB (V and S) Dataset/S-Dataset/S-Vta17.csv,VTA17,smartphone,unsynchronized_uncategorized,cfabd101e8e06df30dfd00c692ccb9d102267c0c2b887e5d8bfc8a5e3a2c3a18,cfabd101e8e0:000,0,0,4518,4519,1573043585.392,1573044038.3779998,452.9859998226166,,0.09999990463256836,10.000009536752259,first segment of file,False
Unsynchronised V and S Dataset/Uncategorised IOVNB (V and S) Dataset/S-Dataset/S-Vta19.csv,VTA19,smartphone,unsynchronized_uncategorized,052bc3dacd0c8189b67654acd7e41908d51eec407f2b71d09de7a3e6fbfb6695,052bc3dacd0c:000,0,0,291,292,1573044057.3769999,1573044086.4780002,29.10100030899048,,0.09999990463256836,10.000009536752259,first segment of file,False
Unsynchronised V and S Dataset/Uncategorised IOVNB (V and S) Dataset/S-Dataset/S-Vta1a.csv,VTA1A,smartphone,unsynchronized_uncategorized,25e382fbbc3403530e5faa5aad1ac1ef18676ed50319827bf2f7c2d782f5491c,25e382fbbc34:000,0,0,25675,25676,1573036907.3630002,1573039474.8620002,2567.4990000724792,,0.09999990463256836,10.000009536752259,first segment of file,False
Unsynchronised V and S Dataset/Uncategorised IOVNB (V and S) Dataset/S-Dataset/S-Vta1b.csv,VTA1B,smartphone,unsynchronized_uncategorized,b98958cc351eaee53bcc39d28bce3516fde4031935b666d6ef4ab2bed7a6138b,b98958cc351e:000,0,0,953,954,1573039489.463,1573039584.763,95.29999995231628,,0.09999990463256836,10.000009536752259,first segment of file,False
Unsynchronised V and S Dataset/Uncategorised IOVNB (V and S) Dataset/S-Dataset/S-Vta2.csv,VTA2,smartphone,unsynchronized_uncategorized,7bd4640e4db3bbec3754091908b245d4d93888469451483ee214bd3f8b92d5fe,7bd4640e4db3:000,0,0,10990,10991,1573039591.2649999,1573040690.263,1098.9980001449585,,0.09999990463256836,10.000009536752259,first segment of file,False
Unsynchronised V and S Dataset/Uncategorised IOVNB (V and S) Dataset/S-Dataset/S-Vta20.csv,VTA20,smartphone,unsynchronized_uncategorized,4e255b689bb10c0a7ed6d83405f69c6a19eeafaf05d91bf645cab2ae8197a53c,4e255b689bb1:000,0,0,3222,3223,1573044141.722,1573044463.922,322.2000000476837,,0.09999990463256836,10.000009536752259,first segment of file,False
Unsynchronised V and S Dataset/Uncategorised IOVNB (V and S) Dataset/S-Dataset/S-Vta21.csv,VTA21,smartphone,unsynchronized_uncategorized,fa378298fb403d4bf857d4aa0f9d717aa5516e478bcd77f143498e760a83b751,fa378298fb40:000,0,0,2078,2079,1573044452.022,1573044659.822,207.79999995231628,,0.09999990463256836,10.000009536752259,first segment of file,False
Unsynchronised V and S Dataset/Uncategorised IOVNB (V and S) Dataset/S-Dataset/S-Vta22.csv,VTA22,smartphone,unsynchronized_uncategorized,e07de2f95c2b08cb4da7b94e47765442e5e27687b274bd0dd784a529f592bb51,e07de2f95c2b:000,0,0,1563,1564,1573044660.822,1573044817.1230001,156.30100011825562,,0.09999990463256836,10.000009536752259,first segment of file,False
Unsynchronised V and S Dataset/Uncategorised IOVNB (V and S) Dataset/S-Dataset/S-Vta23.csv,VTA23,smartphone,unsynchronized_uncategorized,b898b14918eaa6097b8b54b61c15b6636805b7a1e5b610ad202b9d7979cb3e49,b898b14918ea:000,0,0,1109,1110,1573044820.023,1573044930.923,110.90000009536743,,0.09999990463256836,10.000009536752259,first segment of file,False
Unsynchronised V and S Dataset/Uncategorised IOVNB (V and S) Dataset/S-Dataset/S-Vta24.csv,VTA24,smartphone,unsynchronized_uncategorized,02929be6c8962eac080c855303ed2f0966a2fcc722b81c86c970eb222bbce54b,02929be6c896:000,0,0,1170,1171,1573044935.922,1573045052.923,117.00100016593933,,0.09999990463256836,10.000009536752259,first segment of file,False
Unsynchronised V and S Dataset/Uncategorised IOVNB (V and S) Dataset/S-Dataset/S-Vta25.csv,VTA25,smartphone,unsynchronized_uncategorized,ee2c003b48daf37abbd1e47eb570b88549911f7aeadb6559c53e667738e19715,ee2c003b48da:000,0,0,645,646,1573045056.324,1573045120.822,64.4980001449585,,0.09999990463256836,10.000009536752259,first segment of file,False
Unsynchronised V and S Dataset/Uncategorised IOVNB (V and S) Dataset/S-Dataset/S-Vta26.csv,VTA26,smartphone,unsynchronized_uncategorized,ef9cf5419e1fa28e6a23f6718c8326202de2824da7ff74a1d280aa0a2f9443d1,ef9cf5419e1f:000,0,0,1934,1935,1573045128.922,1573045322.3219998,193.39999985694885,,0.09999990463256836,10.000009536752259,first segment of file,False
Unsynchronised V and S Dataset/Uncategorised IOVNB (V and S) Dataset/S-Dataset/S-Vta27.csv,VTA27,smartphone,unsynchronized_uncategorized,159116d1f4d56e93fbd0cd72940acd797c1eeccbbaed957c279ba9a5b77fc764,159116d1f4d5:000,0,0,2539,2540,1573045329.6220002,1573045583.5219998,253.89999961853027,,0.09999990463256836,10.000009536752259,first segment of file,False
Unsynchronised V and S Dataset/Uncategorised IOVNB (V and S) Dataset/S-Dataset/S-Vta28.csv,VTA28,smartphone,unsynchronized_uncategorized,ade9b3d779ac108d1f59ec26207e9b330a6465728d308abbb599b219b261d077,ade9b3d779ac:000,0,0,4209,4210,1573045614.922,1573046035.822,420.90000009536743,,0.09999990463256836,10.000009536752259,first segment of file,False
Unsynchronised V and S Dataset/Uncategorised IOVNB (V and S) Dataset/S-Dataset/S-Vta29.csv,VTA29,smartphone,unsynchronized_uncategorized,fdb0c5fe8db02276321e8780ca009543835eb2f452fe66372aa73e1a950787e1,fdb0c5fe8db0:000,0,0,23704,23705,1573046840.808,1573049210.586,2369.7779998779297,,0.09999990463256836,10.000009536752259,first segment of file,False
Unsynchronised V and S Dataset/Uncategorised IOVNB (V and S) Dataset/S-Dataset/S-Vta3.csv,VTA3,smartphone,unsynchronized_uncategorized,3b82987cb99d7dfddcbbdbb9994006e10d231cb6017bf4d2d02f647a9a30ae21,3b82987cb99d:000,0,0,644,645,1573040753.893,1573040818.293,64.40000009536743,,0.09999990463256836,10.000009536752259,first segment of file,False
Unsynchronised V and S Dataset/Uncategorised IOVNB (V and S) Dataset/S-Dataset/S-Vta30.csv,VTA30,smartphone,unsynchronized_uncategorized,28161336944b3371ce22d074dbfd5693e915dfd3189c1dec1d0d5e0ffc69984c,28161336944b:000,0,0,17135,17136,1573049223.8860002,1573050937.386,1713.4999997615814,,0.09999990463256836,10.000009536752259,first segment of file,False
Unsynchronised V and S Dataset/Uncategorised IOVNB (V and S) Dataset/S-Dataset/S-Vta4.csv,VTA4,smartphone,unsynchronized_uncategorized,f37db4374cc0b11e64fc0be619b502407d9f988c8b1f840922f6c4fc69b97a67,f37db4374cc0:000,0,0,1788,1789,1573040847.3939998,1573041026.1929998,178.79900002479553,,0.09999990463256836,10.000009536752259,first segment of file,False
Unsynchronised V and S Dataset/Uncategorised IOVNB (V and S) Dataset/S-Dataset/S-Vta5.csv,VTA5,smartphone,unsynchronized_uncategorized,7aff2d8777e070fe55acb694b688cf9e501cf8f45c4fa4d2fb35d2633eaa5692,7aff2d8777e0:000,0,0,306,307,1573041034.393,1573041064.993,30.600000143051147,,0.09999990463256836,10.000009536752259,first segment of file,False
Unsynchronised V and S Dataset/Uncategorised IOVNB (V and S) Dataset/S-Dataset/S-Vta6.csv,VTA6,smartphone,unsynchronized_uncategorized,5d09dd027359589a368dff658d3b5a7b1a5408e487493110772bd380ba77824b,5d09dd027359:000,0,0,1375,1376,1573041071.993,1573041209.493,137.5,,0.09999990463256836,10.000009536752259,first segment of file,False
Unsynchronised V and S Dataset/Uncategorised IOVNB (V and S) Dataset/S-Dataset/S-Vta7.csv,VTA7,smartphone,unsynchronized_uncategorized,ac7c45d5dfb9885a3ca6291f5e0b10f4c3314cc1a8154badbd8c267bc847e180,ac7c45d5dfb9:000,0,0,839,840,1573041215.293,1573041299.1929998,83.89999985694885,,0.09999990463256836,10.000009536752259,first segment of file,False
Unsynchronised V and S Dataset/Uncategorised IOVNB (V and S) Dataset/S-Dataset/S-Vta8.csv,VTA8,smartphone,unsynchronized_uncategorized,9879c75d65da9f797553cf7faa7e59c88a461b44eaa863b714df6757cc8fa4c1,9879c75d65da:000,0,0,3675,3676,1573041305.293,1573041672.793,367.5,,0.09999990463256836,10.000009536752259,first segment of file,False
Unsynchronised V and S Dataset/Uncategorised IOVNB (V and S) Dataset/S-Dataset/S-Vta9.csv,VTA9,smartphone,unsynchronized_uncategorized,2671b8ec230138c353ee98fa6ef0da47f0bf8a164c136a4e424f275f42f2c8e8,2671b8ec2301:000,0,0,155,156,1573041683.3939998,1573041698.892,15.498000144958496,,0.09999990463256836,10.000009536752259,first segment of file,False
Unsynchronised V and S Dataset/Uncategorised IOVNB (V and S) Dataset/S-Dataset/S-Vtb1.csv,VTB1,smartphone,unsynchronized_uncategorized,4132d57199e839a0b10e2eaee6f0c23bf40a700b385d14efbb98739a726eb7e1,4132d57199e8:000,0,0,683,684,1573052257.146,1573052325.445,68.29900002479553,,0.09999990463256836,10.000009536752259,first segment of file,False
Unsynchronised V and S Dataset/Uncategorised IOVNB (V and S) Dataset/S-Dataset/S-Vtb1.csv,VTB1,smartphone,unsynchronized_uncategorized,4132d57199e839a0b10e2eaee6f0c23bf40a700b385d14efbb98739a726eb7e1,4132d57199e8:001,1,684,32458,31775,1573052986.8209999,1573055502.945,2516.1240000724792,661.3759999275208,0.09999990463256836,10.000009536752259,"forward gap of 661.4s exceeds threshold 10.0s (max(100.0x median interval 0.1000s, 10.0s))",False
Unsynchronised V and S Dataset/Uncategorised IOVNB (V and S) Dataset/S-Dataset/S-Vtb10.csv,VTB10,smartphone,unsynchronized_uncategorized,9e3fc03408f134c51ff02fb592c7544c0051199cdef0d2f9b8011a34d1c8bbaa,9e3fc03408f1:000,0,0,195,196,1573064557.375,1573064576.875,19.5,,0.09999990463256836,10.000009536752259,first segment of file,False
Unsynchronised V and S Dataset/Uncategorised IOVNB (V and S) Dataset/S-Dataset/S-Vtb11.csv,VTB11,smartphone,unsynchronized_uncategorized,87c795b6c20e413f18b78f3c40b9bb15d0300496071b3172fe045aad9eb8e03d,87c795b6c20e:000,0,0,360,361,1573064586.376,1573064622.376,36.0,,0.09999990463256836,10.000009536752259,first segment of file,False
Unsynchronised V and S Dataset/Uncategorised IOVNB (V and S) Dataset/S-Dataset/S-Vtb12.csv,VTB12,smartphone,unsynchronized_uncategorized,538064be488dc40c34ef7410c6b105cea5ee129d7bdf860c1bd27b61fbd97d86,538064be488d:000,0,0,446,447,1573064631.4750001,1573064676.076,44.60099983215332,,0.09999990463256836,10.000009536752259,first segment of file,False
Unsynchronised V and S Dataset/Uncategorised IOVNB (V and S) Dataset/S-Dataset/S-Vtb2.csv,VTB2,smartphone,unsynchronized_uncategorized,06ad03911f2d31320e711bebbf41a3e0a3fb6264de7934b319d5e48eb89b4b75,06ad03911f2d:000,0,0,5711,5712,1573056380.476,1573056951.576,571.0999999046326,,0.09999990463256836,10.000009536752259,first segment of file,False
Unsynchronised V and S Dataset/Uncategorised IOVNB (V and S) Dataset/S-Dataset/S-Vtb3.csv,VTB3,smartphone,unsynchronized_uncategorized,7a8bd69ead897490494fb6c6742a324800b0e3dcf4e6ee256aae5e71a468fcc1,7a8bd69ead89:000,0,0,8239,8240,1573056961.676,1573057785.576,823.8999998569489,,0.09999990463256836,10.000009536752259,first segment of file,False
Unsynchronised V and S Dataset/Uncategorised IOVNB (V and S) Dataset/S-Dataset/S-Vtb4.csv,VTB4,smartphone,unsynchronized_uncategorized,bd191de76af1bff0f27cfc569d093db5f02e66c898ddadd800edad8988ec498c,bd191de76af1:000,0,0,555,556,1573057798.376,1573057853.876,55.5,,0.09999990463256836,10.000009536752259,first segment of file,False
Unsynchronised V and S Dataset/Uncategorised IOVNB (V and S) Dataset/S-Dataset/S-Vtb5.csv,VTB5,smartphone,unsynchronized_uncategorized,6896dfad520b85c28d953f7d9980334436fbcc15d8de9563debcf84945259842,6896dfad520b:000,0,0,64387,64388,1573057853.075,1573064291.776,6438.7009999752045,,0.09999990463256836,10.000009536752259,first segment of file,False
Unsynchronised V and S Dataset/Uncategorised IOVNB (V and S) Dataset/S-Dataset/S-Vtb6.csv,VTB6,smartphone,unsynchronized_uncategorized,437e6ff31147682ed57af9660140a0c6783e4711b175a19dd4a60bdb269dfe47,437e6ff31147:000,0,0,497,498,1573064325.376,1573064375.076,49.700000047683716,,0.09999990463256836,10.000009536752259,first segment of file,False
Unsynchronised V and S Dataset/Uncategorised IOVNB (V and S) Dataset/S-Dataset/S-Vtb7.csv,VTB7,smartphone,unsynchronized_uncategorized,3c912d93a732a8574806ff0244c7f8351ffe73490847fc8f7129b5aee0325109,3c912d93a732:000,0,0,460,461,1573064379.375,1573064425.376,46.00099992752075,,0.09999990463256836,10.000009536752259,first segment of file,False
Unsynchronised V and S Dataset/Uncategorised IOVNB (V and S) Dataset/S-Dataset/S-Vtb8.csv,VTB8,smartphone,unsynchronized_uncategorized,6d3b6e43afbe8e43dd854558bd0eda3a5370fdacf7ff89894a907cccecba9d3d,6d3b6e43afbe:000,0,0,667,668,1573064433.376,1573064500.076,66.70000004768372,,0.09999990463256836,10.000009536752259,first segment of file,False
Unsynchronised V and S Dataset/Uncategorised IOVNB (V and S) Dataset/S-Dataset/S-Vtb9.csv,VTB9,smartphone,unsynchronized_uncategorized,2914b6a690964f185a229157ecb6d315a4426e1ca8558c2d61b0f91e4cfd69e8,2914b6a69096:000,0,0,451,452,1573064505.3769999,1573064550.476,45.099000215530396,,0.09999990463256836,10.000009536752259,first segment of file,False
Unsynchronised V and S Dataset/Uncategorised IOVNB (V and S) Dataset/S-Dataset/S-Vw1.csv,VW1,smartphone,unsynchronized_uncategorized,fbf968d0ce575b60b087db7b705fe71e8142686fad52dc078eae352f93ca1357,fbf968d0ce57:000,0,0,20475,20476,1578476275.816,1578478323.316,2047.5,,0.09999990463256836,10.000009536752259,first segment of file,False
Unsynchronised V and S Dataset/Uncategorised IOVNB (V and S) Dataset/S-Dataset/S-Vw10.csv,VW10,smartphone,unsynchronized_uncategorized,dac55cdbb0b0763eef61a6d969a560b8f59c4a82ba84415990f200eb4e4259ef,dac55cdbb0b0:000,0,0,651,652,1578499661.904,1578499727.004,65.09999990463257,,0.09999990463256836,10.000009536752259,first segment of file,False
Unsynchronised V and S Dataset/Uncategorised IOVNB (V and S) Dataset/S-Dataset/S-Vw11.csv,VW11,smartphone,unsynchronized_uncategorized,d1fb2b7e3ad012c7f9c32937830f22d86e529322d3a43a9c0df8782351ed178a,d1fb2b7e3ad0:000,0,0,4908,4909,1578499735.504,1578500226.304,490.7999999523163,,0.09999990463256836,10.000009536752259,first segment of file,False
Unsynchronised V and S Dataset/Uncategorised IOVNB (V and S) Dataset/S-Dataset/S-Vw12.csv,VW12,smartphone,unsynchronized_uncategorized,3db4ee68418f36529ab01bfc7cff290531941291af2e369e5da974f884f9ba9b,3db4ee68418f:000,0,0,917,918,1578500240.205,1578500331.905,91.70000004768372,,0.09999990463256836,10.000009536752259,first segment of file,False
Unsynchronised V and S Dataset/Uncategorised IOVNB (V and S) Dataset/S-Dataset/S-Vw13.csv,VW13,smartphone,unsynchronized_uncategorized,f86e535305a7200563e68f8399590109a170f7e78192d2eff32b31c2a8e762c9,f86e535305a7:000,0,0,283,284,1578500426.104,1578500454.404,28.299999952316284,,0.09999990463256836,10.000009536752259,first segment of file,False
Unsynchronised V and S Dataset/Uncategorised IOVNB (V and S) Dataset/S-Dataset/S-Vw14a.csv,VW14A,smartphone,unsynchronized_uncategorized,c33f936d8de8a1ea40bab912b3ff8f3efb3692c08208c7ff002e881691fc5575,c33f936d8de8:000,0,0,3137,3138,1578500474.984,1578500788.684,313.7000000476837,,0.09999990463256836,10.000009536752259,first segment of file,False
Unsynchronised V and S Dataset/Uncategorised IOVNB (V and S) Dataset/S-Dataset/S-Vw14b.csv,VW14B,smartphone,unsynchronized_uncategorized,0be63d31a96741735ff59d7308231b50e99820992e8bd8f4b898667c8082776f,0be63d31a967:000,0,0,19587,19588,1578500788.983,1578502747.684,1958.7009999752045,,0.09999990463256836,10.000009536752259,first segment of file,False
Unsynchronised V and S Dataset/Uncategorised IOVNB (V and S) Dataset/S-Dataset/S-Vw14c.csv,VW14C,smartphone,unsynchronized_uncategorized,79d0af64caf879be228fd8b13b61fee81881225c10134d3262f80b21539ac814,79d0af64caf8:000,0,0,15825,15826,1578502748.984,1578504331.484,1582.5,,0.09999990463256836,10.000009536752259,first segment of file,False
Unsynchronised V and S Dataset/Uncategorised IOVNB (V and S) Dataset/S-Dataset/S-Vw15.csv,VW15,smartphone,unsynchronized_uncategorized,85be9e57dfa63a53432bc8a30fb6a652f4ea9d6deb2f3309edd149420ec7afbc,85be9e57dfa6:000,0,0,1379,1380,1578504589.943,1578504727.8430002,137.90000009536743,,0.09999990463256836,10.000009536752259,first segment of file,False
Unsynchronised V and S Dataset/Uncategorised IOVNB (V and S) Dataset/S-Dataset/S-Vw16a.csv,VW16A,smartphone,unsynchronized_uncategorized,fc23e971b8f331ce5ca9c0956f1bb8bc103d6f7baf3dafadec8367bdcfa2cf74,fc23e971b8f3:000,0,0,5878,5879,1578504733.6030002,1578505321.402,587.798999786377,,0.09999990463256836,10.000009536752259,first segment of file,False
Unsynchronised V and S Dataset/Uncategorised IOVNB (V and S) Dataset/S-Dataset/S-Vw16b.csv,VW16B,smartphone,unsynchronized_uncategorized,5edb201c6796af66840f16917315a5715acf6584feae0f0f5e4f27453c33e0df,5edb201c6796:000,0,0,1125,1126,1578505336.0019999,1578505448.503,112.50100016593933,,0.09999990463256836,10.000009536752259,first segment of file,False
Unsynchronised V and S Dataset/Uncategorised IOVNB (V and S) Dataset/S-Dataset/S-Vw17.csv,VW17,smartphone,unsynchronized_uncategorized,abd8373222ff026c1cf2879155e043c8007bc9e95186854aa7e1efe6908fac9d,abd8373222ff:000,0,0,328,329,1578505454.7020001,1578505487.503,32.800999879837036,,0.09999990463256836,10.000009536752259,first segment of file,False
Unsynchronised V and S Dataset/Uncategorised IOVNB (V and S) Dataset/S-Dataset/S-Vw2.csv,VW2,smartphone,unsynchronized_uncategorized,51abe4136abb6c2bcee554894a22b0b31ab882115cec958163c69fa74398329c,51abe4136abb:000,0,0,52712,52713,1578478546.685,1578483817.884,5271.199000120163,,0.09999990463256836,10.000009536752259,first segment of file,False
Unsynchronised V and S Dataset/Uncategorised IOVNB (V and S) Dataset/S-Dataset/S-Vw3.csv,VW3,smartphone,unsynchronized_uncategorized,9a03b6e9ec4aa1cd27dddf9953553ce84b83909313f3a863e6fd180d414e8d3d,9a03b6e9ec4a:000,0,0,3860,3861,1578483839.984,1578484225.985,386.00099992752075,,0.09999990463256836,10.000009536752259,first segment of file,False
Unsynchronised V and S Dataset/Uncategorised IOVNB (V and S) Dataset/S-Dataset/S-Vw4.csv,VW4,smartphone,unsynchronized_uncategorized,fa0b8dc8dddf5bf7b6f7487608e557978038610dfb4e6f7b0a1bfe7b70b65e0a,fa0b8dc8dddf:000,0,0,126525,126526,1578485727.004,1578498379.504,12652.5,,0.09999990463256836,10.000009536752259,first segment of file,False
Unsynchronised V and S Dataset/Uncategorised IOVNB (V and S) Dataset/S-Dataset/S-Vw5.csv,VW5,smartphone,unsynchronized_uncategorized,049ad3efce5a35125d79bfbd68dd352a9c8cf08251d3cff028409777f910bcea,049ad3efce5a:000,0,0,1011,1012,1578498396.903,1578498498.004,101.10099983215332,,0.09999990463256836,10.000009536752259,first segment of file,False
Unsynchronised V and S Dataset/Uncategorised IOVNB (V and S) Dataset/S-Dataset/S-Vw6.csv,VW6,smartphone,unsynchronized_uncategorized,d37056443067c853dcf6b4266c6ed3f92c5eda8a1cad9e97487734d1945c01ce,d37056443067:000,0,0,1280,1281,1578498502.904,1578498630.904,128.0,,0.09999990463256836,10.000009536752259,first segment of file,False
Unsynchronised V and S Dataset/Uncategorised IOVNB (V and S) Dataset/S-Dataset/S-Vw7.csv,VW7,smartphone,unsynchronized_uncategorized,aa2774bec0399222b06b3a8cd1eff16d20c58fe1478e3a9a728061b363e8c44e,aa2774bec039:000,0,0,1601,1602,1578498909.004,1578499069.1030002,160.0990002155304,,0.09999990463256836,10.000009536752259,first segment of file,False
Unsynchronised V and S Dataset/Uncategorised IOVNB (V and S) Dataset/S-Dataset/S-Vw8.csv,VW8,smartphone,unsynchronized_uncategorized,53a4a5b9494e19fdfbe28ce57d7bf5f1b4482f1a5516c400fd14fc6c1316d728,53a4a5b9494e:000,0,0,1528,1529,1578499089.004,1578499241.804,152.79999995231628,,0.09999990463256836,10.000009536752259,first segment of file,False
Unsynchronised V and S Dataset/Uncategorised IOVNB (V and S) Dataset/S-Dataset/S-Vw9.csv,VW9,smartphone,unsynchronized_uncategorized,1a9d760bc7d2a5aeb29bda49873d643643fbfa40bc951e0ffce1d767b456a7e2,1a9d760bc7d2:000,0,0,551,552,1578499440.403,1578499495.504,55.10099983215332,,0.09999990463256836,10.000009536752259,first segment of file,False
Unsynchronised V and S Dataset/Uncategorised IOVNB (V and S) Dataset/S-Dataset/S-Y1.csv,Y1,smartphone,unsynchronized_uncategorized,4e0f18c9aeea9f9e60e595697a77046828ce633f96d4c84a9df8dc04067d0d4a,4e0f18c9aeea:000,0,0,337,338,1567188765.703,1567188805.3100002,39.60700011253357,,0.09999990463256836,10.000009536752259,first segment of file,False
Unsynchronised V and S Dataset/Uncategorised IOVNB (V and S) Dataset/S-Dataset/S-Y1.csv,Y1,smartphone,unsynchronized_uncategorized,4e0f18c9aeea9f9e60e595697a77046828ce633f96d4c84a9df8dc04067d0d4a,4e0f18c9aeea:001,1,338,3374,3037,1567188913.7459998,1567189217.346,303.60000014305115,108.43599963188171,0.09999990463256836,10.000009536752259,"forward gap of 108.4s exceeds threshold 10.0s (max(100.0x median interval 0.1000s, 10.0s))",False
Unsynchronised V and S Dataset/Uncategorised IOVNB (V and S) Dataset/S-Dataset/S-Y1.csv,Y1,smartphone,unsynchronized_uncategorized,4e0f18c9aeea9f9e60e595697a77046828ce633f96d4c84a9df8dc04067d0d4a,4e0f18c9aeea:002,2,3375,70284,66910,1567189466.2259998,1567196157.021,6690.795000076294,248.87999987602234,0.09999990463256836,10.000009536752259,"forward gap of 248.9s exceeds threshold 10.0s (max(100.0x median interval 0.1000s, 10.0s))",False
Unsynchronised V and S Dataset/Uncategorised IOVNB (V and S) Dataset/V-Dataset/V-M.csv,M,vehicle,unsynchronized_uncategorized,efd2d4ff28f3689cdd19906c969053665fe959435622af8483c47e1ae5e3f829,efd2d4ff28f3:000,0,0,105994,105995,29606.4,40205.8,10599.400000000001,,0.09999999999854481,10.00000000014552,first segment of file,False
Unsynchronised V and S Dataset/Uncategorised IOVNB (V and S) Dataset/V-Dataset/V-S1.csv,S1,vehicle,unsynchronized_uncategorized,c36ee220cd88bd10273cc1d700ff924db036c3d2d816b51a5df99da654da7c6e,c36ee220cd88:000,0,0,51789,51790,32864.7,38043.6,5178.9000000000015,,0.09999999999854481,10.00000000014552,first segment of file,False
Unsynchronised V and S Dataset/Uncategorised IOVNB (V and S) Dataset/V-Dataset/V-S2.csv,S2,vehicle,unsynchronized_uncategorized,37ece1cc50549518a430ebf2b93a3c06ec358229133ff471686d8a0e78e0b0dc,37ece1cc5054:000,0,0,93899,93900,39824.4,49214.3,9389.900000000001,,0.09999999999854481,10.00000000014552,first segment of file,False
Unsynchronised V and S Dataset/Uncategorised IOVNB (V and S) Dataset/V-Dataset/V-S3a.csv,S3A,vehicle,unsynchronized_uncategorized,444577aa16f7257f5d05cf9441611d5132e258023609689b29bf6c46328defa4,444577aa16f7:000,0,0,24659,24660,66114.2,68580.1,2465.9000000000087,,0.10000000000582077,9.999999999417923,first segment of file,False
Unsynchronised V and S Dataset/Uncategorised IOVNB (V and S) Dataset/V-Dataset/V-S3b.csv,S3B,vehicle,unsynchronized_uncategorized,5899a1aa790075c7ac0bb5683dcf106a6b880b549cca155bd7c0d37c6544606a,5899a1aa7900:000,0,0,6839,6840,68580.2,69264.1,683.9000000000087,,0.10000000000582077,9.999999999417923,first segment of file,False
Unsynchronised V and S Dataset/Uncategorised IOVNB (V and S) Dataset/V-Dataset/V-S3c.csv,S3C,vehicle,unsynchronized_uncategorized,b8761d5bd8d52fb88c10adbbd91b0437b173027b49c302b3ff017b03ba9189a8,b8761d5bd8d5:000,0,0,37219,37220,69264.2,72986.1,3721.9000000000087,,0.10000000000582077,9.999999999417923,first segment of file,False
Unsynchronised V and S Dataset/Uncategorised IOVNB (V and S) Dataset/V-Dataset/V-S4.csv,S4,vehicle,unsynchronized_uncategorized,7232747a441e4e317b0f506619a53189eb41e00e89bc0128327fc668269c0c42,7232747a441e:000,0,0,97823,97824,62172.8,71955.1,9782.300000000003,,0.09999999999854481,10.00000000014552,first segment of file,False
Unsynchronised V and S Dataset/Uncategorised IOVNB (V and S) Dataset/V-Dataset/V-St1.csv,ST1,vehicle,unsynchronized_uncategorized,2b6c4ea1238edfbfea29ca43f694307d30dc48f15b20ce8d0df378541ad81f5f,2b6c4ea1238e:000,0,0,57212,57213,35349.9,41071.1,5721.199999999997,,0.09999999999854481,10.00000000014552,first segment of file,False
Unsynchronised V and S Dataset/Uncategorised IOVNB (V and S) Dataset/V-Dataset/V-St4.csv,ST4,vehicle,unsynchronized_uncategorized,1eb361eb39050df0dfa40ab574e622744f2b43ec7a212e8d1650469e5752c1da,1eb361eb3905:000,0,0,13590,13591,45917.6,47276.6,1359.0,,0.09999999999854481,10.00000000014552,first segment of file,False
Unsynchronised V and S Dataset/Uncategorised IOVNB (V and S) Dataset/V-Dataset/V-St6.csv,ST6,vehicle,unsynchronized_uncategorized,30836ca9e7edd4159cc7c6c7e57b5c2506632eb0b425aad242ac58ad4e0821d7,30836ca9e7ed:000,0,0,51359,51360,47933.7,53069.6,5135.9000000000015,,0.09999999999854481,10.00000000014552,first segment of file,False
Unsynchronised V and S Dataset/Uncategorised IOVNB (V and S) Dataset/V-Dataset/V-St7.csv,ST7,vehicle,unsynchronized_uncategorized,738f4d6048ebe0c546c333422a88b1265dd2669884310c0d0733266199ac78e0,738f4d6048eb:000,0,0,44426,44427,63257.9,67767.6,4509.700000000004,,0.09999999999854481,10.00000000014552,first segment of file,False
Unsynchronised V and S Dataset/Uncategorised IOVNB (V and S) Dataset/V-Dataset/V-Vfa01.csv,VFA01,vehicle,unsynchronized_uncategorized,e690a419193d8d79892553606826ba703b7c6ccd4231c7febaf64e0d4333c63b,e690a419193d:000,0,0,11534,11535,33622.0,34775.4,1153.4000000000015,,0.09999999999854481,10.00000000014552,first segment of file,False
Unsynchronised V and S Dataset/Uncategorised IOVNB (V and S) Dataset/V-Dataset/V-Vfa02.csv,VFA02,vehicle,unsynchronized_uncategorized,85b9631ca6a8ce0cadc79ab32f581d28eaec3186a86ee2fc5a2af88766af8f29,85b9631ca6a8:000,0,0,67754,67755,35829.9,42605.3,6775.4000000000015,,0.09999999999854481,10.00000000014552,first segment of file,False
Unsynchronised V and S Dataset/Uncategorised IOVNB (V and S) Dataset/V-Dataset/V-Vfb01a.csv,VFB01A,vehicle,unsynchronized_uncategorized,21086d0da7c148cf45e70d2a2dbdf8bb1dbdbed97bfd296f008ed9b20e301a07,21086d0da7c1:000,0,0,16999,17000,59124.2,60824.1,1699.9000000000015,,0.09999999999854481,10.00000000014552,first segment of file,False
Unsynchronised V and S Dataset/Uncategorised IOVNB (V and S) Dataset/V-Dataset/V-Vfb01b.csv,VFB01B,vehicle,unsynchronized_uncategorized,12adad36bfe8373a75051deae12cb6b161fd137d651722bae6f210ffcc392f68,12adad36bfe8:000,0,0,3879,3880,60824.2,61212.1,387.90000000000146,,0.09999999999854481,10.00000000014552,first segment of file,False
Unsynchronised V and S Dataset/Uncategorised IOVNB (V and S) Dataset/V-Dataset/V-Vfb01c.csv,VFB01C,vehicle,unsynchronized_uncategorized,09a85a869ba39e721a7ac7ff165d6d51667feda4fdbf51c47aa5d76d0503a7f4,09a85a869ba3:000,0,0,6319,6320,61212.2,61844.1,631.9000000000015,,0.09999999999854481,10.00000000014552,first segment of file,False
Unsynchronised V and S Dataset/Uncategorised IOVNB (V and S) Dataset/V-Dataset/V-Vfb01d.csv,VFB01D,vehicle,unsynchronized_uncategorized,acd1d299bbbe394c357e9a4bf0fd396cee892cad3e50eeb85371c6b3e349e0fc,acd1d299bbbe:000,0,0,10712,10713,61844.2,62915.4,1071.2000000000044,,0.09999999999854481,10.00000000014552,first segment of file,False
Unsynchronised V and S Dataset/Uncategorised IOVNB (V and S) Dataset/V-Dataset/V-Vfb02a.csv,VFB02A,vehicle,unsynchronized_uncategorized,7385001a020fe0f1f5505f12d104887055bddf43a584c727324f25b5f765d6d6,7385001a020f:000,0,0,35959,35960,64933.4,68529.3,3595.9000000000015,,0.10000000000582077,9.999999999417923,first segment of file,False
Unsynchronised V and S Dataset/Uncategorised IOVNB (V and S) Dataset/V-Dataset/V-Vfb02b.csv,VFB02B,vehicle,unsynchronized_uncategorized,53d6e6cbf04dad18ea5bc8c9545b31766a781dad0e7c1b6e9f465163edcb2e6b,53d6e6cbf04d:000,0,0,10999,11000,68529.4,69629.3,1099.9000000000087,,0.10000000000582077,9.999999999417923,first segment of file,False
Unsynchronised V and S Dataset/Uncategorised IOVNB (V and S) Dataset/V-Dataset/V-Vfb02c.csv,VFB02C,vehicle,unsynchronized_uncategorized,e4c8be628e339bc594b8fbb404bfa16e3eeb810759d3449105224e345156e404,e4c8be628e33:000,0,0,639,640,69629.4,69693.3,63.90000000000873,,0.10000000000582077,9.999999999417923,first segment of file,False
Unsynchronised V and S Dataset/Uncategorised IOVNB (V and S) Dataset/V-Dataset/V-Vfb02d.csv,VFB02D,vehicle,unsynchronized_uncategorized,c4ec36119c943d6e6e3f993dcfbff587afed9e2fbbb7a37afef597d97ef828ef,c4ec36119c94:000,0,0,879,880,69693.4,69781.3,87.90000000000873,,0.10000000000582077,9.999999999417923,first segment of file,False
Unsynchronised V and S Dataset/Uncategorised IOVNB (V and S) Dataset/V-Dataset/V-Vfb02e.csv,VFB02E,vehicle,unsynchronized_uncategorized,0c64377b6fab3843269019c4bf8befefab3c88908da40b83b516d661b53d939f,0c64377b6fab:000,0,0,979,980,69781.4,69879.3,97.90000000000873,,0.10000000000582077,9.999999999417923,first segment of file,False
Unsynchronised V and S Dataset/Uncategorised IOVNB (V and S) Dataset/V-Dataset/V-Vfb02f.csv,VFB02F,vehicle,unsynchronized_uncategorized,8c3c6211b26146bd6bf53027fe63a7d2210ee68756d60e66d7550e6b4d016b39,8c3c6211b261:000,0,0,659,660,69879.4,69945.3,65.90000000000873,,0.10000000000582077,9.999999999417923,first segment of file,False
Unsynchronised V and S Dataset/Uncategorised IOVNB (V and S) Dataset/V-Dataset/V-Vfb02g.csv,VFB02G,vehicle,unsynchronized_uncategorized,878198cfe5fcab64ddd0805ab5fce3f2b10c5def12ee8c44d03543e51620d553,878198cfe5fc:000,0,0,27158,27159,69945.4,72661.2,2715.800000000003,,0.10000000000582077,9.999999999417923,first segment of file,False
Unsynchronised V and S Dataset/Uncategorised IOVNB (V and S) Dataset/V-Dataset/V-Vta10.csv,VTA10,vehicle,unsynchronized_uncategorized,81eb8079360e9f5e5c52da56edf8c9524b37c9085dff023c31281b7277aa9d89,81eb8079360e:000,0,0,1569,1570,43303.2,43460.1,156.90000000000146,,0.09999999999854481,10.00000000014552,first segment of file,False
Unsynchronised V and S Dataset/Uncategorised IOVNB (V and S) Dataset/V-Dataset/V-Vta11.csv,VTA11,vehicle,unsynchronized_uncategorized,8dd0b5b44dfae32f3baad91bb63a4d9c850830314ac4cb597bf5577c33ad0672,8dd0b5b44dfa:000,0,0,588,589,43464.1,43522.9,58.80000000000291,,0.09999999999854481,10.00000000014552,first segment of file,False
Unsynchronised V and S Dataset/Uncategorised IOVNB (V and S) Dataset/V-Dataset/V-Vta12.csv,VTA12,vehicle,unsynchronized_uncategorized,c28da9ae3d56a04ca2450ece3089cee68121d0fd641e1ba4a8b0f822692835f8,c28da9ae3d56:000,0,0,689,690,43527.2,43596.1,68.90000000000146,,0.09999999999854481,10.00000000014552,first segment of file,False
Unsynchronised V and S Dataset/Uncategorised IOVNB (V and S) Dataset/V-Dataset/V-Vta13.csv,VTA13,vehicle,unsynchronized_uncategorized,9ca7b7b297bd2b3e2337871d7e6fac4efd6460f992dc57e0e79dcd448f923fe6,9ca7b7b297bd:000,0,0,472,473,43600.1,43647.3,47.200000000004366,,0.09999999999854481,10.00000000014552,first segment of file,False
Unsynchronised V and S Dataset/Uncategorised IOVNB (V and S) Dataset/V-Dataset/V-Vta14.csv,VTA14,vehicle,unsynchronized_uncategorized,9bf8deb2cafd2296f679e1309ec975fb56823a476117336328bcf3cd4d7595ed,9bf8deb2cafd:000,0,0,2892,2893,43651.1,43940.3,289.20000000000437,,0.09999999999854481,10.00000000014552,first segment of file,False
Unsynchronised V and S Dataset/Uncategorised IOVNB (V and S) Dataset/V-Dataset/V-Vta15.csv,VTA15,vehicle,unsynchronized_uncategorized,f4dae80b413a027f5de8f07d8ad86e975536aed8d3d0d11f199ea79f3860db9e,f4dae80b413a:000,0,0,868,869,43945.3,44032.1,86.79999999999563,,0.09999999999854481,10.00000000014552,first segment of file,False
Unsynchronised V and S Dataset/Uncategorised IOVNB (V and S) Dataset/V-Dataset/V-Vta16.csv,VTA16,vehicle,unsynchronized_uncategorized,9b7b865bc44b9f807b3e07e8c2ba4d70c29abc42fbcd47d4231c047add52d3cf,9b7b865bc44b:000,0,0,11360,11361,44036.4,45172.4,1136.0,,0.09999999999854481,10.00000000014552,first segment of file,False
Unsynchronised V and S Dataset/Uncategorised IOVNB (V and S) Dataset/V-Dataset/V-Vta17.csv,VTA17,vehicle,unsynchronized_uncategorized,b7937e94b73e534111cc2b9c8deb932a2350ceb17fa9d5abb2972329190f1ca1,b7937e94b73e:000,0,0,4593,4594,45177.5,45636.8,459.3000000000029,,0.09999999999854481,10.00000000014552,first segment of file,False
Unsynchronised V and S Dataset/Uncategorised IOVNB (V and S) Dataset/V-Dataset/V-Vta18.csv,VTA18,vehicle,unsynchronized_uncategorized,c684df34222a7b54da0686f57d9f78d58750616c53de98ac2342a4bc21746bf0,c684df34222a:000,0,0,99,100,45641.2,45651.1,9.900000000001455,,0.09999999999854481,10.00000000014552,first segment of file,False
Unsynchronised V and S Dataset/Uncategorised IOVNB (V and S) Dataset/V-Dataset/V-Vta19.csv,VTA19,vehicle,unsynchronized_uncategorized,579c090d5f55ed79d168e301dd4c28fc11317be44d730a1e3852c8f2147c3956,579c090d5f55:000,0,0,309,310,45655.2,45686.1,30.900000000001455,,0.09999999999854481,10.00000000014552,first segment of file,False
Unsynchronised V and S Dataset/Uncategorised IOVNB (V and S) Dataset/V-Dataset/V-Vta1a.csv,VTA1A,vehicle,unsynchronized_uncategorized,10e9b3604d9087b359145ab5ef4effd58d5e77642d55e4107e7c2607f76005d3,10e9b3604d90:000,0,0,25820,25821,38506.6,41088.6,2582.0,,0.09999999999854481,10.00000000014552,first segment of file,False
Unsynchronised V and S Dataset/Uncategorised IOVNB (V and S) Dataset/V-Dataset/V-Vta1b.csv,VTA1B,vehicle,unsynchronized_uncategorized,c2310873c85bbee53c043fdb444b554658ef4d72b5c0170e112941e3f392d00a,c2310873c85b:000,0,0,955,956,41088.7,41184.2,95.5,,0.09999999999854481,10.00000000014552,first segment of file,False
Unsynchronised V and S Dataset/Uncategorised IOVNB (V and S) Dataset/V-Dataset/V-Vta2.csv,VTA2,vehicle,unsynchronized_uncategorized,880d9b6b520224a0840a58751beaf37b2c70f1d29e3e469dd47e11727d926ab4,880d9b6b5202:000,0,0,10994,10995,41190.0,42289.4,1099.4000000000015,,0.09999999999854481,10.00000000014552,first segment of file,False
Unsynchronised V and S Dataset/Uncategorised IOVNB (V and S) Dataset/V-Dataset/V-Vta20.csv,VTA20,vehicle,unsynchronized_uncategorized,533c9bef17f0d6ed94e475c9cdd29b926856b64421784b0031afb3c7a27b0ac8,533c9bef17f0:000,0,0,3222,3223,45715.0,46037.2,322.1999999999971,,0.09999999999854481,10.00000000014552,first segment of file,False
Unsynchronised V and S Dataset/Uncategorised IOVNB (V and S) Dataset/V-Dataset/V-Vta21.csv,VTA21,vehicle,unsynchronized_uncategorized,735e5337c6f45103eb2aefc7804334331addd9129292d0708126ff1867232903,735e5337c6f4:000,0,0,2087,2088,46042.9,46251.6,208.6999999999971,,0.09999999999854481,10.00000000014552,first segment of file,False
Unsynchronised V and S Dataset/Uncategorised IOVNB (V and S) Dataset/V-Dataset/V-Vta22.csv,VTA22,vehicle,unsynchronized_uncategorized,b0d92ef84541f4253cbcd7d37db23ace13ce1237a27952f04aa155dae88431a5,b0d92ef84541:000,0,0,1571,1572,46256.3,46413.4,157.09999999999854,,0.09999999999854481,10.00000000014552,first segment of file,False
Unsynchronised V and S Dataset/Uncategorised IOVNB (V and S) Dataset/V-Dataset/V-Vta23.csv,VTA23,vehicle,unsynchronized_uncategorized,611eaccab9deb8563111f80a105e09b5e9f1fc2824a4d38ab3a6c3c2bcabf0ec,611eaccab9de:000,0,0,1118,1119,46418.3,46530.1,111.79999999999563,,0.09999999999854481,10.00000000014552,first segment of file,False
Unsynchronised V and S Dataset/Uncategorised IOVNB (V and S) Dataset/V-Dataset/V-Vta24.csv,VTA24,vehicle,unsynchronized_uncategorized,d48c89250454ff4d7bb4c66fd21771863c9293a7bad5e693b16c3d3860f88e1a,d48c89250454:000,0,0,1183,1184,46534.6,46652.9,118.30000000000291,,0.09999999999854481,10.00000000014552,first segment of file,False
Unsynchronised V and S Dataset/Uncategorised IOVNB (V and S) Dataset/V-Dataset/V-Vta25.csv,VTA25,vehicle,unsynchronized_uncategorized,f2f35847820a8927d8faa18a85e5b0e868ee916c8f5f7cf8785986d1e3d35227,f2f35847820a:000,0,0,645,646,46657.6,46722.1,64.5,,0.09999999999854481,10.00000000014552,first segment of file,False
Unsynchronised V and S Dataset/Uncategorised IOVNB (V and S) Dataset/V-Dataset/V-Vta26.csv,VTA26,vehicle,unsynchronized_uncategorized,19fd1dd70b39a6fec08d37b775326b8b4e6e642c177650ee7c938bf5f9e60ad1,19fd1dd70b39:000,0,0,1946,1947,46726.5,46921.1,194.59999999999854,,0.09999999999854481,10.00000000014552,first segment of file,False
Unsynchronised V and S Dataset/Uncategorised IOVNB (V and S) Dataset/V-Dataset/V-Vta27.csv,VTA27,vehicle,unsynchronized_uncategorized,8c60748d3366129becf1795cbcbb2e2eb5de118518f2ca02a67d1162b97a1cbc,8c60748d3366:000,0,0,2852,2853,46925.6,47210.8,285.20000000000437,,0.09999999999854481,10.00000000014552,first segment of file,False
Unsynchronised V and S Dataset/Uncategorised IOVNB (V and S) Dataset/V-Dataset/V-Vta28.csv,VTA28,vehicle,unsynchronized_uncategorized,5aa02baf4555bc7924ffa6f72c3d22bddce46a38d0f69f7cb97be50dd5d69b64,5aa02baf4555:000,0,0,4218,4219,47215.5,47637.3,421.8000000000029,,0.09999999999854481,10.00000000014552,first segment of file,False
Unsynchronised V and S Dataset/Uncategorised IOVNB (V and S) Dataset/V-Dataset/V-Vta29.csv,VTA29,vehicle,unsynchronized_uncategorized,91831cc8ad9ff68f3191937e3f1d87012ebff8e2cd984c0a01eaa7e4ca658fa6,91831cc8ad9f:000,0,0,23736,23737,48443.1,50816.7,2373.5999999999985,,0.09999999999854481,10.00000000014552,first segment of file,False
Unsynchronised V and S Dataset/Uncategorised IOVNB (V and S) Dataset/V-Dataset/V-Vta3.csv,VTA3,vehicle,unsynchronized_uncategorized,d818af3087a250e0dff78402822f9ed7f2498bbe684f644c446f1d9b14fcaaba,d818af3087a2:000,0,0,874,875,42351.1,42438.5,87.40000000000146,,0.09999999999854481,10.00000000014552,first segment of file,False
Unsynchronised V and S Dataset/Uncategorised IOVNB (V and S) Dataset/V-Dataset/V-Vta30.csv,VTA30,vehicle,unsynchronized_uncategorized,452eb811579e84a93327da28516ad0cc21f52ea316726310d707b808a164fdc9,452eb811579e:000,0,0,17178,17179,50821.6,52539.4,1717.800000000003,,0.09999999999854481,10.00000000014552,first segment of file,False
Unsynchronised V and S Dataset/Uncategorised IOVNB (V and S) Dataset/V-Dataset/V-Vta4.csv,VTA4,vehicle,unsynchronized_uncategorized,451d71e480947c47fa3539706b8e0f12bc96c1da2368529ffbba828c98657b7c,451d71e48094:000,0,0,1808,1809,42443.3,42624.1,180.79999999999563,,0.09999999999854481,10.00000000014552,first segment of file,False
Unsynchronised V and S Dataset/Uncategorised IOVNB (V and S) Dataset/V-Dataset/V-Vta5.csv,VTA5,vehicle,unsynchronized_uncategorized,006c4dbcebbb02cdf4ebde111062913f7c013bb2965be9639f57dc99de240466,006c4dbcebbb:000,0,0,356,357,42628.7,42664.3,35.60000000000582,,0.09999999999854481,10.00000000014552,first segment of file,False
Unsynchronised V and S Dataset/Uncategorised IOVNB (V and S) Dataset/V-Dataset/V-Vta6.csv,VTA6,vehicle,unsynchronized_uncategorized,f3740003df907ad034951826b47b016627c658b79b7c4112faad59657fbf0c0b,f3740003df90:000,0,0,1392,1393,42668.1,42807.3,139.20000000000437,,0.09999999999854481,10.00000000014552,first segment of file,False
Unsynchronised V and S Dataset/Uncategorised IOVNB (V and S) Dataset/V-Dataset/V-Vta7.csv,VTA7,vehicle,unsynchronized_uncategorized,215ce5897fe205c0778beea0830d4c2c6c6d6c7a7e231b4b24ac0999a016848b,215ce5897fe2:000,0,0,856,857,42812.1,42897.7,85.59999999999854,,0.09999999999854481,10.00000000014552,first segment of file,False
Unsynchronised V and S Dataset/Uncategorised IOVNB (V and S) Dataset/V-Dataset/V-Vta8.csv,VTA8,vehicle,unsynchronized_uncategorized,a60313a99b19a13177337805b2d151b6a589c1ef5aad7191e84e45c3fb2beb29,a60313a99b19:000,0,0,3696,3697,42902.0,43271.6,369.59999999999854,,0.09999999999854481,10.00000000014552,first segment of file,False
Unsynchronised V and S Dataset/Uncategorised IOVNB (V and S) Dataset/V-Dataset/V-Vta9.csv,VTA9,vehicle,unsynchronized_uncategorized,e5b95bb24041e9a2b6302b87ae7a043c8453b8da4ab459979b37a0818ff47a70,e5b95bb24041:000,0,0,225,226,43276.2,43298.7,22.5,,0.09999999999854481,10.00000000014552,first segment of file,False
Unsynchronised V and S Dataset/Uncategorised IOVNB (V and S) Dataset/V-Dataset/V-Vtb1.csv,VTB1,vehicle,unsynchronized_uncategorized,b935595d3039a751b3fe988c6fe447a717c9443c1efc6b7d3e1e45c59e2262aa,b935595d3039:000,0,0,32458,32459,53857.8,57103.6,3245.7999999999956,,0.09999999999854481,10.00000000014552,first segment of file,False
Unsynchronised V and S Dataset/Uncategorised IOVNB (V and S) Dataset/V-Dataset/V-Vtb10.csv,VTB10,vehicle,unsynchronized_uncategorized,8024f15a52069f27eae14572691fc098d9704bffce76daba0a7d08418ddef009,8024f15a5206:000,0,0,194,195,66156.9,66176.3,19.40000000000873,,0.10000000000582077,9.999999999417923,first segment of file,False
Unsynchronised V and S Dataset/Uncategorised IOVNB (V and S) Dataset/V-Dataset/V-Vtb11.csv,VTB11,vehicle,unsynchronized_uncategorized,d2d46c6ef06c85e614f350ba0285014c59302087f239298b92a84a7fded6cc0d,d2d46c6ef06c:000,0,0,432,433,66180.9,66224.1,43.20000000001164,,0.10000000000582077,9.999999999417923,first segment of file,False
Unsynchronised V and S Dataset/Uncategorised IOVNB (V and S) Dataset/V-Dataset/V-Vtb12.csv,VTB12,vehicle,unsynchronized_uncategorized,db2205971f960bd04d284a8ab45e81bc6c728763306843c9659f6e51aa753941,db2205971f96:000,0,0,489,490,66228.9,66277.8,48.90000000000873,,0.10000000000582077,9.999999999417923,first segment of file,False
Unsynchronised V and S Dataset/Uncategorised IOVNB (V and S) Dataset/V-Dataset/V-Vtb13.csv,VTB13,vehicle,unsynchronized_uncategorized,ca1e22196e53ee373c8f06fa018d9f3f896c684a36902c142388debf77361ea2,ca1e22196e53:000,0,0,1244,1245,67192.6,67317.0,124.39999999999418,,0.10000000000582077,9.999999999417923,first segment of file,False
Unsynchronised V and S Dataset/Uncategorised IOVNB (V and S) Dataset/V-Dataset/V-Vtb2.csv,VTB2,vehicle,unsynchronized_uncategorized,06d3c23b08224ed04fdc71a985f253fad51856ac892cec13f2b3287726c46d1d,06d3c23b0822:000,0,0,5711,5712,57981.4,58552.5,571.0999999999985,,0.09999999999854481,10.00000000014552,first segment of file,False
Unsynchronised V and S Dataset/Uncategorised IOVNB (V and S) Dataset/V-Dataset/V-Vtb3.csv,VTB3,vehicle,unsynchronized_uncategorized,dea1ddbfcb41c74d798990b9d9f97b6a55b44b962662682a599213d3958969ed,dea1ddbfcb41:000,0,0,8288,8289,58558.3,59387.1,828.7999999999956,,0.09999999999854481,10.00000000014552,first segment of file,False
Unsynchronised V and S Dataset/Uncategorised IOVNB (V and S) Dataset/V-Dataset/V-Vtb4.csv,VTB4,vehicle,unsynchronized_uncategorized,a54aa8e94b78b512c9c8d52efc6a62ad3faf76a9672784ee0329d667ab3c1cc6,a54aa8e94b78:000,0,0,624,625,59392.0,59454.4,62.400000000001455,,0.09999999999854481,10.00000000014552,first segment of file,False
Unsynchronised V and S Dataset/Uncategorised IOVNB (V and S) Dataset/V-Dataset/V-Vtb5.csv,VTB5,vehicle,unsynchronized_uncategorized,ba82bba4bf4b8cd6c3dfa767e0241077aa5265e906777b8855017d630a827647,ba82bba4bf4b:000,0,0,64609,64610,59459.3,65920.2,6460.899999999994,,0.09999999999854481,10.00000000014552,first segment of file,False
Unsynchronised V and S Dataset/Uncategorised IOVNB (V and S) Dataset/V-Dataset/V-Vtb6.csv,VTB6,vehicle,unsynchronized_uncategorized,c23411d81547943913ff1fa1a65e0dacc4cb787aaf3ba5dff4e9a02e92644263,c23411d81547:000,0,0,507,508,65926.0,65976.7,50.69999999999709,,0.10000000000582077,9.999999999417923,first segment of file,False
Unsynchronised V and S Dataset/Uncategorised IOVNB (V and S) Dataset/V-Dataset/V-Vtb7.csv,VTB7,vehicle,unsynchronized_uncategorized,538130135fb40944ca8dea3af6ecf2db61ff3066b496add5edca7aa9b42a7fcc,538130135fb4:000,0,0,460,461,65981.2,66027.2,46.0,,0.10000000000582077,9.999999999417923,first segment of file,False
Unsynchronised V and S Dataset/Uncategorised IOVNB (V and S) Dataset/V-Dataset/V-Vtb8.csv,VTB8,vehicle,unsynchronized_uncategorized,5ec90eed9f351e7b509751e0a4edaab8835ff92410f5c91f4b83208612f92a9c,5ec90eed9f35:000,0,0,698,699,66032.0,66101.8,69.80000000000291,,0.10000000000582077,9.999999999417923,first segment of file,False
Unsynchronised V and S Dataset/Uncategorised IOVNB (V and S) Dataset/V-Dataset/V-Vtb9.csv,VTB9,vehicle,unsynchronized_uncategorized,9e25f7d2ed49bbc025a5e0da6e606040f1390698622e78cde4a036de20e11353,9e25f7d2ed49:000,0,0,456,457,66106.6,66152.2,45.59999999999127,,0.10000000000582077,9.999999999417923,first segment of file,False
Unsynchronised V and S Dataset/Uncategorised IOVNB (V and S) Dataset/V-Dataset/V-Vw1.csv,VW1,vehicle,unsynchronized_uncategorized,6323621a93212e1ad23caff0911eef4cb7a3cdca6dbc0cdef861bdd615969de5,6323621a9321:000,0,0,20474,20475,34575.4,36622.8,2047.4000000000015,,0.09999999999854481,10.00000000014552,first segment of file,False
Unsynchronised V and S Dataset/Uncategorised IOVNB (V and S) Dataset/V-Dataset/V-Vw10.csv,VW10,vehicle,unsynchronized_uncategorized,4963db622690990e91af1a4bfa4414edcee127105e8a142fa20a1448ae5a83d3,4963db622690:000,0,0,669,670,58060.7,58127.6,66.90000000000146,,0.09999999999854481,10.00000000014552,first segment of file,False
Unsynchronised V and S Dataset/Uncategorised IOVNB (V and S) Dataset/V-Dataset/V-Vw11.csv,VW11,vehicle,unsynchronized_uncategorized,1b13b34cb9bdab18a2af2a2ecbc24d039c501c8fdcd4c5510aa8123c763d6254,1b13b34cb9bd:000,0,0,4923,4924,58132.5,58624.8,492.3000000000029,,0.09999999999854481,10.00000000014552,first segment of file,False
Unsynchronised V and S Dataset/Uncategorised IOVNB (V and S) Dataset/V-Dataset/V-Vw12.csv,VW12,vehicle,unsynchronized_uncategorized,a54ef9e6ab8a38f1769e271e86324d517a3c2333656bd2967a9c987c4005ab95,a54ef9e6ab8a:000,0,0,1068,1069,58630.2,58737.0,106.80000000000291,,0.09999999999854481,10.00000000014552,first segment of file,False
Unsynchronised V and S Dataset/Uncategorised IOVNB (V and S) Dataset/V-Dataset/V-Vw13.csv,VW13,vehicle,unsynchronized_uncategorized,d5baf3d1342795aa6aefb011048278414a20f30ab874cf8bfa3e13caefeb7f97,d5baf3d13427:000,0,0,296,297,58823.8,58853.4,29.599999999998545,,0.09999999999854481,10.00000000014552,first segment of file,False
Unsynchronised V and S Dataset/Uncategorised IOVNB (V and S) Dataset/V-Dataset/V-Vw14a.csv,VW14A,vehicle,unsynchronized_uncategorized,4f750963ebb7d654f7baf5a610611176d7227e7bbacd51f85ff78ee3e430f0b6,4f750963ebb7:000,0,0,3139,3140,58870.0,59183.9,313.90000000000146,,0.09999999999854481,10.00000000014552,first segment of file,False
Unsynchronised V and S Dataset/Uncategorised IOVNB (V and S) Dataset/V-Dataset/V-Vw14b.csv,VW14B,vehicle,unsynchronized_uncategorized,a490a5922017631337e1c927f7a0ee882139a145fab1d10bdadd659fa40ab242,a490a5922017:000,0,0,19599,19600,59184.0,61143.9,1959.9000000000015,,0.09999999999854481,10.00000000014552,first segment of file,False
Unsynchronised V and S Dataset/Uncategorised IOVNB (V and S) Dataset/V-Dataset/V-Vw14c.csv,VW14C,vehicle,unsynchronized_uncategorized,04929366928dbf3b30d5528c4055804d312490c960167840090d8d8436c22b4c,04929366928d:000,0,0,15856,15857,61144.0,62729.6,1585.5999999999985,,0.09999999999854481,10.00000000014552,first segment of file,False
Unsynchronised V and S Dataset/Uncategorised IOVNB (V and S) Dataset/V-Dataset/V-Vw15.csv,VW15,vehicle,unsynchronized_uncategorized,e9a78a8fc5df8aa9655914fac3e530912db94d34cbfc7ba767e17625afa12a39,e9a78a8fc5df:000,0,0,1390,1391,62986.9,63125.9,139.0,,0.09999999999854481,10.00000000014552,first segment of file,False
Unsynchronised V and S Dataset/Uncategorised IOVNB (V and S) Dataset/V-Dataset/V-Vw16a.csv,VW16A,vehicle,unsynchronized_uncategorized,ec97aa52952dd6c5cafad7c928a02a0fd702c4e563afe9f76cc4d781821ecedc,ec97aa52952d:000,0,0,5999,6000,63131.8,63731.7,599.8999999999942,,0.09999999999854481,10.00000000014552,first segment of file,False
Unsynchronised V and S Dataset/Uncategorised IOVNB (V and S) Dataset/V-Dataset/V-Vw16b.csv,VW16B,vehicle,unsynchronized_uncategorized,78871442687e3a4647a5be2a4410b8ce3b84f2a06abbb71f5b322320160d67c5,78871442687e:000,0,0,1170,1171,63731.8,63848.8,117.0,,0.09999999999854481,10.00000000014552,first segment of file,False
Unsynchronised V and S Dataset/Uncategorised IOVNB (V and S) Dataset/V-Dataset/V-Vw17.csv,VW17,vehicle,unsynchronized_uncategorized,d372f22589dee5ff4ef74a1e3030b0d93b3b0d3724c9934ec396760714835c75,d372f22589de:000,0,0,328,329,63853.1,63885.9,32.80000000000291,,0.09999999999854481,10.00000000014552,first segment of file,False
Unsynchronised V and S Dataset/Uncategorised IOVNB (V and S) Dataset/V-Dataset/V-Vw2.csv,VW2,vehicle,unsynchronized_uncategorized,30733145dc375b2892a21ec8f1548fa4df802a3bce640475db9b439a58389417,30733145dc37:000,0,0,52711,52712,36944.8,42215.9,5271.0999999999985,,0.09999999999854481,10.00000000014552,first segment of file,False
Unsynchronised V and S Dataset/Uncategorised IOVNB (V and S) Dataset/V-Dataset/V-Vw3.csv,VW3,vehicle,unsynchronized_uncategorized,4fa83e78d31139e504fadc8c0193371ecbe9aec25028acfdc7f676bb9789ebe7,4fa83e78d311:000,0,0,3940,3941,42232.0,42626.0,394.0,,0.09999999999854481,10.00000000014552,first segment of file,False
Unsynchronised V and S Dataset/Uncategorised IOVNB (V and S) Dataset/V-Dataset/V-Vw4.csv,VW4,vehicle,unsynchronized_uncategorized,e82458131e6f2bb7e265aebe99a61c68280284a1953b4c0e9a0c4c677ed32e70,e82458131e6f:000,0,0,126572,126573,44122.1,56779.3,12657.200000000004,,0.09999999999854481,10.00000000014552,first segment of file,False
Unsynchronised V and S Dataset/Uncategorised IOVNB (V and S) Dataset/V-Dataset/V-Vw5.csv,VW5,vehicle,unsynchronized_uncategorized,34144ecc462c9b3af7a370d1fc61776c53d9778b8ea068c9274797ae386abef8,34144ecc462c:000,0,0,1049,1050,56790.4,56895.3,104.90000000000146,,0.09999999999854481,10.00000000014552,first segment of file,False
Unsynchronised V and S Dataset/Uncategorised IOVNB (V and S) Dataset/V-Dataset/V-Vw6.csv,VW6,vehicle,unsynchronized_uncategorized,9acb7769e06481316502418ebaf41ea398f317f07c1d6c9bdfe6ef7b9636a744,9acb7769e064:000,0,0,1287,1288,56903.6,57032.3,128.70000000000437,,0.09999999999854481,10.00000000014552,first segment of file,False
Unsynchronised V and S Dataset/Uncategorised IOVNB (V and S) Dataset/V-Dataset/V-Vw7.csv,VW7,vehicle,unsynchronized_uncategorized,a75ed9a312a1609fcaf8776764d84c75ed03ddeaf9c8f2a5cc16008335a701da,a75ed9a312a1:000,0,0,1688,1689,57468.2,57637.0,168.8000000000029,,0.09999999999854481,10.00000000014552,first segment of file,False
Unsynchronised V and S Dataset/Uncategorised IOVNB (V and S) Dataset/V-Dataset/V-Vw8.csv,VW8,vehicle,unsynchronized_uncategorized,69846416ec5ff8ecbb4ff4c82ccf62bf0d4e4838e7d5a9cd966841e589929a05,69846416ec5f:000,0,0,1598,1599,57643.1,57802.9,159.8000000000029,,0.09999999999854481,10.00000000014552,first segment of file,False
Unsynchronised V and S Dataset/Uncategorised IOVNB (V and S) Dataset/V-Dataset/V-Vw9.csv,VW9,vehicle,unsynchronized_uncategorized,b9850efcf8c6cbab46a8ad93fce7fd765c757da9693a9a8f190ced322339fbbe,b9850efcf8c6:000,0,0,600,601,57835.1,57895.1,60.0,,0.09999999999854481,10.00000000014552,first segment of file,False
Unsynchronised V and S Dataset/Uncategorised IOVNB (V and S) Dataset/V-Dataset/V-Y1.csv,Y1,vehicle,unsynchronized_uncategorized,9d011603a57b7c6638cfbef531e19176ab7301cb4256d781356c388a050c5c8f,9d011603a57b:000,0,0,4612,4613,61954.4,62415.6,461.1999999999971,,0.09999999999854481,10.00000000014552,first segment of file,False
Unsynchronised V and S Dataset/Uncategorised IOVNB (V and S) Dataset/V-Dataset/V-Y1.csv,Y1,vehicle,unsynchronized_uncategorized,9d011603a57b7c6638cfbef531e19176ab7301cb4256d781356c388a050c5c8f,9d011603a57b:001,1,4613,70154,65542,62669.6,69223.7,6554.0999999999985,254.0,0.09999999999854481,10.00000000014552,"forward gap of 254.0s exceeds threshold 10.0s (max(100.0x median interval 0.1000s, 10.0s))",False
Unsynchronised V and S Dataset/Uncategorised IOVNB (V and S) Dataset/V-Dataset/V-Y1.csv,Y1,vehicle,unsynchronized_uncategorized,9d011603a57b7c6638cfbef531e19176ab7301cb4256d781356c388a050c5c8f,9d011603a57b:002,2,70155,70340,186,69608.3,69626.8,18.5,384.6000000000058,0.10000000000582077,9.999999999417923,"forward gap of 384.6s exceeds threshold 10.0s (max(100.0x median interval 0.1000s, 10.0s))",False
Unsynchronised V and S Dataset/Uncategorised IOVNB (V and S) Dataset/V-Dataset/V-Y2.csv,Y2,vehicle,unsynchronized_uncategorized,208ddd707c50fdcd785795c8e87f7245b05c5efdf50243a300050d710089aff3,208ddd707c50:000,0,0,57212,57213,35349.9,41071.1,5721.199999999997,,0.09999999999854481,10.00000000014552,first segment of file,False
