relative_path,session_id,stream,schema_valid,row_count,timestamp_quality,missingness_score,sampling_quality,gnss_availability,sampling_class,measured_rate_hz,range_finding_count,parse_error,notes,quality_score,score_formula
Synchronised V abd S datasets/Categorised IOVNB Dataset/M (Driver B)/S-M.csv,M,smartphone,True,105974,1.0,1.0,1.0,1.0,stable,10.0,1,,[],1.0,"mean(timestamp_quality, missingness_score, sampling_quality, gnss_availability); each in [0,1]; never used to drop a session"
Synchronised V abd S datasets/Categorised IOVNB Dataset/M (Driver B)/V-M.csv,M,vehicle,True,105974,1.0,1.0,1.0,1.0,stable,10.0,0,,[],1.0,"mean(timestamp_quality, missingness_score, sampling_quality, gnss_availability); each in [0,1]; never used to drop a session"
Synchronised V abd S datasets/Categorised IOVNB Dataset/S (Driver A)/S1/S-S1.csv,S1,smartphone,True,51746,1.0,1.0,1.0,1.0,stable,10.0,0,,[],1.0,"mean(timestamp_quality, missingness_score, sampling_quality, gnss_availability); each in [0,1]; never used to drop a session"
Synchronised V abd S datasets/Categorised IOVNB Dataset/S (Driver A)/S1/V-S1.csv,S1,vehicle,True,51746,1.0,1.0,1.0,1.0,stable,10.0,0,,[],1.0,"mean(timestamp_quality, missingness_score, sampling_quality, gnss_availability); each in [0,1]; never used to drop a session"
Synchronised V abd S datasets/Categorised IOVNB Dataset/S (Driver A)/S2/S-S2.csv,S2,smartphone,True,93876,0.9969,1.0,1.0,1.0,stable,10.0,0,,[],0.9992,"mean(timestamp_quality, missingness_score, sampling_quality, gnss_availability); each in [0,1]; never used to drop a session"
Synchronised V abd S datasets/Categorised IOVNB Dataset/S (Driver A)/S2/V-S2.csv,S2,vehicle,True,93876,1.0,1.0,1.0,1.0,stable,10.0,0,,[],1.0,"mean(timestamp_quality, missingness_score, sampling_quality, gnss_availability); each in [0,1]; never used to drop a session"
Synchronised V abd S datasets/Categorised IOVNB Dataset/S (Driver A)/S3a/S-S3a.csv,S3A,smartphone,True,24621,1.0,1.0,1.0,1.0,stable,10.0,0,,[],1.0,"mean(timestamp_quality, missingness_score, sampling_quality, gnss_availability); each in [0,1]; never used to drop a session"
Synchronised V abd S datasets/Categorised IOVNB Dataset/S (Driver A)/S3a/V-S3a.csv,S3A,vehicle,True,24621,1.0,1.0,1.0,1.0,stable,10.0,0,,[],1.0,"mean(timestamp_quality, missingness_score, sampling_quality, gnss_availability); each in [0,1]; never used to drop a session"
Synchronised V abd S datasets/Categorised IOVNB Dataset/S (Driver A)/S3b/S-S3b.csv,S3B,smartphone,True,6813,0.9999,1.0,1.0,1.0,stable,10.0,0,,[],1.0,"mean(timestamp_quality, missingness_score, sampling_quality, gnss_availability); each in [0,1]; never used to drop a session"
Synchronised V abd S datasets/Categorised IOVNB Dataset/S (Driver A)/S3b/V-S3b.csv,S3B,vehicle,True,6813,1.0,1.0,1.0,1.0,stable,10.0,0,,[],1.0,"mean(timestamp_quality, missingness_score, sampling_quality, gnss_availability); each in [0,1]; never used to drop a session"
Synchronised V abd S datasets/Categorised IOVNB Dataset/S (Driver A)/S3c/S-S3c.csv,S3C,smartphone,True,37183,1.0,1.0,1.0,1.0,stable,10.0,0,,[],1.0,"mean(timestamp_quality, missingness_score, sampling_quality, gnss_availability); each in [0,1]; never used to drop a session"
Synchronised V abd S datasets/Categorised IOVNB Dataset/S (Driver A)/S3c/V-S3c.csv,S3C,vehicle,True,37183,1.0,1.0,1.0,1.0,stable,10.0,0,,[],1.0,"mean(timestamp_quality, missingness_score, sampling_quality, gnss_availability); each in [0,1]; never used to drop a session"
Synchronised V abd S datasets/Categorised IOVNB Dataset/S (Driver A)/S4/S-S4.csv,S4,smartphone,True,94600,0.981,1.0,1.0,1.0,stable,10.0,1,,[],0.9952,"mean(timestamp_quality, missingness_score, sampling_quality, gnss_availability); each in [0,1]; never used to drop a session"
Synchronised V abd S datasets/Categorised IOVNB Dataset/S (Driver A)/S4/V-S4.csv,S4,vehicle,True,94600,1.0,1.0,1.0,1.0,stable,10.0,0,,[],1.0,"mean(timestamp_quality, missingness_score, sampling_quality, gnss_availability); each in [0,1]; never used to drop a session"
Synchronised V abd S datasets/Categorised IOVNB Dataset/Vf (Driver E)/V-Vfa01/S-Vfa01.csv,VFA01,smartphone,True,11486,1.0,1.0,1.0,1.0,stable,10.0,0,,[],1.0,"mean(timestamp_quality, missingness_score, sampling_quality, gnss_availability); each in [0,1]; never used to drop a session"
Synchronised V abd S datasets/Categorised IOVNB Dataset/Vf (Driver E)/V-Vfa01/V-Vfa01.csv,VFA01,vehicle,True,11535,1.0,1.0,1.0,1.0,stable,10.0,0,,[],1.0,"mean(timestamp_quality, missingness_score, sampling_quality, gnss_availability); each in [0,1]; never used to drop a session"
Synchronised V abd S datasets/Categorised IOVNB Dataset/Vf (Driver E)/V-Vfa02/S-Vfa02.csv,VFA02,smartphone,True,67523,1.0,1.0,1.0,1.0,stable,10.0,0,,[],1.0,"mean(timestamp_quality, missingness_score, sampling_quality, gnss_availability); each in [0,1]; never used to drop a session"
Synchronised V abd S datasets/Categorised IOVNB Dataset/Vf (Driver E)/V-Vfa02/V-Vfa02.csv,VFA02,vehicle,True,67755,1.0,1.0,1.0,1.0,stable,10.0,0,,[],1.0,"mean(timestamp_quality, missingness_score, sampling_quality, gnss_availability); each in [0,1]; never used to drop a session"
Synchronised V abd S datasets/Categorised IOVNB Dataset/Vta (Driver E)/Vta01a/S-Vta1a.csv,VTA1A,smartphone,True,25676,1.0,1.0,1.0,1.0,stable,10.0,0,,[],1.0,"mean(timestamp_quality, missingness_score, sampling_quality, gnss_availability); each in [0,1]; never used to drop a session"
Synchronised V abd S datasets/Categorised IOVNB Dataset/Vta (Driver E)/Vta01a/V-Vta1a.csv,VTA1A,vehicle,True,25676,1.0,1.0,1.0,1.0,stable,10.0,0,,[],1.0,"mean(timestamp_quality, missingness_score, sampling_quality, gnss_availability); each in [0,1]; never used to drop a session"
Synchronised V abd S datasets/Categorised IOVNB Dataset/Vta (Driver E)/Vta01b/S-Vta1b.csv,VTA1B,smartphone,True,954,1.0,1.0,1.0,1.0,stable,10.0,0,,[],1.0,"mean(timestamp_quality, missingness_score, sampling_quality, gnss_availability); each in [0,1]; never used to drop a session"
Synchronised V abd S datasets/Categorised IOVNB Dataset/Vta (Driver E)/Vta01b/V-Vta1b.csv,VTA1B,vehicle,True,953,1.0,1.0,1.0,1.0,stable,10.0,1,,[],1.0,"mean(timestamp_quality, missingness_score, sampling_quality, gnss_availability); each in [0,1]; never used to drop a session"
Synchronised V abd S datasets/Categorised IOVNB Dataset/Vta (Driver E)/Vta02/S-Vta2.csv,VTA2,smartphone,True,10991,1.0,1.0,1.0,1.0,stable,10.0,0,,[],1.0,"mean(timestamp_quality, missingness_score, sampling_quality, gnss_availability); each in [0,1]; never used to drop a session"
Synchronised V abd S datasets/Categorised IOVNB Dataset/Vta (Driver E)/Vta02/V-vta2.csv,VTA2,vehicle,True,10991,1.0,1.0,1.0,1.0,stable,10.0,0,,[],1.0,"mean(timestamp_quality, missingness_score, sampling_quality, gnss_availability); each in [0,1]; never used to drop a session"
Synchronised V abd S datasets/Categorised IOVNB Dataset/Vta (Driver E)/Vta03/S-Vta3.csv,VTA3,smartphone,True,645,1.0,1.0,1.0,1.0,stable,10.0,0,,[],1.0,"mean(timestamp_quality, missingness_score, sampling_quality, gnss_availability); each in [0,1]; never used to drop a session"
Synchronised V abd S datasets/Categorised IOVNB Dataset/Vta (Driver E)/Vta03/V-vta3.csv,VTA3,vehicle,True,645,1.0,1.0,1.0,1.0,stable,10.0,0,,[],1.0,"mean(timestamp_quality, missingness_score, sampling_quality, gnss_availability); each in [0,1]; never used to drop a session"
Synchronised V abd S datasets/Categorised IOVNB Dataset/Vta (Driver E)/Vta04/S-Vta4.csv,VTA4,smartphone,True,1789,1.0,1.0,1.0,1.0,stable,10.0,0,,[],1.0,"mean(timestamp_quality, missingness_score, sampling_quality, gnss_availability); each in [0,1]; never used to drop a session"
Synchronised V abd S datasets/Categorised IOVNB Dataset/Vta (Driver E)/Vta04/V-vta4.csv,VTA4,vehicle,True,1789,1.0,1.0,1.0,1.0,stable,10.0,0,,[],1.0,"mean(timestamp_quality, missingness_score, sampling_quality, gnss_availability); each in [0,1]; never used to drop a session"
Synchronised V abd S datasets/Categorised IOVNB Dataset/Vta (Driver E)/Vta05/S-Vta5.csv,VTA5,smartphone,True,307,1.0,1.0,1.0,1.0,stable,10.0,1,,[],1.0,"mean(timestamp_quality, missingness_score, sampling_quality, gnss_availability); each in [0,1]; never used to drop a session"
Synchronised V abd S datasets/Categorised IOVNB Dataset/Vta (Driver E)/Vta05/V-vta5.csv,VTA5,vehicle,True,307,1.0,1.0,1.0,1.0,stable,10.0,0,,[],1.0,"mean(timestamp_quality, missingness_score, sampling_quality, gnss_availability); each in [0,1]; never used to drop a session"
Synchronised V abd S datasets/Categorised IOVNB Dataset/Vta (Driver E)/Vta06/S-Vta6.csv,VTA6,smartphone,True,1376,1.0,1.0,1.0,1.0,stable,10.0,0,,[],1.0,"mean(timestamp_quality, missingness_score, sampling_quality, gnss_availability); each in [0,1]; never used to drop a session"
Synchronised V abd S datasets/Categorised IOVNB Dataset/Vta (Driver E)/Vta06/V-vta6.csv,VTA6,vehicle,True,1376,1.0,1.0,1.0,1.0,stable,10.0,1,,[],1.0,"mean(timestamp_quality, missingness_score, sampling_quality, gnss_availability); each in [0,1]; never used to drop a session"
Synchronised V abd S datasets/Categorised IOVNB Dataset/Vta (Driver E)/Vta07/S-Vta7.csv,VTA7,smartphone,True,840,1.0,1.0,1.0,1.0,stable,10.0,0,,[],1.0,"mean(timestamp_quality, missingness_score, sampling_quality, gnss_availability); each in [0,1]; never used to drop a session"
Synchronised V abd S datasets/Categorised IOVNB Dataset/Vta (Driver E)/Vta07/V-vta7.csv,VTA7,vehicle,True,840,1.0,1.0,1.0,1.0,stable,10.0,0,,[],1.0,"mean(timestamp_quality, missingness_score, sampling_quality, gnss_availability); each in [0,1]; never used to drop a session"
Synchronised V abd S datasets/Categorised IOVNB Dataset/Vta (Driver E)/Vta08/S-Vta8.csv,VTA8,smartphone,True,3676,1.0,1.0,1.0,1.0,stable,10.0,0,,[],1.0,"mean(timestamp_quality, missingness_score, sampling_quality, gnss_availability); each in [0,1]; never used to drop a session"
Synchronised V abd S datasets/Categorised IOVNB Dataset/Vta (Driver E)/Vta08/V-vta8.csv,VTA8,vehicle,True,3676,1.0,1.0,1.0,1.0,stable,10.0,0,,[],1.0,"mean(timestamp_quality, missingness_score, sampling_quality, gnss_availability); each in [0,1]; never used to drop a session"
Synchronised V abd S datasets/Categorised IOVNB Dataset/Vta (Driver E)/Vta09/S-Vta9.csv,VTA9,smartphone,True,156,1.0,1.0,1.0,1.0,stable,10.0,0,,[],1.0,"mean(timestamp_quality, missingness_score, sampling_quality, gnss_availability); each in [0,1]; never used to drop a session"
Synchronised V abd S datasets/Categorised IOVNB Dataset/Vta (Driver E)/Vta09/V-vta9.csv,VTA9,vehicle,True,156,1.0,1.0,1.0,1.0,stable,10.0,1,,[],1.0,"mean(timestamp_quality, missingness_score, sampling_quality, gnss_availability); each in [0,1]; never used to drop a session"
Synchronised V abd S datasets/Categorised IOVNB Dataset/Vta (Driver E)/Vta10/S-Vta10.csv,VTA10,smartphone,True,1502,1.0,1.0,1.0,1.0,stable,10.0,0,,[],1.0,"mean(timestamp_quality, missingness_score, sampling_quality, gnss_availability); each in [0,1]; never used to drop a session"
Synchronised V abd S datasets/Categorised IOVNB Dataset/Vta (Driver E)/Vta10/V-vta10.csv,VTA10,vehicle,True,1502,1.0,1.0,1.0,1.0,stable,10.0,0,,[],1.0,"mean(timestamp_quality, missingness_score, sampling_quality, gnss_availability); each in [0,1]; never used to drop a session"
Synchronised V abd S datasets/Categorised IOVNB Dataset/Vta (Driver E)/Vta11/S-Vta11.csv,VTA11,smartphone,True,510,1.0,1.0,1.0,1.0,stable,10.0,0,,[],1.0,"mean(timestamp_quality, missingness_score, sampling_quality, gnss_availability); each in [0,1]; never used to drop a session"
Synchronised V abd S datasets/Categorised IOVNB Dataset/Vta (Driver E)/Vta11/V-vta11.csv,VTA11,vehicle,True,510,1.0,1.0,1.0,1.0,stable,10.0,0,,[],1.0,"mean(timestamp_quality, missingness_score, sampling_quality, gnss_availability); each in [0,1]; never used to drop a session"
Synchronised V abd S datasets/Categorised IOVNB Dataset/Vta (Driver E)/Vta12/S-Vta12.csv,VTA12,smartphone,True,610,1.0,1.0,1.0,1.0,stable,10.0,0,,[],1.0,"mean(timestamp_quality, missingness_score, sampling_quality, gnss_availability); each in [0,1]; never used to drop a session"
Synchronised V abd S datasets/Categorised IOVNB Dataset/Vta (Driver E)/Vta12/V-vta12.csv,VTA12,vehicle,True,610,1.0,1.0,1.0,1.0,stable,10.0,1,,[],1.0,"mean(timestamp_quality, missingness_score, sampling_quality, gnss_availability); each in [0,1]; never used to drop a session"
Synchronised V abd S datasets/Categorised IOVNB Dataset/Vta (Driver E)/Vta13/S-Vta13.csv,VTA13,smartphone,True,404,1.0,1.0,1.0,1.0,stable,10.0,0,,[],1.0,"mean(timestamp_quality, missingness_score, sampling_quality, gnss_availability); each in [0,1]; never used to drop a session"
Synchronised V abd S datasets/Categorised IOVNB Dataset/Vta (Driver E)/Vta13/V-vta13.csv,VTA13,vehicle,True,404,1.0,1.0,1.0,1.0,stable,10.0,1,,[],1.0,"mean(timestamp_quality, missingness_score, sampling_quality, gnss_availability); each in [0,1]; never used to drop a session"
Synchronised V abd S datasets/Categorised IOVNB Dataset/Vta (Driver E)/Vta14/S-Vta14.csv,VTA14,smartphone,True,2885,1.0,1.0,1.0,1.0,stable,10.0,0,,[],1.0,"mean(timestamp_quality, missingness_score, sampling_quality, gnss_availability); each in [0,1]; never used to drop a session"
Synchronised V abd S datasets/Categorised IOVNB Dataset/Vta (Driver E)/Vta14/V-vta14.csv,VTA14,vehicle,True,2885,1.0,1.0,1.0,1.0,stable,10.0,1,,[],1.0,"mean(timestamp_quality, missingness_score, sampling_quality, gnss_availability); each in [0,1]; never used to drop a session"
Synchronised V abd S datasets/Categorised IOVNB Dataset/Vta (Driver E)/Vta15/S-Vta15.csv,VTA15,smartphone,True,833,1.0,1.0,1.0,1.0,stable,10.0,0,,[],1.0,"mean(timestamp_quality, missingness_score, sampling_quality, gnss_availability); each in [0,1]; never used to drop a session"
Synchronised V abd S datasets/Categorised IOVNB Dataset/Vta (Driver E)/Vta15/V-vta15.csv,VTA15,vehicle,True,833,1.0,1.0,1.0,1.0,stable,10.0,1,,[],1.0,"mean(timestamp_quality, missingness_score, sampling_quality, gnss_availability); each in [0,1]; never used to drop a session"
Synchronised V abd S datasets/Categorised IOVNB Dataset/Vta (Driver E)/Vta16/S-Vta16.csv,VTA16,smartphone,True,11335,1.0,1.0,1.0,1.0,stable,10.0,0,,[],1.0,"mean(timestamp_quality, missingness_score, sampling_quality, gnss_availability); each in [0,1]; never used to drop a session"
Synchronised V abd S datasets/Categorised IOVNB Dataset/Vta (Driver E)/Vta16/V-vta16.csv,VTA16,vehicle,True,11335,1.0,1.0,1.0,1.0,stable,10.0,0,,[],1.0,"mean(timestamp_quality, missingness_score, sampling_quality, gnss_availability); each in [0,1]; never used to drop a session"
Synchronised V abd S datasets/Categorised IOVNB Dataset/Vta (Driver E)/Vta17/S-Vta17.csv,VTA17,smartphone,True,4519,1.0,1.0,0.75,1.0,mostly_stable,10.0,0,,[],0.9375,"mean(timestamp_quality, missingness_score, sampling_quality, gnss_availability); each in [0,1]; never used to drop a session"
Synchronised V abd S datasets/Categorised IOVNB Dataset/Vta (Driver E)/Vta17/V-vta17.csv,VTA17,vehicle,True,4519,1.0,1.0,1.0,1.0,stable,10.0,0,,[],1.0,"mean(timestamp_quality, missingness_score, sampling_quality, gnss_availability); each in [0,1]; never used to drop a session"
Synchronised V abd S datasets/Categorised IOVNB Dataset/Vta (Driver E)/Vta19/S-Vta19.csv,VTA19,smartphone,True,292,1.0,1.0,1.0,1.0,stable,10.0,0,,[],1.0,"mean(timestamp_quality, missingness_score, sampling_quality, gnss_availability); each in [0,1]; never used to drop a session"
Synchronised V abd S datasets/Categorised IOVNB Dataset/Vta (Driver E)/Vta19/V-vta19.csv,VTA19,vehicle,True,292,1.0,1.0,1.0,1.0,stable,10.0,0,,[],1.0,"mean(timestamp_quality, missingness_score, sampling_quality, gnss_availability); each in [0,1]; never used to drop a session"
Synchronised V abd S datasets/Categorised IOVNB Dataset/Vta (Driver E)/Vta20/S-Vta20.csv,VTA20,smartphone,True,3223,1.0,1.0,1.0,1.0,stable,10.0,0,,[],1.0,"mean(timestamp_quality, missingness_score, sampling_quality, gnss_availability); each in [0,1]; never used to drop a session"
Synchronised V abd S datasets/Categorised IOVNB Dataset/Vta (Driver E)/Vta20/V-vta20.csv,VTA20,vehicle,True,3223,1.0,1.0,1.0,1.0,stable,10.0,0,,[],1.0,"mean(timestamp_quality, missingness_score, sampling_quality, gnss_availability); each in [0,1]; never used to drop a session"
Synchronised V abd S datasets/Categorised IOVNB Dataset/Vta (Driver E)/Vta21/S-Vta21.csv,VTA21,smartphone,True,2079,1.0,1.0,1.0,1.0,stable,10.0,0,,[],1.0,"mean(timestamp_quality, missingness_score, sampling_quality, gnss_availability); each in [0,1]; never used to drop a session"
Synchronised V abd S datasets/Categorised IOVNB Dataset/Vta (Driver E)/Vta21/V-vta21.csv,VTA21,vehicle,True,2079,1.0,1.0,1.0,1.0,stable,10.0,0,,[],1.0,"mean(timestamp_quality, missingness_score, sampling_quality, gnss_availability); each in [0,1]; never used to drop a session"
Synchronised V abd S datasets/Categorised IOVNB Dataset/Vta (Driver E)/Vta22/S-Vta22.csv,VTA22,smartphone,True,1564,1.0,1.0,1.0,1.0,stable,10.0,1,,[],1.0,"mean(timestamp_quality, missingness_score, sampling_quality, gnss_availability); each in [0,1]; never used to drop a session"
Synchronised V abd S datasets/Categorised IOVNB Dataset/Vta (Driver E)/Vta22/V-vta22.csv,VTA22,vehicle,True,1564,1.0,1.0,1.0,1.0,stable,10.0,0,,[],1.0,"mean(timestamp_quality, missingness_score, sampling_quality, gnss_availability); each in [0,1]; never used to drop a session"
Synchronised V abd S datasets/Categorised IOVNB Dataset/Vta (Driver E)/Vta23/S-Vta23.csv,VTA23,smartphone,True,1110,1.0,1.0,1.0,1.0,stable,10.0,0,,[],1.0,"mean(timestamp_quality, missingness_score, sampling_quality, gnss_availability); each in [0,1]; never used to drop a session"
Synchronised V abd S datasets/Categorised IOVNB Dataset/Vta (Driver E)/Vta23/V-vta23.csv,VTA23,vehicle,True,1110,1.0,1.0,1.0,1.0,stable,10.0,0,,[],1.0,"mean(timestamp_quality, missingness_score, sampling_quality, gnss_availability); each in [0,1]; never used to drop a session"
Synchronised V abd S datasets/Categorised IOVNB Dataset/Vta (Driver E)/Vta24/S-Vta24.csv,VTA24,smartphone,True,1171,1.0,1.0,1.0,1.0,stable,10.0,0,,[],1.0,"mean(timestamp_quality, missingness_score, sampling_quality, gnss_availability); each in [0,1]; never used to drop a session"
Synchronised V abd S datasets/Categorised IOVNB Dataset/Vta (Driver E)/Vta24/V-vta24.csv,VTA24,vehicle,True,1171,1.0,1.0,1.0,1.0,stable,10.0,0,,[],1.0,"mean(timestamp_quality, missingness_score, sampling_quality, gnss_availability); each in [0,1]; never used to drop a session"
Synchronised V abd S datasets/Categorised IOVNB Dataset/Vta (Driver E)/Vta25/S-Vta25.csv,VTA25,smartphone,True,646,1.0,1.0,1.0,1.0,stable,10.0,1,,[],1.0,"mean(timestamp_quality, missingness_score, sampling_quality, gnss_availability); each in [0,1]; never used to drop a session"
Synchronised V abd S datasets/Categorised IOVNB Dataset/Vta (Driver E)/Vta25/V-vta25.csv,VTA25,vehicle,True,646,1.0,1.0,1.0,1.0,stable,10.0,0,,[],1.0,"mean(timestamp_quality, missingness_score, sampling_quality, gnss_availability); each in [0,1]; never used to drop a session"
Synchronised V abd S datasets/Categorised IOVNB Dataset/Vta (Driver E)/Vta26/S-Vta26.csv,VTA26,smartphone,True,1935,1.0,1.0,1.0,1.0,stable,10.0,0,,[],1.0,"mean(timestamp_quality, missingness_score, sampling_quality, gnss_availability); each in [0,1]; never used to drop a session"
Synchronised V abd S datasets/Categorised IOVNB Dataset/Vta (Driver E)/Vta26/V-vta26.csv,VTA26,vehicle,True,1935,1.0,1.0,1.0,1.0,stable,10.0,0,,[],1.0,"mean(timestamp_quality, missingness_score, sampling_quality, gnss_availability); each in [0,1]; never used to drop a session"
Synchronised V abd S datasets/Categorised IOVNB Dataset/Vta (Driver E)/Vta27/S-Vta27.csv,VTA27,smartphone,True,2540,1.0,1.0,1.0,1.0,stable,10.0,0,,[],1.0,"mean(timestamp_quality, missingness_score, sampling_quality, gnss_availability); each in [0,1]; never used to drop a session"
Synchronised V abd S datasets/Categorised IOVNB Dataset/Vta (Driver E)/Vta27/V-vta27.csv,VTA27,vehicle,True,2540,1.0,1.0,1.0,1.0,stable,10.0,0,,[],1.0,"mean(timestamp_quality, missingness_score, sampling_quality, gnss_availability); each in [0,1]; never used to drop a session"
Synchronised V abd S datasets/Categorised IOVNB Dataset/Vta (Driver E)/Vta28/S-Vta28.csv,VTA28,smartphone,True,4210,1.0,1.0,1.0,1.0,stable,10.0,0,,[],1.0,"mean(timestamp_quality, missingness_score, sampling_quality, gnss_availability); each in [0,1]; never used to drop a session"
Synchronised V abd S datasets/Categorised IOVNB Dataset/Vta (Driver E)/Vta28/V-vta28.csv,VTA28,vehicle,True,4210,1.0,1.0,1.0,1.0,stable,10.0,0,,[],1.0,"mean(timestamp_quality, missingness_score, sampling_quality, gnss_availability); each in [0,1]; never used to drop a session"
Synchronised V abd S datasets/Categorised IOVNB Dataset/Vta (Driver E)/Vta29/S-Vta29.csv,VTA29,smartphone,True,23705,0.9997,1.0,1.0,1.0,stable,10.0,0,,[],0.9999,"mean(timestamp_quality, missingness_score, sampling_quality, gnss_availability); each in [0,1]; never used to drop a session"
Synchronised V abd S datasets/Categorised IOVNB Dataset/Vta (Driver E)/Vta29/V-vta29.csv,VTA29,vehicle,True,23705,1.0,1.0,1.0,1.0,stable,10.0,1,,[],1.0,"mean(timestamp_quality, missingness_score, sampling_quality, gnss_availability); each in [0,1]; never used to drop a session"
Synchronised V abd S datasets/Categorised IOVNB Dataset/Vta (Driver E)/Vta30/S-Vta30.csv,VTA30,smartphone,True,17136,1.0,1.0,1.0,1.0,stable,10.0,0,,[],1.0,"mean(timestamp_quality, missingness_score, sampling_quality, gnss_availability); each in [0,1]; never used to drop a session"
Synchronised V abd S datasets/Categorised IOVNB Dataset/Vta (Driver E)/Vta30/V-vta30.csv,VTA30,vehicle,True,17136,1.0,1.0,1.0,1.0,stable,10.0,1,,[],1.0,"mean(timestamp_quality, missingness_score, sampling_quality, gnss_availability); each in [0,1]; never used to drop a session"
Synchronised V abd S datasets/Categorised IOVNB Dataset/Vtb (Driver E)/Vtb01/S-Vtb1.csv,VTB1,smartphone,True,32459,0.6638,1.0,0.1,1.0,severely_irregular,10.0,1,,[],0.6909,"mean(timestamp_quality, missingness_score, sampling_quality, gnss_availability); each in [0,1]; never used to drop a session"
Synchronised V abd S datasets/Categorised IOVNB Dataset/Vtb (Driver E)/Vtb01/V-vtb1.csv,VTB1,vehicle,True,32459,1.0,1.0,1.0,1.0,stable,10.0,0,,[],1.0,"mean(timestamp_quality, missingness_score, sampling_quality, gnss_availability); each in [0,1]; never used to drop a session"
Synchronised V abd S datasets/Categorised IOVNB Dataset/Vtb (Driver E)/Vtb02/S-Vtb2.csv,VTB2,smartphone,True,5712,1.0,1.0,1.0,1.0,stable,10.0,0,,[],1.0,"mean(timestamp_quality, missingness_score, sampling_quality, gnss_availability); each in [0,1]; never used to drop a session"
Synchronised V abd S datasets/Categorised IOVNB Dataset/Vtb (Driver E)/Vtb02/V-vtb2.csv,VTB2,vehicle,True,5712,0.9996,1.0,1.0,1.0,stable,10.0,0,,[],0.9999,"mean(timestamp_quality, missingness_score, sampling_quality, gnss_availability); each in [0,1]; never used to drop a session"
Synchronised V abd S datasets/Categorised IOVNB Dataset/Vtb (Driver E)/Vtb03/S-Vtb3.csv,VTB3,smartphone,True,8240,1.0,1.0,1.0,1.0,stable,10.0,2,,[],1.0,"mean(timestamp_quality, missingness_score, sampling_quality, gnss_availability); each in [0,1]; never used to drop a session"
Synchronised V abd S datasets/Categorised IOVNB Dataset/Vtb (Driver E)/Vtb03/V-vtb3.csv,VTB3,vehicle,True,8240,1.0,1.0,1.0,1.0,stable,10.0,0,,[],1.0,"mean(timestamp_quality, missingness_score, sampling_quality, gnss_availability); each in [0,1]; never used to drop a session"
Synchronised V abd S datasets/Categorised IOVNB Dataset/Vtb (Driver E)/Vtb04/S-Vtb4.csv,VTB4,smartphone,True,556,1.0,1.0,1.0,1.0,stable,10.0,0,,[],1.0,"mean(timestamp_quality, missingness_score, sampling_quality, gnss_availability); each in [0,1]; never used to drop a session"
Synchronised V abd S datasets/Categorised IOVNB Dataset/Vtb (Driver E)/Vtb04/V-vtb4.csv,VTB4,vehicle,True,556,1.0,1.0,1.0,1.0,stable,10.0,0,,[],1.0,"mean(timestamp_quality, missingness_score, sampling_quality, gnss_availability); each in [0,1]; never used to drop a session"
Synchronised V abd S datasets/Categorised IOVNB Dataset/Vtb (Driver E)/Vtb05/S-Vtb5.csv,VTB5,smartphone,True,64388,1.0,1.0,1.0,1.0,stable,10.0,0,,[],1.0,"mean(timestamp_quality, missingness_score, sampling_quality, gnss_availability); each in [0,1]; never used to drop a session"
Synchronised V abd S datasets/Categorised IOVNB Dataset/Vtb (Driver E)/Vtb05/V-vtb5.csv,VTB5,vehicle,True,64388,1.0,1.0,1.0,1.0,stable,10.0,0,,[],1.0,"mean(timestamp_quality, missingness_score, sampling_quality, gnss_availability); each in [0,1]; never used to drop a session"
Synchronised V abd S datasets/Categorised IOVNB Dataset/Vtb (Driver E)/Vtb06/S-Vtb6.csv,VTB6,smartphone,True,498,1.0,1.0,1.0,1.0,stable,10.0,0,,[],1.0,"mean(timestamp_quality, missingness_score, sampling_quality, gnss_availability); each in [0,1]; never used to drop a session"
Synchronised V abd S datasets/Categorised IOVNB Dataset/Vtb (Driver E)/Vtb06/V-vtb6.csv,VTB6,vehicle,True,498,1.0,1.0,1.0,1.0,stable,10.0,1,,[],1.0,"mean(timestamp_quality, missingness_score, sampling_quality, gnss_availability); each in [0,1]; never used to drop a session"
Synchronised V abd S datasets/Categorised IOVNB Dataset/Vtb (Driver E)/Vtb07/S-Vtb7.csv,VTB7,smartphone,True,461,1.0,1.0,1.0,1.0,stable,10.0,0,,[],1.0,"mean(timestamp_quality, missingness_score, sampling_quality, gnss_availability); each in [0,1]; never used to drop a session"
Synchronised V abd S datasets/Categorised IOVNB Dataset/Vtb (Driver E)/Vtb07/V-vtb7.csv,VTB7,vehicle,True,461,1.0,1.0,1.0,1.0,stable,10.0,0,,[],1.0,"mean(timestamp_quality, missingness_score, sampling_quality, gnss_availability); each in [0,1]; never used to drop a session"
Synchronised V abd S datasets/Categorised IOVNB Dataset/Vtb (Driver E)/Vtb08/S-Vtb8.csv,VTB8,smartphone,True,668,1.0,1.0,1.0,1.0,stable,10.0,1,,[],1.0,"mean(timestamp_quality, missingness_score, sampling_quality, gnss_availability); each in [0,1]; never used to drop a session"
Synchronised V abd S datasets/Categorised IOVNB Dataset/Vtb (Driver E)/Vtb08/V-vtb8.csv,VTB8,vehicle,True,668,1.0,1.0,1.0,1.0,stable,10.0,1,,[],1.0,"mean(timestamp_quality, missingness_score, sampling_quality, gnss_availability); each in [0,1]; never used to drop a session"
Synchronised V abd S datasets/Categorised IOVNB Dataset/Vtb (Driver E)/Vtb09/S-Vtb9.csv,VTB9,smartphone,True,452,1.0,1.0,1.0,1.0,stable,10.0,1,,[],1.0,"mean(timestamp_quality, missingness_score, sampling_quality, gnss_availability); each in [0,1]; never used to drop a session"
Synchronised V abd S datasets/Categorised IOVNB Dataset/Vtb (Driver E)/Vtb09/V-vtb9.csv,VTB9,vehicle,True,452,1.0,1.0,1.0,1.0,stable,10.0,1,,[],1.0,"mean(timestamp_quality, missingness_score, sampling_quality, gnss_availability); each in [0,1]; never used to drop a session"
Synchronised V abd S datasets/Categorised IOVNB Dataset/Vtb (Driver E)/Vtb10/S-Vtb10.csv,VTB10,smartphone,True,196,1.0,1.0,1.0,1.0,stable,10.0,1,,[],1.0,"mean(timestamp_quality, missingness_score, sampling_quality, gnss_availability); each in [0,1]; never used to drop a session"
Synchronised V abd S datasets/Categorised IOVNB Dataset/Vtb (Driver E)/Vtb10/V-vtb10.csv,VTB10,vehicle,True,195,1.0,1.0,1.0,1.0,stable,10.0,0,,[],1.0,"mean(timestamp_quality, missingness_score, sampling_quality, gnss_availability); each in [0,1]; never used to drop a session"
Synchronised V abd S datasets/Categorised IOVNB Dataset/Vtb (Driver E)/Vtb11/S-Vtb11.csv,VTB11,smartphone,True,361,1.0,1.0,1.0,1.0,stable,10.0,0,,[],1.0,"mean(timestamp_quality, missingness_score, sampling_quality, gnss_availability); each in [0,1]; never used to drop a session"
Synchronised V abd S datasets/Categorised IOVNB Dataset/Vtb (Driver E)/Vtb11/V-vtb11.csv,VTB11,vehicle,True,361,1.0,1.0,1.0,1.0,stable,10.0,1,,[],1.0,"mean(timestamp_quality, missingness_score, sampling_quality, gnss_availability); each in [0,1]; never used to drop a session"
Synchronised V abd S datasets/Categorised IOVNB Dataset/Vtb (Driver E)/Vtb12/S-Vtb12.csv,VTB12,smartphone,True,447,1.0,1.0,1.0,1.0,stable,10.0,0,,[],1.0,"mean(timestamp_quality, missingness_score, sampling_quality, gnss_availability); each in [0,1]; never used to drop a session"
Synchronised V abd S datasets/Categorised IOVNB Dataset/Vtb (Driver E)/Vtb12/V-vtb12.csv,VTB12,vehicle,True,447,1.0,1.0,1.0,1.0,stable,10.0,0,,[],1.0,"mean(timestamp_quality, missingness_score, sampling_quality, gnss_availability); each in [0,1]; never used to drop a session"
Synchronised V abd S datasets/Categorised IOVNB Dataset/Vw (Driver E)/Vw01/S-Vw1.csv,VW1,smartphone,True,20476,1.0,1.0,1.0,1.0,stable,10.0,5,,[],1.0,"mean(timestamp_quality, missingness_score, sampling_quality, gnss_availability); each in [0,1]; never used to drop a session"
Synchronised V abd S datasets/Categorised IOVNB Dataset/Vw (Driver E)/Vw01/V-Vw1.csv,VW1,vehicle,True,20475,1.0,1.0,1.0,1.0,stable,10.0,2,,[],1.0,"mean(timestamp_quality, missingness_score, sampling_quality, gnss_availability); each in [0,1]; never used to drop a session"
Synchronised V abd S datasets/Categorised IOVNB Dataset/Vw (Driver E)/Vw02/S-Vw2.csv,VW2,smartphone,True,52713,1.0,1.0,1.0,1.0,stable,10.0,0,,[],1.0,"mean(timestamp_quality, missingness_score, sampling_quality, gnss_availability); each in [0,1]; never used to drop a session"
Synchronised V abd S datasets/Categorised IOVNB Dataset/Vw (Driver E)/Vw02/V-Vw2.csv,VW2,vehicle,True,52712,1.0,1.0,1.0,1.0,stable,10.0,0,,[],1.0,"mean(timestamp_quality, missingness_score, sampling_quality, gnss_availability); each in [0,1]; never used to drop a session"
Synchronised V abd S datasets/Categorised IOVNB Dataset/Vw (Driver E)/Vw03/S-Vw3.csv,VW3,smartphone,True,3861,1.0,1.0,1.0,1.0,stable,10.0,0,,[],1.0,"mean(timestamp_quality, missingness_score, sampling_quality, gnss_availability); each in [0,1]; never used to drop a session"
Synchronised V abd S datasets/Categorised IOVNB Dataset/Vw (Driver E)/Vw03/V-Vw3.csv,VW3,vehicle,True,3861,1.0,1.0,1.0,1.0,stable,10.0,0,,[],1.0,"mean(timestamp_quality, missingness_score, sampling_quality, gnss_availability); each in [0,1]; never used to drop a session"
Synchronised V abd S datasets/Categorised IOVNB Dataset/Vw (Driver E)/Vw04/S-Vw4.csv,VW4,smartphone,True,126526,1.0,1.0,1.0,1.0,stable,10.0,0,,[],1.0,"mean(timestamp_quality, missingness_score, sampling_quality, gnss_availability); each in [0,1]; never used to drop a session"
Synchronised V abd S datasets/Categorised IOVNB Dataset/Vw (Driver E)/Vw04/V-Vw4.csv,VW4,vehicle,True,126527,1.0,1.0,1.0,1.0,stable,10.0,0,,[],1.0,"mean(timestamp_quality, missingness_score, sampling_quality, gnss_availability); each in [0,1]; never used to drop a session"
Synchronised V abd S datasets/Categorised IOVNB Dataset/Vw (Driver E)/Vw05/S-Vw5.csv,VW5,smartphone,True,1012,1.0,1.0,1.0,1.0,stable,10.0,0,,[],1.0,"mean(timestamp_quality, missingness_score, sampling_quality, gnss_availability); each in [0,1]; never used to drop a session"
Synchronised V abd S datasets/Categorised IOVNB Dataset/Vw (Driver E)/Vw05/V-Vw5.csv,VW5,vehicle,True,1012,1.0,1.0,1.0,1.0,stable,10.0,0,,[],1.0,"mean(timestamp_quality, missingness_score, sampling_quality, gnss_availability); each in [0,1]; never used to drop a session"
Synchronised V abd S datasets/Categorised IOVNB Dataset/Vw (Driver E)/Vw06/S-Vw6.csv,VW6,smartphone,True,1281,1.0,1.0,1.0,1.0,stable,10.0,0,,[],1.0,"mean(timestamp_quality, missingness_score, sampling_quality, gnss_availability); each in [0,1]; never used to drop a session"
Synchronised V abd S datasets/Categorised IOVNB Dataset/Vw (Driver E)/Vw06/V-Vw6.csv,VW6,vehicle,True,1281,1.0,1.0,1.0,1.0,stable,10.0,0,,[],1.0,"mean(timestamp_quality, missingness_score, sampling_quality, gnss_availability); each in [0,1]; never used to drop a session"
Synchronised V abd S datasets/Categorised IOVNB Dataset/Vw (Driver E)/Vw07/S-Vw7.csv,VW7,smartphone,True,1602,1.0,1.0,1.0,1.0,stable,10.0,0,,[],1.0,"mean(timestamp_quality, missingness_score, sampling_quality, gnss_availability); each in [0,1]; never used to drop a session"
Synchronised V abd S datasets/Categorised IOVNB Dataset/Vw (Driver E)/Vw07/V-Vw7.csv,VW7,vehicle,True,1602,1.0,1.0,1.0,1.0,stable,10.0,0,,[],1.0,"mean(timestamp_quality, missingness_score, sampling_quality, gnss_availability); each in [0,1]; never used to drop a session"
Synchronised V abd S datasets/Categorised IOVNB Dataset/Vw (Driver E)/Vw08/S-Vw8.csv,VW8,smartphone,True,1529,1.0,1.0,1.0,1.0,stable,10.0,0,,[],1.0,"mean(timestamp_quality, missingness_score, sampling_quality, gnss_availability); each in [0,1]; never used to drop a session"
Synchronised V abd S datasets/Categorised IOVNB Dataset/Vw (Driver E)/Vw08/V-Vw8.csv,VW8,vehicle,True,1529,1.0,1.0,1.0,1.0,stable,10.0,0,,[],1.0,"mean(timestamp_quality, missingness_score, sampling_quality, gnss_availability); each in [0,1]; never used to drop a session"
Synchronised V abd S datasets/Categorised IOVNB Dataset/Vw (Driver E)/Vw09/S-Vw9.csv,VW9,smartphone,True,552,1.0,1.0,1.0,1.0,stable,10.0,0,,[],1.0,"mean(timestamp_quality, missingness_score, sampling_quality, gnss_availability); each in [0,1]; never used to drop a session"
Synchronised V abd S datasets/Categorised IOVNB Dataset/Vw (Driver E)/Vw09/V-Vw9.csv,VW9,vehicle,True,553,1.0,1.0,1.0,1.0,stable,10.0,0,,[],1.0,"mean(timestamp_quality, missingness_score, sampling_quality, gnss_availability); each in [0,1]; never used to drop a session"
Synchronised V abd S datasets/Categorised IOVNB Dataset/Vw (Driver E)/Vw10/S-Vw10.csv,VW10,smartphone,True,652,1.0,1.0,1.0,1.0,stable,10.0,0,,[],1.0,"mean(timestamp_quality, missingness_score, sampling_quality, gnss_availability); each in [0,1]; never used to drop a session"
Synchronised V abd S datasets/Categorised IOVNB Dataset/Vw (Driver E)/Vw10/V-Vw10.csv,VW10,vehicle,True,652,1.0,1.0,1.0,1.0,stable,10.0,0,,[],1.0,"mean(timestamp_quality, missingness_score, sampling_quality, gnss_availability); each in [0,1]; never used to drop a session"
Synchronised V abd S datasets/Categorised IOVNB Dataset/Vw (Driver E)/Vw11/S-Vw11.csv,VW11,smartphone,True,4909,1.0,1.0,1.0,1.0,stable,10.0,0,,[],1.0,"mean(timestamp_quality, missingness_score, sampling_quality, gnss_availability); each in [0,1]; never used to drop a session"
Synchronised V abd S datasets/Categorised IOVNB Dataset/Vw (Driver E)/Vw11/V-Vw11.csv,VW11,vehicle,True,4909,1.0,1.0,1.0,1.0,stable,10.0,0,,[],1.0,"mean(timestamp_quality, missingness_score, sampling_quality, gnss_availability); each in [0,1]; never used to drop a session"
Synchronised V abd S datasets/Categorised IOVNB Dataset/Vw (Driver E)/Vw12/S-Vw12.csv,VW12,smartphone,True,918,1.0,1.0,1.0,1.0,stable,10.0,0,,[],1.0,"mean(timestamp_quality, missingness_score, sampling_quality, gnss_availability); each in [0,1]; never used to drop a session"
Synchronised V abd S datasets/Categorised IOVNB Dataset/Vw (Driver E)/Vw12/V-Vw12.csv,VW12,vehicle,True,918,1.0,1.0,1.0,1.0,stable,10.0,0,,[],1.0,"mean(timestamp_quality, missingness_score, sampling_quality, gnss_availability); each in [0,1]; never used to drop a session"
Synchronised V abd S datasets/Categorised IOVNB Dataset/Vw (Driver E)/Vw13/S-Vw13.csv,VW13,smartphone,True,284,1.0,1.0,1.0,1.0,stable,10.0,1,,[],1.0,"mean(timestamp_quality, missingness_score, sampling_quality, gnss_availability); each in [0,1]; never used to drop a session"
Synchronised V abd S datasets/Categorised IOVNB Dataset/Vw (Driver E)/Vw13/V-Vw13.csv,VW13,vehicle,True,284,1.0,1.0,1.0,1.0,stable,10.0,0,,[],1.0,"mean(timestamp_quality, missingness_score, sampling_quality, gnss_availability); each in [0,1]; never used to drop a session"
Synchronised V abd S datasets/Categorised IOVNB Dataset/Vw (Driver E)/Vw14a/S-Vw14a.csv,VW14A,smartphone,True,3138,1.0,1.0,1.0,1.0,stable,10.0,0,,[],1.0,"mean(timestamp_quality, missingness_score, sampling_quality, gnss_availability); each in [0,1]; never used to drop a session"
Synchronised V abd S datasets/Categorised IOVNB Dataset/Vw (Driver E)/Vw14a/V-Vw14a.csv,VW14A,vehicle,True,3138,1.0,1.0,1.0,1.0,stable,10.0,0,,[],1.0,"mean(timestamp_quality, missingness_score, sampling_quality, gnss_availability); each in [0,1]; never used to drop a session"
Synchronised V abd S datasets/Categorised IOVNB Dataset/Vw (Driver E)/Vw14b/S-Vw14b.csv,VW14B,smartphone,True,19588,1.0,1.0,1.0,1.0,stable,10.0,0,,[],1.0,"mean(timestamp_quality, missingness_score, sampling_quality, gnss_availability); each in [0,1]; never used to drop a session"
Synchronised V abd S datasets/Categorised IOVNB Dataset/Vw (Driver E)/Vw14b/V-Vw14b.csv,VW14B,vehicle,True,19588,1.0,1.0,1.0,1.0,stable,10.0,0,,[],1.0,"mean(timestamp_quality, missingness_score, sampling_quality, gnss_availability); each in [0,1]; never used to drop a session"
Synchronised V abd S datasets/Categorised IOVNB Dataset/Vw (Driver E)/Vw14c/S-Vw14c.csv,VW14C,smartphone,True,15826,1.0,1.0,1.0,1.0,stable,10.0,0,,[],1.0,"mean(timestamp_quality, missingness_score, sampling_quality, gnss_availability); each in [0,1]; never used to drop a session"
Synchronised V abd S datasets/Categorised IOVNB Dataset/Vw (Driver E)/Vw14c/V-Vw14c.csv,VW14C,vehicle,True,15826,1.0,1.0,1.0,1.0,stable,10.0,0,,[],1.0,"mean(timestamp_quality, missingness_score, sampling_quality, gnss_availability); each in [0,1]; never used to drop a session"
Synchronised V abd S datasets/Categorised IOVNB Dataset/Vw (Driver E)/Vw15/S-Vw15.csv,VW15,smartphone,True,1380,1.0,1.0,1.0,1.0,stable,10.0,5,,[],1.0,"mean(timestamp_quality, missingness_score, sampling_quality, gnss_availability); each in [0,1]; never used to drop a session"
Synchronised V abd S datasets/Categorised IOVNB Dataset/Vw (Driver E)/Vw15/V-Vw15.csv,VW15,vehicle,True,1391,1.0,1.0,1.0,1.0,stable,10.0,1,,[],1.0,"mean(timestamp_quality, missingness_score, sampling_quality, gnss_availability); each in [0,1]; never used to drop a session"
Synchronised V abd S datasets/Categorised IOVNB Dataset/Vw (Driver E)/Vw16a/S-Vw16a.csv,VW16A,smartphone,True,5879,1.0,1.0,1.0,1.0,stable,10.0,0,,[],1.0,"mean(timestamp_quality, missingness_score, sampling_quality, gnss_availability); each in [0,1]; never used to drop a session"
Synchronised V abd S datasets/Categorised IOVNB Dataset/Vw (Driver E)/Vw16a/V-Vw16a.csv,VW16A,vehicle,True,5879,1.0,1.0,1.0,1.0,stable,10.0,0,,[],1.0,"mean(timestamp_quality, missingness_score, sampling_quality, gnss_availability); each in [0,1]; never used to drop a session"
Synchronised V abd S datasets/Categorised IOVNB Dataset/Vw (Driver E)/Vw16b/S-Vw16b.csv,VW16B,smartphone,True,1126,1.0,1.0,1.0,1.0,stable,10.0,0,,[],1.0,"mean(timestamp_quality, missingness_score, sampling_quality, gnss_availability); each in [0,1]; never used to drop a session"
Synchronised V abd S datasets/Categorised IOVNB Dataset/Vw (Driver E)/Vw16b/V-Vw16b.csv,VW16B,vehicle,True,1126,1.0,1.0,1.0,1.0,stable,10.0,0,,[],1.0,"mean(timestamp_quality, missingness_score, sampling_quality, gnss_availability); each in [0,1]; never used to drop a session"
Synchronised V abd S datasets/Categorised IOVNB Dataset/Vw (Driver E)/Vw17/S-Vw17.csv,VW17,smartphone,True,329,1.0,1.0,1.0,1.0,stable,10.0,1,,[],1.0,"mean(timestamp_quality, missingness_score, sampling_quality, gnss_availability); each in [0,1]; never used to drop a session"
Synchronised V abd S datasets/Categorised IOVNB Dataset/Vw (Driver E)/Vw17/V-Vw17.csv,VW17,vehicle,True,329,1.0,1.0,1.0,1.0,stable,10.0,1,,[],1.0,"mean(timestamp_quality, missingness_score, sampling_quality, gnss_availability); each in [0,1]; never used to drop a session"
Synchronised V abd S datasets/Categorised IOVNB Dataset/Y (Driver D)/Y1/S-Y1.csv,Y1,smartphone,True,70285,0.9999,1.0,1.0,1.0,stable,10.0,0,,[],1.0,"mean(timestamp_quality, missingness_score, sampling_quality, gnss_availability); each in [0,1]; never used to drop a session"
Synchronised V abd S datasets/Categorised IOVNB Dataset/Y (Driver D)/Y1/V-Y1.csv,Y1,vehicle,True,70285,1.0,1.0,0.1,1.0,severely_irregular,10.0,0,,[],0.775,"mean(timestamp_quality, missingness_score, sampling_quality, gnss_availability); each in [0,1]; never used to drop a session"
Synchronised V abd S datasets/Uncategorised IOVNB Dataset/S-Dataset/S-M.csv,M,smartphone,True,105974,1.0,1.0,1.0,1.0,stable,10.0,1,,[],1.0,"mean(timestamp_quality, missingness_score, sampling_quality, gnss_availability); each in [0,1]; never used to drop a session"
Synchronised V abd S datasets/Uncategorised IOVNB Dataset/S-Dataset/S-S1.csv,S1,smartphone,True,51746,1.0,1.0,1.0,1.0,stable,10.0,0,,[],1.0,"mean(timestamp_quality, missingness_score, sampling_quality, gnss_availability); each in [0,1]; never used to drop a session"
Synchronised V abd S datasets/Uncategorised IOVNB Dataset/S-Dataset/S-S2.csv,S2,smartphone,True,93876,0.9969,1.0,1.0,1.0,stable,10.0,0,,[],0.9992,"mean(timestamp_quality, missingness_score, sampling_quality, gnss_availability); each in [0,1]; never used to drop a session"
Synchronised V abd S datasets/Uncategorised IOVNB Dataset/S-Dataset/S-S3a.csv,S3A,smartphone,True,24621,1.0,1.0,1.0,1.0,stable,10.0,0,,[],1.0,"mean(timestamp_quality, missingness_score, sampling_quality, gnss_availability); each in [0,1]; never used to drop a session"
Synchronised V abd S datasets/Uncategorised IOVNB Dataset/S-Dataset/S-S3b.csv,S3B,smartphone,True,6813,0.9999,1.0,1.0,1.0,stable,10.0,0,,[],1.0,"mean(timestamp_quality, missingness_score, sampling_quality, gnss_availability); each in [0,1]; never used to drop a session"
Synchronised V abd S datasets/Uncategorised IOVNB Dataset/S-Dataset/S-S3c.csv,S3C,smartphone,True,37183,1.0,1.0,1.0,1.0,stable,10.0,0,,[],1.0,"mean(timestamp_quality, missingness_score, sampling_quality, gnss_availability); each in [0,1]; never used to drop a session"
Synchronised V abd S datasets/Uncategorised IOVNB Dataset/S-Dataset/S-S4.csv,S4,smartphone,True,94600,0.981,1.0,1.0,1.0,stable,10.0,1,,[],0.9952,"mean(timestamp_quality, missingness_score, sampling_quality, gnss_availability); each in [0,1]; never used to drop a session"
Synchronised V abd S datasets/Uncategorised IOVNB Dataset/S-Dataset/S-Vfa01.csv,VFA01,smartphone,True,11486,1.0,1.0,1.0,1.0,stable,10.0,0,,[],1.0,"mean(timestamp_quality, missingness_score, sampling_quality, gnss_availability); each in [0,1]; never used to drop a session"
Synchronised V abd S datasets/Uncategorised IOVNB Dataset/S-Dataset/S-Vfa02.csv,VFA02,smartphone,True,67523,1.0,1.0,1.0,1.0,stable,10.0,0,,[],1.0,"mean(timestamp_quality, missingness_score, sampling_quality, gnss_availability); each in [0,1]; never used to drop a session"
Synchronised V abd S datasets/Uncategorised IOVNB Dataset/S-Dataset/S-Vta10.csv,VTA10,smartphone,True,1502,1.0,1.0,1.0,1.0,stable,10.0,0,,[],1.0,"mean(timestamp_quality, missingness_score, sampling_quality, gnss_availability); each in [0,1]; never used to drop a session"
Synchronised V abd S datasets/Uncategorised IOVNB Dataset/S-Dataset/S-Vta11.csv,VTA11,smartphone,True,510,1.0,1.0,1.0,1.0,stable,10.0,0,,[],1.0,"mean(timestamp_quality, missingness_score, sampling_quality, gnss_availability); each in [0,1]; never used to drop a session"
Synchronised V abd S datasets/Uncategorised IOVNB Dataset/S-Dataset/S-Vta12.csv,VTA12,smartphone,True,610,1.0,1.0,1.0,1.0,stable,10.0,0,,[],1.0,"mean(timestamp_quality, missingness_score, sampling_quality, gnss_availability); each in [0,1]; never used to drop a session"
Synchronised V abd S datasets/Uncategorised IOVNB Dataset/S-Dataset/S-Vta13.csv,VTA13,smartphone,True,404,1.0,1.0,1.0,1.0,stable,10.0,0,,[],1.0,"mean(timestamp_quality, missingness_score, sampling_quality, gnss_availability); each in [0,1]; never used to drop a session"
Synchronised V abd S datasets/Uncategorised IOVNB Dataset/S-Dataset/S-Vta14.csv,VTA14,smartphone,True,2885,1.0,1.0,1.0,1.0,stable,10.0,0,,[],1.0,"mean(timestamp_quality, missingness_score, sampling_quality, gnss_availability); each in [0,1]; never used to drop a session"
Synchronised V abd S datasets/Uncategorised IOVNB Dataset/S-Dataset/S-Vta15.csv,VTA15,smartphone,True,833,1.0,1.0,1.0,1.0,stable,10.0,0,,[],1.0,"mean(timestamp_quality, missingness_score, sampling_quality, gnss_availability); each in [0,1]; never used to drop a session"
Synchronised V abd S datasets/Uncategorised IOVNB Dataset/S-Dataset/S-Vta16.csv,VTA16,smartphone,True,11335,1.0,1.0,1.0,1.0,stable,10.0,0,,[],1.0,"mean(timestamp_quality, missingness_score, sampling_quality, gnss_availability); each in [0,1]; never used to drop a session"
Synchronised V abd S datasets/Uncategorised IOVNB Dataset/S-Dataset/S-Vta17.csv,VTA17,smartphone,True,4519,1.0,1.0,0.75,1.0,mostly_stable,10.0,0,,[],0.9375,"mean(timestamp_quality, missingness_score, sampling_quality, gnss_availability); each in [0,1]; never used to drop a session"
Synchronised V abd S datasets/Uncategorised IOVNB Dataset/S-Dataset/S-Vta19.csv,VTA19,smartphone,True,292,1.0,1.0,1.0,1.0,stable,10.0,0,,[],1.0,"mean(timestamp_quality, missingness_score, sampling_quality, gnss_availability); each in [0,1]; never used to drop a session"
Synchronised V abd S datasets/Uncategorised IOVNB Dataset/S-Dataset/S-Vta1a.csv,VTA1A,smartphone,True,25676,1.0,1.0,1.0,1.0,stable,10.0,0,,[],1.0,"mean(timestamp_quality, missingness_score, sampling_quality, gnss_availability); each in [0,1]; never used to drop a session"
Synchronised V abd S datasets/Uncategorised IOVNB Dataset/S-Dataset/S-Vta1b.csv,VTA1B,smartphone,True,954,1.0,1.0,1.0,1.0,stable,10.0,0,,[],1.0,"mean(timestamp_quality, missingness_score, sampling_quality, gnss_availability); each in [0,1]; never used to drop a session"
Synchronised V abd S datasets/Uncategorised IOVNB Dataset/S-Dataset/S-Vta2.csv,VTA2,smartphone,True,10991,1.0,1.0,1.0,1.0,stable,10.0,0,,[],1.0,"mean(timestamp_quality, missingness_score, sampling_quality, gnss_availability); each in [0,1]; never used to drop a session"
Synchronised V abd S datasets/Uncategorised IOVNB Dataset/S-Dataset/S-Vta20.csv,VTA20,smartphone,True,3223,1.0,1.0,1.0,1.0,stable,10.0,0,,[],1.0,"mean(timestamp_quality, missingness_score, sampling_quality, gnss_availability); each in [0,1]; never used to drop a session"
Synchronised V abd S datasets/Uncategorised IOVNB Dataset/S-Dataset/S-Vta21.csv,VTA21,smartphone,True,2079,1.0,1.0,1.0,1.0,stable,10.0,0,,[],1.0,"mean(timestamp_quality, missingness_score, sampling_quality, gnss_availability); each in [0,1]; never used to drop a session"
Synchronised V abd S datasets/Uncategorised IOVNB Dataset/S-Dataset/S-Vta22.csv,VTA22,smartphone,True,1564,1.0,1.0,1.0,1.0,stable,10.0,1,,[],1.0,"mean(timestamp_quality, missingness_score, sampling_quality, gnss_availability); each in [0,1]; never used to drop a session"
Synchronised V abd S datasets/Uncategorised IOVNB Dataset/S-Dataset/S-Vta23.csv,VTA23,smartphone,True,1110,1.0,1.0,1.0,1.0,stable,10.0,0,,[],1.0,"mean(timestamp_quality, missingness_score, sampling_quality, gnss_availability); each in [0,1]; never used to drop a session"
Synchronised V abd S datasets/Uncategorised IOVNB Dataset/S-Dataset/S-Vta24.csv,VTA24,smartphone,True,1171,1.0,1.0,1.0,1.0,stable,10.0,0,,[],1.0,"mean(timestamp_quality, missingness_score, sampling_quality, gnss_availability); each in [0,1]; never used to drop a session"
Synchronised V abd S datasets/Uncategorised IOVNB Dataset/S-Dataset/S-Vta25.csv,VTA25,smartphone,True,646,1.0,1.0,1.0,1.0,stable,10.0,1,,[],1.0,"mean(timestamp_quality, missingness_score, sampling_quality, gnss_availability); each in [0,1]; never used to drop a session"
Synchronised V abd S datasets/Uncategorised IOVNB Dataset/S-Dataset/S-Vta26.csv,VTA26,smartphone,True,1935,1.0,1.0,1.0,1.0,stable,10.0,0,,[],1.0,"mean(timestamp_quality, missingness_score, sampling_quality, gnss_availability); each in [0,1]; never used to drop a session"
Synchronised V abd S datasets/Uncategorised IOVNB Dataset/S-Dataset/S-Vta27.csv,VTA27,smartphone,True,2540,1.0,1.0,1.0,1.0,stable,10.0,0,,[],1.0,"mean(timestamp_quality, missingness_score, sampling_quality, gnss_availability); each in [0,1]; never used to drop a session"
Synchronised V abd S datasets/Uncategorised IOVNB Dataset/S-Dataset/S-Vta28.csv,VTA28,smartphone,True,4210,1.0,1.0,1.0,1.0,stable,10.0,0,,[],1.0,"mean(timestamp_quality, missingness_score, sampling_quality, gnss_availability); each in [0,1]; never used to drop a session"
Synchronised V abd S datasets/Uncategorised IOVNB Dataset/S-Dataset/S-Vta29.csv,VTA29,smartphone,True,23705,0.9997,1.0,1.0,1.0,stable,10.0,0,,[],0.9999,"mean(timestamp_quality, missingness_score, sampling_quality, gnss_availability); each in [0,1]; never used to drop a session"
Synchronised V abd S datasets/Uncategorised IOVNB Dataset/S-Dataset/S-Vta3.csv,VTA3,smartphone,True,645,1.0,1.0,1.0,1.0,stable,10.0,0,,[],1.0,"mean(timestamp_quality, missingness_score, sampling_quality, gnss_availability); each in [0,1]; never used to drop a session"
Synchronised V abd S datasets/Uncategorised IOVNB Dataset/S-Dataset/S-Vta30.csv,VTA30,smartphone,True,17136,1.0,1.0,1.0,1.0,stable,10.0,0,,[],1.0,"mean(timestamp_quality, missingness_score, sampling_quality, gnss_availability); each in [0,1]; never used to drop a session"
Synchronised V abd S datasets/Uncategorised IOVNB Dataset/S-Dataset/S-Vta4.csv,VTA4,smartphone,True,1789,1.0,1.0,1.0,1.0,stable,10.0,0,,[],1.0,"mean(timestamp_quality, missingness_score, sampling_quality, gnss_availability); each in [0,1]; never used to drop a session"
Synchronised V abd S datasets/Uncategorised IOVNB Dataset/S-Dataset/S-Vta5.csv,VTA5,smartphone,True,307,1.0,1.0,1.0,1.0,stable,10.0,1,,[],1.0,"mean(timestamp_quality, missingness_score, sampling_quality, gnss_availability); each in [0,1]; never used to drop a session"
Synchronised V abd S datasets/Uncategorised IOVNB Dataset/S-Dataset/S-Vta6.csv,VTA6,smartphone,True,1376,1.0,1.0,1.0,1.0,stable,10.0,0,,[],1.0,"mean(timestamp_quality, missingness_score, sampling_quality, gnss_availability); each in [0,1]; never used to drop a session"
Synchronised V abd S datasets/Uncategorised IOVNB Dataset/S-Dataset/S-Vta7.csv,VTA7,smartphone,True,840,1.0,1.0,1.0,1.0,stable,10.0,0,,[],1.0,"mean(timestamp_quality, missingness_score, sampling_quality, gnss_availability); each in [0,1]; never used to drop a session"
Synchronised V abd S datasets/Uncategorised IOVNB Dataset/S-Dataset/S-Vta8.csv,VTA8,smartphone,True,3676,1.0,1.0,1.0,1.0,stable,10.0,0,,[],1.0,"mean(timestamp_quality, missingness_score, sampling_quality, gnss_availability); each in [0,1]; never used to drop a session"
Synchronised V abd S datasets/Uncategorised IOVNB Dataset/S-Dataset/S-Vta9.csv,VTA9,smartphone,True,156,1.0,1.0,1.0,1.0,stable,10.0,0,,[],1.0,"mean(timestamp_quality, missingness_score, sampling_quality, gnss_availability); each in [0,1]; never used to drop a session"
Synchronised V abd S datasets/Uncategorised IOVNB Dataset/S-Dataset/S-Vtb1.csv,VTB1,smartphone,True,32459,0.6638,1.0,0.1,1.0,severely_irregular,10.0,1,,[],0.6909,"mean(timestamp_quality, missingness_score, sampling_quality, gnss_availability); each in [0,1]; never used to drop a session"
Synchronised V abd S datasets/Uncategorised IOVNB Dataset/S-Dataset/S-Vtb10.csv,VTB10,smartphone,True,196,1.0,1.0,1.0,1.0,stable,10.0,1,,[],1.0,"mean(timestamp_quality, missingness_score, sampling_quality, gnss_availability); each in [0,1]; never used to drop a session"
Synchronised V abd S datasets/Uncategorised IOVNB Dataset/S-Dataset/S-Vtb11.csv,VTB11,smartphone,True,361,1.0,1.0,1.0,1.0,stable,10.0,0,,[],1.0,"mean(timestamp_quality, missingness_score, sampling_quality, gnss_availability); each in [0,1]; never used to drop a session"
Synchronised V abd S datasets/Uncategorised IOVNB Dataset/S-Dataset/S-Vtb12.csv,VTB12,smartphone,True,447,1.0,1.0,1.0,1.0,stable,10.0,0,,[],1.0,"mean(timestamp_quality, missingness_score, sampling_quality, gnss_availability); each in [0,1]; never used to drop a session"
Synchronised V abd S datasets/Uncategorised IOVNB Dataset/S-Dataset/S-Vtb2.csv,VTB2,smartphone,True,5712,1.0,1.0,1.0,1.0,stable,10.0,0,,[],1.0,"mean(timestamp_quality, missingness_score, sampling_quality, gnss_availability); each in [0,1]; never used to drop a session"
Synchronised V abd S datasets/Uncategorised IOVNB Dataset/S-Dataset/S-Vtb3.csv,VTB3,smartphone,True,8240,1.0,1.0,1.0,1.0,stable,10.0,2,,[],1.0,"mean(timestamp_quality, missingness_score, sampling_quality, gnss_availability); each in [0,1]; never used to drop a session"
Synchronised V abd S datasets/Uncategorised IOVNB Dataset/S-Dataset/S-Vtb4.csv,VTB4,smartphone,True,556,1.0,1.0,1.0,1.0,stable,10.0,0,,[],1.0,"mean(timestamp_quality, missingness_score, sampling_quality, gnss_availability); each in [0,1]; never used to drop a session"
Synchronised V abd S datasets/Uncategorised IOVNB Dataset/S-Dataset/S-Vtb5.csv,VTB5,smartphone,True,64388,1.0,1.0,1.0,1.0,stable,10.0,0,,[],1.0,"mean(timestamp_quality, missingness_score, sampling_quality, gnss_availability); each in [0,1]; never used to drop a session"
Synchronised V abd S datasets/Uncategorised IOVNB Dataset/S-Dataset/S-Vtb6.csv,VTB6,smartphone,True,498,1.0,1.0,1.0,1.0,stable,10.0,0,,[],1.0,"mean(timestamp_quality, missingness_score, sampling_quality, gnss_availability); each in [0,1]; never used to drop a session"
Synchronised V abd S datasets/Uncategorised IOVNB Dataset/S-Dataset/S-Vtb7.csv,VTB7,smartphone,True,461,1.0,1.0,1.0,1.0,stable,10.0,0,,[],1.0,"mean(timestamp_quality, missingness_score, sampling_quality, gnss_availability); each in [0,1]; never used to drop a session"
Synchronised V abd S datasets/Uncategorised IOVNB Dataset/S-Dataset/S-Vtb8.csv,VTB8,smartphone,True,668,1.0,1.0,1.0,1.0,stable,10.0,1,,[],1.0,"mean(timestamp_quality, missingness_score, sampling_quality, gnss_availability); each in [0,1]; never used to drop a session"
Synchronised V abd S datasets/Uncategorised IOVNB Dataset/S-Dataset/S-Vtb9.csv,VTB9,smartphone,True,452,1.0,1.0,1.0,1.0,stable,10.0,1,,[],1.0,"mean(timestamp_quality, missingness_score, sampling_quality, gnss_availability); each in [0,1]; never used to drop a session"
Synchronised V abd S datasets/Uncategorised IOVNB Dataset/S-Dataset/S-Vw1.csv,VW1,smartphone,True,20476,1.0,1.0,1.0,1.0,stable,10.0,5,,[],1.0,"mean(timestamp_quality, missingness_score, sampling_quality, gnss_availability); each in [0,1]; never used to drop a session"
Synchronised V abd S datasets/Uncategorised IOVNB Dataset/S-Dataset/S-Vw10.csv,VW10,smartphone,True,652,1.0,1.0,1.0,1.0,stable,10.0,0,,[],1.0,"mean(timestamp_quality, missingness_score, sampling_quality, gnss_availability); each in [0,1]; never used to drop a session"
Synchronised V abd S datasets/Uncategorised IOVNB Dataset/S-Dataset/S-Vw11.csv,VW11,smartphone,True,4909,1.0,1.0,1.0,1.0,stable,10.0,0,,[],1.0,"mean(timestamp_quality, missingness_score, sampling_quality, gnss_availability); each in [0,1]; never used to drop a session"
Synchronised V abd S datasets/Uncategorised IOVNB Dataset/S-Dataset/S-Vw12.csv,VW12,smartphone,True,918,1.0,1.0,1.0,1.0,stable,10.0,0,,[],1.0,"mean(timestamp_quality, missingness_score, sampling_quality, gnss_availability); each in [0,1]; never used to drop a session"
Synchronised V abd S datasets/Uncategorised IOVNB Dataset/S-Dataset/S-Vw13.csv,VW13,smartphone,True,284,1.0,1.0,1.0,1.0,stable,10.0,1,,[],1.0,"mean(timestamp_quality, missingness_score, sampling_quality, gnss_availability); each in [0,1]; never used to drop a session"
Synchronised V abd S datasets/Uncategorised IOVNB Dataset/S-Dataset/S-Vw14a.csv,VW14A,smartphone,True,3138,1.0,1.0,1.0,1.0,stable,10.0,0,,[],1.0,"mean(timestamp_quality, missingness_score, sampling_quality, gnss_availability); each in [0,1]; never used to drop a session"
Synchronised V abd S datasets/Uncategorised IOVNB Dataset/S-Dataset/S-Vw14b.csv,VW14B,smartphone,True,19588,1.0,1.0,1.0,1.0,stable,10.0,0,,[],1.0,"mean(timestamp_quality, missingness_score, sampling_quality, gnss_availability); each in [0,1]; never used to drop a session"
Synchronised V abd S datasets/Uncategorised IOVNB Dataset/S-Dataset/S-Vw14c.csv,VW14C,smartphone,True,15826,1.0,1.0,1.0,1.0,stable,10.0,0,,[],1.0,"mean(timestamp_quality, missingness_score, sampling_quality, gnss_availability); each in [0,1]; never used to drop a session"
Synchronised V abd S datasets/Uncategorised IOVNB Dataset/S-Dataset/S-Vw15.csv,VW15,smartphone,True,1380,1.0,1.0,1.0,1.0,stable,10.0,5,,[],1.0,"mean(timestamp_quality, missingness_score, sampling_quality, gnss_availability); each in [0,1]; never used to drop a session"
Synchronised V abd S datasets/Uncategorised IOVNB Dataset/S-Dataset/S-Vw16a.csv,VW16A,smartphone,True,5879,1.0,1.0,1.0,1.0,stable,10.0,0,,[],1.0,"mean(timestamp_quality, missingness_score, sampling_quality, gnss_availability); each in [0,1]; never used to drop a session"
Synchronised V abd S datasets/Uncategorised IOVNB Dataset/S-Dataset/S-Vw16b.csv,VW16B,smartphone,True,1126,1.0,1.0,1.0,1.0,stable,10.0,0,,[],1.0,"mean(timestamp_quality, missingness_score, sampling_quality, gnss_availability); each in [0,1]; never used to drop a session"
Synchronised V abd S datasets/Uncategorised IOVNB Dataset/S-Dataset/S-Vw17.csv,VW17,smartphone,True,329,1.0,1.0,1.0,1.0,stable,10.0,1,,[],1.0,"mean(timestamp_quality, missingness_score, sampling_quality, gnss_availability); each in [0,1]; never used to drop a session"
Synchronised V abd S datasets/Uncategorised IOVNB Dataset/S-Dataset/S-Vw2.csv,VW2,smartphone,True,52713,1.0,1.0,1.0,1.0,stable,10.0,0,,[],1.0,"mean(timestamp_quality, missingness_score, sampling_quality, gnss_availability); each in [0,1]; never used to drop a session"
Synchronised V abd S datasets/Uncategorised IOVNB Dataset/S-Dataset/S-Vw3.csv,VW3,smartphone,True,3861,1.0,1.0,1.0,1.0,stable,10.0,0,,[],1.0,"mean(timestamp_quality, missingness_score, sampling_quality, gnss_availability); each in [0,1]; never used to drop a session"
Synchronised V abd S datasets/Uncategorised IOVNB Dataset/S-Dataset/S-Vw4.csv,VW4,smartphone,True,126526,1.0,1.0,1.0,1.0,stable,10.0,0,,[],1.0,"mean(timestamp_quality, missingness_score, sampling_quality, gnss_availability); each in [0,1]; never used to drop a session"
Synchronised V abd S datasets/Uncategorised IOVNB Dataset/S-Dataset/S-Vw5.csv,VW5,smartphone,True,1012,1.0,1.0,1.0,1.0,stable,10.0,0,,[],1.0,"mean(timestamp_quality, missingness_score, sampling_quality, gnss_availability); each in [0,1]; never used to drop a session"
Synchronised V abd S datasets/Uncategorised IOVNB Dataset/S-Dataset/S-Vw6.csv,VW6,smartphone,True,1281,1.0,1.0,1.0,1.0,stable,10.0,0,,[],1.0,"mean(timestamp_quality, missingness_score, sampling_quality, gnss_availability); each in [0,1]; never used to drop a session"
Synchronised V abd S datasets/Uncategorised IOVNB Dataset/S-Dataset/S-Vw7.csv,VW7,smartphone,True,1602,1.0,1.0,1.0,1.0,stable,10.0,0,,[],1.0,"mean(timestamp_quality, missingness_score, sampling_quality, gnss_availability); each in [0,1]; never used to drop a session"
Synchronised V abd S datasets/Uncategorised IOVNB Dataset/S-Dataset/S-Vw8.csv,VW8,smartphone,True,1529,1.0,1.0,1.0,1.0,stable,10.0,0,,[],1.0,"mean(timestamp_quality, missingness_score, sampling_quality, gnss_availability); each in [0,1]; never used to drop a session"
Synchronised V abd S datasets/Uncategorised IOVNB Dataset/S-Dataset/S-Vw9.csv,VW9,smartphone,True,552,1.0,1.0,1.0,1.0,stable,10.0,0,,[],1.0,"mean(timestamp_quality, missingness_score, sampling_quality, gnss_availability); each in [0,1]; never used to drop a session"
Synchronised V abd S datasets/Uncategorised IOVNB Dataset/S-Dataset/S-Y1.csv,Y1,smartphone,True,70285,0.9999,1.0,1.0,1.0,stable,10.0,0,,[],1.0,"mean(timestamp_quality, missingness_score, sampling_quality, gnss_availability); each in [0,1]; never used to drop a session"
Synchronised V abd S datasets/Uncategorised IOVNB Dataset/V-Dataset/V-M.csv,M,vehicle,True,105974,1.0,1.0,1.0,1.0,stable,10.0,0,,[],1.0,"mean(timestamp_quality, missingness_score, sampling_quality, gnss_availability); each in [0,1]; never used to drop a session"
Synchronised V abd S datasets/Uncategorised IOVNB Dataset/V-Dataset/V-S1.csv,S1,vehicle,True,51746,1.0,1.0,1.0,1.0,stable,10.0,0,,[],1.0,"mean(timestamp_quality, missingness_score, sampling_quality, gnss_availability); each in [0,1]; never used to drop a session"
Synchronised V abd S datasets/Uncategorised IOVNB Dataset/V-Dataset/V-S2.csv,S2,vehicle,True,93876,1.0,1.0,1.0,1.0,stable,10.0,0,,[],1.0,"mean(timestamp_quality, missingness_score, sampling_quality, gnss_availability); each in [0,1]; never used to drop a session"
Synchronised V abd S datasets/Uncategorised IOVNB Dataset/V-Dataset/V-S3a.csv,S3A,vehicle,True,24621,1.0,1.0,1.0,1.0,stable,10.0,0,,[],1.0,"mean(timestamp_quality, missingness_score, sampling_quality, gnss_availability); each in [0,1]; never used to drop a session"
Synchronised V abd S datasets/Uncategorised IOVNB Dataset/V-Dataset/V-S3b.csv,S3B,vehicle,True,6813,1.0,1.0,1.0,1.0,stable,10.0,0,,[],1.0,"mean(timestamp_quality, missingness_score, sampling_quality, gnss_availability); each in [0,1]; never used to drop a session"
Synchronised V abd S datasets/Uncategorised IOVNB Dataset/V-Dataset/V-S3c.csv,S3C,vehicle,True,37183,1.0,1.0,1.0,1.0,stable,10.0,0,,[],1.0,"mean(timestamp_quality, missingness_score, sampling_quality, gnss_availability); each in [0,1]; never used to drop a session"
Synchronised V abd S datasets/Uncategorised IOVNB Dataset/V-Dataset/V-S4.csv,S4,vehicle,True,94600,1.0,1.0,1.0,1.0,stable,10.0,0,,[],1.0,"mean(timestamp_quality, missingness_score, sampling_quality, gnss_availability); each in [0,1]; never used to drop a session"
Synchronised V abd S datasets/Uncategorised IOVNB Dataset/V-Dataset/V-Vfa01.csv,VFA01,vehicle,True,11535,1.0,1.0,1.0,1.0,stable,10.0,0,,[],1.0,"mean(timestamp_quality, missingness_score, sampling_quality, gnss_availability); each in [0,1]; never used to drop a session"
Synchronised V abd S datasets/Uncategorised IOVNB Dataset/V-Dataset/V-Vfa02.csv,VFA02,vehicle,True,67755,1.0,1.0,1.0,1.0,stable,10.0,0,,[],1.0,"mean(timestamp_quality, missingness_score, sampling_quality, gnss_availability); each in [0,1]; never used to drop a session"
Synchronised V abd S datasets/Uncategorised IOVNB Dataset/V-Dataset/V-vta10.csv,VTA10,vehicle,True,1502,1.0,1.0,1.0,1.0,stable,10.0,0,,[],1.0,"mean(timestamp_quality, missingness_score, sampling_quality, gnss_availability); each in [0,1]; never used to drop a session"
Synchronised V abd S datasets/Uncategorised IOVNB Dataset/V-Dataset/V-vta11.csv,VTA11,vehicle,True,510,1.0,1.0,1.0,1.0,stable,10.0,0,,[],1.0,"mean(timestamp_quality, missingness_score, sampling_quality, gnss_availability); each in [0,1]; never used to drop a session"
Synchronised V abd S datasets/Uncategorised IOVNB Dataset/V-Dataset/V-vta12.csv,VTA12,vehicle,True,610,1.0,1.0,1.0,1.0,stable,10.0,1,,[],1.0,"mean(timestamp_quality, missingness_score, sampling_quality, gnss_availability); each in [0,1]; never used to drop a session"
Synchronised V abd S datasets/Uncategorised IOVNB Dataset/V-Dataset/V-vta13.csv,VTA13,vehicle,True,404,1.0,1.0,1.0,1.0,stable,10.0,1,,[],1.0,"mean(timestamp_quality, missingness_score, sampling_quality, gnss_availability); each in [0,1]; never used to drop a session"
Synchronised V abd S datasets/Uncategorised IOVNB Dataset/V-Dataset/V-vta14.csv,VTA14,vehicle,True,2885,1.0,1.0,1.0,1.0,stable,10.0,1,,[],1.0,"mean(timestamp_quality, missingness_score, sampling_quality, gnss_availability); each in [0,1]; never used to drop a session"
Synchronised V abd S datasets/Uncategorised IOVNB Dataset/V-Dataset/V-vta15.csv,VTA15,vehicle,True,833,1.0,1.0,1.0,1.0,stable,10.0,1,,[],1.0,"mean(timestamp_quality, missingness_score, sampling_quality, gnss_availability); each in [0,1]; never used to drop a session"
Synchronised V abd S datasets/Uncategorised IOVNB Dataset/V-Dataset/V-vta16.csv,VTA16,vehicle,True,11335,1.0,1.0,1.0,1.0,stable,10.0,0,,[],1.0,"mean(timestamp_quality, missingness_score, sampling_quality, gnss_availability); each in [0,1]; never used to drop a session"
Synchronised V abd S datasets/Uncategorised IOVNB Dataset/V-Dataset/V-vta17.csv,VTA17,vehicle,True,4519,1.0,1.0,1.0,1.0,stable,10.0,0,,[],1.0,"mean(timestamp_quality, missingness_score, sampling_quality, gnss_availability); each in [0,1]; never used to drop a session"
Synchronised V abd S datasets/Uncategorised IOVNB Dataset/V-Dataset/V-vta19.csv,VTA19,vehicle,True,292,1.0,1.0,1.0,1.0,stable,10.0,0,,[],1.0,"mean(timestamp_quality, missingness_score, sampling_quality, gnss_availability); each in [0,1]; never used to drop a session"
Synchronised V abd S datasets/Uncategorised IOVNB Dataset/V-Dataset/V-Vta1a.csv,VTA1A,vehicle,True,25676,1.0,1.0,1.0,1.0,stable,10.0,0,,[],1.0,"mean(timestamp_quality, missingness_score, sampling_quality, gnss_availability); each in [0,1]; never used to drop a session"
Synchronised V abd S datasets/Uncategorised IOVNB Dataset/V-Dataset/V-Vta1b.csv,VTA1B,vehicle,True,953,1.0,1.0,1.0,1.0,stable,10.0,1,,[],1.0,"mean(timestamp_quality, missingness_score, sampling_quality, gnss_availability); each in [0,1]; never used to drop a session"
Synchronised V abd S datasets/Uncategorised IOVNB Dataset/V-Dataset/V-vta2.csv,VTA2,vehicle,True,10991,1.0,1.0,1.0,1.0,stable,10.0,0,,[],1.0,"mean(timestamp_quality, missingness_score, sampling_quality, gnss_availability); each in [0,1]; never used to drop a session"
Synchronised V abd S datasets/Uncategorised IOVNB Dataset/V-Dataset/V-vta20.csv,VTA20,vehicle,True,3223,1.0,1.0,1.0,1.0,stable,10.0,0,,[],1.0,"mean(timestamp_quality, missingness_score, sampling_quality, gnss_availability); each in [0,1]; never used to drop a session"
Synchronised V abd S datasets/Uncategorised IOVNB Dataset/V-Dataset/V-vta21.csv,VTA21,vehicle,True,2079,1.0,1.0,1.0,1.0,stable,10.0,0,,[],1.0,"mean(timestamp_quality, missingness_score, sampling_quality, gnss_availability); each in [0,1]; never used to drop a session"
Synchronised V abd S datasets/Uncategorised IOVNB Dataset/V-Dataset/V-vta22.csv,VTA22,vehicle,True,1564,1.0,1.0,1.0,1.0,stable,10.0,0,,[],1.0,"mean(timestamp_quality, missingness_score, sampling_quality, gnss_availability); each in [0,1]; never used to drop a session"
Synchronised V abd S datasets/Uncategorised IOVNB Dataset/V-Dataset/V-vta23.csv,VTA23,vehicle,True,1110,1.0,1.0,1.0,1.0,stable,10.0,0,,[],1.0,"mean(timestamp_quality, missingness_score, sampling_quality, gnss_availability); each in [0,1]; never used to drop a session"
Synchronised V abd S datasets/Uncategorised IOVNB Dataset/V-Dataset/V-vta24.csv,VTA24,vehicle,True,1171,1.0,1.0,1.0,1.0,stable,10.0,0,,[],1.0,"mean(timestamp_quality, missingness_score, sampling_quality, gnss_availability); each in [0,1]; never used to drop a session"
Synchronised V abd S datasets/Uncategorised IOVNB Dataset/V-Dataset/V-vta25.csv,VTA25,vehicle,True,646,1.0,1.0,1.0,1.0,stable,10.0,0,,[],1.0,"mean(timestamp_quality, missingness_score, sampling_quality, gnss_availability); each in [0,1]; never used to drop a session"
Synchronised V abd S datasets/Uncategorised IOVNB Dataset/V-Dataset/V-vta26.csv,VTA26,vehicle,True,1935,1.0,1.0,1.0,1.0,stable,10.0,0,,[],1.0,"mean(timestamp_quality, missingness_score, sampling_quality, gnss_availability); each in [0,1]; never used to drop a session"
Synchronised V abd S datasets/Uncategorised IOVNB Dataset/V-Dataset/V-vta27.csv,VTA27,vehicle,True,2540,1.0,1.0,1.0,1.0,stable,10.0,0,,[],1.0,"mean(timestamp_quality, missingness_score, sampling_quality, gnss_availability); each in [0,1]; never used to drop a session"
Synchronised V abd S datasets/Uncategorised IOVNB Dataset/V-Dataset/V-vta28.csv,VTA28,vehicle,True,4210,1.0,1.0,1.0,1.0,stable,10.0,0,,[],1.0,"mean(timestamp_quality, missingness_score, sampling_quality, gnss_availability); each in [0,1]; never used to drop a session"
Synchronised V abd S datasets/Uncategorised IOVNB Dataset/V-Dataset/V-vta29.csv,VTA29,vehicle,True,23705,1.0,1.0,1.0,1.0,stable,10.0,1,,[],1.0,"mean(timestamp_quality, missingness_score, sampling_quality, gnss_availability); each in [0,1]; never used to drop a session"
Synchronised V abd S datasets/Uncategorised IOVNB Dataset/V-Dataset/V-vta3.csv,VTA3,vehicle,True,645,1.0,1.0,1.0,1.0,stable,10.0,0,,[],1.0,"mean(timestamp_quality, missingness_score, sampling_quality, gnss_availability); each in [0,1]; never used to drop a session"
Synchronised V abd S datasets/Uncategorised IOVNB Dataset/V-Dataset/V-vta30.csv,VTA30,vehicle,True,17136,1.0,1.0,1.0,1.0,stable,10.0,1,,[],1.0,"mean(timestamp_quality, missingness_score, sampling_quality, gnss_availability); each in [0,1]; never used to drop a session"
Synchronised V abd S datasets/Uncategorised IOVNB Dataset/V-Dataset/V-vta4.csv,VTA4,vehicle,True,1789,1.0,1.0,1.0,1.0,stable,10.0,0,,[],1.0,"mean(timestamp_quality, missingness_score, sampling_quality, gnss_availability); each in [0,1]; never used to drop a session"
Synchronised V abd S datasets/Uncategorised IOVNB Dataset/V-Dataset/V-vta5.csv,VTA5,vehicle,True,307,1.0,1.0,1.0,1.0,stable,10.0,0,,[],1.0,"mean(timestamp_quality, missingness_score, sampling_quality, gnss_availability); each in [0,1]; never used to drop a session"
Synchronised V abd S datasets/Uncategorised IOVNB Dataset/V-Dataset/V-vta6.csv,VTA6,vehicle,True,1376,1.0,1.0,1.0,1.0,stable,10.0,1,,[],1.0,"mean(timestamp_quality, missingness_score, sampling_quality, gnss_availability); each in [0,1]; never used to drop a session"
Synchronised V abd S datasets/Uncategorised IOVNB Dataset/V-Dataset/V-vta7.csv,VTA7,vehicle,True,840,1.0,1.0,1.0,1.0,stable,10.0,0,,[],1.0,"mean(timestamp_quality, missingness_score, sampling_quality, gnss_availability); each in [0,1]; never used to drop a session"
Synchronised V abd S datasets/Uncategorised IOVNB Dataset/V-Dataset/V-vta8.csv,VTA8,vehicle,True,3676,1.0,1.0,1.0,1.0,stable,10.0,0,,[],1.0,"mean(timestamp_quality, missingness_score, sampling_quality, gnss_availability); each in [0,1]; never used to drop a session"
Synchronised V abd S datasets/Uncategorised IOVNB Dataset/V-Dataset/V-vta9.csv,VTA9,vehicle,True,156,1.0,1.0,1.0,1.0,stable,10.0,1,,[],1.0,"mean(timestamp_quality, missingness_score, sampling_quality, gnss_availability); each in [0,1]; never used to drop a session"
Synchronised V abd S datasets/Uncategorised IOVNB Dataset/V-Dataset/V-vtb1.csv,VTB1,vehicle,True,32459,1.0,1.0,1.0,1.0,stable,10.0,0,,[],1.0,"mean(timestamp_quality, missingness_score, sampling_quality, gnss_availability); each in [0,1]; never used to drop a session"
Synchronised V abd S datasets/Uncategorised IOVNB Dataset/V-Dataset/V-vtb10.csv,VTB10,vehicle,True,195,1.0,1.0,1.0,1.0,stable,10.0,0,,[],1.0,"mean(timestamp_quality, missingness_score, sampling_quality, gnss_availability); each in [0,1]; never used to drop a session"
Synchronised V abd S datasets/Uncategorised IOVNB Dataset/V-Dataset/V-vtb11.csv,VTB11,vehicle,True,361,1.0,1.0,1.0,1.0,stable,10.0,1,,[],1.0,"mean(timestamp_quality, missingness_score, sampling_quality, gnss_availability); each in [0,1]; never used to drop a session"
Synchronised V abd S datasets/Uncategorised IOVNB Dataset/V-Dataset/V-vtb12.csv,VTB12,vehicle,True,447,1.0,1.0,1.0,1.0,stable,10.0,0,,[],1.0,"mean(timestamp_quality, missingness_score, sampling_quality, gnss_availability); each in [0,1]; never used to drop a session"
Synchronised V abd S datasets/Uncategorised IOVNB Dataset/V-Dataset/V-vtb2.csv,VTB2,vehicle,True,5712,0.9996,1.0,1.0,1.0,stable,10.0,0,,[],0.9999,"mean(timestamp_quality, missingness_score, sampling_quality, gnss_availability); each in [0,1]; never used to drop a session"
Synchronised V abd S datasets/Uncategorised IOVNB Dataset/V-Dataset/V-vtb3.csv,VTB3,vehicle,True,8240,1.0,1.0,1.0,1.0,stable,10.0,0,,[],1.0,"mean(timestamp_quality, missingness_score, sampling_quality, gnss_availability); each in [0,1]; never used to drop a session"
Synchronised V abd S datasets/Uncategorised IOVNB Dataset/V-Dataset/V-vtb4.csv,VTB4,vehicle,True,556,1.0,1.0,1.0,1.0,stable,10.0,0,,[],1.0,"mean(timestamp_quality, missingness_score, sampling_quality, gnss_availability); each in [0,1]; never used to drop a session"
Synchronised V abd S datasets/Uncategorised IOVNB Dataset/V-Dataset/V-vtb5.csv,VTB5,vehicle,True,64388,1.0,1.0,1.0,1.0,stable,10.0,0,,[],1.0,"mean(timestamp_quality, missingness_score, sampling_quality, gnss_availability); each in [0,1]; never used to drop a session"
Synchronised V abd S datasets/Uncategorised IOVNB Dataset/V-Dataset/V-vtb6.csv,VTB6,vehicle,True,498,1.0,1.0,1.0,1.0,stable,10.0,1,,[],1.0,"mean(timestamp_quality, missingness_score, sampling_quality, gnss_availability); each in [0,1]; never used to drop a session"
Synchronised V abd S datasets/Uncategorised IOVNB Dataset/V-Dataset/V-vtb7.csv,VTB7,vehicle,True,461,1.0,1.0,1.0,1.0,stable,10.0,0,,[],1.0,"mean(timestamp_quality, missingness_score, sampling_quality, gnss_availability); each in [0,1]; never used to drop a session"
Synchronised V abd S datasets/Uncategorised IOVNB Dataset/V-Dataset/V-vtb8.csv,VTB8,vehicle,True,668,1.0,1.0,1.0,1.0,stable,10.0,1,,[],1.0,"mean(timestamp_quality, missingness_score, sampling_quality, gnss_availability); each in [0,1]; never used to drop a session"
Synchronised V abd S datasets/Uncategorised IOVNB Dataset/V-Dataset/V-vtb9.csv,VTB9,vehicle,True,452,1.0,1.0,1.0,1.0,stable,10.0,1,,[],1.0,"mean(timestamp_quality, missingness_score, sampling_quality, gnss_availability); each in [0,1]; never used to drop a session"
Synchronised V abd S datasets/Uncategorised IOVNB Dataset/V-Dataset/V-Vw1.csv,VW1,vehicle,True,20475,1.0,1.0,1.0,1.0,stable,10.0,2,,[],1.0,"mean(timestamp_quality, missingness_score, sampling_quality, gnss_availability); each in [0,1]; never used to drop a session"
Synchronised V abd S datasets/Uncategorised IOVNB Dataset/V-Dataset/V-Vw10.csv,VW10,vehicle,True,652,1.0,1.0,1.0,1.0,stable,10.0,0,,[],1.0,"mean(timestamp_quality, missingness_score, sampling_quality, gnss_availability); each in [0,1]; never used to drop a session"
Synchronised V abd S datasets/Uncategorised IOVNB Dataset/V-Dataset/V-Vw11.csv,VW11,vehicle,True,4909,1.0,1.0,1.0,1.0,stable,10.0,0,,[],1.0,"mean(timestamp_quality, missingness_score, sampling_quality, gnss_availability); each in [0,1]; never used to drop a session"
Synchronised V abd S datasets/Uncategorised IOVNB Dataset/V-Dataset/V-Vw12.csv,VW12,vehicle,True,918,1.0,1.0,1.0,1.0,stable,10.0,0,,[],1.0,"mean(timestamp_quality, missingness_score, sampling_quality, gnss_availability); each in [0,1]; never used to drop a session"
Synchronised V abd S datasets/Uncategorised IOVNB Dataset/V-Dataset/V-Vw13.csv,VW13,vehicle,True,284,1.0,1.0,1.0,1.0,stable,10.0,0,,[],1.0,"mean(timestamp_quality, missingness_score, sampling_quality, gnss_availability); each in [0,1]; never used to drop a session"
Synchronised V abd S datasets/Uncategorised IOVNB Dataset/V-Dataset/V-Vw14a.csv,VW14A,vehicle,True,3138,1.0,1.0,1.0,1.0,stable,10.0,0,,[],1.0,"mean(timestamp_quality, missingness_score, sampling_quality, gnss_availability); each in [0,1]; never used to drop a session"
Synchronised V abd S datasets/Uncategorised IOVNB Dataset/V-Dataset/V-Vw14b.csv,VW14B,vehicle,True,19588,1.0,1.0,1.0,1.0,stable,10.0,0,,[],1.0,"mean(timestamp_quality, missingness_score, sampling_quality, gnss_availability); each in [0,1]; never used to drop a session"
Synchronised V abd S datasets/Uncategorised IOVNB Dataset/V-Dataset/V-Vw14c.csv,VW14C,vehicle,True,15826,1.0,1.0,1.0,1.0,stable,10.0,0,,[],1.0,"mean(timestamp_quality, missingness_score, sampling_quality, gnss_availability); each in [0,1]; never used to drop a session"
Synchronised V abd S datasets/Uncategorised IOVNB Dataset/V-Dataset/V-Vw15.csv,VW15,vehicle,True,1391,1.0,1.0,1.0,1.0,stable,10.0,1,,[],1.0,"mean(timestamp_quality, missingness_score, sampling_quality, gnss_availability); each in [0,1]; never used to drop a session"
Synchronised V abd S datasets/Uncategorised IOVNB Dataset/V-Dataset/V-Vw16a.csv,VW16A,vehicle,True,5879,1.0,1.0,1.0,1.0,stable,10.0,0,,[],1.0,"mean(timestamp_quality, missingness_score, sampling_quality, gnss_availability); each in [0,1]; never used to drop a session"
Synchronised V abd S datasets/Uncategorised IOVNB Dataset/V-Dataset/V-Vw16b.csv,VW16B,vehicle,True,1126,1.0,1.0,1.0,1.0,stable,10.0,0,,[],1.0,"mean(timestamp_quality, missingness_score, sampling_quality, gnss_availability); each in [0,1]; never used to drop a session"
Synchronised V abd S datasets/Uncategorised IOVNB Dataset/V-Dataset/V-Vw17.csv,VW17,vehicle,True,329,1.0,1.0,1.0,1.0,stable,10.0,1,,[],1.0,"mean(timestamp_quality, missingness_score, sampling_quality, gnss_availability); each in [0,1]; never used to drop a session"
Synchronised V abd S datasets/Uncategorised IOVNB Dataset/V-Dataset/V-Vw2.csv,VW2,vehicle,True,52712,1.0,1.0,1.0,1.0,stable,10.0,0,,[],1.0,"mean(timestamp_quality, missingness_score, sampling_quality, gnss_availability); each in [0,1]; never used to drop a session"
Synchronised V abd S datasets/Uncategorised IOVNB Dataset/V-Dataset/V-Vw3.csv,VW3,vehicle,True,3861,1.0,1.0,1.0,1.0,stable,10.0,0,,[],1.0,"mean(timestamp_quality, missingness_score, sampling_quality, gnss_availability); each in [0,1]; never used to drop a session"
Synchronised V abd S datasets/Uncategorised IOVNB Dataset/V-Dataset/V-Vw4.csv,VW4,vehicle,True,126527,1.0,1.0,1.0,1.0,stable,10.0,0,,[],1.0,"mean(timestamp_quality, missingness_score, sampling_quality, gnss_availability); each in [0,1]; never used to drop a session"
Synchronised V abd S datasets/Uncategorised IOVNB Dataset/V-Dataset/V-Vw5.csv,VW5,vehicle,True,1012,1.0,1.0,1.0,1.0,stable,10.0,0,,[],1.0,"mean(timestamp_quality, missingness_score, sampling_quality, gnss_availability); each in [0,1]; never used to drop a session"
Synchronised V abd S datasets/Uncategorised IOVNB Dataset/V-Dataset/V-Vw6.csv,VW6,vehicle,True,1281,1.0,1.0,1.0,1.0,stable,10.0,0,,[],1.0,"mean(timestamp_quality, missingness_score, sampling_quality, gnss_availability); each in [0,1]; never used to drop a session"
Synchronised V abd S datasets/Uncategorised IOVNB Dataset/V-Dataset/V-Vw7.csv,VW7,vehicle,True,1602,1.0,1.0,1.0,1.0,stable,10.0,0,,[],1.0,"mean(timestamp_quality, missingness_score, sampling_quality, gnss_availability); each in [0,1]; never used to drop a session"
Synchronised V abd S datasets/Uncategorised IOVNB Dataset/V-Dataset/V-Vw8.csv,VW8,vehicle,True,1529,1.0,1.0,1.0,1.0,stable,10.0,0,,[],1.0,"mean(timestamp_quality, missingness_score, sampling_quality, gnss_availability); each in [0,1]; never used to drop a session"
Synchronised V abd S datasets/Uncategorised IOVNB Dataset/V-Dataset/V-Vw9.csv,VW9,vehicle,True,553,1.0,1.0,1.0,1.0,stable,10.0,0,,[],1.0,"mean(timestamp_quality, missingness_score, sampling_quality, gnss_availability); each in [0,1]; never used to drop a session"
Synchronised V abd S datasets/Uncategorised IOVNB Dataset/V-Dataset/V-Y1.csv,Y1,vehicle,True,70285,1.0,1.0,0.1,1.0,severely_irregular,10.0,0,,[],0.775,"mean(timestamp_quality, missingness_score, sampling_quality, gnss_availability); each in [0,1]; never used to drop a session"
Unsynchronised V and S Dataset/Categorised IOVNB (V) Dataset/V Dataset/M (Driver B)/V-M.csv,M,vehicle,True,105995,1.0,1.0,1.0,1.0,stable,10.0,0,,[],1.0,"mean(timestamp_quality, missingness_score, sampling_quality, gnss_availability); each in [0,1]; never used to drop a session"
Unsynchronised V and S Dataset/Categorised IOVNB (V) Dataset/V Dataset/S (Driver A)/S1/V-S1.csv,S1,vehicle,True,51790,1.0,1.0,1.0,1.0,stable,10.0,0,,[],1.0,"mean(timestamp_quality, missingness_score, sampling_quality, gnss_availability); each in [0,1]; never used to drop a session"
Unsynchronised V and S Dataset/Categorised IOVNB (V) Dataset/V Dataset/S (Driver A)/S2/V-S2.csv,S2,vehicle,True,93900,1.0,1.0,1.0,1.0,stable,10.0,0,,[],1.0,"mean(timestamp_quality, missingness_score, sampling_quality, gnss_availability); each in [0,1]; never used to drop a session"
Unsynchronised V and S Dataset/Categorised IOVNB (V) Dataset/V Dataset/S (Driver A)/S3a/V-S3a.csv,S3A,vehicle,True,24660,1.0,1.0,1.0,1.0,stable,10.0,0,,[],1.0,"mean(timestamp_quality, missingness_score, sampling_quality, gnss_availability); each in [0,1]; never used to drop a session"
Unsynchronised V and S Dataset/Categorised IOVNB (V) Dataset/V Dataset/S (Driver A)/S3b/V-S3b.csv,S3B,vehicle,True,6840,1.0,1.0,1.0,1.0,stable,10.0,0,,[],1.0,"mean(timestamp_quality, missingness_score, sampling_quality, gnss_availability); each in [0,1]; never used to drop a session"
Unsynchronised V and S Dataset/Categorised IOVNB (V) Dataset/V Dataset/S (Driver A)/S3c/V-S3c.csv,S3C,vehicle,True,37220,1.0,1.0,1.0,1.0,stable,10.0,0,,[],1.0,"mean(timestamp_quality, missingness_score, sampling_quality, gnss_availability); each in [0,1]; never used to drop a session"
Unsynchronised V and S Dataset/Categorised IOVNB (V) Dataset/V Dataset/S (Driver A)/S4/V-S4.csv,S4,vehicle,True,97824,1.0,1.0,1.0,1.0,stable,10.0,0,,[],1.0,"mean(timestamp_quality, missingness_score, sampling_quality, gnss_availability); each in [0,1]; never used to drop a session"
Unsynchronised V and S Dataset/Categorised IOVNB (V) Dataset/V Dataset/St (Driver C)/St1/V-St1.csv,ST1,vehicle,True,57213,1.0,1.0,1.0,1.0,stable,10.0,0,,[],1.0,"mean(timestamp_quality, missingness_score, sampling_quality, gnss_availability); each in [0,1]; never used to drop a session"
Unsynchronised V and S Dataset/Categorised IOVNB (V) Dataset/V Dataset/St (Driver C)/St4/V-St4.csv,ST4,vehicle,True,13591,0.9999,1.0,1.0,1.0,stable,10.0,0,,[],1.0,"mean(timestamp_quality, missingness_score, sampling_quality, gnss_availability); each in [0,1]; never used to drop a session"
Unsynchronised V and S Dataset/Categorised IOVNB (V) Dataset/V Dataset/St (Driver C)/St6/V-St6.csv,ST6,vehicle,True,51360,1.0,1.0,1.0,1.0,stable,10.0,0,,[],1.0,"mean(timestamp_quality, missingness_score, sampling_quality, gnss_availability); each in [0,1]; never used to drop a session"
Unsynchronised V and S Dataset/Categorised IOVNB (V) Dataset/V Dataset/St (Driver C)/St7/V-St7.csv,ST7,vehicle,True,44427,0.9797,1.0,0.4,1.0,irregular,10.0,0,,[],0.8449,"mean(timestamp_quality, missingness_score, sampling_quality, gnss_availability); each in [0,1]; never used to drop a session"
Unsynchronised V and S Dataset/Categorised IOVNB (V) Dataset/V Dataset/Vf (Driver E)/V-Vfa01/V-Vfa01.csv,VFA01,vehicle,True,11535,1.0,1.0,1.0,1.0,stable,10.0,0,,[],1.0,"mean(timestamp_quality, missingness_score, sampling_quality, gnss_availability); each in [0,1]; never used to drop a session"
Unsynchronised V and S Dataset/Categorised IOVNB (V) Dataset/V Dataset/Vf (Driver E)/V-Vfa02/V-Vfa02.csv,VFA02,vehicle,True,67755,1.0,1.0,1.0,1.0,stable,10.0,0,,[],1.0,"mean(timestamp_quality, missingness_score, sampling_quality, gnss_availability); each in [0,1]; never used to drop a session"
Unsynchronised V and S Dataset/Categorised IOVNB (V) Dataset/V Dataset/Vf (Driver E)/V-Vfb01a/V-Vfb01a.csv,VFB01A,vehicle,True,17000,1.0,1.0,1.0,1.0,stable,10.0,0,,[],1.0,"mean(timestamp_quality, missingness_score, sampling_quality, gnss_availability); each in [0,1]; never used to drop a session"
Unsynchronised V and S Dataset/Categorised IOVNB (V) Dataset/V Dataset/Vf (Driver E)/V-Vfb01b/V-Vfb01b.csv,VFB01B,vehicle,True,3880,1.0,1.0,1.0,1.0,stable,10.0,0,,[],1.0,"mean(timestamp_quality, missingness_score, sampling_quality, gnss_availability); each in [0,1]; never used to drop a session"
Unsynchronised V and S Dataset/Categorised IOVNB (V) Dataset/V Dataset/Vf (Driver E)/V-Vfb01c/V-Vfb01c.csv,VFB01C,vehicle,True,6320,1.0,1.0,1.0,1.0,stable,10.0,0,,[],1.0,"mean(timestamp_quality, missingness_score, sampling_quality, gnss_availability); each in [0,1]; never used to drop a session"
Unsynchronised V and S Dataset/Categorised IOVNB (V) Dataset/V Dataset/Vf (Driver E)/V-Vfb01d/V-Vfb01d.csv,VFB01D,vehicle,True,10713,1.0,1.0,1.0,1.0,stable,10.0,0,,[],1.0,"mean(timestamp_quality, missingness_score, sampling_quality, gnss_availability); each in [0,1]; never used to drop a session"
Unsynchronised V and S Dataset/Categorised IOVNB (V) Dataset/V Dataset/Vf (Driver E)/V-Vfb02a/V-Vfb02a.csv,VFB02A,vehicle,True,35960,1.0,1.0,1.0,1.0,stable,10.0,0,,[],1.0,"mean(timestamp_quality, missingness_score, sampling_quality, gnss_availability); each in [0,1]; never used to drop a session"
Unsynchronised V and S Dataset/Categorised IOVNB (V) Dataset/V Dataset/Vf (Driver E)/V-Vfb02b/V-Vfb02b.csv,VFB02B,vehicle,True,11000,1.0,1.0,1.0,1.0,stable,10.0,0,,[],1.0,"mean(timestamp_quality, missingness_score, sampling_quality, gnss_availability); each in [0,1]; never used to drop a session"
Unsynchronised V and S Dataset/Categorised IOVNB (V) Dataset/V Dataset/Vf (Driver E)/V-Vfb02c/V-Vfb02c.csv,VFB02C,vehicle,True,640,1.0,1.0,1.0,1.0,stable,10.0,0,,[],1.0,"mean(timestamp_quality, missingness_score, sampling_quality, gnss_availability); each in [0,1]; never used to drop a session"
Unsynchronised V and S Dataset/Categorised IOVNB (V) Dataset/V Dataset/Vf (Driver E)/V-Vfb02d/V-Vfb02d.csv,VFB02D,vehicle,True,880,1.0,1.0,1.0,1.0,stable,10.0,0,,[],1.0,"mean(timestamp_quality, missingness_score, sampling_quality, gnss_availability); each in [0,1]; never used to drop a session"
Unsynchronised V and S Dataset/Categorised IOVNB (V) Dataset/V Dataset/Vf (Driver E)/V-Vfb02e/V-Vfb02e.csv,VFB02E,vehicle,True,980,1.0,1.0,1.0,1.0,stable,10.0,0,,[],1.0,"mean(timestamp_quality, missingness_score, sampling_quality, gnss_availability); each in [0,1]; never used to drop a session"
Unsynchronised V and S Dataset/Categorised IOVNB (V) Dataset/V Dataset/Vf (Driver E)/V-Vfb02f/V-Vfb02f.csv,VFB02F,vehicle,True,660,1.0,1.0,1.0,1.0,stable,10.0,0,,[],1.0,"mean(timestamp_quality, missingness_score, sampling_quality, gnss_availability); each in [0,1]; never used to drop a session"
Unsynchronised V and S Dataset/Categorised IOVNB (V) Dataset/V Dataset/Vf (Driver E)/V-Vfb02g/V-Vfb02g.csv,VFB02G,vehicle,True,27159,1.0,1.0,1.0,1.0,stable,10.0,0,,[],1.0,"mean(timestamp_quality, missingness_score, sampling_quality, gnss_availability); each in [0,1]; never used to drop a session"
Unsynchronised V and S Dataset/Categorised IOVNB (V) Dataset/V Dataset/Vta (Driver E)/Vta01a/V-Vta1a.csv,VTA1A,vehicle,True,25821,1.0,1.0,1.0,1.0,stable,10.0,0,,[],1.0,"mean(timestamp_quality, missingness_score, sampling_quality, gnss_availability); each in [0,1]; never used to drop a session"
Unsynchronised V and S Dataset/Categorised IOVNB (V) Dataset/V Dataset/Vta (Driver E)/Vta01b/V-Vta1b.csv,VTA1B,vehicle,True,956,1.0,1.0,1.0,1.0,stable,10.0,1,,[],1.0,"mean(timestamp_quality, missingness_score, sampling_quality, gnss_availability); each in [0,1]; never used to drop a session"
Unsynchronised V and S Dataset/Categorised IOVNB (V) Dataset/V Dataset/Vta (Driver E)/Vta02/V-Vta2.csv,VTA2,vehicle,True,10995,1.0,1.0,1.0,1.0,stable,10.0,0,,[],1.0,"mean(timestamp_quality, missingness_score, sampling_quality, gnss_availability); each in [0,1]; never used to drop a session"
Unsynchronised V and S Dataset/Categorised IOVNB (V) Dataset/V Dataset/Vta (Driver E)/Vta03/V-Vta3.csv,VTA3,vehicle,True,875,1.0,1.0,1.0,1.0,stable,10.0,0,,[],1.0,"mean(timestamp_quality, missingness_score, sampling_quality, gnss_availability); each in [0,1]; never used to drop a session"
Unsynchronised V and S Dataset/Categorised IOVNB (V) Dataset/V Dataset/Vta (Driver E)/Vta04/V-Vta4.csv,VTA4,vehicle,True,1809,1.0,1.0,1.0,1.0,stable,10.0,0,,[],1.0,"mean(timestamp_quality, missingness_score, sampling_quality, gnss_availability); each in [0,1]; never used to drop a session"
Unsynchronised V and S Dataset/Categorised IOVNB (V) Dataset/V Dataset/Vta (Driver E)/Vta05/V-Vta5.csv,VTA5,vehicle,True,357,1.0,1.0,1.0,1.0,stable,10.0,0,,[],1.0,"mean(timestamp_quality, missingness_score, sampling_quality, gnss_availability); each in [0,1]; never used to drop a session"
Unsynchronised V and S Dataset/Categorised IOVNB (V) Dataset/V Dataset/Vta (Driver E)/Vta06/V-Vta6.csv,VTA6,vehicle,True,1393,1.0,1.0,1.0,1.0,stable,10.0,1,,[],1.0,"mean(timestamp_quality, missingness_score, sampling_quality, gnss_availability); each in [0,1]; never used to drop a session"
Unsynchronised V and S Dataset/Categorised IOVNB (V) Dataset/V Dataset/Vta (Driver E)/Vta07/V-Vta7.csv,VTA7,vehicle,True,857,1.0,1.0,1.0,1.0,stable,10.0,0,,[],1.0,"mean(timestamp_quality, missingness_score, sampling_quality, gnss_availability); each in [0,1]; never used to drop a session"
Unsynchronised V and S Dataset/Categorised IOVNB (V) Dataset/V Dataset/Vta (Driver E)/Vta08/V-Vta8.csv,VTA8,vehicle,True,3697,1.0,1.0,1.0,1.0,stable,10.0,0,,[],1.0,"mean(timestamp_quality, missingness_score, sampling_quality, gnss_availability); each in [0,1]; never used to drop a session"
Unsynchronised V and S Dataset/Categorised IOVNB (V) Dataset/V Dataset/Vta (Driver E)/Vta09/V-Vta9.csv,VTA9,vehicle,True,226,1.0,1.0,1.0,1.0,stable,10.0,1,,[],1.0,"mean(timestamp_quality, missingness_score, sampling_quality, gnss_availability); each in [0,1]; never used to drop a session"
Unsynchronised V and S Dataset/Categorised IOVNB (V) Dataset/V Dataset/Vta (Driver E)/Vta10/V-Vta10.csv,VTA10,vehicle,True,1570,1.0,1.0,1.0,1.0,stable,10.0,0,,[],1.0,"mean(timestamp_quality, missingness_score, sampling_quality, gnss_availability); each in [0,1]; never used to drop a session"
Unsynchronised V and S Dataset/Categorised IOVNB (V) Dataset/V Dataset/Vta (Driver E)/Vta11/V-Vta11.csv,VTA11,vehicle,True,589,1.0,1.0,1.0,1.0,stable,10.0,0,,[],1.0,"mean(timestamp_quality, missingness_score, sampling_quality, gnss_availability); each in [0,1]; never used to drop a session"
Unsynchronised V and S Dataset/Categorised IOVNB (V) Dataset/V Dataset/Vta (Driver E)/Vta12/V-Vta12.csv,VTA12,vehicle,True,690,1.0,1.0,1.0,1.0,stable,10.0,1,,[],1.0,"mean(timestamp_quality, missingness_score, sampling_quality, gnss_availability); each in [0,1]; never used to drop a session"
Unsynchronised V and S Dataset/Categorised IOVNB (V) Dataset/V Dataset/Vta (Driver E)/Vta13/V-Vta13.csv,VTA13,vehicle,True,473,1.0,1.0,1.0,1.0,stable,10.0,1,,[],1.0,"mean(timestamp_quality, missingness_score, sampling_quality, gnss_availability); each in [0,1]; never used to drop a session"
Unsynchronised V and S Dataset/Categorised IOVNB (V) Dataset/V Dataset/Vta (Driver E)/Vta14/V-Vta14.csv,VTA14,vehicle,True,2893,1.0,1.0,1.0,1.0,stable,10.0,1,,[],1.0,"mean(timestamp_quality, missingness_score, sampling_quality, gnss_availability); each in [0,1]; never used to drop a session"
Unsynchronised V and S Dataset/Categorised IOVNB (V) Dataset/V Dataset/Vta (Driver E)/Vta15/V-Vta15.csv,VTA15,vehicle,True,869,1.0,1.0,1.0,1.0,stable,10.0,1,,[],1.0,"mean(timestamp_quality, missingness_score, sampling_quality, gnss_availability); each in [0,1]; never used to drop a session"
Unsynchronised V and S Dataset/Categorised IOVNB (V) Dataset/V Dataset/Vta (Driver E)/Vta16/V-Vta16.csv,VTA16,vehicle,True,11361,1.0,1.0,1.0,1.0,stable,10.0,0,,[],1.0,"mean(timestamp_quality, missingness_score, sampling_quality, gnss_availability); each in [0,1]; never used to drop a session"
Unsynchronised V and S Dataset/Categorised IOVNB (V) Dataset/V Dataset/Vta (Driver E)/Vta17/V-Vta17.csv,VTA17,vehicle,True,4594,1.0,1.0,1.0,1.0,stable,10.0,0,,[],1.0,"mean(timestamp_quality, missingness_score, sampling_quality, gnss_availability); each in [0,1]; never used to drop a session"
Unsynchronised V and S Dataset/Categorised IOVNB (V) Dataset/V Dataset/Vta (Driver E)/Vta19/V-Vta19.csv,VTA19,vehicle,True,310,1.0,1.0,1.0,1.0,stable,10.0,0,,[],1.0,"mean(timestamp_quality, missingness_score, sampling_quality, gnss_availability); each in [0,1]; never used to drop a session"
Unsynchronised V and S Dataset/Categorised IOVNB (V) Dataset/V Dataset/Vta (Driver E)/Vta20/V-Vta20.csv,VTA20,vehicle,True,3223,1.0,1.0,1.0,1.0,stable,10.0,0,,[],1.0,"mean(timestamp_quality, missingness_score, sampling_quality, gnss_availability); each in [0,1]; never used to drop a session"
Unsynchronised V and S Dataset/Categorised IOVNB (V) Dataset/V Dataset/Vta (Driver E)/Vta21/V-Vta21.csv,VTA21,vehicle,True,2088,1.0,1.0,1.0,1.0,stable,10.0,0,,[],1.0,"mean(timestamp_quality, missingness_score, sampling_quality, gnss_availability); each in [0,1]; never used to drop a session"
Unsynchronised V and S Dataset/Categorised IOVNB (V) Dataset/V Dataset/Vta (Driver E)/Vta22/V-Vta22.csv,VTA22,vehicle,True,1572,1.0,1.0,1.0,1.0,stable,10.0,0,,[],1.0,"mean(timestamp_quality, missingness_score, sampling_quality, gnss_availability); each in [0,1]; never used to drop a session"
Unsynchronised V and S Dataset/Categorised IOVNB (V) Dataset/V Dataset/Vta (Driver E)/Vta23/V-Vta23.csv,VTA23,vehicle,True,1119,1.0,1.0,1.0,1.0,stable,10.0,0,,[],1.0,"mean(timestamp_quality, missingness_score, sampling_quality, gnss_availability); each in [0,1]; never used to drop a session"
Unsynchronised V and S Dataset/Categorised IOVNB (V) Dataset/V Dataset/Vta (Driver E)/Vta24/V-Vta24.csv,VTA24,vehicle,True,1184,1.0,1.0,1.0,1.0,stable,10.0,0,,[],1.0,"mean(timestamp_quality, missingness_score, sampling_quality, gnss_availability); each in [0,1]; never used to drop a session"
Unsynchronised V and S Dataset/Categorised IOVNB (V) Dataset/V Dataset/Vta (Driver E)/Vta25/V-Vta25.csv,VTA25,vehicle,True,646,1.0,1.0,1.0,1.0,stable,10.0,0,,[],1.0,"mean(timestamp_quality, missingness_score, sampling_quality, gnss_availability); each in [0,1]; never used to drop a session"
Unsynchronised V and S Dataset/Categorised IOVNB (V) Dataset/V Dataset/Vta (Driver E)/Vta26/V-Vta26.csv,VTA26,vehicle,True,1947,1.0,1.0,1.0,1.0,stable,10.0,0,,[],1.0,"mean(timestamp_quality, missingness_score, sampling_quality, gnss_availability); each in [0,1]; never used to drop a session"
Unsynchronised V and S Dataset/Categorised IOVNB (V) Dataset/V Dataset/Vta (Driver E)/Vta27/V-Vta27.csv,VTA27,vehicle,True,2853,1.0,1.0,1.0,1.0,stable,10.0,0,,[],1.0,"mean(timestamp_quality, missingness_score, sampling_quality, gnss_availability); each in [0,1]; never used to drop a session"
Unsynchronised V and S Dataset/Categorised IOVNB (V) Dataset/V Dataset/Vta (Driver E)/Vta28/V-Vta28.csv,VTA28,vehicle,True,4219,1.0,1.0,1.0,1.0,stable,10.0,0,,[],1.0,"mean(timestamp_quality, missingness_score, sampling_quality, gnss_availability); each in [0,1]; never used to drop a session"
Unsynchronised V and S Dataset/Categorised IOVNB (V) Dataset/V Dataset/Vta (Driver E)/Vta29/V-Vta29.csv,VTA29,vehicle,True,23737,1.0,1.0,1.0,1.0,stable,10.0,1,,[],1.0,"mean(timestamp_quality, missingness_score, sampling_quality, gnss_availability); each in [0,1]; never used to drop a session"
Unsynchronised V and S Dataset/Categorised IOVNB (V) Dataset/V Dataset/Vta (Driver E)/Vta30/V-Vta30.csv,VTA30,vehicle,True,17179,1.0,1.0,1.0,1.0,stable,10.0,1,,[],1.0,"mean(timestamp_quality, missingness_score, sampling_quality, gnss_availability); each in [0,1]; never used to drop a session"
Unsynchronised V and S Dataset/Categorised IOVNB (V) Dataset/V Dataset/Vtb (Driver E)/Vtb01/V-Vtb1.csv,VTB1,vehicle,True,32459,1.0,1.0,1.0,1.0,stable,10.0,0,,[],1.0,"mean(timestamp_quality, missingness_score, sampling_quality, gnss_availability); each in [0,1]; never used to drop a session"
Unsynchronised V and S Dataset/Categorised IOVNB (V) Dataset/V Dataset/Vtb (Driver E)/Vtb02/V-Vtb2.csv,VTB2,vehicle,True,5712,0.9996,1.0,1.0,1.0,stable,10.0,0,,[],0.9999,"mean(timestamp_quality, missingness_score, sampling_quality, gnss_availability); each in [0,1]; never used to drop a session"
Unsynchronised V and S Dataset/Categorised IOVNB (V) Dataset/V Dataset/Vtb (Driver E)/Vtb03/V-Vtb3.csv,VTB3,vehicle,True,8289,1.0,1.0,1.0,1.0,stable,10.0,0,,[],1.0,"mean(timestamp_quality, missingness_score, sampling_quality, gnss_availability); each in [0,1]; never used to drop a session"
Unsynchronised V and S Dataset/Categorised IOVNB (V) Dataset/V Dataset/Vtb (Driver E)/Vtb04/V-Vtb4.csv,VTB4,vehicle,True,625,1.0,1.0,1.0,1.0,stable,10.0,0,,[],1.0,"mean(timestamp_quality, missingness_score, sampling_quality, gnss_availability); each in [0,1]; never used to drop a session"
Unsynchronised V and S Dataset/Categorised IOVNB (V) Dataset/V Dataset/Vtb (Driver E)/Vtb05/V-Vtb5.csv,VTB5,vehicle,True,64610,1.0,1.0,1.0,1.0,stable,10.0,0,,[],1.0,"mean(timestamp_quality, missingness_score, sampling_quality, gnss_availability); each in [0,1]; never used to drop a session"
Unsynchronised V and S Dataset/Categorised IOVNB (V) Dataset/V Dataset/Vtb (Driver E)/Vtb06/V-Vtb6.csv,VTB6,vehicle,True,508,1.0,1.0,1.0,1.0,stable,10.0,1,,[],1.0,"mean(timestamp_quality, missingness_score, sampling_quality, gnss_availability); each in [0,1]; never used to drop a session"
Unsynchronised V and S Dataset/Categorised IOVNB (V) Dataset/V Dataset/Vtb (Driver E)/Vtb07/V-Vtb7.csv,VTB7,vehicle,True,461,1.0,1.0,1.0,1.0,stable,10.0,0,,[],1.0,"mean(timestamp_quality, missingness_score, sampling_quality, gnss_availability); each in [0,1]; never used to drop a session"
Unsynchronised V and S Dataset/Categorised IOVNB (V) Dataset/V Dataset/Vtb (Driver E)/Vtb08/V-Vtb8.csv,VTB8,vehicle,True,699,1.0,1.0,1.0,1.0,stable,10.0,1,,[],1.0,"mean(timestamp_quality, missingness_score, sampling_quality, gnss_availability); each in [0,1]; never used to drop a session"
Unsynchronised V and S Dataset/Categorised IOVNB (V) Dataset/V Dataset/Vtb (Driver E)/Vtb09/V-Vtb9.csv,VTB9,vehicle,True,457,1.0,1.0,1.0,1.0,stable,10.0,1,,[],1.0,"mean(timestamp_quality, missingness_score, sampling_quality, gnss_availability); each in [0,1]; never used to drop a session"
Unsynchronised V and S Dataset/Categorised IOVNB (V) Dataset/V Dataset/Vtb (Driver E)/Vtb10/V-Vtb10.csv,VTB10,vehicle,True,195,1.0,1.0,1.0,1.0,stable,10.0,0,,[],1.0,"mean(timestamp_quality, missingness_score, sampling_quality, gnss_availability); each in [0,1]; never used to drop a session"
Unsynchronised V and S Dataset/Categorised IOVNB (V) Dataset/V Dataset/Vtb (Driver E)/Vtb11/V-Vtb11.csv,VTB11,vehicle,True,433,1.0,1.0,1.0,1.0,stable,10.0,1,,[],1.0,"mean(timestamp_quality, missingness_score, sampling_quality, gnss_availability); each in [0,1]; never used to drop a session"
Unsynchronised V and S Dataset/Categorised IOVNB (V) Dataset/V Dataset/Vtb (Driver E)/Vtb12/V-Vtb12.csv,VTB12,vehicle,True,490,1.0,1.0,1.0,1.0,stable,10.0,0,,[],1.0,"mean(timestamp_quality, missingness_score, sampling_quality, gnss_availability); each in [0,1]; never used to drop a session"
Unsynchronised V and S Dataset/Categorised IOVNB (V) Dataset/V Dataset/Vtb (Driver E)/Vtb13/V-Vtb13.csv,VTB13,vehicle,True,1245,1.0,1.0,1.0,1.0,stable,10.0,0,,[],1.0,"mean(timestamp_quality, missingness_score, sampling_quality, gnss_availability); each in [0,1]; never used to drop a session"
Unsynchronised V and S Dataset/Categorised IOVNB (V) Dataset/V Dataset/Vw (Driver E)/Vw01/V-Vw1.csv,VW1,vehicle,True,20475,1.0,1.0,1.0,1.0,stable,10.0,2,,[],1.0,"mean(timestamp_quality, missingness_score, sampling_quality, gnss_availability); each in [0,1]; never used to drop a session"
Unsynchronised V and S Dataset/Categorised IOVNB (V) Dataset/V Dataset/Vw (Driver E)/Vw02/V-Vw2.csv,VW2,vehicle,True,52712,1.0,1.0,1.0,1.0,stable,10.0,0,,[],1.0,"mean(timestamp_quality, missingness_score, sampling_quality, gnss_availability); each in [0,1]; never used to drop a session"
Unsynchronised V and S Dataset/Categorised IOVNB (V) Dataset/V Dataset/Vw (Driver E)/Vw03/V-Vw3.csv,VW3,vehicle,True,3941,1.0,1.0,1.0,1.0,stable,10.0,0,,[],1.0,"mean(timestamp_quality, missingness_score, sampling_quality, gnss_availability); each in [0,1]; never used to drop a session"
Unsynchronised V and S Dataset/Categorised IOVNB (V) Dataset/V Dataset/Vw (Driver E)/Vw04/V-Vw4.csv,VW4,vehicle,True,126573,1.0,1.0,1.0,1.0,stable,10.0,0,,[],1.0,"mean(timestamp_quality, missingness_score, sampling_quality, gnss_availability); each in [0,1]; never used to drop a session"
Unsynchronised V and S Dataset/Categorised IOVNB (V) Dataset/V Dataset/Vw (Driver E)/Vw05/V-Vw5.csv,VW5,vehicle,True,1050,1.0,1.0,1.0,1.0,stable,10.0,0,,[],1.0,"mean(timestamp_quality, missingness_score, sampling_quality, gnss_availability); each in [0,1]; never used to drop a session"
Unsynchronised V and S Dataset/Categorised IOVNB (V) Dataset/V Dataset/Vw (Driver E)/Vw06/V-Vw6.csv,VW6,vehicle,True,1288,1.0,1.0,1.0,1.0,stable,10.0,0,,[],1.0,"mean(timestamp_quality, missingness_score, sampling_quality, gnss_availability); each in [0,1]; never used to drop a session"
Unsynchronised V and S Dataset/Categorised IOVNB (V) Dataset/V Dataset/Vw (Driver E)/Vw07/V-Vw7.csv,VW7,vehicle,True,1689,1.0,1.0,1.0,1.0,stable,10.0,0,,[],1.0,"mean(timestamp_quality, missingness_score, sampling_quality, gnss_availability); each in [0,1]; never used to drop a session"
Unsynchronised V and S Dataset/Categorised IOVNB (V) Dataset/V Dataset/Vw (Driver E)/Vw08/V-Vw8.csv,VW8,vehicle,True,1599,1.0,1.0,1.0,1.0,stable,10.0,0,,[],1.0,"mean(timestamp_quality, missingness_score, sampling_quality, gnss_availability); each in [0,1]; never used to drop a session"
Unsynchronised V and S Dataset/Categorised IOVNB (V) Dataset/V Dataset/Vw (Driver E)/Vw09/V-Vw9.csv,VW9,vehicle,True,601,1.0,1.0,1.0,1.0,stable,10.0,0,,[],1.0,"mean(timestamp_quality, missingness_score, sampling_quality, gnss_availability); each in [0,1]; never used to drop a session"
Unsynchronised V and S Dataset/Categorised IOVNB (V) Dataset/V Dataset/Vw (Driver E)/Vw10/V-Vw10.csv,VW10,vehicle,True,670,1.0,1.0,1.0,1.0,stable,10.0,0,,[],1.0,"mean(timestamp_quality, missingness_score, sampling_quality, gnss_availability); each in [0,1]; never used to drop a session"
Unsynchronised V and S Dataset/Categorised IOVNB (V) Dataset/V Dataset/Vw (Driver E)/Vw11/V-Vw10.csv,VW10,vehicle,True,670,1.0,1.0,1.0,1.0,stable,10.0,0,,[],1.0,"mean(timestamp_quality, missingness_score, sampling_quality, gnss_availability); each in [0,1]; never used to drop a session"
Unsynchronised V and S Dataset/Categorised IOVNB (V) Dataset/V Dataset/Vw (Driver E)/Vw12/V-Vw12.csv,VW12,vehicle,True,1069,1.0,1.0,1.0,1.0,stable,10.0,0,,[],1.0,"mean(timestamp_quality, missingness_score, sampling_quality, gnss_availability); each in [0,1]; never used to drop a session"
Unsynchronised V and S Dataset/Categorised IOVNB (V) Dataset/V Dataset/Vw (Driver E)/Vw13/V-Vw13.csv,VW13,vehicle,True,297,1.0,1.0,1.0,1.0,stable,10.0,0,,[],1.0,"mean(timestamp_quality, missingness_score, sampling_quality, gnss_availability); each in [0,1]; never used to drop a session"
Unsynchronised V and S Dataset/Categorised IOVNB (V) Dataset/V Dataset/Vw (Driver E)/Vw14a/V-Vw14a.csv,VW14A,vehicle,True,3140,1.0,1.0,1.0,1.0,stable,10.0,0,,[],1.0,"mean(timestamp_quality, missingness_score, sampling_quality, gnss_availability); each in [0,1]; never used to drop a session"
Unsynchronised V and S Dataset/Categorised IOVNB (V) Dataset/V Dataset/Vw (Driver E)/Vw14b/V-Vw14b.csv,VW14B,vehicle,True,19600,1.0,1.0,1.0,1.0,stable,10.0,0,,[],1.0,"mean(timestamp_quality, missingness_score, sampling_quality, gnss_availability); each in [0,1]; never used to drop a session"
Unsynchronised V and S Dataset/Categorised IOVNB (V) Dataset/V Dataset/Vw (Driver E)/Vw14c/V-Vw14c.csv,VW14C,vehicle,True,15857,1.0,1.0,1.0,1.0,stable,10.0,0,,[],1.0,"mean(timestamp_quality, missingness_score, sampling_quality, gnss_availability); each in [0,1]; never used to drop a session"
Unsynchronised V and S Dataset/Categorised IOVNB (V) Dataset/V Dataset/Vw (Driver E)/Vw15/V-Vw15.csv,VW15,vehicle,True,1391,1.0,1.0,1.0,1.0,stable,10.0,1,,[],1.0,"mean(timestamp_quality, missingness_score, sampling_quality, gnss_availability); each in [0,1]; never used to drop a session"
Unsynchronised V and S Dataset/Categorised IOVNB (V) Dataset/V Dataset/Vw (Driver E)/Vw16a/V-Vw16a.csv,VW16A,vehicle,True,6000,1.0,1.0,1.0,1.0,stable,10.0,0,,[],1.0,"mean(timestamp_quality, missingness_score, sampling_quality, gnss_availability); each in [0,1]; never used to drop a session"
Unsynchronised V and S Dataset/Categorised IOVNB (V) Dataset/V Dataset/Vw (Driver E)/Vw16b/V-Vw16b.csv,VW16B,vehicle,True,1171,1.0,1.0,1.0,1.0,stable,10.0,0,,[],1.0,"mean(timestamp_quality, missingness_score, sampling_quality, gnss_availability); each in [0,1]; never used to drop a session"
Unsynchronised V and S Dataset/Categorised IOVNB (V) Dataset/V Dataset/Vw (Driver E)/Vw17/V-Vw17.csv,VW17,vehicle,True,329,1.0,1.0,1.0,1.0,stable,10.0,1,,[],1.0,"mean(timestamp_quality, missingness_score, sampling_quality, gnss_availability); each in [0,1]; never used to drop a session"
Unsynchronised V and S Dataset/Categorised IOVNB (V) Dataset/V Dataset/Y (Driver D)/Y1/V-Y1.csv,Y1,vehicle,True,70341,1.0,1.0,0.1,1.0,severely_irregular,10.0,0,,[],0.775,"mean(timestamp_quality, missingness_score, sampling_quality, gnss_availability); each in [0,1]; never used to drop a session"
Unsynchronised V and S Dataset/Categorised IOVNB (V) Dataset/V Dataset/Y (Driver D)/Y2/V-Y2.csv,Y2,vehicle,True,57213,1.0,1.0,1.0,1.0,stable,10.0,0,,[],1.0,"mean(timestamp_quality, missingness_score, sampling_quality, gnss_availability); each in [0,1]; never used to drop a session"
Unsynchronised V and S Dataset/Uncategorised IOVNB (V and S) Dataset/S-Dataset/S-A1.csv,A1,smartphone,True,5942,1.0,1.0,1.0,1.0,stable,2.0,1,,[],1.0,"mean(timestamp_quality, missingness_score, sampling_quality, gnss_availability); each in [0,1]; never used to drop a session"
Unsynchronised V and S Dataset/Uncategorised IOVNB (V and S) Dataset/S-Dataset/S-A10.csv,A10,smartphone,True,8886,1.0,1.0,1.0,1.0,stable,2.0,0,,[],1.0,"mean(timestamp_quality, missingness_score, sampling_quality, gnss_availability); each in [0,1]; never used to drop a session"
Unsynchronised V and S Dataset/Uncategorised IOVNB (V and S) Dataset/S-Dataset/S-A11.csv,A11,smartphone,True,5155,1.0,1.0,1.0,1.0,stable,2.0,0,,[],1.0,"mean(timestamp_quality, missingness_score, sampling_quality, gnss_availability); each in [0,1]; never used to drop a session"
Unsynchronised V and S Dataset/Uncategorised IOVNB (V and S) Dataset/S-Dataset/S-A12.csv,A12,smartphone,True,4673,1.0,1.0,1.0,1.0,stable,2.0,0,,[],1.0,"mean(timestamp_quality, missingness_score, sampling_quality, gnss_availability); each in [0,1]; never used to drop a session"
Unsynchronised V and S Dataset/Uncategorised IOVNB (V and S) Dataset/S-Dataset/S-A13.csv,A13,smartphone,True,9184,1.0,1.0,1.0,1.0,stable,2.0,1,,[],1.0,"mean(timestamp_quality, missingness_score, sampling_quality, gnss_availability); each in [0,1]; never used to drop a session"
Unsynchronised V and S Dataset/Uncategorised IOVNB (V and S) Dataset/S-Dataset/S-A2.csv,A2,smartphone,True,11630,1.0,1.0,1.0,1.0,stable,2.0,1,,[],1.0,"mean(timestamp_quality, missingness_score, sampling_quality, gnss_availability); each in [0,1]; never used to drop a session"
Unsynchronised V and S Dataset/Uncategorised IOVNB (V and S) Dataset/S-Dataset/S-A3.csv,A3,smartphone,True,11132,1.0,1.0,1.0,1.0,stable,2.0,1,,[],1.0,"mean(timestamp_quality, missingness_score, sampling_quality, gnss_availability); each in [0,1]; never used to drop a session"
Unsynchronised V and S Dataset/Uncategorised IOVNB (V and S) Dataset/S-Dataset/S-A4.csv,A4,smartphone,True,32829,0.0,0.96,0.0,1.0,unknown,,1,,['no usable timestamps'],0.49,"mean(timestamp_quality, missingness_score, sampling_quality, gnss_availability); each in [0,1]; never used to drop a session"
Unsynchronised V and S Dataset/Uncategorised IOVNB (V and S) Dataset/S-Dataset/S-A5.csv,A5,smartphone,True,85041,1.0,1.0,1.0,1.0,stable,10.0,0,,[],1.0,"mean(timestamp_quality, missingness_score, sampling_quality, gnss_availability); each in [0,1]; never used to drop a session"
Unsynchronised V and S Dataset/Uncategorised IOVNB (V and S) Dataset/S-Dataset/S-A6.csv,A6,smartphone,True,86034,0.9999,1.0,0.75,1.0,mostly_stable,10.0,1,,[],0.9375,"mean(timestamp_quality, missingness_score, sampling_quality, gnss_availability); each in [0,1]; never used to drop a session"
Unsynchronised V and S Dataset/Uncategorised IOVNB (V and S) Dataset/S-Dataset/S-A7.csv,A7,smartphone,True,43872,1.0,1.0,1.0,1.0,stable,10.0,0,,[],1.0,"mean(timestamp_quality, missingness_score, sampling_quality, gnss_availability); each in [0,1]; never used to drop a session"
Unsynchronised V and S Dataset/Uncategorised IOVNB (V and S) Dataset/S-Dataset/S-A8.csv,A8,smartphone,True,66617,1.0,1.0,1.0,1.0,stable,10.0,0,,[],1.0,"mean(timestamp_quality, missingness_score, sampling_quality, gnss_availability); each in [0,1]; never used to drop a session"
Unsynchronised V and S Dataset/Uncategorised IOVNB (V and S) Dataset/S-Dataset/S-A9.csv,A9,smartphone,True,11962,1.0,1.0,1.0,1.0,stable,2.0,0,,[],1.0,"mean(timestamp_quality, missingness_score, sampling_quality, gnss_availability); each in [0,1]; never used to drop a session"
Unsynchronised V and S Dataset/Uncategorised IOVNB (V and S) Dataset/S-Dataset/S-I.csv,I,smartphone,True,5800,0.211,1.0,0.1,1.0,severely_irregular,10.0,0,,[],0.5777,"mean(timestamp_quality, missingness_score, sampling_quality, gnss_availability); each in [0,1]; never used to drop a session"
Unsynchronised V and S Dataset/Uncategorised IOVNB (V and S) Dataset/S-Dataset/S-M.csv,M,smartphone,True,105974,1.0,1.0,1.0,1.0,stable,10.0,1,,[],1.0,"mean(timestamp_quality, missingness_score, sampling_quality, gnss_availability); each in [0,1]; never used to drop a session"
Unsynchronised V and S Dataset/Uncategorised IOVNB (V and S) Dataset/S-Dataset/S-S1.csv,S1,smartphone,True,51746,1.0,1.0,1.0,1.0,stable,10.0,0,,[],1.0,"mean(timestamp_quality, missingness_score, sampling_quality, gnss_availability); each in [0,1]; never used to drop a session"
Unsynchronised V and S Dataset/Uncategorised IOVNB (V and S) Dataset/S-Dataset/S-S2.csv,S2,smartphone,True,93876,0.9969,1.0,1.0,1.0,stable,10.0,0,,[],0.9992,"mean(timestamp_quality, missingness_score, sampling_quality, gnss_availability); each in [0,1]; never used to drop a session"
Unsynchronised V and S Dataset/Uncategorised IOVNB (V and S) Dataset/S-Dataset/S-S3a.csv,S3A,smartphone,True,24621,1.0,1.0,1.0,1.0,stable,10.0,0,,[],1.0,"mean(timestamp_quality, missingness_score, sampling_quality, gnss_availability); each in [0,1]; never used to drop a session"
Unsynchronised V and S Dataset/Uncategorised IOVNB (V and S) Dataset/S-Dataset/S-S3b.csv,S3B,smartphone,True,6813,0.9999,1.0,1.0,1.0,stable,10.0,0,,[],1.0,"mean(timestamp_quality, missingness_score, sampling_quality, gnss_availability); each in [0,1]; never used to drop a session"
Unsynchronised V and S Dataset/Uncategorised IOVNB (V and S) Dataset/S-Dataset/S-S3c.csv,S3C,smartphone,True,37183,1.0,1.0,1.0,1.0,stable,10.0,0,,[],1.0,"mean(timestamp_quality, missingness_score, sampling_quality, gnss_availability); each in [0,1]; never used to drop a session"
Unsynchronised V and S Dataset/Uncategorised IOVNB (V and S) Dataset/S-Dataset/S-S4.csv,S4,smartphone,True,94600,0.981,1.0,1.0,1.0,stable,10.0,1,,[],0.9952,"mean(timestamp_quality, missingness_score, sampling_quality, gnss_availability); each in [0,1]; never used to drop a session"
Unsynchronised V and S Dataset/Uncategorised IOVNB (V and S) Dataset/S-Dataset/S-T1.csv,T1,smartphone,True,25759,0.1955,1.0,0.1,1.0,severely_irregular,1000.0,0,,[],0.5739,"mean(timestamp_quality, missingness_score, sampling_quality, gnss_availability); each in [0,1]; never used to drop a session"
Unsynchronised V and S Dataset/Uncategorised IOVNB (V and S) Dataset/S-Dataset/S-T10.csv,T10,smartphone,True,6699,1.0,1.0,1.0,1.0,stable,10.0,0,,[],1.0,"mean(timestamp_quality, missingness_score, sampling_quality, gnss_availability); each in [0,1]; never used to drop a session"
Unsynchronised V and S Dataset/Uncategorised IOVNB (V and S) Dataset/S-Dataset/S-T11.csv,T11,smartphone,True,5690,1.0,1.0,1.0,1.0,stable,10.0,0,,[],1.0,"mean(timestamp_quality, missingness_score, sampling_quality, gnss_availability); each in [0,1]; never used to drop a session"
Unsynchronised V and S Dataset/Uncategorised IOVNB (V and S) Dataset/S-Dataset/S-T2.csv,T2,smartphone,True,75555,0.9999,1.0,1.0,1.0,stable,10.0,0,,[],1.0,"mean(timestamp_quality, missingness_score, sampling_quality, gnss_availability); each in [0,1]; never used to drop a session"
Unsynchronised V and S Dataset/Uncategorised IOVNB (V and S) Dataset/S-Dataset/S-T3.csv,T3,smartphone,True,65859,0.9794,1.0,0.75,1.0,mostly_stable,10.0,0,,[],0.9324,"mean(timestamp_quality, missingness_score, sampling_quality, gnss_availability); each in [0,1]; never used to drop a session"
Unsynchronised V and S Dataset/Uncategorised IOVNB (V and S) Dataset/S-Dataset/S-T4.csv,T4,smartphone,True,73482,0.4308,1.0,0.1,1.0,severely_irregular,10.101,0,,[],0.6327,"mean(timestamp_quality, missingness_score, sampling_quality, gnss_availability); each in [0,1]; never used to drop a session"
Unsynchronised V and S Dataset/Uncategorised IOVNB (V and S) Dataset/S-Dataset/S-T5.csv,T5,smartphone,True,46387,0.3856,1.0,0.1,1.0,severely_irregular,23.8095,0,,[],0.6214,"mean(timestamp_quality, missingness_score, sampling_quality, gnss_availability); each in [0,1]; never used to drop a session"
Unsynchronised V and S Dataset/Uncategorised IOVNB (V and S) Dataset/S-Dataset/S-T6.csv,T6,smartphone,True,86440,0.1966,1.0,0.1,1.0,severely_irregular,1000.0,0,,[],0.5742,"mean(timestamp_quality, missingness_score, sampling_quality, gnss_availability); each in [0,1]; never used to drop a session"
Unsynchronised V and S Dataset/Uncategorised IOVNB (V and S) Dataset/S-Dataset/S-T7.csv,T7,smartphone,True,101690,1.0,1.0,1.0,1.0,stable,10.0,0,,[],1.0,"mean(timestamp_quality, missingness_score, sampling_quality, gnss_availability); each in [0,1]; never used to drop a session"
Unsynchronised V and S Dataset/Uncategorised IOVNB (V and S) Dataset/S-Dataset/S-T8.csv,T8,smartphone,True,48344,0.9999,1.0,1.0,1.0,stable,10.0,0,,[],1.0,"mean(timestamp_quality, missingness_score, sampling_quality, gnss_availability); each in [0,1]; never used to drop a session"
Unsynchronised V and S Dataset/Uncategorised IOVNB (V and S) Dataset/S-Dataset/S-T9.csv,T9,smartphone,True,79909,1.0,1.0,1.0,1.0,stable,10.0,0,,[],1.0,"mean(timestamp_quality, missingness_score, sampling_quality, gnss_availability); each in [0,1]; never used to drop a session"
Unsynchronised V and S Dataset/Uncategorised IOVNB (V and S) Dataset/S-Dataset/S-Vfa01.csv,VFA01,smartphone,True,11486,1.0,1.0,1.0,1.0,stable,10.0,0,,[],1.0,"mean(timestamp_quality, missingness_score, sampling_quality, gnss_availability); each in [0,1]; never used to drop a session"
Unsynchronised V and S Dataset/Uncategorised IOVNB (V and S) Dataset/S-Dataset/S-Vfa02.csv,VFA02,smartphone,True,67523,1.0,1.0,1.0,1.0,stable,10.0,0,,[],1.0,"mean(timestamp_quality, missingness_score, sampling_quality, gnss_availability); each in [0,1]; never used to drop a session"
Unsynchronised V and S Dataset/Uncategorised IOVNB (V and S) Dataset/S-Dataset/S-Vta10.csv,VTA10,smartphone,True,1502,1.0,1.0,1.0,1.0,stable,10.0,0,,[],1.0,"mean(timestamp_quality, missingness_score, sampling_quality, gnss_availability); each in [0,1]; never used to drop a session"
Unsynchronised V and S Dataset/Uncategorised IOVNB (V and S) Dataset/S-Dataset/S-Vta11.csv,VTA11,smartphone,True,510,1.0,1.0,1.0,1.0,stable,10.0,0,,[],1.0,"mean(timestamp_quality, missingness_score, sampling_quality, gnss_availability); each in [0,1]; never used to drop a session"
Unsynchronised V and S Dataset/Uncategorised IOVNB (V and S) Dataset/S-Dataset/S-Vta12.csv,VTA12,smartphone,True,610,1.0,1.0,1.0,1.0,stable,10.0,0,,[],1.0,"mean(timestamp_quality, missingness_score, sampling_quality, gnss_availability); each in [0,1]; never used to drop a session"
Unsynchronised V and S Dataset/Uncategorised IOVNB (V and S) Dataset/S-Dataset/S-Vta13.csv,VTA13,smartphone,True,404,1.0,1.0,1.0,1.0,stable,10.0,0,,[],1.0,"mean(timestamp_quality, missingness_score, sampling_quality, gnss_availability); each in [0,1]; never used to drop a session"
Unsynchronised V and S Dataset/Uncategorised IOVNB (V and S) Dataset/S-Dataset/S-Vta14.csv,VTA14,smartphone,True,2885,1.0,1.0,1.0,1.0,stable,10.0,0,,[],1.0,"mean(timestamp_quality, missingness_score, sampling_quality, gnss_availability); each in [0,1]; never used to drop a session"
Unsynchronised V and S Dataset/Uncategorised IOVNB (V and S) Dataset/S-Dataset/S-Vta15.csv,VTA15,smartphone,True,833,1.0,1.0,1.0,1.0,stable,10.0,0,,[],1.0,"mean(timestamp_quality, missingness_score, sampling_quality, gnss_availability); each in [0,1]; never used to drop a session"
Unsynchronised V and S Dataset/Uncategorised IOVNB (V and S) Dataset/S-Dataset/S-Vta16.csv,VTA16,smartphone,True,11335,1.0,1.0,1.0,1.0,stable,10.0,0,,[],1.0,"mean(timestamp_quality, missingness_score, sampling_quality, gnss_availability); each in [0,1]; never used to drop a session"
Unsynchronised V and S Dataset/Uncategorised IOVNB (V and S) Dataset/S-Dataset/S-Vta17.csv,VTA17,smartphone,True,4519,1.0,1.0,0.75,1.0,mostly_stable,10.0,0,,[],0.9375,"mean(timestamp_quality, missingness_score, sampling_quality, gnss_availability); each in [0,1]; never used to drop a session"
Unsynchronised V and S Dataset/Uncategorised IOVNB (V and S) Dataset/S-Dataset/S-Vta19.csv,VTA19,smartphone,True,292,1.0,1.0,1.0,1.0,stable,10.0,0,,[],1.0,"mean(timestamp_quality, missingness_score, sampling_quality, gnss_availability); each in [0,1]; never used to drop a session"
Unsynchronised V and S Dataset/Uncategorised IOVNB (V and S) Dataset/S-Dataset/S-Vta1a.csv,VTA1A,smartphone,True,25676,1.0,1.0,1.0,1.0,stable,10.0,0,,[],1.0,"mean(timestamp_quality, missingness_score, sampling_quality, gnss_availability); each in [0,1]; never used to drop a session"
Unsynchronised V and S Dataset/Uncategorised IOVNB (V and S) Dataset/S-Dataset/S-Vta1b.csv,VTA1B,smartphone,True,954,1.0,1.0,1.0,1.0,stable,10.0,0,,[],1.0,"mean(timestamp_quality, missingness_score, sampling_quality, gnss_availability); each in [0,1]; never used to drop a session"
Unsynchronised V and S Dataset/Uncategorised IOVNB (V and S) Dataset/S-Dataset/S-Vta2.csv,VTA2,smartphone,True,10991,1.0,1.0,1.0,1.0,stable,10.0,0,,[],1.0,"mean(timestamp_quality, missingness_score, sampling_quality, gnss_availability); each in [0,1]; never used to drop a session"
Unsynchronised V and S Dataset/Uncategorised IOVNB (V and S) Dataset/S-Dataset/S-Vta20.csv,VTA20,smartphone,True,3223,1.0,1.0,1.0,1.0,stable,10.0,0,,[],1.0,"mean(timestamp_quality, missingness_score, sampling_quality, gnss_availability); each in [0,1]; never used to drop a session"
Unsynchronised V and S Dataset/Uncategorised IOVNB (V and S) Dataset/S-Dataset/S-Vta21.csv,VTA21,smartphone,True,2079,1.0,1.0,1.0,1.0,stable,10.0,0,,[],1.0,"mean(timestamp_quality, missingness_score, sampling_quality, gnss_availability); each in [0,1]; never used to drop a session"
Unsynchronised V and S Dataset/Uncategorised IOVNB (V and S) Dataset/S-Dataset/S-Vta22.csv,VTA22,smartphone,True,1564,1.0,1.0,1.0,1.0,stable,10.0,1,,[],1.0,"mean(timestamp_quality, missingness_score, sampling_quality, gnss_availability); each in [0,1]; never used to drop a session"
Unsynchronised V and S Dataset/Uncategorised IOVNB (V and S) Dataset/S-Dataset/S-Vta23.csv,VTA23,smartphone,True,1110,1.0,1.0,1.0,1.0,stable,10.0,0,,[],1.0,"mean(timestamp_quality, missingness_score, sampling_quality, gnss_availability); each in [0,1]; never used to drop a session"
Unsynchronised V and S Dataset/Uncategorised IOVNB (V and S) Dataset/S-Dataset/S-Vta24.csv,VTA24,smartphone,True,1171,1.0,1.0,1.0,1.0,stable,10.0,0,,[],1.0,"mean(timestamp_quality, missingness_score, sampling_quality, gnss_availability); each in [0,1]; never used to drop a session"
Unsynchronised V and S Dataset/Uncategorised IOVNB (V and S) Dataset/S-Dataset/S-Vta25.csv,VTA25,smartphone,True,646,1.0,1.0,1.0,1.0,stable,10.0,1,,[],1.0,"mean(timestamp_quality, missingness_score, sampling_quality, gnss_availability); each in [0,1]; never used to drop a session"
Unsynchronised V and S Dataset/Uncategorised IOVNB (V and S) Dataset/S-Dataset/S-Vta26.csv,VTA26,smartphone,True,1935,1.0,1.0,1.0,1.0,stable,10.0,0,,[],1.0,"mean(timestamp_quality, missingness_score, sampling_quality, gnss_availability); each in [0,1]; never used to drop a session"
Unsynchronised V and S Dataset/Uncategorised IOVNB (V and S) Dataset/S-Dataset/S-Vta27.csv,VTA27,smartphone,True,2540,1.0,1.0,1.0,1.0,stable,10.0,0,,[],1.0,"mean(timestamp_quality, missingness_score, sampling_quality, gnss_availability); each in [0,1]; never used to drop a session"
Unsynchronised V and S Dataset/Uncategorised IOVNB (V and S) Dataset/S-Dataset/S-Vta28.csv,VTA28,smartphone,True,4210,1.0,1.0,1.0,1.0,stable,10.0,0,,[],1.0,"mean(timestamp_quality, missingness_score, sampling_quality, gnss_availability); each in [0,1]; never used to drop a session"
Unsynchronised V and S Dataset/Uncategorised IOVNB (V and S) Dataset/S-Dataset/S-Vta29.csv,VTA29,smartphone,True,23705,0.9997,1.0,1.0,1.0,stable,10.0,0,,[],0.9999,"mean(timestamp_quality, missingness_score, sampling_quality, gnss_availability); each in [0,1]; never used to drop a session"
Unsynchronised V and S Dataset/Uncategorised IOVNB (V and S) Dataset/S-Dataset/S-Vta3.csv,VTA3,smartphone,True,645,1.0,1.0,1.0,1.0,stable,10.0,0,,[],1.0,"mean(timestamp_quality, missingness_score, sampling_quality, gnss_availability); each in [0,1]; never used to drop a session"
Unsynchronised V and S Dataset/Uncategorised IOVNB (V and S) Dataset/S-Dataset/S-Vta30.csv,VTA30,smartphone,True,17136,1.0,1.0,1.0,1.0,stable,10.0,0,,[],1.0,"mean(timestamp_quality, missingness_score, sampling_quality, gnss_availability); each in [0,1]; never used to drop a session"
Unsynchronised V and S Dataset/Uncategorised IOVNB (V and S) Dataset/S-Dataset/S-Vta4.csv,VTA4,smartphone,True,1789,1.0,1.0,1.0,1.0,stable,10.0,0,,[],1.0,"mean(timestamp_quality, missingness_score, sampling_quality, gnss_availability); each in [0,1]; never used to drop a session"
Unsynchronised V and S Dataset/Uncategorised IOVNB (V and S) Dataset/S-Dataset/S-Vta5.csv,VTA5,smartphone,True,307,1.0,1.0,1.0,1.0,stable,10.0,1,,[],1.0,"mean(timestamp_quality, missingness_score, sampling_quality, gnss_availability); each in [0,1]; never used to drop a session"
Unsynchronised V and S Dataset/Uncategorised IOVNB (V and S) Dataset/S-Dataset/S-Vta6.csv,VTA6,smartphone,True,1376,1.0,1.0,1.0,1.0,stable,10.0,0,,[],1.0,"mean(timestamp_quality, missingness_score, sampling_quality, gnss_availability); each in [0,1]; never used to drop a session"
Unsynchronised V and S Dataset/Uncategorised IOVNB (V and S) Dataset/S-Dataset/S-Vta7.csv,VTA7,smartphone,True,840,1.0,1.0,1.0,1.0,stable,10.0,0,,[],1.0,"mean(timestamp_quality, missingness_score, sampling_quality, gnss_availability); each in [0,1]; never used to drop a session"
Unsynchronised V and S Dataset/Uncategorised IOVNB (V and S) Dataset/S-Dataset/S-Vta8.csv,VTA8,smartphone,True,3676,1.0,1.0,1.0,1.0,stable,10.0,0,,[],1.0,"mean(timestamp_quality, missingness_score, sampling_quality, gnss_availability); each in [0,1]; never used to drop a session"
Unsynchronised V and S Dataset/Uncategorised IOVNB (V and S) Dataset/S-Dataset/S-Vta9.csv,VTA9,smartphone,True,156,1.0,1.0,1.0,1.0,stable,10.0,0,,[],1.0,"mean(timestamp_quality, missingness_score, sampling_quality, gnss_availability); each in [0,1]; never used to drop a session"
Unsynchronised V and S Dataset/Uncategorised IOVNB (V and S) Dataset/S-Dataset/S-Vtb1.csv,VTB1,smartphone,True,32459,0.6638,1.0,0.1,1.0,severely_irregular,10.0,1,,[],0.6909,"mean(timestamp_quality, missingness_score, sampling_quality, gnss_availability); each in [0,1]; never used to drop a session"
Unsynchronised V and S Dataset/Uncategorised IOVNB (V and S) Dataset/S-Dataset/S-Vtb10.csv,VTB10,smartphone,True,196,1.0,1.0,1.0,1.0,stable,10.0,1,,[],1.0,"mean(timestamp_quality, missingness_score, sampling_quality, gnss_availability); each in [0,1]; never used to drop a session"
Unsynchronised V and S Dataset/Uncategorised IOVNB (V and S) Dataset/S-Dataset/S-Vtb11.csv,VTB11,smartphone,True,361,1.0,1.0,1.0,1.0,stable,10.0,0,,[],1.0,"mean(timestamp_quality, missingness_score, sampling_quality, gnss_availability); each in [0,1]; never used to drop a session"
Unsynchronised V and S Dataset/Uncategorised IOVNB (V and S) Dataset/S-Dataset/S-Vtb12.csv,VTB12,smartphone,True,447,1.0,1.0,1.0,1.0,stable,10.0,0,,[],1.0,"mean(timestamp_quality, missingness_score, sampling_quality, gnss_availability); each in [0,1]; never used to drop a session"
Unsynchronised V and S Dataset/Uncategorised IOVNB (V and S) Dataset/S-Dataset/S-Vtb2.csv,VTB2,smartphone,True,5712,1.0,1.0,1.0,1.0,stable,10.0,0,,[],1.0,"mean(timestamp_quality, missingness_score, sampling_quality, gnss_availability); each in [0,1]; never used to drop a session"
Unsynchronised V and S Dataset/Uncategorised IOVNB (V and S) Dataset/S-Dataset/S-Vtb3.csv,VTB3,smartphone,True,8240,1.0,1.0,1.0,1.0,stable,10.0,2,,[],1.0,"mean(timestamp_quality, missingness_score, sampling_quality, gnss_availability); each in [0,1]; never used to drop a session"
Unsynchronised V and S Dataset/Uncategorised IOVNB (V and S) Dataset/S-Dataset/S-Vtb4.csv,VTB4,smartphone,True,556,1.0,1.0,1.0,1.0,stable,10.0,0,,[],1.0,"mean(timestamp_quality, missingness_score, sampling_quality, gnss_availability); each in [0,1]; never used to drop a session"
Unsynchronised V and S Dataset/Uncategorised IOVNB (V and S) Dataset/S-Dataset/S-Vtb5.csv,VTB5,smartphone,True,64388,1.0,1.0,1.0,1.0,stable,10.0,0,,[],1.0,"mean(timestamp_quality, missingness_score, sampling_quality, gnss_availability); each in [0,1]; never used to drop a session"
Unsynchronised V and S Dataset/Uncategorised IOVNB (V and S) Dataset/S-Dataset/S-Vtb6.csv,VTB6,smartphone,True,498,1.0,1.0,1.0,1.0,stable,10.0,0,,[],1.0,"mean(timestamp_quality, missingness_score, sampling_quality, gnss_availability); each in [0,1]; never used to drop a session"
Unsynchronised V and S Dataset/Uncategorised IOVNB (V and S) Dataset/S-Dataset/S-Vtb7.csv,VTB7,smartphone,True,461,1.0,1.0,1.0,1.0,stable,10.0,0,,[],1.0,"mean(timestamp_quality, missingness_score, sampling_quality, gnss_availability); each in [0,1]; never used to drop a session"
Unsynchronised V and S Dataset/Uncategorised IOVNB (V and S) Dataset/S-Dataset/S-Vtb8.csv,VTB8,smartphone,True,668,1.0,1.0,1.0,1.0,stable,10.0,1,,[],1.0,"mean(timestamp_quality, missingness_score, sampling_quality, gnss_availability); each in [0,1]; never used to drop a session"
Unsynchronised V and S Dataset/Uncategorised IOVNB (V and S) Dataset/S-Dataset/S-Vtb9.csv,VTB9,smartphone,True,452,1.0,1.0,1.0,1.0,stable,10.0,1,,[],1.0,"mean(timestamp_quality, missingness_score, sampling_quality, gnss_availability); each in [0,1]; never used to drop a session"
Unsynchronised V and S Dataset/Uncategorised IOVNB (V and S) Dataset/S-Dataset/S-Vw1.csv,VW1,smartphone,True,20476,1.0,1.0,1.0,1.0,stable,10.0,5,,[],1.0,"mean(timestamp_quality, missingness_score, sampling_quality, gnss_availability); each in [0,1]; never used to drop a session"
Unsynchronised V and S Dataset/Uncategorised IOVNB (V and S) Dataset/S-Dataset/S-Vw10.csv,VW10,smartphone,True,652,1.0,1.0,1.0,1.0,stable,10.0,0,,[],1.0,"mean(timestamp_quality, missingness_score, sampling_quality, gnss_availability); each in [0,1]; never used to drop a session"
Unsynchronised V and S Dataset/Uncategorised IOVNB (V and S) Dataset/S-Dataset/S-Vw11.csv,VW11,smartphone,True,4909,1.0,1.0,1.0,1.0,stable,10.0,0,,[],1.0,"mean(timestamp_quality, missingness_score, sampling_quality, gnss_availability); each in [0,1]; never used to drop a session"
Unsynchronised V and S Dataset/Uncategorised IOVNB (V and S) Dataset/S-Dataset/S-Vw12.csv,VW12,smartphone,True,918,1.0,1.0,1.0,1.0,stable,10.0,0,,[],1.0,"mean(timestamp_quality, missingness_score, sampling_quality, gnss_availability); each in [0,1]; never used to drop a session"
Unsynchronised V and S Dataset/Uncategorised IOVNB (V and S) Dataset/S-Dataset/S-Vw13.csv,VW13,smartphone,True,284,1.0,1.0,1.0,1.0,stable,10.0,1,,[],1.0,"mean(timestamp_quality, missingness_score, sampling_quality, gnss_availability); each in [0,1]; never used to drop a session"
Unsynchronised V and S Dataset/Uncategorised IOVNB (V and S) Dataset/S-Dataset/S-Vw14a.csv,VW14A,smartphone,True,3138,1.0,1.0,1.0,1.0,stable,10.0,0,,[],1.0,"mean(timestamp_quality, missingness_score, sampling_quality, gnss_availability); each in [0,1]; never used to drop a session"
Unsynchronised V and S Dataset/Uncategorised IOVNB (V and S) Dataset/S-Dataset/S-Vw14b.csv,VW14B,smartphone,True,19588,1.0,1.0,1.0,1.0,stable,10.0,0,,[],1.0,"mean(timestamp_quality, missingness_score, sampling_quality, gnss_availability); each in [0,1]; never used to drop a session"
Unsynchronised V and S Dataset/Uncategorised IOVNB (V and S) Dataset/S-Dataset/S-Vw14c.csv,VW14C,smartphone,True,15826,1.0,1.0,1.0,1.0,stable,10.0,0,,[],1.0,"mean(timestamp_quality, missingness_score, sampling_quality, gnss_availability); each in [0,1]; never used to drop a session"
Unsynchronised V and S Dataset/Uncategorised IOVNB (V and S) Dataset/S-Dataset/S-Vw15.csv,VW15,smartphone,True,1380,1.0,1.0,1.0,1.0,stable,10.0,5,,[],1.0,"mean(timestamp_quality, missingness_score, sampling_quality, gnss_availability); each in [0,1]; never used to drop a session"
Unsynchronised V and S Dataset/Uncategorised IOVNB (V and S) Dataset/S-Dataset/S-Vw16a.csv,VW16A,smartphone,True,5879,1.0,1.0,1.0,1.0,stable,10.0,0,,[],1.0,"mean(timestamp_quality, missingness_score, sampling_quality, gnss_availability); each in [0,1]; never used to drop a session"
Unsynchronised V and S Dataset/Uncategorised IOVNB (V and S) Dataset/S-Dataset/S-Vw16b.csv,VW16B,smartphone,True,1126,1.0,1.0,1.0,1.0,stable,10.0,0,,[],1.0,"mean(timestamp_quality, missingness_score, sampling_quality, gnss_availability); each in [0,1]; never used to drop a session"
Unsynchronised V and S Dataset/Uncategorised IOVNB (V and S) Dataset/S-Dataset/S-Vw17.csv,VW17,smartphone,True,329,1.0,1.0,1.0,1.0,stable,10.0,1,,[],1.0,"mean(timestamp_quality, missingness_score, sampling_quality, gnss_availability); each in [0,1]; never used to drop a session"
Unsynchronised V and S Dataset/Uncategorised IOVNB (V and S) Dataset/S-Dataset/S-Vw2.csv,VW2,smartphone,True,52713,1.0,1.0,1.0,1.0,stable,10.0,0,,[],1.0,"mean(timestamp_quality, missingness_score, sampling_quality, gnss_availability); each in [0,1]; never used to drop a session"
Unsynchronised V and S Dataset/Uncategorised IOVNB (V and S) Dataset/S-Dataset/S-Vw3.csv,VW3,smartphone,True,3861,1.0,1.0,1.0,1.0,stable,10.0,0,,[],1.0,"mean(timestamp_quality, missingness_score, sampling_quality, gnss_availability); each in [0,1]; never used to drop a session"
Unsynchronised V and S Dataset/Uncategorised IOVNB (V and S) Dataset/S-Dataset/S-Vw4.csv,VW4,smartphone,True,126526,1.0,1.0,1.0,1.0,stable,10.0,0,,[],1.0,"mean(timestamp_quality, missingness_score, sampling_quality, gnss_availability); each in [0,1]; never used to drop a session"
Unsynchronised V and S Dataset/Uncategorised IOVNB (V and S) Dataset/S-Dataset/S-Vw5.csv,VW5,smartphone,True,1012,1.0,1.0,1.0,1.0,stable,10.0,0,,[],1.0,"mean(timestamp_quality, missingness_score, sampling_quality, gnss_availability); each in [0,1]; never used to drop a session"
Unsynchronised V and S Dataset/Uncategorised IOVNB (V and S) Dataset/S-Dataset/S-Vw6.csv,VW6,smartphone,True,1281,1.0,1.0,1.0,1.0,stable,10.0,0,,[],1.0,"mean(timestamp_quality, missingness_score, sampling_quality, gnss_availability); each in [0,1]; never used to drop a session"
Unsynchronised V and S Dataset/Uncategorised IOVNB (V and S) Dataset/S-Dataset/S-Vw7.csv,VW7,smartphone,True,1602,1.0,1.0,1.0,1.0,stable,10.0,0,,[],1.0,"mean(timestamp_quality, missingness_score, sampling_quality, gnss_availability); each in [0,1]; never used to drop a session"
Unsynchronised V and S Dataset/Uncategorised IOVNB (V and S) Dataset/S-Dataset/S-Vw8.csv,VW8,smartphone,True,1529,1.0,1.0,1.0,1.0,stable,10.0,0,,[],1.0,"mean(timestamp_quality, missingness_score, sampling_quality, gnss_availability); each in [0,1]; never used to drop a session"
Unsynchronised V and S Dataset/Uncategorised IOVNB (V and S) Dataset/S-Dataset/S-Vw9.csv,VW9,smartphone,True,552,1.0,1.0,1.0,1.0,stable,10.0,0,,[],1.0,"mean(timestamp_quality, missingness_score, sampling_quality, gnss_availability); each in [0,1]; never used to drop a session"
Unsynchronised V and S Dataset/Uncategorised IOVNB (V and S) Dataset/S-Dataset/S-Y1.csv,Y1,smartphone,True,70285,0.9999,1.0,1.0,1.0,stable,10.0,0,,[],1.0,"mean(timestamp_quality, missingness_score, sampling_quality, gnss_availability); each in [0,1]; never used to drop a session"
Unsynchronised V and S Dataset/Uncategorised IOVNB (V and S) Dataset/V-Dataset/V-M.csv,M,vehicle,True,105995,1.0,1.0,1.0,1.0,stable,10.0,0,,[],1.0,"mean(timestamp_quality, missingness_score, sampling_quality, gnss_availability); each in [0,1]; never used to drop a session"
Unsynchronised V and S Dataset/Uncategorised IOVNB (V and S) Dataset/V-Dataset/V-S1.csv,S1,vehicle,True,51790,1.0,1.0,1.0,1.0,stable,10.0,0,,[],1.0,"mean(timestamp_quality, missingness_score, sampling_quality, gnss_availability); each in [0,1]; never used to drop a session"
Unsynchronised V and S Dataset/Uncategorised IOVNB (V and S) Dataset/V-Dataset/V-S2.csv,S2,vehicle,True,93900,1.0,1.0,1.0,1.0,stable,10.0,0,,[],1.0,"mean(timestamp_quality, missingness_score, sampling_quality, gnss_availability); each in [0,1]; never used to drop a session"
Unsynchronised V and S Dataset/Uncategorised IOVNB (V and S) Dataset/V-Dataset/V-S3a.csv,S3A,vehicle,True,24660,1.0,1.0,1.0,1.0,stable,10.0,0,,[],1.0,"mean(timestamp_quality, missingness_score, sampling_quality, gnss_availability); each in [0,1]; never used to drop a session"
Unsynchronised V and S Dataset/Uncategorised IOVNB (V and S) Dataset/V-Dataset/V-S3b.csv,S3B,vehicle,True,6840,1.0,1.0,1.0,1.0,stable,10.0,0,,[],1.0,"mean(timestamp_quality, missingness_score, sampling_quality, gnss_availability); each in [0,1]; never used to drop a session"
Unsynchronised V and S Dataset/Uncategorised IOVNB (V and S) Dataset/V-Dataset/V-S3c.csv,S3C,vehicle,True,37220,1.0,1.0,1.0,1.0,stable,10.0,0,,[],1.0,"mean(timestamp_quality, missingness_score, sampling_quality, gnss_availability); each in [0,1]; never used to drop a session"
Unsynchronised V and S Dataset/Uncategorised IOVNB (V and S) Dataset/V-Dataset/V-S4.csv,S4,vehicle,True,97824,1.0,1.0,1.0,1.0,stable,10.0,0,,[],1.0,"mean(timestamp_quality, missingness_score, sampling_quality, gnss_availability); each in [0,1]; never used to drop a session"
Unsynchronised V and S Dataset/Uncategorised IOVNB (V and S) Dataset/V-Dataset/V-St1.csv,ST1,vehicle,True,57213,1.0,1.0,1.0,1.0,stable,10.0,0,,[],1.0,"mean(timestamp_quality, missingness_score, sampling_quality, gnss_availability); each in [0,1]; never used to drop a session"
Unsynchronised V and S Dataset/Uncategorised IOVNB (V and S) Dataset/V-Dataset/V-St4.csv,ST4,vehicle,True,13591,0.9999,1.0,1.0,1.0,stable,10.0,0,,[],1.0,"mean(timestamp_quality, missingness_score, sampling_quality, gnss_availability); each in [0,1]; never used to drop a session"
Unsynchronised V and S Dataset/Uncategorised IOVNB (V and S) Dataset/V-Dataset/V-St6.csv,ST6,vehicle,True,51360,1.0,1.0,1.0,1.0,stable,10.0,0,,[],1.0,"mean(timestamp_quality, missingness_score, sampling_quality, gnss_availability); each in [0,1]; never used to drop a session"
Unsynchronised V and S Dataset/Uncategorised IOVNB (V and S) Dataset/V-Dataset/V-St7.csv,ST7,vehicle,True,44427,0.9797,1.0,0.4,1.0,irregular,10.0,0,,[],0.8449,"mean(timestamp_quality, missingness_score, sampling_quality, gnss_availability); each in [0,1]; never used to drop a session"
Unsynchronised V and S Dataset/Uncategorised IOVNB (V and S) Dataset/V-Dataset/V-Vfa01.csv,VFA01,vehicle,True,11535,1.0,1.0,1.0,1.0,stable,10.0,0,,[],1.0,"mean(timestamp_quality, missingness_score, sampling_quality, gnss_availability); each in [0,1]; never used to drop a session"
Unsynchronised V and S Dataset/Uncategorised IOVNB (V and S) Dataset/V-Dataset/V-Vfa02.csv,VFA02,vehicle,True,67755,1.0,1.0,1.0,1.0,stable,10.0,0,,[],1.0,"mean(timestamp_quality, missingness_score, sampling_quality, gnss_availability); each in [0,1]; never used to drop a session"
Unsynchronised V and S Dataset/Uncategorised IOVNB (V and S) Dataset/V-Dataset/V-Vfb01a.csv,VFB01A,vehicle,True,17000,1.0,1.0,1.0,1.0,stable,10.0,0,,[],1.0,"mean(timestamp_quality, missingness_score, sampling_quality, gnss_availability); each in [0,1]; never used to drop a session"
Unsynchronised V and S Dataset/Uncategorised IOVNB (V and S) Dataset/V-Dataset/V-Vfb01b.csv,VFB01B,vehicle,True,3880,1.0,1.0,1.0,1.0,stable,10.0,0,,[],1.0,"mean(timestamp_quality, missingness_score, sampling_quality, gnss_availability); each in [0,1]; never used to drop a session"
Unsynchronised V and S Dataset/Uncategorised IOVNB (V and S) Dataset/V-Dataset/V-Vfb01c.csv,VFB01C,vehicle,True,6320,1.0,1.0,1.0,1.0,stable,10.0,0,,[],1.0,"mean(timestamp_quality, missingness_score, sampling_quality, gnss_availability); each in [0,1]; never used to drop a session"
Unsynchronised V and S Dataset/Uncategorised IOVNB (V and S) Dataset/V-Dataset/V-Vfb01d.csv,VFB01D,vehicle,True,10713,1.0,1.0,1.0,1.0,stable,10.0,0,,[],1.0,"mean(timestamp_quality, missingness_score, sampling_quality, gnss_availability); each in [0,1]; never used to drop a session"
Unsynchronised V and S Dataset/Uncategorised IOVNB (V and S) Dataset/V-Dataset/V-Vfb02a.csv,VFB02A,vehicle,True,35960,1.0,1.0,1.0,1.0,stable,10.0,0,,[],1.0,"mean(timestamp_quality, missingness_score, sampling_quality, gnss_availability); each in [0,1]; never used to drop a session"
Unsynchronised V and S Dataset/Uncategorised IOVNB (V and S) Dataset/V-Dataset/V-Vfb02b.csv,VFB02B,vehicle,True,11000,1.0,1.0,1.0,1.0,stable,10.0,0,,[],1.0,"mean(timestamp_quality, missingness_score, sampling_quality, gnss_availability); each in [0,1]; never used to drop a session"
Unsynchronised V and S Dataset/Uncategorised IOVNB (V and S) Dataset/V-Dataset/V-Vfb02c.csv,VFB02C,vehicle,True,640,1.0,1.0,1.0,1.0,stable,10.0,0,,[],1.0,"mean(timestamp_quality, missingness_score, sampling_quality, gnss_availability); each in [0,1]; never used to drop a session"
Unsynchronised V and S Dataset/Uncategorised IOVNB (V and S) Dataset/V-Dataset/V-Vfb02d.csv,VFB02D,vehicle,True,880,1.0,1.0,1.0,1.0,stable,10.0,0,,[],1.0,"mean(timestamp_quality, missingness_score, sampling_quality, gnss_availability); each in [0,1]; never used to drop a session"
Unsynchronised V and S Dataset/Uncategorised IOVNB (V and S) Dataset/V-Dataset/V-Vfb02e.csv,VFB02E,vehicle,True,980,1.0,1.0,1.0,1.0,stable,10.0,0,,[],1.0,"mean(timestamp_quality, missingness_score, sampling_quality, gnss_availability); each in [0,1]; never used to drop a session"
Unsynchronised V and S Dataset/Uncategorised IOVNB (V and S) Dataset/V-Dataset/V-Vfb02f.csv,VFB02F,vehicle,True,660,1.0,1.0,1.0,1.0,stable,10.0,0,,[],1.0,"mean(timestamp_quality, missingness_score, sampling_quality, gnss_availability); each in [0,1]; never used to drop a session"
Unsynchronised V and S Dataset/Uncategorised IOVNB (V and S) Dataset/V-Dataset/V-Vfb02g.csv,VFB02G,vehicle,True,27159,1.0,1.0,1.0,1.0,stable,10.0,0,,[],1.0,"mean(timestamp_quality, missingness_score, sampling_quality, gnss_availability); each in [0,1]; never used to drop a session"
Unsynchronised V and S Dataset/Uncategorised IOVNB (V and S) Dataset/V-Dataset/V-Vta10.csv,VTA10,vehicle,True,1570,1.0,1.0,1.0,1.0,stable,10.0,0,,[],1.0,"mean(timestamp_quality, missingness_score, sampling_quality, gnss_availability); each in [0,1]; never used to drop a session"
Unsynchronised V and S Dataset/Uncategorised IOVNB (V and S) Dataset/V-Dataset/V-Vta11.csv,VTA11,vehicle,True,589,1.0,1.0,1.0,1.0,stable,10.0,0,,[],1.0,"mean(timestamp_quality, missingness_score, sampling_quality, gnss_availability); each in [0,1]; never used to drop a session"
Unsynchronised V and S Dataset/Uncategorised IOVNB (V and S) Dataset/V-Dataset/V-Vta12.csv,VTA12,vehicle,True,690,1.0,1.0,1.0,1.0,stable,10.0,1,,[],1.0,"mean(timestamp_quality, missingness_score, sampling_quality, gnss_availability); each in [0,1]; never used to drop a session"
Unsynchronised V and S Dataset/Uncategorised IOVNB (V and S) Dataset/V-Dataset/V-Vta13.csv,VTA13,vehicle,True,473,1.0,1.0,1.0,1.0,stable,10.0,1,,[],1.0,"mean(timestamp_quality, missingness_score, sampling_quality, gnss_availability); each in [0,1]; never used to drop a session"
Unsynchronised V and S Dataset/Uncategorised IOVNB (V and S) Dataset/V-Dataset/V-Vta14.csv,VTA14,vehicle,True,2893,1.0,1.0,1.0,1.0,stable,10.0,1,,[],1.0,"mean(timestamp_quality, missingness_score, sampling_quality, gnss_availability); each in [0,1]; never used to drop a session"
Unsynchronised V and S Dataset/Uncategorised IOVNB (V and S) Dataset/V-Dataset/V-Vta15.csv,VTA15,vehicle,True,869,1.0,1.0,1.0,1.0,stable,10.0,1,,[],1.0,"mean(timestamp_quality, missingness_score, sampling_quality, gnss_availability); each in [0,1]; never used to drop a session"
Unsynchronised V and S Dataset/Uncategorised IOVNB (V and S) Dataset/V-Dataset/V-Vta16.csv,VTA16,vehicle,True,11361,1.0,1.0,1.0,1.0,stable,10.0,0,,[],1.0,"mean(timestamp_quality, missingness_score, sampling_quality, gnss_availability); each in [0,1]; never used to drop a session"
Unsynchronised V and S Dataset/Uncategorised IOVNB (V and S) Dataset/V-Dataset/V-Vta17.csv,VTA17,vehicle,True,4594,1.0,1.0,1.0,1.0,stable,10.0,0,,[],1.0,"mean(timestamp_quality, missingness_score, sampling_quality, gnss_availability); each in [0,1]; never used to drop a session"
Unsynchronised V and S Dataset/Uncategorised IOVNB (V and S) Dataset/V-Dataset/V-Vta18.csv,VTA18,vehicle,True,100,1.0,1.0,1.0,1.0,stable,10.0,1,,[],1.0,"mean(timestamp_quality, missingness_score, sampling_quality, gnss_availability); each in [0,1]; never used to drop a session"
Unsynchronised V and S Dataset/Uncategorised IOVNB (V and S) Dataset/V-Dataset/V-Vta19.csv,VTA19,vehicle,True,310,1.0,1.0,1.0,1.0,stable,10.0,0,,[],1.0,"mean(timestamp_quality, missingness_score, sampling_quality, gnss_availability); each in [0,1]; never used to drop a session"
Unsynchronised V and S Dataset/Uncategorised IOVNB (V and S) Dataset/V-Dataset/V-Vta1a.csv,VTA1A,vehicle,True,25821,1.0,1.0,1.0,1.0,stable,10.0,0,,[],1.0,"mean(timestamp_quality, missingness_score, sampling_quality, gnss_availability); each in [0,1]; never used to drop a session"
Unsynchronised V and S Dataset/Uncategorised IOVNB (V and S) Dataset/V-Dataset/V-Vta1b.csv,VTA1B,vehicle,True,956,1.0,1.0,1.0,1.0,stable,10.0,1,,[],1.0,"mean(timestamp_quality, missingness_score, sampling_quality, gnss_availability); each in [0,1]; never used to drop a session"
Unsynchronised V and S Dataset/Uncategorised IOVNB (V and S) Dataset/V-Dataset/V-Vta2.csv,VTA2,vehicle,True,10995,1.0,1.0,1.0,1.0,stable,10.0,0,,[],1.0,"mean(timestamp_quality, missingness_score, sampling_quality, gnss_availability); each in [0,1]; never used to drop a session"
Unsynchronised V and S Dataset/Uncategorised IOVNB (V and S) Dataset/V-Dataset/V-Vta20.csv,VTA20,vehicle,True,3223,1.0,1.0,1.0,1.0,stable,10.0,0,,[],1.0,"mean(timestamp_quality, missingness_score, sampling_quality, gnss_availability); each in [0,1]; never used to drop a session"
Unsynchronised V and S Dataset/Uncategorised IOVNB (V and S) Dataset/V-Dataset/V-Vta21.csv,VTA21,vehicle,True,2088,1.0,1.0,1.0,1.0,stable,10.0,0,,[],1.0,"mean(timestamp_quality, missingness_score, sampling_quality, gnss_availability); each in [0,1]; never used to drop a session"
Unsynchronised V and S Dataset/Uncategorised IOVNB (V and S) Dataset/V-Dataset/V-Vta22.csv,VTA22,vehicle,True,1572,1.0,1.0,1.0,1.0,stable,10.0,0,,[],1.0,"mean(timestamp_quality, missingness_score, sampling_quality, gnss_availability); each in [0,1]; never used to drop a session"
Unsynchronised V and S Dataset/Uncategorised IOVNB (V and S) Dataset/V-Dataset/V-Vta23.csv,VTA23,vehicle,True,1119,1.0,1.0,1.0,1.0,stable,10.0,0,,[],1.0,"mean(timestamp_quality, missingness_score, sampling_quality, gnss_availability); each in [0,1]; never used to drop a session"
Unsynchronised V and S Dataset/Uncategorised IOVNB (V and S) Dataset/V-Dataset/V-Vta24.csv,VTA24,vehicle,True,1184,1.0,1.0,1.0,1.0,stable,10.0,0,,[],1.0,"mean(timestamp_quality, missingness_score, sampling_quality, gnss_availability); each in [0,1]; never used to drop a session"
Unsynchronised V and S Dataset/Uncategorised IOVNB (V and S) Dataset/V-Dataset/V-Vta25.csv,VTA25,vehicle,True,646,1.0,1.0,1.0,1.0,stable,10.0,0,,[],1.0,"mean(timestamp_quality, missingness_score, sampling_quality, gnss_availability); each in [0,1]; never used to drop a session"
Unsynchronised V and S Dataset/Uncategorised IOVNB (V and S) Dataset/V-Dataset/V-Vta26.csv,VTA26,vehicle,True,1947,1.0,1.0,1.0,1.0,stable,10.0,0,,[],1.0,"mean(timestamp_quality, missingness_score, sampling_quality, gnss_availability); each in [0,1]; never used to drop a session"
Unsynchronised V and S Dataset/Uncategorised IOVNB (V and S) Dataset/V-Dataset/V-Vta27.csv,VTA27,vehicle,True,2853,1.0,1.0,1.0,1.0,stable,10.0,0,,[],1.0,"mean(timestamp_quality, missingness_score, sampling_quality, gnss_availability); each in [0,1]; never used to drop a session"
Unsynchronised V and S Dataset/Uncategorised IOVNB (V and S) Dataset/V-Dataset/V-Vta28.csv,VTA28,vehicle,True,4219,1.0,1.0,1.0,1.0,stable,10.0,0,,[],1.0,"mean(timestamp_quality, missingness_score, sampling_quality, gnss_availability); each in [0,1]; never used to drop a session"
Unsynchronised V and S Dataset/Uncategorised IOVNB (V and S) Dataset/V-Dataset/V-Vta29.csv,VTA29,vehicle,True,23737,1.0,1.0,1.0,1.0,stable,10.0,1,,[],1.0,"mean(timestamp_quality, missingness_score, sampling_quality, gnss_availability); each in [0,1]; never used to drop a session"
Unsynchronised V and S Dataset/Uncategorised IOVNB (V and S) Dataset/V-Dataset/V-Vta3.csv,VTA3,vehicle,True,875,1.0,1.0,1.0,1.0,stable,10.0,0,,[],1.0,"mean(timestamp_quality, missingness_score, sampling_quality, gnss_availability); each in [0,1]; never used to drop a session"
Unsynchronised V and S Dataset/Uncategorised IOVNB (V and S) Dataset/V-Dataset/V-Vta30.csv,VTA30,vehicle,True,17179,1.0,1.0,1.0,1.0,stable,10.0,1,,[],1.0,"mean(timestamp_quality, missingness_score, sampling_quality, gnss_availability); each in [0,1]; never used to drop a session"
Unsynchronised V and S Dataset/Uncategorised IOVNB (V and S) Dataset/V-Dataset/V-Vta4.csv,VTA4,vehicle,True,1809,1.0,1.0,1.0,1.0,stable,10.0,0,,[],1.0,"mean(timestamp_quality, missingness_score, sampling_quality, gnss_availability); each in [0,1]; never used to drop a session"
Unsynchronised V and S Dataset/Uncategorised IOVNB (V and S) Dataset/V-Dataset/V-Vta5.csv,VTA5,vehicle,True,357,1.0,1.0,1.0,1.0,stable,10.0,0,,[],1.0,"mean(timestamp_quality, missingness_score, sampling_quality, gnss_availability); each in [0,1]; never used to drop a session"
Unsynchronised V and S Dataset/Uncategorised IOVNB (V and S) Dataset/V-Dataset/V-Vta6.csv,VTA6,vehicle,True,1393,1.0,1.0,1.0,1.0,stable,10.0,1,,[],1.0,"mean(timestamp_quality, missingness_score, sampling_quality, gnss_availability); each in [0,1]; never used to drop a session"
Unsynchronised V and S Dataset/Uncategorised IOVNB (V and S) Dataset/V-Dataset/V-Vta7.csv,VTA7,vehicle,True,857,1.0,1.0,1.0,1.0,stable,10.0,0,,[],1.0,"mean(timestamp_quality, missingness_score, sampling_quality, gnss_availability); each in [0,1]; never used to drop a session"
Unsynchronised V and S Dataset/Uncategorised IOVNB (V and S) Dataset/V-Dataset/V-Vta8.csv,VTA8,vehicle,True,3697,1.0,1.0,1.0,1.0,stable,10.0,0,,[],1.0,"mean(timestamp_quality, missingness_score, sampling_quality, gnss_availability); each in [0,1]; never used to drop a session"
Unsynchronised V and S Dataset/Uncategorised IOVNB (V and S) Dataset/V-Dataset/V-Vta9.csv,VTA9,vehicle,True,226,1.0,1.0,1.0,1.0,stable,10.0,1,,[],1.0,"mean(timestamp_quality, missingness_score, sampling_quality, gnss_availability); each in [0,1]; never used to drop a session"
Unsynchronised V and S Dataset/Uncategorised IOVNB (V and S) Dataset/V-Dataset/V-Vtb1.csv,VTB1,vehicle,True,32459,1.0,1.0,1.0,1.0,stable,10.0,0,,[],1.0,"mean(timestamp_quality, missingness_score, sampling_quality, gnss_availability); each in [0,1]; never used to drop a session"
Unsynchronised V and S Dataset/Uncategorised IOVNB (V and S) Dataset/V-Dataset/V-Vtb10.csv,VTB10,vehicle,True,195,1.0,1.0,1.0,1.0,stable,10.0,0,,[],1.0,"mean(timestamp_quality, missingness_score, sampling_quality, gnss_availability); each in [0,1]; never used to drop a session"
Unsynchronised V and S Dataset/Uncategorised IOVNB (V and S) Dataset/V-Dataset/V-Vtb11.csv,VTB11,vehicle,True,433,1.0,1.0,1.0,1.0,stable,10.0,1,,[],1.0,"mean(timestamp_quality, missingness_score, sampling_quality, gnss_availability); each in [0,1]; never used to drop a session"
Unsynchronised V and S Dataset/Uncategorised IOVNB (V and S) Dataset/V-Dataset/V-Vtb12.csv,VTB12,vehicle,True,490,1.0,1.0,1.0,1.0,stable,10.0,0,,[],1.0,"mean(timestamp_quality, missingness_score, sampling_quality, gnss_availability); each in [0,1]; never used to drop a session"
Unsynchronised V and S Dataset/Uncategorised IOVNB (V and S) Dataset/V-Dataset/V-Vtb13.csv,VTB13,vehicle,True,1245,1.0,1.0,1.0,1.0,stable,10.0,0,,[],1.0,"mean(timestamp_quality, missingness_score, sampling_quality, gnss_availability); each in [0,1]; never used to drop a session"
Unsynchronised V and S Dataset/Uncategorised IOVNB (V and S) Dataset/V-Dataset/V-Vtb2.csv,VTB2,vehicle,True,5712,0.9996,1.0,1.0,1.0,stable,10.0,0,,[],0.9999,"mean(timestamp_quality, missingness_score, sampling_quality, gnss_availability); each in [0,1]; never used to drop a session"
Unsynchronised V and S Dataset/Uncategorised IOVNB (V and S) Dataset/V-Dataset/V-Vtb3.csv,VTB3,vehicle,True,8289,1.0,1.0,1.0,1.0,stable,10.0,0,,[],1.0,"mean(timestamp_quality, missingness_score, sampling_quality, gnss_availability); each in [0,1]; never used to drop a session"
Unsynchronised V and S Dataset/Uncategorised IOVNB (V and S) Dataset/V-Dataset/V-Vtb4.csv,VTB4,vehicle,True,625,1.0,1.0,1.0,1.0,stable,10.0,0,,[],1.0,"mean(timestamp_quality, missingness_score, sampling_quality, gnss_availability); each in [0,1]; never used to drop a session"
Unsynchronised V and S Dataset/Uncategorised IOVNB (V and S) Dataset/V-Dataset/V-Vtb5.csv,VTB5,vehicle,True,64610,1.0,1.0,1.0,1.0,stable,10.0,0,,[],1.0,"mean(timestamp_quality, missingness_score, sampling_quality, gnss_availability); each in [0,1]; never used to drop a session"
Unsynchronised V and S Dataset/Uncategorised IOVNB (V and S) Dataset/V-Dataset/V-Vtb6.csv,VTB6,vehicle,True,508,1.0,1.0,1.0,1.0,stable,10.0,1,,[],1.0,"mean(timestamp_quality, missingness_score, sampling_quality, gnss_availability); each in [0,1]; never used to drop a session"
Unsynchronised V and S Dataset/Uncategorised IOVNB (V and S) Dataset/V-Dataset/V-Vtb7.csv,VTB7,vehicle,True,461,1.0,1.0,1.0,1.0,stable,10.0,0,,[],1.0,"mean(timestamp_quality, missingness_score, sampling_quality, gnss_availability); each in [0,1]; never used to drop a session"
Unsynchronised V and S Dataset/Uncategorised IOVNB (V and S) Dataset/V-Dataset/V-Vtb8.csv,VTB8,vehicle,True,699,1.0,1.0,1.0,1.0,stable,10.0,1,,[],1.0,"mean(timestamp_quality, missingness_score, sampling_quality, gnss_availability); each in [0,1]; never used to drop a session"
Unsynchronised V and S Dataset/Uncategorised IOVNB (V and S) Dataset/V-Dataset/V-Vtb9.csv,VTB9,vehicle,True,457,1.0,1.0,1.0,1.0,stable,10.0,1,,[],1.0,"mean(timestamp_quality, missingness_score, sampling_quality, gnss_availability); each in [0,1]; never used to drop a session"
Unsynchronised V and S Dataset/Uncategorised IOVNB (V and S) Dataset/V-Dataset/V-Vw1.csv,VW1,vehicle,True,20475,1.0,1.0,1.0,1.0,stable,10.0,2,,[],1.0,"mean(timestamp_quality, missingness_score, sampling_quality, gnss_availability); each in [0,1]; never used to drop a session"
Unsynchronised V and S Dataset/Uncategorised IOVNB (V and S) Dataset/V-Dataset/V-Vw10.csv,VW10,vehicle,True,670,1.0,1.0,1.0,1.0,stable,10.0,0,,[],1.0,"mean(timestamp_quality, missingness_score, sampling_quality, gnss_availability); each in [0,1]; never used to drop a session"
Unsynchronised V and S Dataset/Uncategorised IOVNB (V and S) Dataset/V-Dataset/V-Vw11.csv,VW11,vehicle,True,4924,1.0,1.0,1.0,1.0,stable,10.0,0,,[],1.0,"mean(timestamp_quality, missingness_score, sampling_quality, gnss_availability); each in [0,1]; never used to drop a session"
Unsynchronised V and S Dataset/Uncategorised IOVNB (V and S) Dataset/V-Dataset/V-Vw12.csv,VW12,vehicle,True,1069,1.0,1.0,1.0,1.0,stable,10.0,0,,[],1.0,"mean(timestamp_quality, missingness_score, sampling_quality, gnss_availability); each in [0,1]; never used to drop a session"
Unsynchronised V and S Dataset/Uncategorised IOVNB (V and S) Dataset/V-Dataset/V-Vw13.csv,VW13,vehicle,True,297,1.0,1.0,1.0,1.0,stable,10.0,0,,[],1.0,"mean(timestamp_quality, missingness_score, sampling_quality, gnss_availability); each in [0,1]; never used to drop a session"
Unsynchronised V and S Dataset/Uncategorised IOVNB (V and S) Dataset/V-Dataset/V-Vw14a.csv,VW14A,vehicle,True,3140,1.0,1.0,1.0,1.0,stable,10.0,0,,[],1.0,"mean(timestamp_quality, missingness_score, sampling_quality, gnss_availability); each in [0,1]; never used to drop a session"
Unsynchronised V and S Dataset/Uncategorised IOVNB (V and S) Dataset/V-Dataset/V-Vw14b.csv,VW14B,vehicle,True,19600,1.0,1.0,1.0,1.0,stable,10.0,0,,[],1.0,"mean(timestamp_quality, missingness_score, sampling_quality, gnss_availability); each in [0,1]; never used to drop a session"
Unsynchronised V and S Dataset/Uncategorised IOVNB (V and S) Dataset/V-Dataset/V-Vw14c.csv,VW14C,vehicle,True,15857,1.0,1.0,1.0,1.0,stable,10.0,0,,[],1.0,"mean(timestamp_quality, missingness_score, sampling_quality, gnss_availability); each in [0,1]; never used to drop a session"
Unsynchronised V and S Dataset/Uncategorised IOVNB (V and S) Dataset/V-Dataset/V-Vw15.csv,VW15,vehicle,True,1391,1.0,1.0,1.0,1.0,stable,10.0,1,,[],1.0,"mean(timestamp_quality, missingness_score, sampling_quality, gnss_availability); each in [0,1]; never used to drop a session"
Unsynchronised V and S Dataset/Uncategorised IOVNB (V and S) Dataset/V-Dataset/V-Vw16a.csv,VW16A,vehicle,True,6000,1.0,1.0,1.0,1.0,stable,10.0,0,,[],1.0,"mean(timestamp_quality, missingness_score, sampling_quality, gnss_availability); each in [0,1]; never used to drop a session"
Unsynchronised V and S Dataset/Uncategorised IOVNB (V and S) Dataset/V-Dataset/V-Vw16b.csv,VW16B,vehicle,True,1171,1.0,1.0,1.0,1.0,stable,10.0,0,,[],1.0,"mean(timestamp_quality, missingness_score, sampling_quality, gnss_availability); each in [0,1]; never used to drop a session"
Unsynchronised V and S Dataset/Uncategorised IOVNB (V and S) Dataset/V-Dataset/V-Vw17.csv,VW17,vehicle,True,329,1.0,1.0,1.0,1.0,stable,10.0,1,,[],1.0,"mean(timestamp_quality, missingness_score, sampling_quality, gnss_availability); each in [0,1]; never used to drop a session"
Unsynchronised V and S Dataset/Uncategorised IOVNB (V and S) Dataset/V-Dataset/V-Vw2.csv,VW2,vehicle,True,52712,1.0,1.0,1.0,1.0,stable,10.0,0,,[],1.0,"mean(timestamp_quality, missingness_score, sampling_quality, gnss_availability); each in [0,1]; never used to drop a session"
Unsynchronised V and S Dataset/Uncategorised IOVNB (V and S) Dataset/V-Dataset/V-Vw3.csv,VW3,vehicle,True,3941,1.0,1.0,1.0,1.0,stable,10.0,0,,[],1.0,"mean(timestamp_quality, missingness_score, sampling_quality, gnss_availability); each in [0,1]; never used to drop a session"
Unsynchronised V and S Dataset/Uncategorised IOVNB (V and S) Dataset/V-Dataset/V-Vw4.csv,VW4,vehicle,True,126573,1.0,1.0,1.0,1.0,stable,10.0,0,,[],1.0,"mean(timestamp_quality, missingness_score, sampling_quality, gnss_availability); each in [0,1]; never used to drop a session"
Unsynchronised V and S Dataset/Uncategorised IOVNB (V and S) Dataset/V-Dataset/V-Vw5.csv,VW5,vehicle,True,1050,1.0,1.0,1.0,1.0,stable,10.0,0,,[],1.0,"mean(timestamp_quality, missingness_score, sampling_quality, gnss_availability); each in [0,1]; never used to drop a session"
Unsynchronised V and S Dataset/Uncategorised IOVNB (V and S) Dataset/V-Dataset/V-Vw6.csv,VW6,vehicle,True,1288,1.0,1.0,1.0,1.0,stable,10.0,0,,[],1.0,"mean(timestamp_quality, missingness_score, sampling_quality, gnss_availability); each in [0,1]; never used to drop a session"
Unsynchronised V and S Dataset/Uncategorised IOVNB (V and S) Dataset/V-Dataset/V-Vw7.csv,VW7,vehicle,True,1689,1.0,1.0,1.0,1.0,stable,10.0,0,,[],1.0,"mean(timestamp_quality, missingness_score, sampling_quality, gnss_availability); each in [0,1]; never used to drop a session"
Unsynchronised V and S Dataset/Uncategorised IOVNB (V and S) Dataset/V-Dataset/V-Vw8.csv,VW8,vehicle,True,1599,1.0,1.0,1.0,1.0,stable,10.0,0,,[],1.0,"mean(timestamp_quality, missingness_score, sampling_quality, gnss_availability); each in [0,1]; never used to drop a session"
Unsynchronised V and S Dataset/Uncategorised IOVNB (V and S) Dataset/V-Dataset/V-Vw9.csv,VW9,vehicle,True,601,1.0,1.0,1.0,1.0,stable,10.0,0,,[],1.0,"mean(timestamp_quality, missingness_score, sampling_quality, gnss_availability); each in [0,1]; never used to drop a session"
Unsynchronised V and S Dataset/Uncategorised IOVNB (V and S) Dataset/V-Dataset/V-Y1.csv,Y1,vehicle,True,70341,1.0,1.0,0.1,1.0,severely_irregular,10.0,0,,[],0.775,"mean(timestamp_quality, missingness_score, sampling_quality, gnss_availability); each in [0,1]; never used to drop a session"
Unsynchronised V and S Dataset/Uncategorised IOVNB (V and S) Dataset/V-Dataset/V-Y2.csv,Y2,vehicle,True,57213,1.0,1.0,1.0,1.0,stable,10.0,0,,[],1.0,"mean(timestamp_quality, missingness_score, sampling_quality, gnss_availability); each in [0,1]; never used to drop a session"
