segment_id,group_key,split,payload_hash,session_id,source_file,dataset_family,stream,row_count,duration_s
738f4d6048eb:000,00159a5e190cac89,test,738f4d6048ebe0c546c333422a88b1265dd2669884310c0d0733266199ac78e0,ST7,Unsynchronised V and S Dataset/Categorised IOVNB (V) Dataset/V Dataset/St (Driver C)/St7/V-St7.csv,unsynchronized_categorized,vehicle,44427,4509.700000000004
738f4d6048eb:000,00159a5e190cac89,test,738f4d6048ebe0c546c333422a88b1265dd2669884310c0d0733266199ac78e0,ST7,Unsynchronised V and S Dataset/Uncategorised IOVNB (V and S) Dataset/V-Dataset/V-St7.csv,unsynchronized_uncategorized,vehicle,44427,4509.700000000004
9e3fc03408f1:000,03014b1617af0501,validation,9e3fc03408f134c51ff02fb592c7544c0051199cdef0d2f9b8011a34d1c8bbaa,VTB10,Synchronised V abd S datasets/Categorised IOVNB Dataset/Vtb (Driver E)/Vtb10/S-Vtb10.csv,synchronized_categorized,smartphone,196,19.5
bfc8ef5f13fa:000,03014b1617af0501,validation,bfc8ef5f13fadb113b68b7dc3632dfe9836ca7a38ba63a46537ce192bb5dd576,VTB10,Synchronised V abd S datasets/Categorised IOVNB Dataset/Vtb (Driver E)/Vtb10/V-vtb10.csv,synchronized_categorized,vehicle,195,19.40000000000873
202fab30375e:000,03014b1617af0501,validation,202fab30375ed39b0311ac63e92a1c58ad2851541bc72cc9792bce638363d23b,VTB10,Synchronised V abd S datasets/Uncategorised IOVNB Dataset/S-Dataset/S-Vtb10.csv,synchronized_uncategorized,smartphone,196,19.5
bfc8ef5f13fa:000,03014b1617af0501,validation,bfc8ef5f13fadb113b68b7dc3632dfe9836ca7a38ba63a46537ce192bb5dd576,VTB10,Synchronised V abd S datasets/Uncategorised IOVNB Dataset/V-Dataset/V-vtb10.csv,synchronized_uncategorized,vehicle,195,19.40000000000873
8024f15a5206:000,03014b1617af0501,validation,8024f15a52069f27eae14572691fc098d9704bffce76daba0a7d08418ddef009,VTB10,Unsynchronised V and S Dataset/Categorised IOVNB (V) Dataset/V Dataset/Vtb (Driver E)/Vtb10/V-Vtb10.csv,unsynchronized_categorized,vehicle,195,19.40000000000873
9e3fc03408f1:000,03014b1617af0501,validation,9e3fc03408f134c51ff02fb592c7544c0051199cdef0d2f9b8011a34d1c8bbaa,VTB10,Unsynchronised V and S Dataset/Uncategorised IOVNB (V and S) Dataset/S-Dataset/S-Vtb10.csv,unsynchronized_uncategorized,smartphone,196,19.5
8024f15a5206:000,03014b1617af0501,validation,8024f15a52069f27eae14572691fc098d9704bffce76daba0a7d08418ddef009,VTB10,Unsynchronised V and S Dataset/Uncategorised IOVNB (V and S) Dataset/V-Dataset/V-Vtb10.csv,unsynchronized_uncategorized,vehicle,195,19.40000000000873
3db4ee68418f:000,03a8ac7b6280c69d,validation,3db4ee68418f36529ab01bfc7cff290531941291af2e369e5da974f884f9ba9b,VW12,Synchronised V abd S datasets/Categorised IOVNB Dataset/Vw (Driver E)/Vw12/S-Vw12.csv,synchronized_categorized,smartphone,918,91.70000004768372
b5448bfcb130:000,03a8ac7b6280c69d,validation,b5448bfcb1300088911573bba02087a96a3264ce838a70f58cf631c69d029e0a,VW12,Synchronised V abd S datasets/Categorised IOVNB Dataset/Vw (Driver E)/Vw12/V-Vw12.csv,synchronized_categorized,vehicle,918,91.70000000000437
fa60a662386f:000,03a8ac7b6280c69d,validation,fa60a662386f7eff0150f6b8380a9e1e008a2fa4c3fca2308bd0b0b6fbbc2dd5,VW12,Synchronised V abd S datasets/Uncategorised IOVNB Dataset/S-Dataset/S-Vw12.csv,synchronized_uncategorized,smartphone,918,91.70000004768372
b5448bfcb130:000,03a8ac7b6280c69d,validation,b5448bfcb1300088911573bba02087a96a3264ce838a70f58cf631c69d029e0a,VW12,Synchronised V abd S datasets/Uncategorised IOVNB Dataset/V-Dataset/V-Vw12.csv,synchronized_uncategorized,vehicle,918,91.70000000000437
a54ef9e6ab8a:000,03a8ac7b6280c69d,validation,a54ef9e6ab8a38f1769e271e86324d517a3c2333656bd2967a9c987c4005ab95,VW12,Unsynchronised V and S Dataset/Categorised IOVNB (V) Dataset/V Dataset/Vw (Driver E)/Vw12/V-Vw12.csv,unsynchronized_categorized,vehicle,1069,106.80000000000291
3db4ee68418f:000,03a8ac7b6280c69d,validation,3db4ee68418f36529ab01bfc7cff290531941291af2e369e5da974f884f9ba9b,VW12,Unsynchronised V and S Dataset/Uncategorised IOVNB (V and S) Dataset/S-Dataset/S-Vw12.csv,unsynchronized_uncategorized,smartphone,918,91.70000004768372
a54ef9e6ab8a:000,03a8ac7b6280c69d,validation,a54ef9e6ab8a38f1769e271e86324d517a3c2333656bd2967a9c987c4005ab95,VW12,Unsynchronised V and S Dataset/Uncategorised IOVNB (V and S) Dataset/V-Dataset/V-Vw12.csv,unsynchronized_uncategorized,vehicle,1069,106.80000000000291
71453d0af0d3:000,03ecce3ad8bfc299,train,71453d0af0d336bf4cc25e548f4ec4c75e83eba8b2a224604280510049d09587,M,Synchronised V abd S datasets/Categorised IOVNB Dataset/M (Driver B)/S-M.csv,synchronized_categorized,smartphone,105974,10599.623000144958
23f0904d08a7:000,03ecce3ad8bfc299,train,23f0904d08a74f8eae2f689349079659e8a0b71717fc2898eea541780a61ef14,M,Synchronised V abd S datasets/Categorised IOVNB Dataset/M (Driver B)/V-M.csv,synchronized_categorized,vehicle,105974,10597.299999999996
71453d0af0d3:000,03ecce3ad8bfc299,train,71453d0af0d336bf4cc25e548f4ec4c75e83eba8b2a224604280510049d09587,M,Synchronised V abd S datasets/Uncategorised IOVNB Dataset/S-Dataset/S-M.csv,synchronized_uncategorized,smartphone,105974,10599.623000144958
23f0904d08a7:000,03ecce3ad8bfc299,train,23f0904d08a74f8eae2f689349079659e8a0b71717fc2898eea541780a61ef14,M,Synchronised V abd S datasets/Uncategorised IOVNB Dataset/V-Dataset/V-M.csv,synchronized_uncategorized,vehicle,105974,10597.299999999996
efd2d4ff28f3:000,03ecce3ad8bfc299,train,efd2d4ff28f3689cdd19906c969053665fe959435622af8483c47e1ae5e3f829,M,Unsynchronised V and S Dataset/Categorised IOVNB (V) Dataset/V Dataset/M (Driver B)/V-M.csv,unsynchronized_categorized,vehicle,105995,10599.400000000001
71453d0af0d3:000,03ecce3ad8bfc299,train,71453d0af0d336bf4cc25e548f4ec4c75e83eba8b2a224604280510049d09587,M,Unsynchronised V and S Dataset/Uncategorised IOVNB (V and S) Dataset/S-Dataset/S-M.csv,unsynchronized_uncategorized,smartphone,105974,10599.623000144958
efd2d4ff28f3:000,03ecce3ad8bfc299,train,efd2d4ff28f3689cdd19906c969053665fe959435622af8483c47e1ae5e3f829,M,Unsynchronised V and S Dataset/Uncategorised IOVNB (V and S) Dataset/V-Dataset/V-M.csv,unsynchronized_uncategorized,vehicle,105995,10599.400000000001
ade9b3d779ac:000,075e5045e61a96f3,validation,ade9b3d779ac108d1f59ec26207e9b330a6465728d308abbb599b219b261d077,VTA28,Synchronised V abd S datasets/Categorised IOVNB Dataset/Vta (Driver E)/Vta28/S-Vta28.csv,synchronized_categorized,smartphone,4210,420.90000009536743
a8752e753ff9:000,075e5045e61a96f3,validation,a8752e753ff91c1788bac4b4f3f1e827cdd6834b44b03a88010d8c666d162efb,VTA28,Synchronised V abd S datasets/Categorised IOVNB Dataset/Vta (Driver E)/Vta28/V-vta28.csv,synchronized_categorized,vehicle,4210,420.8999999999942
f6681389a3ae:000,075e5045e61a96f3,validation,f6681389a3ae39e0b085f81857f370629fc78349cbb50461273dc1e54096af62,VTA28,Synchronised V abd S datasets/Uncategorised IOVNB Dataset/S-Dataset/S-Vta28.csv,synchronized_uncategorized,smartphone,4210,420.90000009536743
a8752e753ff9:000,075e5045e61a96f3,validation,a8752e753ff91c1788bac4b4f3f1e827cdd6834b44b03a88010d8c666d162efb,VTA28,Synchronised V abd S datasets/Uncategorised IOVNB Dataset/V-Dataset/V-vta28.csv,synchronized_uncategorized,vehicle,4210,420.8999999999942
5aa02baf4555:000,075e5045e61a96f3,validation,5aa02baf4555bc7924ffa6f72c3d22bddce46a38d0f69f7cb97be50dd5d69b64,VTA28,Unsynchronised V and S Dataset/Categorised IOVNB (V) Dataset/V Dataset/Vta (Driver E)/Vta28/V-Vta28.csv,unsynchronized_categorized,vehicle,4219,421.8000000000029
ade9b3d779ac:000,075e5045e61a96f3,validation,ade9b3d779ac108d1f59ec26207e9b330a6465728d308abbb599b219b261d077,VTA28,Unsynchronised V and S Dataset/Uncategorised IOVNB (V and S) Dataset/S-Dataset/S-Vta28.csv,unsynchronized_uncategorized,smartphone,4210,420.90000009536743
5aa02baf4555:000,075e5045e61a96f3,validation,5aa02baf4555bc7924ffa6f72c3d22bddce46a38d0f69f7cb97be50dd5d69b64,VTA28,Unsynchronised V and S Dataset/Uncategorised IOVNB (V and S) Dataset/V-Dataset/V-Vta28.csv,unsynchronized_uncategorized,vehicle,4219,421.8000000000029
413a1f581614:000,0989abd06f40ba0b,validation,413a1f581614b5f0088fcacd908d14289f1f5375fe2a810551cc3caa887629f0,VTA14,Synchronised V abd S datasets/Categorised IOVNB Dataset/Vta (Driver E)/Vta14/S-Vta14.csv,synchronized_categorized,smartphone,2885,288.39999985694885
47fb8c1e6a90:000,0989abd06f40ba0b,validation,47fb8c1e6a90e4791af51dc18880c757d7541fef80b98ac27ba4c14d02d8925d,VTA14,Synchronised V abd S datasets/Categorised IOVNB Dataset/Vta (Driver E)/Vta14/V-vta14.csv,synchronized_categorized,vehicle,2885,288.3999999999942
bb4a6ff8b36a:000,0989abd06f40ba0b,validation,bb4a6ff8b36af8de10e86abdddb2ff46de53d7cfe209a774d42080fecdd3993f,VTA14,Synchronised V abd S datasets/Uncategorised IOVNB Dataset/S-Dataset/S-Vta14.csv,synchronized_uncategorized,smartphone,2885,288.39999985694885
47fb8c1e6a90:000,0989abd06f40ba0b,validation,47fb8c1e6a90e4791af51dc18880c757d7541fef80b98ac27ba4c14d02d8925d,VTA14,Synchronised V abd S datasets/Uncategorised IOVNB Dataset/V-Dataset/V-vta14.csv,synchronized_uncategorized,vehicle,2885,288.3999999999942
9bf8deb2cafd:000,0989abd06f40ba0b,validation,9bf8deb2cafd2296f679e1309ec975fb56823a476117336328bcf3cd4d7595ed,VTA14,Unsynchronised V and S Dataset/Categorised IOVNB (V) Dataset/V Dataset/Vta (Driver E)/Vta14/V-Vta14.csv,unsynchronized_categorized,vehicle,2893,289.20000000000437
413a1f581614:000,0989abd06f40ba0b,validation,413a1f581614b5f0088fcacd908d14289f1f5375fe2a810551cc3caa887629f0,VTA14,Unsynchronised V and S Dataset/Uncategorised IOVNB (V and S) Dataset/S-Dataset/S-Vta14.csv,unsynchronized_uncategorized,smartphone,2885,288.39999985694885
9bf8deb2cafd:000,0989abd06f40ba0b,validation,9bf8deb2cafd2296f679e1309ec975fb56823a476117336328bcf3cd4d7595ed,VTA14,Unsynchronised V and S Dataset/Uncategorised IOVNB (V and S) Dataset/V-Dataset/V-Vta14.csv,unsynchronized_uncategorized,vehicle,2893,289.20000000000437
c684df34222a:000,0a57d16a8b3f6a72,validation,c684df34222a7b54da0686f57d9f78d58750616c53de98ac2342a4bc21746bf0,VTA18,Unsynchronised V and S Dataset/Uncategorised IOVNB (V and S) Dataset/V-Dataset/V-Vta18.csv,unsynchronized_uncategorized,vehicle,100,9.900000000001455
53a4a5b9494e:000,0abbe815e3f5870f,train,53a4a5b9494e19fdfbe28ce57d7bf5f1b4482f1a5516c400fd14fc6c1316d728,VW8,Synchronised V abd S datasets/Categorised IOVNB Dataset/Vw (Driver E)/Vw08/S-Vw8.csv,synchronized_categorized,smartphone,1529,152.79999995231628
89692d9e3e6a:000,0abbe815e3f5870f,train,89692d9e3e6a2968867c6e04172bf5fed27c5a7e6b70206fa162a153420064b1,VW8,Synchronised V abd S datasets/Categorised IOVNB Dataset/Vw (Driver E)/Vw08/V-Vw8.csv,synchronized_categorized,vehicle,1529,152.8000000000029
7f899dfeb1c3:000,0abbe815e3f5870f,train,7f899dfeb1c3450c15c30bc933dc4ea098e081fccd72177e8c159acc5cb078c1,VW8,Synchronised V abd S datasets/Uncategorised IOVNB Dataset/S-Dataset/S-Vw8.csv,synchronized_uncategorized,smartphone,1529,152.79999995231628
89692d9e3e6a:000,0abbe815e3f5870f,train,89692d9e3e6a2968867c6e04172bf5fed27c5a7e6b70206fa162a153420064b1,VW8,Synchronised V abd S datasets/Uncategorised IOVNB Dataset/V-Dataset/V-Vw8.csv,synchronized_uncategorized,vehicle,1529,152.8000000000029
69846416ec5f:000,0abbe815e3f5870f,train,69846416ec5ff8ecbb4ff4c82ccf62bf0d4e4838e7d5a9cd966841e589929a05,VW8,Unsynchronised V and S Dataset/Categorised IOVNB (V) Dataset/V Dataset/Vw (Driver E)/Vw08/V-Vw8.csv,unsynchronized_categorized,vehicle,1599,159.8000000000029
53a4a5b9494e:000,0abbe815e3f5870f,train,53a4a5b9494e19fdfbe28ce57d7bf5f1b4482f1a5516c400fd14fc6c1316d728,VW8,Unsynchronised V and S Dataset/Uncategorised IOVNB (V and S) Dataset/S-Dataset/S-Vw8.csv,unsynchronized_uncategorized,smartphone,1529,152.79999995231628
69846416ec5f:000,0abbe815e3f5870f,train,69846416ec5ff8ecbb4ff4c82ccf62bf0d4e4838e7d5a9cd966841e589929a05,VW8,Unsynchronised V and S Dataset/Uncategorised IOVNB (V and S) Dataset/V-Dataset/V-Vw8.csv,unsynchronized_uncategorized,vehicle,1599,159.8000000000029
fc23e971b8f3:000,0b7cf00479726db4,train,fc23e971b8f331ce5ca9c0956f1bb8bc103d6f7baf3dafadec8367bdcfa2cf74,VW16A,Synchronised V abd S datasets/Categorised IOVNB Dataset/Vw (Driver E)/Vw16a/S-Vw16a.csv,synchronized_categorized,smartphone,5879,587.798999786377
02a947a7f434:000,0b7cf00479726db4,train,02a947a7f4344d7d804487743ba8d2c67ad36f02a065b2f957319bb697a8fe06,VW16A,Synchronised V abd S datasets/Categorised IOVNB Dataset/Vw (Driver E)/Vw16a/V-Vw16a.csv,synchronized_categorized,vehicle,5879,587.7999999999956
77dfd320c66a:000,0b7cf00479726db4,train,77dfd320c66aec9889960cb6e32b586c571e17ebaf15cbe41d2965518669a01d,VW16A,Synchronised V abd S datasets/Uncategorised IOVNB Dataset/S-Dataset/S-Vw16a.csv,synchronized_uncategorized,smartphone,5879,587.798999786377
02a947a7f434:000,0b7cf00479726db4,train,02a947a7f4344d7d804487743ba8d2c67ad36f02a065b2f957319bb697a8fe06,VW16A,Synchronised V abd S datasets/Uncategorised IOVNB Dataset/V-Dataset/V-Vw16a.csv,synchronized_uncategorized,vehicle,5879,587.7999999999956
ec97aa52952d:000,0b7cf00479726db4,train,ec97aa52952dd6c5cafad7c928a02a0fd702c4e563afe9f76cc4d781821ecedc,VW16A,Unsynchronised V and S Dataset/Categorised IOVNB (V) Dataset/V Dataset/Vw (Driver E)/Vw16a/V-Vw16a.csv,unsynchronized_categorized,vehicle,6000,599.8999999999942
fc23e971b8f3:000,0b7cf00479726db4,train,fc23e971b8f331ce5ca9c0956f1bb8bc103d6f7baf3dafadec8367bdcfa2cf74,VW16A,Unsynchronised V and S Dataset/Uncategorised IOVNB (V and S) Dataset/S-Dataset/S-Vw16a.csv,unsynchronized_uncategorized,smartphone,5879,587.798999786377
ec97aa52952d:000,0b7cf00479726db4,train,ec97aa52952dd6c5cafad7c928a02a0fd702c4e563afe9f76cc4d781821ecedc,VW16A,Unsynchronised V and S Dataset/Uncategorised IOVNB (V and S) Dataset/V-Dataset/V-Vw16a.csv,unsynchronized_uncategorized,vehicle,6000,599.8999999999942
65348172ad4e:000,0c179cc0484a407f,train,65348172ad4eb61777bdee119ab5e88c558bf648df53a514e11d17a571d3b556,VFA02,Synchronised V abd S datasets/Categorised IOVNB Dataset/Vf (Driver E)/V-Vfa02/S-Vfa02.csv,synchronized_categorized,smartphone,67523,6752.2009999752045
85b9631ca6a8:000,0c179cc0484a407f,train,85b9631ca6a8ce0cadc79ab32f581d28eaec3186a86ee2fc5a2af88766af8f29,VFA02,Synchronised V abd S datasets/Categorised IOVNB Dataset/Vf (Driver E)/V-Vfa02/V-Vfa02.csv,synchronized_categorized,vehicle,67755,6775.4000000000015
65348172ad4e:000,0c179cc0484a407f,train,65348172ad4eb61777bdee119ab5e88c558bf648df53a514e11d17a571d3b556,VFA02,Synchronised V abd S datasets/Uncategorised IOVNB Dataset/S-Dataset/S-Vfa02.csv,synchronized_uncategorized,smartphone,67523,6752.2009999752045
85b9631ca6a8:000,0c179cc0484a407f,train,85b9631ca6a8ce0cadc79ab32f581d28eaec3186a86ee2fc5a2af88766af8f29,VFA02,Synchronised V abd S datasets/Uncategorised IOVNB Dataset/V-Dataset/V-Vfa02.csv,synchronized_uncategorized,vehicle,67755,6775.4000000000015
85b9631ca6a8:000,0c179cc0484a407f,train,85b9631ca6a8ce0cadc79ab32f581d28eaec3186a86ee2fc5a2af88766af8f29,VFA02,Unsynchronised V and S Dataset/Categorised IOVNB (V) Dataset/V Dataset/Vf (Driver E)/V-Vfa02/V-Vfa02.csv,unsynchronized_categorized,vehicle,67755,6775.4000000000015
65348172ad4e:000,0c179cc0484a407f,train,65348172ad4eb61777bdee119ab5e88c558bf648df53a514e11d17a571d3b556,VFA02,Unsynchronised V and S Dataset/Uncategorised IOVNB (V and S) Dataset/S-Dataset/S-Vfa02.csv,unsynchronized_uncategorized,smartphone,67523,6752.2009999752045
85b9631ca6a8:000,0c179cc0484a407f,train,85b9631ca6a8ce0cadc79ab32f581d28eaec3186a86ee2fc5a2af88766af8f29,VFA02,Unsynchronised V and S Dataset/Uncategorised IOVNB (V and S) Dataset/V-Dataset/V-Vfa02.csv,unsynchronized_uncategorized,vehicle,67755,6775.4000000000015
b98958cc351e:000,0faa86345fa4ad6b,validation,b98958cc351eaee53bcc39d28bce3516fde4031935b666d6ef4ab2bed7a6138b,VTA1B,Synchronised V abd S datasets/Categorised IOVNB Dataset/Vta (Driver E)/Vta01b/S-Vta1b.csv,synchronized_categorized,smartphone,954,95.29999995231628
83c6ad5afbbc:000,0faa86345fa4ad6b,validation,83c6ad5afbbc7b0aa36df623b5fd2de18716b97e212807954b0f4da966ec2ac1,VTA1B,Synchronised V abd S datasets/Categorised IOVNB Dataset/Vta (Driver E)/Vta01b/V-Vta1b.csv,synchronized_categorized,vehicle,953,95.19999999999709
d4286914fd02:000,0faa86345fa4ad6b,validation,d4286914fd022b5784dceb7c086d452c30d64507cffc2ec2ce2a0405932a5b82,VTA1B,Synchronised V abd S datasets/Uncategorised IOVNB Dataset/S-Dataset/S-Vta1b.csv,synchronized_uncategorized,smartphone,954,95.29999995231628
83c6ad5afbbc:000,0faa86345fa4ad6b,validation,83c6ad5afbbc7b0aa36df623b5fd2de18716b97e212807954b0f4da966ec2ac1,VTA1B,Synchronised V abd S datasets/Uncategorised IOVNB Dataset/V-Dataset/V-Vta1b.csv,synchronized_uncategorized,vehicle,953,95.19999999999709
c2310873c85b:000,0faa86345fa4ad6b,validation,c2310873c85bbee53c043fdb444b554658ef4d72b5c0170e112941e3f392d00a,VTA1B,Unsynchronised V and S Dataset/Categorised IOVNB (V) Dataset/V Dataset/Vta (Driver E)/Vta01b/V-Vta1b.csv,unsynchronized_categorized,vehicle,956,95.5
b98958cc351e:000,0faa86345fa4ad6b,validation,b98958cc351eaee53bcc39d28bce3516fde4031935b666d6ef4ab2bed7a6138b,VTA1B,Unsynchronised V and S Dataset/Uncategorised IOVNB (V and S) Dataset/S-Dataset/S-Vta1b.csv,unsynchronized_uncategorized,smartphone,954,95.29999995231628
c2310873c85b:000,0faa86345fa4ad6b,validation,c2310873c85bbee53c043fdb444b554658ef4d72b5c0170e112941e3f392d00a,VTA1B,Unsynchronised V and S Dataset/Uncategorised IOVNB (V and S) Dataset/V-Dataset/V-Vta1b.csv,unsynchronized_uncategorized,vehicle,956,95.5
878198cfe5fc:000,0fba2c11932e728d,validation,878198cfe5fcab64ddd0805ab5fce3f2b10c5def12ee8c44d03543e51620d553,VFB02G,Unsynchronised V and S Dataset/Categorised IOVNB (V) Dataset/V Dataset/Vf (Driver E)/V-Vfb02g/V-Vfb02g.csv,unsynchronized_categorized,vehicle,27159,2715.800000000003
878198cfe5fc:000,0fba2c11932e728d,validation,878198cfe5fcab64ddd0805ab5fce3f2b10c5def12ee8c44d03543e51620d553,VFB02G,Unsynchronised V and S Dataset/Uncategorised IOVNB (V and S) Dataset/V-Dataset/V-Vfb02g.csv,unsynchronized_uncategorized,vehicle,27159,2715.800000000003
5851902ce5d4:000,0fc8cb012e9bef0f,train,5851902ce5d4f82f900d082e082d2fc43deac3d4f8f128d1193e6a353970f22d,S2,Synchronised V abd S datasets/Categorised IOVNB Dataset/S (Driver A)/S2/S-S2.csv,synchronized_categorized,smartphone,93876,9388.608000040054
492b2b544356:000,0fc8cb012e9bef0f,train,492b2b5443566cf77f57c729b9dfed8b8533d60c0f02ee4a8d5dc6205e8e94ec,S2,Synchronised V abd S datasets/Categorised IOVNB Dataset/S (Driver A)/S2/V-S2.csv,synchronized_categorized,vehicle,93876,9387.5
5851902ce5d4:000,0fc8cb012e9bef0f,train,5851902ce5d4f82f900d082e082d2fc43deac3d4f8f128d1193e6a353970f22d,S2,Synchronised V abd S datasets/Uncategorised IOVNB Dataset/S-Dataset/S-S2.csv,synchronized_uncategorized,smartphone,93876,9388.608000040054
492b2b544356:000,0fc8cb012e9bef0f,train,492b2b5443566cf77f57c729b9dfed8b8533d60c0f02ee4a8d5dc6205e8e94ec,S2,Synchronised V abd S datasets/Uncategorised IOVNB Dataset/V-Dataset/V-S2.csv,synchronized_uncategorized,vehicle,93876,9387.5
37ece1cc5054:000,0fc8cb012e9bef0f,train,37ece1cc50549518a430ebf2b93a3c06ec358229133ff471686d8a0e78e0b0dc,S2,Unsynchronised V and S Dataset/Categorised IOVNB (V) Dataset/V Dataset/S (Driver A)/S2/V-S2.csv,unsynchronized_categorized,vehicle,93900,9389.900000000001
5851902ce5d4:000,0fc8cb012e9bef0f,train,5851902ce5d4f82f900d082e082d2fc43deac3d4f8f128d1193e6a353970f22d,S2,Unsynchronised V and S Dataset/Uncategorised IOVNB (V and S) Dataset/S-Dataset/S-S2.csv,unsynchronized_uncategorized,smartphone,93876,9388.608000040054
37ece1cc5054:000,0fc8cb012e9bef0f,train,37ece1cc50549518a430ebf2b93a3c06ec358229133ff471686d8a0e78e0b0dc,S2,Unsynchronised V and S Dataset/Uncategorised IOVNB (V and S) Dataset/V-Dataset/V-S2.csv,unsynchronized_uncategorized,vehicle,93900,9389.900000000001
c51e706ffc90:000,15a305bc01296fd4,test,c51e706ffc9090761552735eb16ddb67e0a342b8e9222787b4973a89a6efc7b8,T10,Unsynchronised V and S Dataset/Uncategorised IOVNB (V and S) Dataset/S-Dataset/S-T10.csv,unsynchronized_uncategorized,smartphone,6699,669.7999999523163
99845be37ef3:000,168eba3863cc0eb1,validation,99845be37ef34a45500ea4db5acf1fc99c8483d3b3f3b10f828fd77d6a85a84f,A4,Unsynchronised V and S Dataset/Uncategorised IOVNB (V and S) Dataset/S-Dataset/S-A4.csv,unsynchronized_uncategorized,smartphone,32829,3282.800000190735
21086d0da7c1:000,1719ed395f103453,test,21086d0da7c148cf45e70d2a2dbdf8bb1dbdbed97bfd296f008ed9b20e301a07,VFB01A,Unsynchronised V and S Dataset/Categorised IOVNB (V) Dataset/V Dataset/Vf (Driver E)/V-Vfb01a/V-Vfb01a.csv,unsynchronized_categorized,vehicle,17000,1699.9000000000015
21086d0da7c1:000,1719ed395f103453,test,21086d0da7c148cf45e70d2a2dbdf8bb1dbdbed97bfd296f008ed9b20e301a07,VFB01A,Unsynchronised V and S Dataset/Uncategorised IOVNB (V and S) Dataset/V-Dataset/V-Vfb01a.csv,unsynchronized_uncategorized,vehicle,17000,1699.9000000000015
1a9d760bc7d2:000,181f9752118213f7,test,1a9d760bc7d2a5aeb29bda49873d643643fbfa40bc951e0ffce1d767b456a7e2,VW9,Synchronised V abd S datasets/Categorised IOVNB Dataset/Vw (Driver E)/Vw09/S-Vw9.csv,synchronized_categorized,smartphone,552,55.10099983215332
0e371904d8bc:000,181f9752118213f7,test,0e371904d8bca8c86cc208118a8a4e269592c5b12944c66ea88f0a80ac844120,VW9,Synchronised V abd S datasets/Categorised IOVNB Dataset/Vw (Driver E)/Vw09/V-Vw9.csv,synchronized_categorized,vehicle,553,55.19999999999709
751e3a387bd3:000,181f9752118213f7,test,751e3a387bd340e99224f2ef1cbc14926a455922625325cfb41e1929aa140145,VW9,Synchronised V abd S datasets/Uncategorised IOVNB Dataset/S-Dataset/S-Vw9.csv,synchronized_uncategorized,smartphone,552,55.10099983215332
0e371904d8bc:000,181f9752118213f7,test,0e371904d8bca8c86cc208118a8a4e269592c5b12944c66ea88f0a80ac844120,VW9,Synchronised V abd S datasets/Uncategorised IOVNB Dataset/V-Dataset/V-Vw9.csv,synchronized_uncategorized,vehicle,553,55.19999999999709
b9850efcf8c6:000,181f9752118213f7,test,b9850efcf8c6cbab46a8ad93fce7fd765c757da9693a9a8f190ced322339fbbe,VW9,Unsynchronised V and S Dataset/Categorised IOVNB (V) Dataset/V Dataset/Vw (Driver E)/Vw09/V-Vw9.csv,unsynchronized_categorized,vehicle,601,60.0
1a9d760bc7d2:000,181f9752118213f7,test,1a9d760bc7d2a5aeb29bda49873d643643fbfa40bc951e0ffce1d767b456a7e2,VW9,Unsynchronised V and S Dataset/Uncategorised IOVNB (V and S) Dataset/S-Dataset/S-Vw9.csv,unsynchronized_uncategorized,smartphone,552,55.10099983215332
b9850efcf8c6:000,181f9752118213f7,test,b9850efcf8c6cbab46a8ad93fce7fd765c757da9693a9a8f190ced322339fbbe,VW9,Unsynchronised V and S Dataset/Uncategorised IOVNB (V and S) Dataset/V-Dataset/V-Vw9.csv,unsynchronized_uncategorized,vehicle,601,60.0
f86e535305a7:000,1962b13e098ff407,validation,f86e535305a7200563e68f8399590109a170f7e78192d2eff32b31c2a8e762c9,VW13,Synchronised V abd S datasets/Categorised IOVNB Dataset/Vw (Driver E)/Vw13/S-Vw13.csv,synchronized_categorized,smartphone,284,28.299999952316284
a1be801957c9:000,1962b13e098ff407,validation,a1be801957c9ed33c11c2f88ebd8ea70d064e655d9ffa42070d61a99fde5a072,VW13,Synchronised V abd S datasets/Categorised IOVNB Dataset/Vw (Driver E)/Vw13/V-Vw13.csv,synchronized_categorized,vehicle,284,28.30000000000291
c3e5f69ec8f4:000,1962b13e098ff407,validation,c3e5f69ec8f47ce57f1a304ff96e21ca51cd8be7edf66235eb0217ff4a3d2177,VW13,Synchronised V abd S datasets/Uncategorised IOVNB Dataset/S-Dataset/S-Vw13.csv,synchronized_uncategorized,smartphone,284,28.299999952316284
a1be801957c9:000,1962b13e098ff407,validation,a1be801957c9ed33c11c2f88ebd8ea70d064e655d9ffa42070d61a99fde5a072,VW13,Synchronised V abd S datasets/Uncategorised IOVNB Dataset/V-Dataset/V-Vw13.csv,synchronized_uncategorized,vehicle,284,28.30000000000291
d5baf3d13427:000,1962b13e098ff407,validation,d5baf3d1342795aa6aefb011048278414a20f30ab874cf8bfa3e13caefeb7f97,VW13,Unsynchronised V and S Dataset/Categorised IOVNB (V) Dataset/V Dataset/Vw (Driver E)/Vw13/V-Vw13.csv,unsynchronized_categorized,vehicle,297,29.599999999998545
f86e535305a7:000,1962b13e098ff407,validation,f86e535305a7200563e68f8399590109a170f7e78192d2eff32b31c2a8e762c9,VW13,Unsynchronised V and S Dataset/Uncategorised IOVNB (V and S) Dataset/S-Dataset/S-Vw13.csv,unsynchronized_uncategorized,smartphone,284,28.299999952316284
d5baf3d13427:000,1962b13e098ff407,validation,d5baf3d1342795aa6aefb011048278414a20f30ab874cf8bfa3e13caefeb7f97,VW13,Unsynchronised V and S Dataset/Uncategorised IOVNB (V and S) Dataset/V-Dataset/V-Vw13.csv,unsynchronized_uncategorized,vehicle,297,29.599999999998545
dc92ec49c6de:000,1ae4643d925cd6f4,test,dc92ec49c6dedcd252165283167529785028998d8a860d9647a173dd37fc5f58,T11,Unsynchronised V and S Dataset/Uncategorised IOVNB (V and S) Dataset/S-Dataset/S-T11.csv,unsynchronized_uncategorized,smartphone,5690,568.9010000228882
7aff2d8777e0:000,1bf325201b4186fd,train,7aff2d8777e070fe55acb694b688cf9e501cf8f45c4fa4d2fb35d2633eaa5692,VTA5,Synchronised V abd S datasets/Categorised IOVNB Dataset/Vta (Driver E)/Vta05/S-Vta5.csv,synchronized_categorized,smartphone,307,30.600000143051147
31c052676e02:000,1bf325201b4186fd,train,31c052676e02adc11e95a36a871b50f17b25296e66cbae3dc94dfc6bb5357d2a,VTA5,Synchronised V abd S datasets/Categorised IOVNB Dataset/Vta (Driver E)/Vta05/V-vta5.csv,synchronized_categorized,vehicle,307,30.599999999998545
ef23269dffe1:000,1bf325201b4186fd,train,ef23269dffe16050ab251b6b2d77a92cfec1d2ad1c1989cb76c67c3eb7d3b215,VTA5,Synchronised V abd S datasets/Uncategorised IOVNB Dataset/S-Dataset/S-Vta5.csv,synchronized_uncategorized,smartphone,307,30.600000143051147
31c052676e02:000,1bf325201b4186fd,train,31c052676e02adc11e95a36a871b50f17b25296e66cbae3dc94dfc6bb5357d2a,VTA5,Synchronised V abd S datasets/Uncategorised IOVNB Dataset/V-Dataset/V-vta5.csv,synchronized_uncategorized,vehicle,307,30.599999999998545
006c4dbcebbb:000,1bf325201b4186fd,train,006c4dbcebbb02cdf4ebde111062913f7c013bb2965be9639f57dc99de240466,VTA5,Unsynchronised V and S Dataset/Categorised IOVNB (V) Dataset/V Dataset/Vta (Driver E)/Vta05/V-Vta5.csv,unsynchronized_categorized,vehicle,357,35.60000000000582
7aff2d8777e0:000,1bf325201b4186fd,train,7aff2d8777e070fe55acb694b688cf9e501cf8f45c4fa4d2fb35d2633eaa5692,VTA5,Unsynchronised V and S Dataset/Uncategorised IOVNB (V and S) Dataset/S-Dataset/S-Vta5.csv,unsynchronized_uncategorized,smartphone,307,30.600000143051147
006c4dbcebbb:000,1bf325201b4186fd,train,006c4dbcebbb02cdf4ebde111062913f7c013bb2965be9639f57dc99de240466,VTA5,Unsynchronised V and S Dataset/Uncategorised IOVNB (V and S) Dataset/V-Dataset/V-Vta5.csv,unsynchronized_uncategorized,vehicle,357,35.60000000000582
7385001a020f:000,1c813ea5765e9225,validation,7385001a020fe0f1f5505f12d104887055bddf43a584c727324f25b5f765d6d6,VFB02A,Unsynchronised V and S Dataset/Categorised IOVNB (V) Dataset/V Dataset/Vf (Driver E)/V-Vfb02a/V-Vfb02a.csv,unsynchronized_categorized,vehicle,35960,3595.9000000000015
7385001a020f:000,1c813ea5765e9225,validation,7385001a020fe0f1f5505f12d104887055bddf43a584c727324f25b5f765d6d6,VFB02A,Unsynchronised V and S Dataset/Uncategorised IOVNB (V and S) Dataset/V-Dataset/V-Vfb02a.csv,unsynchronized_uncategorized,vehicle,35960,3595.9000000000015
87c795b6c20e:000,1e3af1a81e33dbc3,validation,87c795b6c20e413f18b78f3c40b9bb15d0300496071b3172fe045aad9eb8e03d,VTB11,Synchronised V abd S datasets/Categorised IOVNB Dataset/Vtb (Driver E)/Vtb11/S-Vtb11.csv,synchronized_categorized,smartphone,361,36.0
95c98373c894:000,1e3af1a81e33dbc3,validation,95c98373c89438dbbeb27962b9a32dc2e81dbb5b699629c0b245e8b0e991aad3,VTB11,Synchronised V abd S datasets/Categorised IOVNB Dataset/Vtb (Driver E)/Vtb11/V-vtb11.csv,synchronized_categorized,vehicle,361,36.0
6cf4b689fa81:000,1e3af1a81e33dbc3,validation,6cf4b689fa8102dec178ff7e3dddefd414c34b56b27cdb830d3d83fe9d646204,VTB11,Synchronised V abd S datasets/Uncategorised IOVNB Dataset/S-Dataset/S-Vtb11.csv,synchronized_uncategorized,smartphone,361,36.0
95c98373c894:000,1e3af1a81e33dbc3,validation,95c98373c89438dbbeb27962b9a32dc2e81dbb5b699629c0b245e8b0e991aad3,VTB11,Synchronised V abd S datasets/Uncategorised IOVNB Dataset/V-Dataset/V-vtb11.csv,synchronized_uncategorized,vehicle,361,36.0
d2d46c6ef06c:000,1e3af1a81e33dbc3,validation,d2d46c6ef06c85e614f350ba0285014c59302087f239298b92a84a7fded6cc0d,VTB11,Unsynchronised V and S Dataset/Categorised IOVNB (V) Dataset/V Dataset/Vtb (Driver E)/Vtb11/V-Vtb11.csv,unsynchronized_categorized,vehicle,433,43.20000000001164
87c795b6c20e:000,1e3af1a81e33dbc3,validation,87c795b6c20e413f18b78f3c40b9bb15d0300496071b3172fe045aad9eb8e03d,VTB11,Unsynchronised V and S Dataset/Uncategorised IOVNB (V and S) Dataset/S-Dataset/S-Vtb11.csv,unsynchronized_uncategorized,smartphone,361,36.0
d2d46c6ef06c:000,1e3af1a81e33dbc3,validation,d2d46c6ef06c85e614f350ba0285014c59302087f239298b92a84a7fded6cc0d,VTB11,Unsynchronised V and S Dataset/Uncategorised IOVNB (V and S) Dataset/V-Dataset/V-Vtb11.csv,unsynchronized_uncategorized,vehicle,433,43.20000000001164
1eb361eb3905:000,2098864f857e6718,test,1eb361eb39050df0dfa40ab574e622744f2b43ec7a212e8d1650469e5752c1da,ST4,Unsynchronised V and S Dataset/Categorised IOVNB (V) Dataset/V Dataset/St (Driver C)/St4/V-St4.csv,unsynchronized_categorized,vehicle,13591,1359.0
1eb361eb3905:000,2098864f857e6718,test,1eb361eb39050df0dfa40ab574e622744f2b43ec7a212e8d1650469e5752c1da,ST4,Unsynchronised V and S Dataset/Uncategorised IOVNB (V and S) Dataset/V-Dataset/V-St4.csv,unsynchronized_uncategorized,vehicle,13591,1359.0
392d0b39dc43:000,239fbd24733e86cd,test,392d0b39dc4336f571717fb70ff211242b434fe503793bccf0fd8c6c1abb7091,T8,Unsynchronised V and S Dataset/Uncategorised IOVNB (V and S) Dataset/S-Dataset/S-T8.csv,unsynchronized_uncategorized,smartphone,48344,4833.805999755859
5edb201c6796:000,25e8d63f975fccf1,validation,5edb201c6796af66840f16917315a5715acf6584feae0f0f5e4f27453c33e0df,VW16B,Synchronised V abd S datasets/Categorised IOVNB Dataset/Vw (Driver E)/Vw16b/S-Vw16b.csv,synchronized_categorized,smartphone,1126,112.50100016593933
5646f2e20776:000,25e8d63f975fccf1,validation,5646f2e20776bf4e9615291e7a4b3a388ba31ee57c1a7eeeb1bcf0915e049a0c,VW16B,Synchronised V abd S datasets/Categorised IOVNB Dataset/Vw (Driver E)/Vw16b/V-Vw16b.csv,synchronized_categorized,vehicle,1126,112.5
66355f866e3d:000,25e8d63f975fccf1,validation,66355f866e3d0d5cf90bcc2bcc9fd3618d72c5f458306dcbdf9fb676a4092cbe,VW16B,Synchronised V abd S datasets/Uncategorised IOVNB Dataset/S-Dataset/S-Vw16b.csv,synchronized_uncategorized,smartphone,1126,112.50100016593933
5646f2e20776:000,25e8d63f975fccf1,validation,5646f2e20776bf4e9615291e7a4b3a388ba31ee57c1a7eeeb1bcf0915e049a0c,VW16B,Synchronised V abd S datasets/Uncategorised IOVNB Dataset/V-Dataset/V-Vw16b.csv,synchronized_uncategorized,vehicle,1126,112.5
78871442687e:000,25e8d63f975fccf1,validation,78871442687e3a4647a5be2a4410b8ce3b84f2a06abbb71f5b322320160d67c5,VW16B,Unsynchronised V and S Dataset/Categorised IOVNB (V) Dataset/V Dataset/Vw (Driver E)/Vw16b/V-Vw16b.csv,unsynchronized_categorized,vehicle,1171,117.0
5edb201c6796:000,25e8d63f975fccf1,validation,5edb201c6796af66840f16917315a5715acf6584feae0f0f5e4f27453c33e0df,VW16B,Unsynchronised V and S Dataset/Uncategorised IOVNB (V and S) Dataset/S-Dataset/S-Vw16b.csv,unsynchronized_uncategorized,smartphone,1126,112.50100016593933
78871442687e:000,25e8d63f975fccf1,validation,78871442687e3a4647a5be2a4410b8ce3b84f2a06abbb71f5b322320160d67c5,VW16B,Unsynchronised V and S Dataset/Uncategorised IOVNB (V and S) Dataset/V-Dataset/V-Vw16b.csv,unsynchronized_uncategorized,vehicle,1171,117.0
62fb3e3d9457:000,269c0fa93ee247f5,test,62fb3e3d94574567635c19bc646b374b2da209e611bfbfeb7f9e5899d05653f4,VTA16,Synchronised V abd S datasets/Categorised IOVNB Dataset/Vta (Driver E)/Vta16/S-Vta16.csv,synchronized_categorized,smartphone,11335,1133.4000000953674
c0d60dc9d7a3:000,269c0fa93ee247f5,test,c0d60dc9d7a391a06c4c9c42b81141f053465e8dd0e7038fdb380176da532205,VTA16,Synchronised V abd S datasets/Categorised IOVNB Dataset/Vta (Driver E)/Vta16/V-vta16.csv,synchronized_categorized,vehicle,11335,1133.4000000000015
25bba4c7024d:000,269c0fa93ee247f5,test,25bba4c7024d5e8fbad2b0bc65221b0f69e81661d774e00a123a370775f87ca7,VTA16,Synchronised V abd S datasets/Uncategorised IOVNB Dataset/S-Dataset/S-Vta16.csv,synchronized_uncategorized,smartphone,11335,1133.4000000953674
c0d60dc9d7a3:000,269c0fa93ee247f5,test,c0d60dc9d7a391a06c4c9c42b81141f053465e8dd0e7038fdb380176da532205,VTA16,Synchronised V abd S datasets/Uncategorised IOVNB Dataset/V-Dataset/V-vta16.csv,synchronized_uncategorized,vehicle,11335,1133.4000000000015
9b7b865bc44b:000,269c0fa93ee247f5,test,9b7b865bc44b9f807b3e07e8c2ba4d70c29abc42fbcd47d4231c047add52d3cf,VTA16,Unsynchronised V and S Dataset/Categorised IOVNB (V) Dataset/V Dataset/Vta (Driver E)/Vta16/V-Vta16.csv,unsynchronized_categorized,vehicle,11361,1136.0
62fb3e3d9457:000,269c0fa93ee247f5,test,62fb3e3d94574567635c19bc646b374b2da209e611bfbfeb7f9e5899d05653f4,VTA16,Unsynchronised V and S Dataset/Uncategorised IOVNB (V and S) Dataset/S-Dataset/S-Vta16.csv,unsynchronized_uncategorized,smartphone,11335,1133.4000000953674
9b7b865bc44b:000,269c0fa93ee247f5,test,9b7b865bc44b9f807b3e07e8c2ba4d70c29abc42fbcd47d4231c047add52d3cf,VTA16,Unsynchronised V and S Dataset/Uncategorised IOVNB (V and S) Dataset/V-Dataset/V-Vta16.csv,unsynchronized_uncategorized,vehicle,11361,1136.0
ed067f770ac8:000,29830e3c5d2e0276,test,ed067f770ac83e063d663826e110db9e8ee9e9ded25a62d02b390aaa55cee406,A3,Unsynchronised V and S Dataset/Uncategorised IOVNB (V and S) Dataset/S-Dataset/S-A3.csv,unsynchronized_uncategorized,smartphone,11132,5566.02799987793
4132d57199e8:000,33e47b7eaaeb1ebb,validation,4132d57199e839a0b10e2eaee6f0c23bf40a700b385d14efbb98739a726eb7e1,VTB1,Synchronised V abd S datasets/Categorised IOVNB Dataset/Vtb (Driver E)/Vtb01/S-Vtb1.csv,synchronized_categorized,smartphone,684,68.29900002479553
4132d57199e8:001,33e47b7eaaeb1ebb,validation,4132d57199e839a0b10e2eaee6f0c23bf40a700b385d14efbb98739a726eb7e1,VTB1,Synchronised V abd S datasets/Categorised IOVNB Dataset/Vtb (Driver E)/Vtb01/S-Vtb1.csv,synchronized_categorized,smartphone,31775,2516.1240000724792
9c7487b61d37:000,33e47b7eaaeb1ebb,validation,9c7487b61d3758944284c704ab2335cc25700843b21d04712c7c84fe33c6a343,VTB1,Synchronised V abd S datasets/Categorised IOVNB Dataset/Vtb (Driver E)/Vtb01/V-vtb1.csv,synchronized_categorized,vehicle,32459,3245.7999999999956
4132d57199e8:000,33e47b7eaaeb1ebb,validation,4132d57199e839a0b10e2eaee6f0c23bf40a700b385d14efbb98739a726eb7e1,VTB1,Synchronised V abd S datasets/Uncategorised IOVNB Dataset/S-Dataset/S-Vtb1.csv,synchronized_uncategorized,smartphone,684,68.29900002479553
4132d57199e8:001,33e47b7eaaeb1ebb,validation,4132d57199e839a0b10e2eaee6f0c23bf40a700b385d14efbb98739a726eb7e1,VTB1,Synchronised V abd S datasets/Uncategorised IOVNB Dataset/S-Dataset/S-Vtb1.csv,synchronized_uncategorized,smartphone,31775,2516.1240000724792
9c7487b61d37:000,33e47b7eaaeb1ebb,validation,9c7487b61d3758944284c704ab2335cc25700843b21d04712c7c84fe33c6a343,VTB1,Synchronised V abd S datasets/Uncategorised IOVNB Dataset/V-Dataset/V-vtb1.csv,synchronized_uncategorized,vehicle,32459,3245.7999999999956
b935595d3039:000,33e47b7eaaeb1ebb,validation,b935595d3039a751b3fe988c6fe447a717c9443c1efc6b7d3e1e45c59e2262aa,VTB1,Unsynchronised V and S Dataset/Categorised IOVNB (V) Dataset/V Dataset/Vtb (Driver E)/Vtb01/V-Vtb1.csv,unsynchronized_categorized,vehicle,32459,3245.7999999999956
4132d57199e8:000,33e47b7eaaeb1ebb,validation,4132d57199e839a0b10e2eaee6f0c23bf40a700b385d14efbb98739a726eb7e1,VTB1,Unsynchronised V and S Dataset/Uncategorised IOVNB (V and S) Dataset/S-Dataset/S-Vtb1.csv,unsynchronized_uncategorized,smartphone,684,68.29900002479553
4132d57199e8:001,33e47b7eaaeb1ebb,validation,4132d57199e839a0b10e2eaee6f0c23bf40a700b385d14efbb98739a726eb7e1,VTB1,Unsynchronised V and S Dataset/Uncategorised IOVNB (V and S) Dataset/S-Dataset/S-Vtb1.csv,unsynchronized_uncategorized,smartphone,31775,2516.1240000724792
b935595d3039:000,33e47b7eaaeb1ebb,validation,b935595d3039a751b3fe988c6fe447a717c9443c1efc6b7d3e1e45c59e2262aa,VTB1,Unsynchronised V and S Dataset/Uncategorised IOVNB (V and S) Dataset/V-Dataset/V-Vtb1.csv,unsynchronized_uncategorized,vehicle,32459,3245.7999999999956
9a03b6e9ec4a:000,353cf8d45f784ca7,validation,9a03b6e9ec4aa1cd27dddf9953553ce84b83909313f3a863e6fd180d414e8d3d,VW3,Synchronised V abd S datasets/Categorised IOVNB Dataset/Vw (Driver E)/Vw03/S-Vw3.csv,synchronized_categorized,smartphone,3861,386.00099992752075
c9a28bfa44a4:000,353cf8d45f784ca7,validation,c9a28bfa44a442f683cc8c6a6dcb4b6f5aff587779140a8c907a64f78955a1a1,VW3,Synchronised V abd S datasets/Categorised IOVNB Dataset/Vw (Driver E)/Vw03/V-Vw3.csv,synchronized_categorized,vehicle,3861,386.0
07a93fc8421c:000,353cf8d45f784ca7,validation,07a93fc8421c0b4d26da352d051a819591a24e7a29ef5c27101914ed9ff5b28f,VW3,Synchronised V abd S datasets/Uncategorised IOVNB Dataset/S-Dataset/S-Vw3.csv,synchronized_uncategorized,smartphone,3861,386.00099992752075
c9a28bfa44a4:000,353cf8d45f784ca7,validation,c9a28bfa44a442f683cc8c6a6dcb4b6f5aff587779140a8c907a64f78955a1a1,VW3,Synchronised V abd S datasets/Uncategorised IOVNB Dataset/V-Dataset/V-Vw3.csv,synchronized_uncategorized,vehicle,3861,386.0
4fa83e78d311:000,353cf8d45f784ca7,validation,4fa83e78d31139e504fadc8c0193371ecbe9aec25028acfdc7f676bb9789ebe7,VW3,Unsynchronised V and S Dataset/Categorised IOVNB (V) Dataset/V Dataset/Vw (Driver E)/Vw03/V-Vw3.csv,unsynchronized_categorized,vehicle,3941,394.0
9a03b6e9ec4a:000,353cf8d45f784ca7,validation,9a03b6e9ec4aa1cd27dddf9953553ce84b83909313f3a863e6fd180d414e8d3d,VW3,Unsynchronised V and S Dataset/Uncategorised IOVNB (V and S) Dataset/S-Dataset/S-Vw3.csv,unsynchronized_uncategorized,smartphone,3861,386.00099992752075
4fa83e78d311:000,353cf8d45f784ca7,validation,4fa83e78d31139e504fadc8c0193371ecbe9aec25028acfdc7f676bb9789ebe7,VW3,Unsynchronised V and S Dataset/Uncategorised IOVNB (V and S) Dataset/V-Dataset/V-Vw3.csv,unsynchronized_uncategorized,vehicle,3941,394.0
e07de2f95c2b:000,35acd45f71bdf716,validation,e07de2f95c2b08cb4da7b94e47765442e5e27687b274bd0dd784a529f592bb51,VTA22,Synchronised V abd S datasets/Categorised IOVNB Dataset/Vta (Driver E)/Vta22/S-Vta22.csv,synchronized_categorized,smartphone,1564,156.30100011825562
b9f3b5408799:000,35acd45f71bdf716,validation,b9f3b54087995125a35ba44f8b93f59981ae51abbc1bd9de46ff8df8c4c8d973,VTA22,Synchronised V abd S datasets/Categorised IOVNB Dataset/Vta (Driver E)/Vta22/V-vta22.csv,synchronized_categorized,vehicle,1564,156.3000000000029
63dcb0fceb5e:000,35acd45f71bdf716,validation,63dcb0fceb5e515bdc08e465647e71e2784ad231aee5c772ef2c29f6e569d327,VTA22,Synchronised V abd S datasets/Uncategorised IOVNB Dataset/S-Dataset/S-Vta22.csv,synchronized_uncategorized,smartphone,1564,156.30100011825562
b9f3b5408799:000,35acd45f71bdf716,validation,b9f3b54087995125a35ba44f8b93f59981ae51abbc1bd9de46ff8df8c4c8d973,VTA22,Synchronised V abd S datasets/Uncategorised IOVNB Dataset/V-Dataset/V-vta22.csv,synchronized_uncategorized,vehicle,1564,156.3000000000029
b0d92ef84541:000,35acd45f71bdf716,validation,b0d92ef84541f4253cbcd7d37db23ace13ce1237a27952f04aa155dae88431a5,VTA22,Unsynchronised V and S Dataset/Categorised IOVNB (V) Dataset/V Dataset/Vta (Driver E)/Vta22/V-Vta22.csv,unsynchronized_categorized,vehicle,1572,157.09999999999854
e07de2f95c2b:000,35acd45f71bdf716,validation,e07de2f95c2b08cb4da7b94e47765442e5e27687b274bd0dd784a529f592bb51,VTA22,Unsynchronised V and S Dataset/Uncategorised IOVNB (V and S) Dataset/S-Dataset/S-Vta22.csv,unsynchronized_uncategorized,smartphone,1564,156.30100011825562
b0d92ef84541:000,35acd45f71bdf716,validation,b0d92ef84541f4253cbcd7d37db23ace13ce1237a27952f04aa155dae88431a5,VTA22,Unsynchronised V and S Dataset/Uncategorised IOVNB (V and S) Dataset/V-Dataset/V-Vta22.csv,unsynchronized_uncategorized,vehicle,1572,157.09999999999854
4e255b689bb1:000,365d8ccccfe211ce,test,4e255b689bb10c0a7ed6d83405f69c6a19eeafaf05d91bf645cab2ae8197a53c,VTA20,Synchronised V abd S datasets/Categorised IOVNB Dataset/Vta (Driver E)/Vta20/S-Vta20.csv,synchronized_categorized,smartphone,3223,322.2000000476837
4c49f750ae05:000,365d8ccccfe211ce,test,4c49f750ae059a877fa4aa2389bc90fcded325caa500611f63ffbc0c1e72b88b,VTA20,Synchronised V abd S datasets/Categorised IOVNB Dataset/Vta (Driver E)/Vta20/V-vta20.csv,synchronized_categorized,vehicle,3223,322.1999999999971
2053e5e5c9a7:000,365d8ccccfe211ce,test,2053e5e5c9a739118c490104966ba941826c08f18d7418f54199d7bfde195f46,VTA20,Synchronised V abd S datasets/Uncategorised IOVNB Dataset/S-Dataset/S-Vta20.csv,synchronized_uncategorized,smartphone,3223,322.2000000476837
4c49f750ae05:000,365d8ccccfe211ce,test,4c49f750ae059a877fa4aa2389bc90fcded325caa500611f63ffbc0c1e72b88b,VTA20,Synchronised V abd S datasets/Uncategorised IOVNB Dataset/V-Dataset/V-vta20.csv,synchronized_uncategorized,vehicle,3223,322.1999999999971
533c9bef17f0:000,365d8ccccfe211ce,test,533c9bef17f0d6ed94e475c9cdd29b926856b64421784b0031afb3c7a27b0ac8,VTA20,Unsynchronised V and S Dataset/Categorised IOVNB (V) Dataset/V Dataset/Vta (Driver E)/Vta20/V-Vta20.csv,unsynchronized_categorized,vehicle,3223,322.1999999999971
4e255b689bb1:000,365d8ccccfe211ce,test,4e255b689bb10c0a7ed6d83405f69c6a19eeafaf05d91bf645cab2ae8197a53c,VTA20,Unsynchronised V and S Dataset/Uncategorised IOVNB (V and S) Dataset/S-Dataset/S-Vta20.csv,unsynchronized_uncategorized,smartphone,3223,322.2000000476837
533c9bef17f0:000,365d8ccccfe211ce,test,533c9bef17f0d6ed94e475c9cdd29b926856b64421784b0031afb3c7a27b0ac8,VTA20,Unsynchronised V and S Dataset/Uncategorised IOVNB (V and S) Dataset/V-Dataset/V-Vta20.csv,unsynchronized_uncategorized,vehicle,3223,322.1999999999971
6a95e9794088:000,3b7eeb44a6ecb416,validation,6a95e97940883ca4e1910e036f7e1506649fafa916fa7221087f536f14305230,T5,Unsynchronised V and S Dataset/Uncategorised IOVNB (V and S) Dataset/S-Dataset/S-T5.csv,unsynchronized_uncategorized,smartphone,46387,2036.9920001029968
049ad3efce5a:000,3bfe55fd8944a4f4,train,049ad3efce5a35125d79bfbd68dd352a9c8cf08251d3cff028409777f910bcea,VW5,Synchronised V abd S datasets/Categorised IOVNB Dataset/Vw (Driver E)/Vw05/S-Vw5.csv,synchronized_categorized,smartphone,1012,101.10099983215332
0db45b1a102a:000,3bfe55fd8944a4f4,train,0db45b1a102a61d8102f1f8d40cee2c5c969ae04171ad6dd80a8fa0890f2bcc8,VW5,Synchronised V abd S datasets/Categorised IOVNB Dataset/Vw (Driver E)/Vw05/V-Vw5.csv,synchronized_categorized,vehicle,1012,101.09999999999854
aad875202b39:000,3bfe55fd8944a4f4,train,aad875202b3910674a376bb9d17671607aedbd9349faf1bcca2985323e75ac60,VW5,Synchronised V abd S datasets/Uncategorised IOVNB Dataset/S-Dataset/S-Vw5.csv,synchronized_uncategorized,smartphone,1012,101.10099983215332
0db45b1a102a:000,3bfe55fd8944a4f4,train,0db45b1a102a61d8102f1f8d40cee2c5c969ae04171ad6dd80a8fa0890f2bcc8,VW5,Synchronised V abd S datasets/Uncategorised IOVNB Dataset/V-Dataset/V-Vw5.csv,synchronized_uncategorized,vehicle,1012,101.09999999999854
34144ecc462c:000,3bfe55fd8944a4f4,train,34144ecc462c9b3af7a370d1fc61776c53d9778b8ea068c9274797ae386abef8,VW5,Unsynchronised V and S Dataset/Categorised IOVNB (V) Dataset/V Dataset/Vw (Driver E)/Vw05/V-Vw5.csv,unsynchronized_categorized,vehicle,1050,104.90000000000146
049ad3efce5a:000,3bfe55fd8944a4f4,train,049ad3efce5a35125d79bfbd68dd352a9c8cf08251d3cff028409777f910bcea,VW5,Unsynchronised V and S Dataset/Uncategorised IOVNB (V and S) Dataset/S-Dataset/S-Vw5.csv,unsynchronized_uncategorized,smartphone,1012,101.10099983215332
34144ecc462c:000,3bfe55fd8944a4f4,train,34144ecc462c9b3af7a370d1fc61776c53d9778b8ea068c9274797ae386abef8,VW5,Unsynchronised V and S Dataset/Uncategorised IOVNB (V and S) Dataset/V-Dataset/V-Vw5.csv,unsynchronized_uncategorized,vehicle,1050,104.90000000000146
96b4949e2c7d:000,3dff745208da061d,test,96b4949e2c7d9855f62a0286e34c4f2c244b99f3dbc979b08144faae4d251a7b,A7,Unsynchronised V and S Dataset/Uncategorised IOVNB (V and S) Dataset/S-Dataset/S-A7.csv,unsynchronized_uncategorized,smartphone,43872,4387.100000143051
7bd4640e4db3:000,413aef835b78e91b,validation,7bd4640e4db3bbec3754091908b245d4d93888469451483ee214bd3f8b92d5fe,VTA2,Synchronised V abd S datasets/Categorised IOVNB Dataset/Vta (Driver E)/Vta02/S-Vta2.csv,synchronized_categorized,smartphone,10991,1098.9980001449585
5fb5a864e5a6:000,413aef835b78e91b,validation,5fb5a864e5a6fa71445b7b0425bfabef3685ad6d178a8a39b34f2c4cc4bc1a0e,VTA2,Synchronised V abd S datasets/Categorised IOVNB Dataset/Vta (Driver E)/Vta02/V-vta2.csv,synchronized_categorized,vehicle,10991,1099.0
eafbdc315806:000,413aef835b78e91b,validation,eafbdc315806d9f6644ce18f63318b9a75d7ed5f817b340c2745141ac92c7159,VTA2,Synchronised V abd S datasets/Uncategorised IOVNB Dataset/S-Dataset/S-Vta2.csv,synchronized_uncategorized,smartphone,10991,1098.9980001449585
5fb5a864e5a6:000,413aef835b78e91b,validation,5fb5a864e5a6fa71445b7b0425bfabef3685ad6d178a8a39b34f2c4cc4bc1a0e,VTA2,Synchronised V abd S datasets/Uncategorised IOVNB Dataset/V-Dataset/V-vta2.csv,synchronized_uncategorized,vehicle,10991,1099.0
880d9b6b5202:000,413aef835b78e91b,validation,880d9b6b520224a0840a58751beaf37b2c70f1d29e3e469dd47e11727d926ab4,VTA2,Unsynchronised V and S Dataset/Categorised IOVNB (V) Dataset/V Dataset/Vta (Driver E)/Vta02/V-Vta2.csv,unsynchronized_categorized,vehicle,10995,1099.4000000000015
7bd4640e4db3:000,413aef835b78e91b,validation,7bd4640e4db3bbec3754091908b245d4d93888469451483ee214bd3f8b92d5fe,VTA2,Unsynchronised V and S Dataset/Uncategorised IOVNB (V and S) Dataset/S-Dataset/S-Vta2.csv,unsynchronized_uncategorized,smartphone,10991,1098.9980001449585
880d9b6b5202:000,413aef835b78e91b,validation,880d9b6b520224a0840a58751beaf37b2c70f1d29e3e469dd47e11727d926ab4,VTA2,Unsynchronised V and S Dataset/Uncategorised IOVNB (V and S) Dataset/V-Dataset/V-Vta2.csv,unsynchronized_uncategorized,vehicle,10995,1099.4000000000015
30836ca9e7ed:000,41d2506e8bbfa461,train,30836ca9e7edd4159cc7c6c7e57b5c2506632eb0b425aad242ac58ad4e0821d7,ST6,Unsynchronised V and S Dataset/Categorised IOVNB (V) Dataset/V Dataset/St (Driver C)/St6/V-St6.csv,unsynchronized_categorized,vehicle,51360,5135.9000000000015
30836ca9e7ed:000,41d2506e8bbfa461,train,30836ca9e7edd4159cc7c6c7e57b5c2506632eb0b425aad242ac58ad4e0821d7,ST6,Unsynchronised V and S Dataset/Uncategorised IOVNB (V and S) Dataset/V-Dataset/V-St6.csv,unsynchronized_uncategorized,vehicle,51360,5135.9000000000015
4e0f18c9aeea:000,48a7e1a7d14de91d,train,4e0f18c9aeea9f9e60e595697a77046828ce633f96d4c84a9df8dc04067d0d4a,Y1,Synchronised V abd S datasets/Categorised IOVNB Dataset/Y (Driver D)/Y1/S-Y1.csv,synchronized_categorized,smartphone,338,39.60700011253357
4e0f18c9aeea:001,48a7e1a7d14de91d,train,4e0f18c9aeea9f9e60e595697a77046828ce633f96d4c84a9df8dc04067d0d4a,Y1,Synchronised V abd S datasets/Categorised IOVNB Dataset/Y (Driver D)/Y1/S-Y1.csv,synchronized_categorized,smartphone,3037,303.60000014305115
4e0f18c9aeea:002,48a7e1a7d14de91d,train,4e0f18c9aeea9f9e60e595697a77046828ce633f96d4c84a9df8dc04067d0d4a,Y1,Synchronised V abd S datasets/Categorised IOVNB Dataset/Y (Driver D)/Y1/S-Y1.csv,synchronized_categorized,smartphone,66910,6690.795000076294
382cb04c75e8:000,48a7e1a7d14de91d,train,382cb04c75e8655bb498c98f50a354f1091c3750a391310e1bf2c1767a7f6478,Y1,Synchronised V abd S datasets/Categorised IOVNB Dataset/Y (Driver D)/Y1/V-Y1.csv,synchronized_categorized,vehicle,4558,455.6999999999971
382cb04c75e8:001,48a7e1a7d14de91d,train,382cb04c75e8655bb498c98f50a354f1091c3750a391310e1bf2c1767a7f6478,Y1,Synchronised V abd S datasets/Categorised IOVNB Dataset/Y (Driver D)/Y1/V-Y1.csv,synchronized_categorized,vehicle,65542,6554.0999999999985
382cb04c75e8:002,48a7e1a7d14de91d,train,382cb04c75e8655bb498c98f50a354f1091c3750a391310e1bf2c1767a7f6478,Y1,Synchronised V abd S datasets/Categorised IOVNB Dataset/Y (Driver D)/Y1/V-Y1.csv,synchronized_categorized,vehicle,185,18.39999999999418
4e0f18c9aeea:000,48a7e1a7d14de91d,train,4e0f18c9aeea9f9e60e595697a77046828ce633f96d4c84a9df8dc04067d0d4a,Y1,Synchronised V abd S datasets/Uncategorised IOVNB Dataset/S-Dataset/S-Y1.csv,synchronized_uncategorized,smartphone,338,39.60700011253357
4e0f18c9aeea:001,48a7e1a7d14de91d,train,4e0f18c9aeea9f9e60e595697a77046828ce633f96d4c84a9df8dc04067d0d4a,Y1,Synchronised V abd S datasets/Uncategorised IOVNB Dataset/S-Dataset/S-Y1.csv,synchronized_uncategorized,smartphone,3037,303.60000014305115
4e0f18c9aeea:002,48a7e1a7d14de91d,train,4e0f18c9aeea9f9e60e595697a77046828ce633f96d4c84a9df8dc04067d0d4a,Y1,Synchronised V abd S datasets/Uncategorised IOVNB Dataset/S-Dataset/S-Y1.csv,synchronized_uncategorized,smartphone,66910,6690.795000076294
382cb04c75e8:000,48a7e1a7d14de91d,train,382cb04c75e8655bb498c98f50a354f1091c3750a391310e1bf2c1767a7f6478,Y1,Synchronised V abd S datasets/Uncategorised IOVNB Dataset/V-Dataset/V-Y1.csv,synchronized_uncategorized,vehicle,4558,455.6999999999971
382cb04c75e8:001,48a7e1a7d14de91d,train,382cb04c75e8655bb498c98f50a354f1091c3750a391310e1bf2c1767a7f6478,Y1,Synchronised V abd S datasets/Uncategorised IOVNB Dataset/V-Dataset/V-Y1.csv,synchronized_uncategorized,vehicle,65542,6554.0999999999985
382cb04c75e8:002,48a7e1a7d14de91d,train,382cb04c75e8655bb498c98f50a354f1091c3750a391310e1bf2c1767a7f6478,Y1,Synchronised V abd S datasets/Uncategorised IOVNB Dataset/V-Dataset/V-Y1.csv,synchronized_uncategorized,vehicle,185,18.39999999999418
9d011603a57b:000,48a7e1a7d14de91d,train,9d011603a57b7c6638cfbef531e19176ab7301cb4256d781356c388a050c5c8f,Y1,Unsynchronised V and S Dataset/Categorised IOVNB (V) Dataset/V Dataset/Y (Driver D)/Y1/V-Y1.csv,unsynchronized_categorized,vehicle,4613,461.1999999999971
9d011603a57b:001,48a7e1a7d14de91d,train,9d011603a57b7c6638cfbef531e19176ab7301cb4256d781356c388a050c5c8f,Y1,Unsynchronised V and S Dataset/Categorised IOVNB (V) Dataset/V Dataset/Y (Driver D)/Y1/V-Y1.csv,unsynchronized_categorized,vehicle,65542,6554.0999999999985
9d011603a57b:002,48a7e1a7d14de91d,train,9d011603a57b7c6638cfbef531e19176ab7301cb4256d781356c388a050c5c8f,Y1,Unsynchronised V and S Dataset/Categorised IOVNB (V) Dataset/V Dataset/Y (Driver D)/Y1/V-Y1.csv,unsynchronized_categorized,vehicle,186,18.5
4e0f18c9aeea:000,48a7e1a7d14de91d,train,4e0f18c9aeea9f9e60e595697a77046828ce633f96d4c84a9df8dc04067d0d4a,Y1,Unsynchronised V and S Dataset/Uncategorised IOVNB (V and S) Dataset/S-Dataset/S-Y1.csv,unsynchronized_uncategorized,smartphone,338,39.60700011253357
4e0f18c9aeea:001,48a7e1a7d14de91d,train,4e0f18c9aeea9f9e60e595697a77046828ce633f96d4c84a9df8dc04067d0d4a,Y1,Unsynchronised V and S Dataset/Uncategorised IOVNB (V and S) Dataset/S-Dataset/S-Y1.csv,unsynchronized_uncategorized,smartphone,3037,303.60000014305115
4e0f18c9aeea:002,48a7e1a7d14de91d,train,4e0f18c9aeea9f9e60e595697a77046828ce633f96d4c84a9df8dc04067d0d4a,Y1,Unsynchronised V and S Dataset/Uncategorised IOVNB (V and S) Dataset/S-Dataset/S-Y1.csv,unsynchronized_uncategorized,smartphone,66910,6690.795000076294
9d011603a57b:000,48a7e1a7d14de91d,train,9d011603a57b7c6638cfbef531e19176ab7301cb4256d781356c388a050c5c8f,Y1,Unsynchronised V and S Dataset/Uncategorised IOVNB (V and S) Dataset/V-Dataset/V-Y1.csv,unsynchronized_uncategorized,vehicle,4613,461.1999999999971
9d011603a57b:001,48a7e1a7d14de91d,train,9d011603a57b7c6638cfbef531e19176ab7301cb4256d781356c388a050c5c8f,Y1,Unsynchronised V and S Dataset/Uncategorised IOVNB (V and S) Dataset/V-Dataset/V-Y1.csv,unsynchronized_uncategorized,vehicle,65542,6554.0999999999985
9d011603a57b:002,48a7e1a7d14de91d,train,9d011603a57b7c6638cfbef531e19176ab7301cb4256d781356c388a050c5c8f,Y1,Unsynchronised V and S Dataset/Uncategorised IOVNB (V and S) Dataset/V-Dataset/V-Y1.csv,unsynchronized_uncategorized,vehicle,186,18.5
06ad03911f2d:000,48bfbfcddb8704ca,train,06ad03911f2d31320e711bebbf41a3e0a3fb6264de7934b319d5e48eb89b4b75,VTB2,Synchronised V abd S datasets/Categorised IOVNB Dataset/Vtb (Driver E)/Vtb02/S-Vtb2.csv,synchronized_categorized,smartphone,5712,571.0999999046326
87da4e0c77e9:000,48bfbfcddb8704ca,train,87da4e0c77e961c3eeef19d22bfada34e460ac1cd9fe8e7ac28d09bd91716fe3,VTB2,Synchronised V abd S datasets/Categorised IOVNB Dataset/Vtb (Driver E)/Vtb02/V-vtb2.csv,synchronized_categorized,vehicle,5712,571.0999999999985
06ad03911f2d:000,48bfbfcddb8704ca,train,06ad03911f2d31320e711bebbf41a3e0a3fb6264de7934b319d5e48eb89b4b75,VTB2,Synchronised V abd S datasets/Uncategorised IOVNB Dataset/S-Dataset/S-Vtb2.csv,synchronized_uncategorized,smartphone,5712,571.0999999046326
87da4e0c77e9:000,48bfbfcddb8704ca,train,87da4e0c77e961c3eeef19d22bfada34e460ac1cd9fe8e7ac28d09bd91716fe3,VTB2,Synchronised V abd S datasets/Uncategorised IOVNB Dataset/V-Dataset/V-vtb2.csv,synchronized_uncategorized,vehicle,5712,571.0999999999985
06d3c23b0822:000,48bfbfcddb8704ca,train,06d3c23b08224ed04fdc71a985f253fad51856ac892cec13f2b3287726c46d1d,VTB2,Unsynchronised V and S Dataset/Categorised IOVNB (V) Dataset/V Dataset/Vtb (Driver E)/Vtb02/V-Vtb2.csv,unsynchronized_categorized,vehicle,5712,571.0999999999985
06ad03911f2d:000,48bfbfcddb8704ca,train,06ad03911f2d31320e711bebbf41a3e0a3fb6264de7934b319d5e48eb89b4b75,VTB2,Unsynchronised V and S Dataset/Uncategorised IOVNB (V and S) Dataset/S-Dataset/S-Vtb2.csv,unsynchronized_uncategorized,smartphone,5712,571.0999999046326
06d3c23b0822:000,48bfbfcddb8704ca,train,06d3c23b08224ed04fdc71a985f253fad51856ac892cec13f2b3287726c46d1d,VTB2,Unsynchronised V and S Dataset/Uncategorised IOVNB (V and S) Dataset/V-Dataset/V-Vtb2.csv,unsynchronized_uncategorized,vehicle,5712,571.0999999999985
82e456eb6e00:000,49e771c425e48546,validation,82e456eb6e006cd29f1b13b37ba125e2afdb25bde878c3349bf3d63ea6aea966,VTA11,Synchronised V abd S datasets/Categorised IOVNB Dataset/Vta (Driver E)/Vta11/S-Vta11.csv,synchronized_categorized,smartphone,510,50.90000009536743
12cf51936ea2:000,49e771c425e48546,validation,12cf51936ea2cf4c98b5fda07bf6660ec48fac16ef8025160b7cf300b3a283b9,VTA11,Synchronised V abd S datasets/Categorised IOVNB Dataset/Vta (Driver E)/Vta11/V-vta11.csv,synchronized_categorized,vehicle,510,50.900000000001455
55296eaadaa7:000,49e771c425e48546,validation,55296eaadaa797bde6a790f5f8b7ac7b98c250ff186b00773f33a0eda8f21db3,VTA11,Synchronised V abd S datasets/Uncategorised IOVNB Dataset/S-Dataset/S-Vta11.csv,synchronized_uncategorized,smartphone,510,50.90000009536743
12cf51936ea2:000,49e771c425e48546,validation,12cf51936ea2cf4c98b5fda07bf6660ec48fac16ef8025160b7cf300b3a283b9,VTA11,Synchronised V abd S datasets/Uncategorised IOVNB Dataset/V-Dataset/V-vta11.csv,synchronized_uncategorized,vehicle,510,50.900000000001455
8dd0b5b44dfa:000,49e771c425e48546,validation,8dd0b5b44dfae32f3baad91bb63a4d9c850830314ac4cb597bf5577c33ad0672,VTA11,Unsynchronised V and S Dataset/Categorised IOVNB (V) Dataset/V Dataset/Vta (Driver E)/Vta11/V-Vta11.csv,unsynchronized_categorized,vehicle,589,58.80000000000291
82e456eb6e00:000,49e771c425e48546,validation,82e456eb6e006cd29f1b13b37ba125e2afdb25bde878c3349bf3d63ea6aea966,VTA11,Unsynchronised V and S Dataset/Uncategorised IOVNB (V and S) Dataset/S-Dataset/S-Vta11.csv,unsynchronized_uncategorized,smartphone,510,50.90000009536743
8dd0b5b44dfa:000,49e771c425e48546,validation,8dd0b5b44dfae32f3baad91bb63a4d9c850830314ac4cb597bf5577c33ad0672,VTA11,Unsynchronised V and S Dataset/Uncategorised IOVNB (V and S) Dataset/V-Dataset/V-Vta11.csv,unsynchronized_uncategorized,vehicle,589,58.80000000000291
85be9e57dfa6:000,4a5ed57a4f5297d8,validation,85be9e57dfa63a53432bc8a30fb6a652f4ea9d6deb2f3309edd149420ec7afbc,VW15,Synchronised V abd S datasets/Categorised IOVNB Dataset/Vw (Driver E)/Vw15/S-Vw15.csv,synchronized_categorized,smartphone,1380,137.90000009536743
1b9ee8079353:000,4a5ed57a4f5297d8,validation,1b9ee80793538ff7c9fc1675ff83a749cbcdb27174acf85865bebdb4b1ae0fe3,VW15,Synchronised V abd S datasets/Categorised IOVNB Dataset/Vw (Driver E)/Vw15/V-Vw15.csv,synchronized_categorized,vehicle,1391,139.0
68e3eeebef96:000,4a5ed57a4f5297d8,validation,68e3eeebef9679a1e4ac0306ea4a689c6a49470886e8376b4ee7f1889f4beb3d,VW15,Synchronised V abd S datasets/Uncategorised IOVNB Dataset/S-Dataset/S-Vw15.csv,synchronized_uncategorized,smartphone,1380,137.90000009536743
1b9ee8079353:000,4a5ed57a4f5297d8,validation,1b9ee80793538ff7c9fc1675ff83a749cbcdb27174acf85865bebdb4b1ae0fe3,VW15,Synchronised V abd S datasets/Uncategorised IOVNB Dataset/V-Dataset/V-Vw15.csv,synchronized_uncategorized,vehicle,1391,139.0
e9a78a8fc5df:000,4a5ed57a4f5297d8,validation,e9a78a8fc5df8aa9655914fac3e530912db94d34cbfc7ba767e17625afa12a39,VW15,Unsynchronised V and S Dataset/Categorised IOVNB (V) Dataset/V Dataset/Vw (Driver E)/Vw15/V-Vw15.csv,unsynchronized_categorized,vehicle,1391,139.0
85be9e57dfa6:000,4a5ed57a4f5297d8,validation,85be9e57dfa63a53432bc8a30fb6a652f4ea9d6deb2f3309edd149420ec7afbc,VW15,Unsynchronised V and S Dataset/Uncategorised IOVNB (V and S) Dataset/S-Dataset/S-Vw15.csv,unsynchronized_uncategorized,smartphone,1380,137.90000009536743
e9a78a8fc5df:000,4a5ed57a4f5297d8,validation,e9a78a8fc5df8aa9655914fac3e530912db94d34cbfc7ba767e17625afa12a39,VW15,Unsynchronised V and S Dataset/Uncategorised IOVNB (V and S) Dataset/V-Dataset/V-Vw15.csv,unsynchronized_uncategorized,vehicle,1391,139.0
7a8bd69ead89:000,4b0a70d6c533a524,validation,7a8bd69ead897490494fb6c6742a324800b0e3dcf4e6ee256aae5e71a468fcc1,VTB3,Synchronised V abd S datasets/Categorised IOVNB Dataset/Vtb (Driver E)/Vtb03/S-Vtb3.csv,synchronized_categorized,smartphone,8240,823.8999998569489
91667e76e8e0:000,4b0a70d6c533a524,validation,91667e76e8e0dbdff283a386e42799bd2baf68ae7191da919d2c162a390e5dfd,VTB3,Synchronised V abd S datasets/Categorised IOVNB Dataset/Vtb (Driver E)/Vtb03/V-vtb3.csv,synchronized_categorized,vehicle,8240,823.9000000000015
7a8bd69ead89:000,4b0a70d6c533a524,validation,7a8bd69ead897490494fb6c6742a324800b0e3dcf4e6ee256aae5e71a468fcc1,VTB3,Synchronised V abd S datasets/Uncategorised IOVNB Dataset/S-Dataset/S-Vtb3.csv,synchronized_uncategorized,smartphone,8240,823.8999998569489
91667e76e8e0:000,4b0a70d6c533a524,validation,91667e76e8e0dbdff283a386e42799bd2baf68ae7191da919d2c162a390e5dfd,VTB3,Synchronised V abd S datasets/Uncategorised IOVNB Dataset/V-Dataset/V-vtb3.csv,synchronized_uncategorized,vehicle,8240,823.9000000000015
dea1ddbfcb41:000,4b0a70d6c533a524,validation,dea1ddbfcb41c74d798990b9d9f97b6a55b44b962662682a599213d3958969ed,VTB3,Unsynchronised V and S Dataset/Categorised IOVNB (V) Dataset/V Dataset/Vtb (Driver E)/Vtb03/V-Vtb3.csv,unsynchronized_categorized,vehicle,8289,828.7999999999956
7a8bd69ead89:000,4b0a70d6c533a524,validation,7a8bd69ead897490494fb6c6742a324800b0e3dcf4e6ee256aae5e71a468fcc1,VTB3,Unsynchronised V and S Dataset/Uncategorised IOVNB (V and S) Dataset/S-Dataset/S-Vtb3.csv,unsynchronized_uncategorized,smartphone,8240,823.8999998569489
dea1ddbfcb41:000,4b0a70d6c533a524,validation,dea1ddbfcb41c74d798990b9d9f97b6a55b44b962662682a599213d3958969ed,VTB3,Unsynchronised V and S Dataset/Uncategorised IOVNB (V and S) Dataset/V-Dataset/V-Vtb3.csv,unsynchronized_uncategorized,vehicle,8289,828.7999999999956
c33f936d8de8:000,51ba1dd78be4121d,train,c33f936d8de8a1ea40bab912b3ff8f3efb3692c08208c7ff002e881691fc5575,VW14A,Synchronised V abd S datasets/Categorised IOVNB Dataset/Vw (Driver E)/Vw14a/S-Vw14a.csv,synchronized_categorized,smartphone,3138,313.7000000476837
a5bebc38b09c:000,51ba1dd78be4121d,train,a5bebc38b09ca1e98b892acaee2431a83beb68e498e55014b62493dc416eb1e4,VW14A,Synchronised V abd S datasets/Categorised IOVNB Dataset/Vw (Driver E)/Vw14a/V-Vw14a.csv,synchronized_categorized,vehicle,3138,313.70000000000437
836db6cc3414:000,51ba1dd78be4121d,train,836db6cc3414518a391158b87d9bb094c16c8183a86f1251c6ffe045e8c55e37,VW14A,Synchronised V abd S datasets/Uncategorised IOVNB Dataset/S-Dataset/S-Vw14a.csv,synchronized_uncategorized,smartphone,3138,313.7000000476837
a5bebc38b09c:000,51ba1dd78be4121d,train,a5bebc38b09ca1e98b892acaee2431a83beb68e498e55014b62493dc416eb1e4,VW14A,Synchronised V abd S datasets/Uncategorised IOVNB Dataset/V-Dataset/V-Vw14a.csv,synchronized_uncategorized,vehicle,3138,313.70000000000437
4f750963ebb7:000,51ba1dd78be4121d,train,4f750963ebb7d654f7baf5a610611176d7227e7bbacd51f85ff78ee3e430f0b6,VW14A,Unsynchronised V and S Dataset/Categorised IOVNB (V) Dataset/V Dataset/Vw (Driver E)/Vw14a/V-Vw14a.csv,unsynchronized_categorized,vehicle,3140,313.90000000000146
c33f936d8de8:000,51ba1dd78be4121d,train,c33f936d8de8a1ea40bab912b3ff8f3efb3692c08208c7ff002e881691fc5575,VW14A,Unsynchronised V and S Dataset/Uncategorised IOVNB (V and S) Dataset/S-Dataset/S-Vw14a.csv,unsynchronized_uncategorized,smartphone,3138,313.7000000476837
4f750963ebb7:000,51ba1dd78be4121d,train,4f750963ebb7d654f7baf5a610611176d7227e7bbacd51f85ff78ee3e430f0b6,VW14A,Unsynchronised V and S Dataset/Uncategorised IOVNB (V and S) Dataset/V-Dataset/V-Vw14a.csv,unsynchronized_uncategorized,vehicle,3140,313.90000000000146
cfabd101e8e0:000,549bd972224f1444,test,cfabd101e8e06df30dfd00c692ccb9d102267c0c2b887e5d8bfc8a5e3a2c3a18,VTA17,Synchronised V abd S datasets/Categorised IOVNB Dataset/Vta (Driver E)/Vta17/S-Vta17.csv,synchronized_categorized,smartphone,4519,452.9859998226166
d635527b069d:000,549bd972224f1444,test,d635527b069dd3ad661ac4ab72aa73ca9c393610b07db8ce6c29985861878a68,VTA17,Synchronised V abd S datasets/Categorised IOVNB Dataset/Vta (Driver E)/Vta17/V-vta17.csv,synchronized_categorized,vehicle,4519,451.79999999999563
e7dd97db647b:000,549bd972224f1444,test,e7dd97db647b400f8be06c52f2366d76761cb6255d85da7e5f218714809f0ea4,VTA17,Synchronised V abd S datasets/Uncategorised IOVNB Dataset/S-Dataset/S-Vta17.csv,synchronized_uncategorized,smartphone,4519,452.9859998226166
d635527b069d:000,549bd972224f1444,test,d635527b069dd3ad661ac4ab72aa73ca9c393610b07db8ce6c29985861878a68,VTA17,Synchronised V abd S datasets/Uncategorised IOVNB Dataset/V-Dataset/V-vta17.csv,synchronized_uncategorized,vehicle,4519,451.79999999999563
b7937e94b73e:000,549bd972224f1444,test,b7937e94b73e534111cc2b9c8deb932a2350ceb17fa9d5abb2972329190f1ca1,VTA17,Unsynchronised V and S Dataset/Categorised IOVNB (V) Dataset/V Dataset/Vta (Driver E)/Vta17/V-Vta17.csv,unsynchronized_categorized,vehicle,4594,459.3000000000029
cfabd101e8e0:000,549bd972224f1444,test,cfabd101e8e06df30dfd00c692ccb9d102267c0c2b887e5d8bfc8a5e3a2c3a18,VTA17,Unsynchronised V and S Dataset/Uncategorised IOVNB (V and S) Dataset/S-Dataset/S-Vta17.csv,unsynchronized_uncategorized,smartphone,4519,452.9859998226166
b7937e94b73e:000,549bd972224f1444,test,b7937e94b73e534111cc2b9c8deb932a2350ceb17fa9d5abb2972329190f1ca1,VTA17,Unsynchronised V and S Dataset/Uncategorised IOVNB (V and S) Dataset/V-Dataset/V-Vta17.csv,unsynchronized_uncategorized,vehicle,4594,459.3000000000029
02929be6c896:000,5671870bf99fabea,test,02929be6c8962eac080c855303ed2f0966a2fcc722b81c86c970eb222bbce54b,VTA24,Synchronised V abd S datasets/Categorised IOVNB Dataset/Vta (Driver E)/Vta24/S-Vta24.csv,synchronized_categorized,smartphone,1171,117.00100016593933
719438458b2e:000,5671870bf99fabea,test,719438458b2e383cc6fb8f27b5e2b4201fbe769fafb22b5f8ba1b633ff7a663c,VTA24,Synchronised V abd S datasets/Categorised IOVNB Dataset/Vta (Driver E)/Vta24/V-vta24.csv,synchronized_categorized,vehicle,1171,117.0
0e1987018484:000,5671870bf99fabea,test,0e19870184841a8f9ccdf8b74aa657dbb2fdae66ac7112cb6597c648aca155a0,VTA24,Synchronised V abd S datasets/Uncategorised IOVNB Dataset/S-Dataset/S-Vta24.csv,synchronized_uncategorized,smartphone,1171,117.00100016593933
719438458b2e:000,5671870bf99fabea,test,719438458b2e383cc6fb8f27b5e2b4201fbe769fafb22b5f8ba1b633ff7a663c,VTA24,Synchronised V abd S datasets/Uncategorised IOVNB Dataset/V-Dataset/V-vta24.csv,synchronized_uncategorized,vehicle,1171,117.0
d48c89250454:000,5671870bf99fabea,test,d48c89250454ff4d7bb4c66fd21771863c9293a7bad5e693b16c3d3860f88e1a,VTA24,Unsynchronised V and S Dataset/Categorised IOVNB (V) Dataset/V Dataset/Vta (Driver E)/Vta24/V-Vta24.csv,unsynchronized_categorized,vehicle,1184,118.30000000000291
02929be6c896:000,5671870bf99fabea,test,02929be6c8962eac080c855303ed2f0966a2fcc722b81c86c970eb222bbce54b,VTA24,Unsynchronised V and S Dataset/Uncategorised IOVNB (V and S) Dataset/S-Dataset/S-Vta24.csv,unsynchronized_uncategorized,smartphone,1171,117.00100016593933
d48c89250454:000,5671870bf99fabea,test,d48c89250454ff4d7bb4c66fd21771863c9293a7bad5e693b16c3d3860f88e1a,VTA24,Unsynchronised V and S Dataset/Uncategorised IOVNB (V and S) Dataset/V-Dataset/V-Vta24.csv,unsynchronized_uncategorized,vehicle,1184,118.30000000000291
fa378298fb40:000,5f61932b6ba0faaa,train,fa378298fb403d4bf857d4aa0f9d717aa5516e478bcd77f143498e760a83b751,VTA21,Synchronised V abd S datasets/Categorised IOVNB Dataset/Vta (Driver E)/Vta21/S-Vta21.csv,synchronized_categorized,smartphone,2079,207.79999995231628
9fef5d99355c:000,5f61932b6ba0faaa,train,9fef5d99355c9f3f92b0ae5369b44af9f7d2f28dd374a48ee90964633473d6fd,VTA21,Synchronised V abd S datasets/Categorised IOVNB Dataset/Vta (Driver E)/Vta21/V-vta21.csv,synchronized_categorized,vehicle,2079,207.8000000000029
8aa3df49db9b:000,5f61932b6ba0faaa,train,8aa3df49db9bd45d40751a5d0f31939a3a9181a945d10a9e1540dac24beef5e4,VTA21,Synchronised V abd S datasets/Uncategorised IOVNB Dataset/S-Dataset/S-Vta21.csv,synchronized_uncategorized,smartphone,2079,207.79999995231628
9fef5d99355c:000,5f61932b6ba0faaa,train,9fef5d99355c9f3f92b0ae5369b44af9f7d2f28dd374a48ee90964633473d6fd,VTA21,Synchronised V abd S datasets/Uncategorised IOVNB Dataset/V-Dataset/V-vta21.csv,synchronized_uncategorized,vehicle,2079,207.8000000000029
735e5337c6f4:000,5f61932b6ba0faaa,train,735e5337c6f45103eb2aefc7804334331addd9129292d0708126ff1867232903,VTA21,Unsynchronised V and S Dataset/Categorised IOVNB (V) Dataset/V Dataset/Vta (Driver E)/Vta21/V-Vta21.csv,unsynchronized_categorized,vehicle,2088,208.6999999999971
fa378298fb40:000,5f61932b6ba0faaa,train,fa378298fb403d4bf857d4aa0f9d717aa5516e478bcd77f143498e760a83b751,VTA21,Unsynchronised V and S Dataset/Uncategorised IOVNB (V and S) Dataset/S-Dataset/S-Vta21.csv,unsynchronized_uncategorized,smartphone,2079,207.79999995231628
735e5337c6f4:000,5f61932b6ba0faaa,train,735e5337c6f45103eb2aefc7804334331addd9129292d0708126ff1867232903,VTA21,Unsynchronised V and S Dataset/Uncategorised IOVNB (V and S) Dataset/V-Dataset/V-Vta21.csv,unsynchronized_uncategorized,vehicle,2088,208.6999999999971
4a3b9065b673:000,6496ad5efeb2e8e4,train,4a3b9065b673c57492bc3668afe3bf3d5fcac1eb7bb6ba9e3d3a54b9dba53d93,S4,Synchronised V abd S datasets/Categorised IOVNB Dataset/S (Driver A)/S4/S-S4.csv,synchronized_categorized,smartphone,35186,3518.5
4a3b9065b673:001,6496ad5efeb2e8e4,train,4a3b9065b673c57492bc3668afe3bf3d5fcac1eb7bb6ba9e3d3a54b9dba53d93,S4,Synchronised V abd S datasets/Categorised IOVNB Dataset/S (Driver A)/S4/S-S4.csv,synchronized_categorized,smartphone,59414,5942.463000059128
12044e2b839a:000,6496ad5efeb2e8e4,train,12044e2b839a9871d7e2608beabde9f7f1cf1e36ef1ae83739b2a4192f9cb05f,S4,Synchronised V abd S datasets/Categorised IOVNB Dataset/S (Driver A)/S4/V-S4.csv,synchronized_categorized,vehicle,94600,9459.900000000001
4a3b9065b673:000,6496ad5efeb2e8e4,train,4a3b9065b673c57492bc3668afe3bf3d5fcac1eb7bb6ba9e3d3a54b9dba53d93,S4,Synchronised V abd S datasets/Uncategorised IOVNB Dataset/S-Dataset/S-S4.csv,synchronized_uncategorized,smartphone,35186,3518.5
4a3b9065b673:001,6496ad5efeb2e8e4,train,4a3b9065b673c57492bc3668afe3bf3d5fcac1eb7bb6ba9e3d3a54b9dba53d93,S4,Synchronised V abd S datasets/Uncategorised IOVNB Dataset/S-Dataset/S-S4.csv,synchronized_uncategorized,smartphone,59414,5942.463000059128
12044e2b839a:000,6496ad5efeb2e8e4,train,12044e2b839a9871d7e2608beabde9f7f1cf1e36ef1ae83739b2a4192f9cb05f,S4,Synchronised V abd S datasets/Uncategorised IOVNB Dataset/V-Dataset/V-S4.csv,synchronized_uncategorized,vehicle,94600,9459.900000000001
7232747a441e:000,6496ad5efeb2e8e4,train,7232747a441e4e317b0f506619a53189eb41e00e89bc0128327fc668269c0c42,S4,Unsynchronised V and S Dataset/Categorised IOVNB (V) Dataset/V Dataset/S (Driver A)/S4/V-S4.csv,unsynchronized_categorized,vehicle,97824,9782.300000000003
4a3b9065b673:000,6496ad5efeb2e8e4,train,4a3b9065b673c57492bc3668afe3bf3d5fcac1eb7bb6ba9e3d3a54b9dba53d93,S4,Unsynchronised V and S Dataset/Uncategorised IOVNB (V and S) Dataset/S-Dataset/S-S4.csv,unsynchronized_uncategorized,smartphone,35186,3518.5
4a3b9065b673:001,6496ad5efeb2e8e4,train,4a3b9065b673c57492bc3668afe3bf3d5fcac1eb7bb6ba9e3d3a54b9dba53d93,S4,Unsynchronised V and S Dataset/Uncategorised IOVNB (V and S) Dataset/S-Dataset/S-S4.csv,unsynchronized_uncategorized,smartphone,59414,5942.463000059128
7232747a441e:000,6496ad5efeb2e8e4,train,7232747a441e4e317b0f506619a53189eb41e00e89bc0128327fc668269c0c42,S4,Unsynchronised V and S Dataset/Uncategorised IOVNB (V and S) Dataset/V-Dataset/V-S4.csv,unsynchronized_uncategorized,vehicle,97824,9782.300000000003
ca1e22196e53:000,6a8af838927a1ba8,test,ca1e22196e53ee373c8f06fa018d9f3f896c684a36902c142388debf77361ea2,VTB13,Unsynchronised V and S Dataset/Categorised IOVNB (V) Dataset/V Dataset/Vtb (Driver E)/Vtb13/V-Vtb13.csv,unsynchronized_categorized,vehicle,1245,124.39999999999418
ca1e22196e53:000,6a8af838927a1ba8,test,ca1e22196e53ee373c8f06fa018d9f3f896c684a36902c142388debf77361ea2,VTB13,Unsynchronised V and S Dataset/Uncategorised IOVNB (V and S) Dataset/V-Dataset/V-Vtb13.csv,unsynchronized_uncategorized,vehicle,1245,124.39999999999418
5b2fbe40e507:000,6b5daed839c272a9,train,5b2fbe40e507e9813d47413517e5392fcd36885aa9efa4f5b4afa8b3e0d38b58,S3B,Synchronised V abd S datasets/Categorised IOVNB Dataset/S (Driver A)/S3b/S-S3b.csv,synchronized_categorized,smartphone,6813,685.5279998779297
0de2ff37232f:000,6b5daed839c272a9,train,0de2ff37232feaa0c59896f5c53151efda817c8311f74756c079260a2a491ac7,S3B,Synchronised V abd S datasets/Categorised IOVNB Dataset/S (Driver A)/S3b/V-S3b.csv,synchronized_categorized,vehicle,6813,681.1999999999971
19e3c80523ef:000,6b5daed839c272a9,train,19e3c80523efaccf8c56245c1f8d4806d175b088616daca65b877eda68397d31,S3B,Synchronised V abd S datasets/Uncategorised IOVNB Dataset/S-Dataset/S-S3b.csv,synchronized_uncategorized,smartphone,6813,685.5279998779297
0de2ff37232f:000,6b5daed839c272a9,train,0de2ff37232feaa0c59896f5c53151efda817c8311f74756c079260a2a491ac7,S3B,Synchronised V abd S datasets/Uncategorised IOVNB Dataset/V-Dataset/V-S3b.csv,synchronized_uncategorized,vehicle,6813,681.1999999999971
5899a1aa7900:000,6b5daed839c272a9,train,5899a1aa790075c7ac0bb5683dcf106a6b880b549cca155bd7c0d37c6544606a,S3B,Unsynchronised V and S Dataset/Categorised IOVNB (V) Dataset/V Dataset/S (Driver A)/S3b/V-S3b.csv,unsynchronized_categorized,vehicle,6840,683.9000000000087
19e3c80523ef:000,6b5daed839c272a9,train,19e3c80523efaccf8c56245c1f8d4806d175b088616daca65b877eda68397d31,S3B,Unsynchronised V and S Dataset/Uncategorised IOVNB (V and S) Dataset/S-Dataset/S-S3b.csv,unsynchronized_uncategorized,smartphone,6813,685.5279998779297
5899a1aa7900:000,6b5daed839c272a9,train,5899a1aa790075c7ac0bb5683dcf106a6b880b549cca155bd7c0d37c6544606a,S3B,Unsynchronised V and S Dataset/Uncategorised IOVNB (V and S) Dataset/V-Dataset/V-S3b.csv,unsynchronized_uncategorized,vehicle,6840,683.9000000000087
9809c567bbe8:000,6bfb23eda84c444b,train,9809c567bbe8a3b5df48437e5ee9de7a19966376728395debb1fda1eead97553,VTA12,Synchronised V abd S datasets/Categorised IOVNB Dataset/Vta (Driver E)/Vta12/S-Vta12.csv,synchronized_categorized,smartphone,610,60.90000009536743
c2ba3053903b:000,6bfb23eda84c444b,train,c2ba3053903b4afb93a72cf63d760120c66b9d4bc9b6abcd5a18f5e97c04b0a4,VTA12,Synchronised V abd S datasets/Categorised IOVNB Dataset/Vta (Driver E)/Vta12/V-vta12.csv,synchronized_categorized,vehicle,610,60.900000000001455
e0ea65fc0a2f:000,6bfb23eda84c444b,train,e0ea65fc0a2f31c301f80508d75bdf9cd5a39c3f33e55c91d031a368a64ceca9,VTA12,Synchronised V abd S datasets/Uncategorised IOVNB Dataset/S-Dataset/S-Vta12.csv,synchronized_uncategorized,smartphone,610,60.90000009536743
c2ba3053903b:000,6bfb23eda84c444b,train,c2ba3053903b4afb93a72cf63d760120c66b9d4bc9b6abcd5a18f5e97c04b0a4,VTA12,Synchronised V abd S datasets/Uncategorised IOVNB Dataset/V-Dataset/V-vta12.csv,synchronized_uncategorized,vehicle,610,60.900000000001455
c28da9ae3d56:000,6bfb23eda84c444b,train,c28da9ae3d56a04ca2450ece3089cee68121d0fd641e1ba4a8b0f822692835f8,VTA12,Unsynchronised V and S Dataset/Categorised IOVNB (V) Dataset/V Dataset/Vta (Driver E)/Vta12/V-Vta12.csv,unsynchronized_categorized,vehicle,690,68.90000000000146
9809c567bbe8:000,6bfb23eda84c444b,train,9809c567bbe8a3b5df48437e5ee9de7a19966376728395debb1fda1eead97553,VTA12,Unsynchronised V and S Dataset/Uncategorised IOVNB (V and S) Dataset/S-Dataset/S-Vta12.csv,unsynchronized_uncategorized,smartphone,610,60.90000009536743
c28da9ae3d56:000,6bfb23eda84c444b,train,c28da9ae3d56a04ca2450ece3089cee68121d0fd641e1ba4a8b0f822692835f8,VTA12,Unsynchronised V and S Dataset/Uncategorised IOVNB (V and S) Dataset/V-Dataset/V-Vta12.csv,unsynchronized_uncategorized,vehicle,690,68.90000000000146
c743ad854bd5:000,6c3a7a5686b2acc9,validation,c743ad854bd5fd6419fd12506ca1171f9a41ee25c991bd8d5697fc852644352c,VFA01,Synchronised V abd S datasets/Categorised IOVNB Dataset/Vf (Driver E)/V-Vfa01/S-Vfa01.csv,synchronized_categorized,smartphone,11486,1148.5
e690a419193d:000,6c3a7a5686b2acc9,validation,e690a419193d8d79892553606826ba703b7c6ccd4231c7febaf64e0d4333c63b,VFA01,Synchronised V abd S datasets/Categorised IOVNB Dataset/Vf (Driver E)/V-Vfa01/V-Vfa01.csv,synchronized_categorized,vehicle,11535,1153.4000000000015
c743ad854bd5:000,6c3a7a5686b2acc9,validation,c743ad854bd5fd6419fd12506ca1171f9a41ee25c991bd8d5697fc852644352c,VFA01,Synchronised V abd S datasets/Uncategorised IOVNB Dataset/S-Dataset/S-Vfa01.csv,synchronized_uncategorized,smartphone,11486,1148.5
e690a419193d:000,6c3a7a5686b2acc9,validation,e690a419193d8d79892553606826ba703b7c6ccd4231c7febaf64e0d4333c63b,VFA01,Synchronised V abd S datasets/Uncategorised IOVNB Dataset/V-Dataset/V-Vfa01.csv,synchronized_uncategorized,vehicle,11535,1153.4000000000015
e690a419193d:000,6c3a7a5686b2acc9,validation,e690a419193d8d79892553606826ba703b7c6ccd4231c7febaf64e0d4333c63b,VFA01,Unsynchronised V and S Dataset/Categorised IOVNB (V) Dataset/V Dataset/Vf (Driver E)/V-Vfa01/V-Vfa01.csv,unsynchronized_categorized,vehicle,11535,1153.4000000000015
c743ad854bd5:000,6c3a7a5686b2acc9,validation,c743ad854bd5fd6419fd12506ca1171f9a41ee25c991bd8d5697fc852644352c,VFA01,Unsynchronised V and S Dataset/Uncategorised IOVNB (V and S) Dataset/S-Dataset/S-Vfa01.csv,unsynchronized_uncategorized,smartphone,11486,1148.5
e690a419193d:000,6c3a7a5686b2acc9,validation,e690a419193d8d79892553606826ba703b7c6ccd4231c7febaf64e0d4333c63b,VFA01,Unsynchronised V and S Dataset/Uncategorised IOVNB (V and S) Dataset/V-Dataset/V-Vfa01.csv,unsynchronized_uncategorized,vehicle,11535,1153.4000000000015
fa0b8dc8dddf:000,6cc8a579e54c5cd1,train,fa0b8dc8dddf5bf7b6f7487608e557978038610dfb4e6f7b0a1bfe7b70b65e0a,VW4,Synchronised V abd S datasets/Categorised IOVNB Dataset/Vw (Driver E)/Vw04/S-Vw4.csv,synchronized_categorized,smartphone,126526,12652.5
2f233ca5b785:000,6cc8a579e54c5cd1,train,2f233ca5b785d9500f90cd185be82fe1572cebfc61e6f545b49b6c6e54848bed,VW4,Synchronised V abd S datasets/Categorised IOVNB Dataset/Vw (Driver E)/Vw04/V-Vw4.csv,synchronized_categorized,vehicle,126527,12652.600000000006
fa0b8dc8dddf:000,6cc8a579e54c5cd1,train,fa0b8dc8dddf5bf7b6f7487608e557978038610dfb4e6f7b0a1bfe7b70b65e0a,VW4,Synchronised V abd S datasets/Uncategorised IOVNB Dataset/S-Dataset/S-Vw4.csv,synchronized_uncategorized,smartphone,126526,12652.5
2f233ca5b785:000,6cc8a579e54c5cd1,train,2f233ca5b785d9500f90cd185be82fe1572cebfc61e6f545b49b6c6e54848bed,VW4,Synchronised V abd S datasets/Uncategorised IOVNB Dataset/V-Dataset/V-Vw4.csv,synchronized_uncategorized,vehicle,126527,12652.600000000006
e82458131e6f:000,6cc8a579e54c5cd1,train,e82458131e6f2bb7e265aebe99a61c68280284a1953b4c0e9a0c4c677ed32e70,VW4,Unsynchronised V and S Dataset/Categorised IOVNB (V) Dataset/V Dataset/Vw (Driver E)/Vw04/V-Vw4.csv,unsynchronized_categorized,vehicle,126573,12657.200000000004
fa0b8dc8dddf:000,6cc8a579e54c5cd1,train,fa0b8dc8dddf5bf7b6f7487608e557978038610dfb4e6f7b0a1bfe7b70b65e0a,VW4,Unsynchronised V and S Dataset/Uncategorised IOVNB (V and S) Dataset/S-Dataset/S-Vw4.csv,unsynchronized_uncategorized,smartphone,126526,12652.5
e82458131e6f:000,6cc8a579e54c5cd1,train,e82458131e6f2bb7e265aebe99a61c68280284a1953b4c0e9a0c4c677ed32e70,VW4,Unsynchronised V and S Dataset/Uncategorised IOVNB (V and S) Dataset/V-Dataset/V-Vw4.csv,unsynchronized_uncategorized,vehicle,126573,12657.200000000004
dcfad1472878:000,6da2a8bfa476c648,test,dcfad1472878b0bf4c2dfcd2995521291e7ddaba7d2fe134450615722e6c3a3b,A5,Unsynchronised V and S Dataset/Uncategorised IOVNB (V and S) Dataset/S-Dataset/S-A5.csv,unsynchronized_uncategorized,smartphone,85041,8504.348999977112
5d09dd027359:000,6ec7c3b0ce4e2055,train,5d09dd027359589a368dff658d3b5a7b1a5408e487493110772bd380ba77824b,VTA6,Synchronised V abd S datasets/Categorised IOVNB Dataset/Vta (Driver E)/Vta06/S-Vta6.csv,synchronized_categorized,smartphone,1376,137.5
ec82e633ecdc:000,6ec7c3b0ce4e2055,train,ec82e633ecdcbaa5f5f78d10618f316da03ad5127d65b5a133c1c6bbb5dcf6be,VTA6,Synchronised V abd S datasets/Categorised IOVNB Dataset/Vta (Driver E)/Vta06/V-vta6.csv,synchronized_categorized,vehicle,1376,137.5
1deac04dc111:000,6ec7c3b0ce4e2055,train,1deac04dc111225b0f80126c8d3f466ca2c121700e35f566a676a6a9f01f59df,VTA6,Synchronised V abd S datasets/Uncategorised IOVNB Dataset/S-Dataset/S-Vta6.csv,synchronized_uncategorized,smartphone,1376,137.5
ec82e633ecdc:000,6ec7c3b0ce4e2055,train,ec82e633ecdcbaa5f5f78d10618f316da03ad5127d65b5a133c1c6bbb5dcf6be,VTA6,Synchronised V abd S datasets/Uncategorised IOVNB Dataset/V-Dataset/V-vta6.csv,synchronized_uncategorized,vehicle,1376,137.5
f3740003df90:000,6ec7c3b0ce4e2055,train,f3740003df907ad034951826b47b016627c658b79b7c4112faad59657fbf0c0b,VTA6,Unsynchronised V and S Dataset/Categorised IOVNB (V) Dataset/V Dataset/Vta (Driver E)/Vta06/V-Vta6.csv,unsynchronized_categorized,vehicle,1393,139.20000000000437
5d09dd027359:000,6ec7c3b0ce4e2055,train,5d09dd027359589a368dff658d3b5a7b1a5408e487493110772bd380ba77824b,VTA6,Unsynchronised V and S Dataset/Uncategorised IOVNB (V and S) Dataset/S-Dataset/S-Vta6.csv,unsynchronized_uncategorized,smartphone,1376,137.5
f3740003df90:000,6ec7c3b0ce4e2055,train,f3740003df907ad034951826b47b016627c658b79b7c4112faad59657fbf0c0b,VTA6,Unsynchronised V and S Dataset/Uncategorised IOVNB (V and S) Dataset/V-Dataset/V-Vta6.csv,unsynchronized_uncategorized,vehicle,1393,139.20000000000437
3c912d93a732:000,6ecb741865edf746,train,3c912d93a732a8574806ff0244c7f8351ffe73490847fc8f7129b5aee0325109,VTB7,Synchronised V abd S datasets/Categorised IOVNB Dataset/Vtb (Driver E)/Vtb07/S-Vtb7.csv,synchronized_categorized,smartphone,461,46.00099992752075
067663bd7ab6:000,6ecb741865edf746,train,067663bd7ab608e3417eacbc49ff07093d0b6657e58fdfbe699245e25eaf3950,VTB7,Synchronised V abd S datasets/Categorised IOVNB Dataset/Vtb (Driver E)/Vtb07/V-vtb7.csv,synchronized_categorized,vehicle,461,46.0
9837d2ebc699:000,6ecb741865edf746,train,9837d2ebc6993222c74a7d1ad4ca8c655e370780eb82524e6d08cc7891d79eaa,VTB7,Synchronised V abd S datasets/Uncategorised IOVNB Dataset/S-Dataset/S-Vtb7.csv,synchronized_uncategorized,smartphone,461,46.00099992752075
067663bd7ab6:000,6ecb741865edf746,train,067663bd7ab608e3417eacbc49ff07093d0b6657e58fdfbe699245e25eaf3950,VTB7,Synchronised V abd S datasets/Uncategorised IOVNB Dataset/V-Dataset/V-vtb7.csv,synchronized_uncategorized,vehicle,461,46.0
538130135fb4:000,6ecb741865edf746,train,538130135fb40944ca8dea3af6ecf2db61ff3066b496add5edca7aa9b42a7fcc,VTB7,Unsynchronised V and S Dataset/Categorised IOVNB (V) Dataset/V Dataset/Vtb (Driver E)/Vtb07/V-Vtb7.csv,unsynchronized_categorized,vehicle,461,46.0
3c912d93a732:000,6ecb741865edf746,train,3c912d93a732a8574806ff0244c7f8351ffe73490847fc8f7129b5aee0325109,VTB7,Unsynchronised V and S Dataset/Uncategorised IOVNB (V and S) Dataset/S-Dataset/S-Vtb7.csv,unsynchronized_uncategorized,smartphone,461,46.00099992752075
538130135fb4:000,6ecb741865edf746,train,538130135fb40944ca8dea3af6ecf2db61ff3066b496add5edca7aa9b42a7fcc,VTB7,Unsynchronised V and S Dataset/Uncategorised IOVNB (V and S) Dataset/V-Dataset/V-Vtb7.csv,unsynchronized_uncategorized,vehicle,461,46.0
887c7597bd65:000,707e491276c58795,test,887c7597bd65ac135bc9739cc03363a6bcaa4e5baea7e03064c427528941bdb5,A9,Unsynchronised V and S Dataset/Uncategorised IOVNB (V and S) Dataset/S-Dataset/S-A9.csv,unsynchronized_uncategorized,smartphone,11962,5980.498999834061
2155a872fe5a:000,73d96684582124f5,validation,2155a872fe5ad1c6aac49f5f18967abf0d54f8fb1688e469d770134d2f34c8d2,T1,Unsynchronised V and S Dataset/Uncategorised IOVNB (V and S) Dataset/S-Dataset/S-T1.csv,unsynchronized_uncategorized,smartphone,25759,738.3790001869202
ebc743e3e724:000,7a5a1b98f8177c64,validation,ebc743e3e724279ca86521c947ac21bdd7ce8e2eb2cd6373c5a89caf9a7e9706,A2,Unsynchronised V and S Dataset/Uncategorised IOVNB (V and S) Dataset/S-Dataset/S-A2.csv,unsynchronized_uncategorized,smartphone,11630,5814.5
c674f8de297f:000,7a78d0e28c875ee5,validation,c674f8de297f595c599e73612479c106fe21320f483d73f0edb1d4af84aac3aa,A12,Unsynchronised V and S Dataset/Uncategorised IOVNB (V and S) Dataset/S-Dataset/S-A12.csv,unsynchronized_uncategorized,smartphone,4673,2335.9990000724792
53d6e6cbf04d:000,7d8e4c62451e0bec,train,53d6e6cbf04dad18ea5bc8c9545b31766a781dad0e7c1b6e9f465163edcb2e6b,VFB02B,Unsynchronised V and S Dataset/Categorised IOVNB (V) Dataset/V Dataset/Vf (Driver E)/V-Vfb02b/V-Vfb02b.csv,unsynchronized_categorized,vehicle,11000,1099.9000000000087
53d6e6cbf04d:000,7d8e4c62451e0bec,train,53d6e6cbf04dad18ea5bc8c9545b31766a781dad0e7c1b6e9f465163edcb2e6b,VFB02B,Unsynchronised V and S Dataset/Uncategorised IOVNB (V and S) Dataset/V-Dataset/V-Vfb02b.csv,unsynchronized_uncategorized,vehicle,11000,1099.9000000000087
28161336944b:000,7dfbdd73ed1b5e65,validation,28161336944b3371ce22d074dbfd5693e915dfd3189c1dec1d0d5e0ffc69984c,VTA30,Synchronised V abd S datasets/Categorised IOVNB Dataset/Vta (Driver E)/Vta30/S-Vta30.csv,synchronized_categorized,smartphone,17136,1713.4999997615814
5c8b13f1e83f:000,7dfbdd73ed1b5e65,validation,5c8b13f1e83f2e4b543e18a437a98e5be13b75f155d1af0f8abf7dbb100747f6,VTA30,Synchronised V abd S datasets/Categorised IOVNB Dataset/Vta (Driver E)/Vta30/V-vta30.csv,synchronized_categorized,vehicle,17136,1713.5
28161336944b:000,7dfbdd73ed1b5e65,validation,28161336944b3371ce22d074dbfd5693e915dfd3189c1dec1d0d5e0ffc69984c,VTA30,Synchronised V abd S datasets/Uncategorised IOVNB Dataset/S-Dataset/S-Vta30.csv,synchronized_uncategorized,smartphone,17136,1713.4999997615814
5c8b13f1e83f:000,7dfbdd73ed1b5e65,validation,5c8b13f1e83f2e4b543e18a437a98e5be13b75f155d1af0f8abf7dbb100747f6,VTA30,Synchronised V abd S datasets/Uncategorised IOVNB Dataset/V-Dataset/V-vta30.csv,synchronized_uncategorized,vehicle,17136,1713.5
452eb811579e:000,7dfbdd73ed1b5e65,validation,452eb811579e84a93327da28516ad0cc21f52ea316726310d707b808a164fdc9,VTA30,Unsynchronised V and S Dataset/Categorised IOVNB (V) Dataset/V Dataset/Vta (Driver E)/Vta30/V-Vta30.csv,unsynchronized_categorized,vehicle,17179,1717.800000000003
28161336944b:000,7dfbdd73ed1b5e65,validation,28161336944b3371ce22d074dbfd5693e915dfd3189c1dec1d0d5e0ffc69984c,VTA30,Unsynchronised V and S Dataset/Uncategorised IOVNB (V and S) Dataset/S-Dataset/S-Vta30.csv,unsynchronized_uncategorized,smartphone,17136,1713.4999997615814
452eb811579e:000,7dfbdd73ed1b5e65,validation,452eb811579e84a93327da28516ad0cc21f52ea316726310d707b808a164fdc9,VTA30,Unsynchronised V and S Dataset/Uncategorised IOVNB (V and S) Dataset/V-Dataset/V-Vta30.csv,unsynchronized_uncategorized,vehicle,17179,1717.800000000003
31640a5f5290:000,7eeebf8b4b661c21,test,31640a5f5290102033e3a958805683d1d681faf09915b21e4ea2db6c7c3f5384,A13,Unsynchronised V and S Dataset/Uncategorised IOVNB (V and S) Dataset/S-Dataset/S-A13.csv,unsynchronized_uncategorized,smartphone,9184,4591.499999761581
c4ec36119c94:000,85359a094cedde31,test,c4ec36119c943d6e6e3f993dcfbff587afed9e2fbbb7a37afef597d97ef828ef,VFB02D,Unsynchronised V and S Dataset/Categorised IOVNB (V) Dataset/V Dataset/Vf (Driver E)/V-Vfb02d/V-Vfb02d.csv,unsynchronized_categorized,vehicle,880,87.90000000000873
c4ec36119c94:000,85359a094cedde31,test,c4ec36119c943d6e6e3f993dcfbff587afed9e2fbbb7a37afef597d97ef828ef,VFB02D,Unsynchronised V and S Dataset/Uncategorised IOVNB (V and S) Dataset/V-Dataset/V-Vfb02d.csv,unsynchronized_uncategorized,vehicle,880,87.90000000000873
fbf968d0ce57:000,8a38c8ca0023d76b,test,fbf968d0ce575b60b087db7b705fe71e8142686fad52dc078eae352f93ca1357,VW1,Synchronised V abd S datasets/Categorised IOVNB Dataset/Vw (Driver E)/Vw01/S-Vw1.csv,synchronized_categorized,smartphone,20476,2047.5
1c5f7db8725c:000,8a38c8ca0023d76b,test,1c5f7db8725caa321ad8e932387cd988432f863d97fb2008895116e68b203d1a,VW1,Synchronised V abd S datasets/Categorised IOVNB Dataset/Vw (Driver E)/Vw01/V-Vw1.csv,synchronized_categorized,vehicle,20475,2047.4000000000015
fbf968d0ce57:000,8a38c8ca0023d76b,test,fbf968d0ce575b60b087db7b705fe71e8142686fad52dc078eae352f93ca1357,VW1,Synchronised V abd S datasets/Uncategorised IOVNB Dataset/S-Dataset/S-Vw1.csv,synchronized_uncategorized,smartphone,20476,2047.5
1c5f7db8725c:000,8a38c8ca0023d76b,test,1c5f7db8725caa321ad8e932387cd988432f863d97fb2008895116e68b203d1a,VW1,Synchronised V abd S datasets/Uncategorised IOVNB Dataset/V-Dataset/V-Vw1.csv,synchronized_uncategorized,vehicle,20475,2047.4000000000015
6323621a9321:000,8a38c8ca0023d76b,test,6323621a93212e1ad23caff0911eef4cb7a3cdca6dbc0cdef861bdd615969de5,VW1,Unsynchronised V and S Dataset/Categorised IOVNB (V) Dataset/V Dataset/Vw (Driver E)/Vw01/V-Vw1.csv,unsynchronized_categorized,vehicle,20475,2047.4000000000015
fbf968d0ce57:000,8a38c8ca0023d76b,test,fbf968d0ce575b60b087db7b705fe71e8142686fad52dc078eae352f93ca1357,VW1,Unsynchronised V and S Dataset/Uncategorised IOVNB (V and S) Dataset/S-Dataset/S-Vw1.csv,unsynchronized_uncategorized,smartphone,20476,2047.5
6323621a9321:000,8a38c8ca0023d76b,test,6323621a93212e1ad23caff0911eef4cb7a3cdca6dbc0cdef861bdd615969de5,VW1,Unsynchronised V and S Dataset/Uncategorised IOVNB (V and S) Dataset/V-Dataset/V-Vw1.csv,unsynchronized_uncategorized,vehicle,20475,2047.4000000000015
538064be488d:000,8ceca0f83eac54de,train,538064be488dc40c34ef7410c6b105cea5ee129d7bdf860c1bd27b61fbd97d86,VTB12,Synchronised V abd S datasets/Categorised IOVNB Dataset/Vtb (Driver E)/Vtb12/S-Vtb12.csv,synchronized_categorized,smartphone,447,44.60099983215332
6d755d7c49d3:000,8ceca0f83eac54de,train,6d755d7c49d3053167986dc82af562fb5039f8a4cbf95b793b4364197f770da3,VTB12,Synchronised V abd S datasets/Categorised IOVNB Dataset/Vtb (Driver E)/Vtb12/V-vtb12.csv,synchronized_categorized,vehicle,447,44.59999999999127
c8360323ca02:000,8ceca0f83eac54de,train,c8360323ca02d0fec1274997f62c00ef3ecaebc8af18ea1eb76046d1dcce7904,VTB12,Synchronised V abd S datasets/Uncategorised IOVNB Dataset/S-Dataset/S-Vtb12.csv,synchronized_uncategorized,smartphone,447,44.60099983215332
6d755d7c49d3:000,8ceca0f83eac54de,train,6d755d7c49d3053167986dc82af562fb5039f8a4cbf95b793b4364197f770da3,VTB12,Synchronised V abd S datasets/Uncategorised IOVNB Dataset/V-Dataset/V-vtb12.csv,synchronized_uncategorized,vehicle,447,44.59999999999127
db2205971f96:000,8ceca0f83eac54de,train,db2205971f960bd04d284a8ab45e81bc6c728763306843c9659f6e51aa753941,VTB12,Unsynchronised V and S Dataset/Categorised IOVNB (V) Dataset/V Dataset/Vtb (Driver E)/Vtb12/V-Vtb12.csv,unsynchronized_categorized,vehicle,490,48.90000000000873
538064be488d:000,8ceca0f83eac54de,train,538064be488dc40c34ef7410c6b105cea5ee129d7bdf860c1bd27b61fbd97d86,VTB12,Unsynchronised V and S Dataset/Uncategorised IOVNB (V and S) Dataset/S-Dataset/S-Vtb12.csv,unsynchronized_uncategorized,smartphone,447,44.60099983215332
db2205971f96:000,8ceca0f83eac54de,train,db2205971f960bd04d284a8ab45e81bc6c728763306843c9659f6e51aa753941,VTB12,Unsynchronised V and S Dataset/Uncategorised IOVNB (V and S) Dataset/V-Dataset/V-Vtb12.csv,unsynchronized_uncategorized,vehicle,490,48.90000000000873
0be63d31a967:000,8d3cf3795f6296af,train,0be63d31a96741735ff59d7308231b50e99820992e8bd8f4b898667c8082776f,VW14B,Synchronised V abd S datasets/Categorised IOVNB Dataset/Vw (Driver E)/Vw14b/S-Vw14b.csv,synchronized_categorized,smartphone,19588,1958.7009999752045
506b8ce6f602:000,8d3cf3795f6296af,train,506b8ce6f602ccceff3b82a5aefd0146b2cbf1e97a11515f07afb3c4b33d2088,VW14B,Synchronised V abd S datasets/Categorised IOVNB Dataset/Vw (Driver E)/Vw14b/V-Vw14b.csv,synchronized_categorized,vehicle,19588,1958.7000000000044
0db4f806fa68:000,8d3cf3795f6296af,train,0db4f806fa684768971ddba1293a5a985c183fc70a5024155675e4ca346c3e90,VW14B,Synchronised V abd S datasets/Uncategorised IOVNB Dataset/S-Dataset/S-Vw14b.csv,synchronized_uncategorized,smartphone,19588,1958.7009999752045
506b8ce6f602:000,8d3cf3795f6296af,train,506b8ce6f602ccceff3b82a5aefd0146b2cbf1e97a11515f07afb3c4b33d2088,VW14B,Synchronised V abd S datasets/Uncategorised IOVNB Dataset/V-Dataset/V-Vw14b.csv,synchronized_uncategorized,vehicle,19588,1958.7000000000044
a490a5922017:000,8d3cf3795f6296af,train,a490a5922017631337e1c927f7a0ee882139a145fab1d10bdadd659fa40ab242,VW14B,Unsynchronised V and S Dataset/Categorised IOVNB (V) Dataset/V Dataset/Vw (Driver E)/Vw14b/V-Vw14b.csv,unsynchronized_categorized,vehicle,19600,1959.9000000000015
0be63d31a967:000,8d3cf3795f6296af,train,0be63d31a96741735ff59d7308231b50e99820992e8bd8f4b898667c8082776f,VW14B,Unsynchronised V and S Dataset/Uncategorised IOVNB (V and S) Dataset/S-Dataset/S-Vw14b.csv,unsynchronized_uncategorized,smartphone,19588,1958.7009999752045
a490a5922017:000,8d3cf3795f6296af,train,a490a5922017631337e1c927f7a0ee882139a145fab1d10bdadd659fa40ab242,VW14B,Unsynchronised V and S Dataset/Uncategorised IOVNB (V and S) Dataset/V-Dataset/V-Vw14b.csv,unsynchronized_uncategorized,vehicle,19600,1959.9000000000015
bd191de76af1:000,8f24999b2c7a15c3,validation,bd191de76af1bff0f27cfc569d093db5f02e66c898ddadd800edad8988ec498c,VTB4,Synchronised V abd S datasets/Categorised IOVNB Dataset/Vtb (Driver E)/Vtb04/S-Vtb4.csv,synchronized_categorized,smartphone,556,55.5
bd4d02f88c0b:000,8f24999b2c7a15c3,validation,bd4d02f88c0bbe568840af05d043e861a374449e5a213f2ff06231199a29e68c,VTB4,Synchronised V abd S datasets/Categorised IOVNB Dataset/Vtb (Driver E)/Vtb04/V-vtb4.csv,synchronized_categorized,vehicle,556,55.5
1048727c0ca2:000,8f24999b2c7a15c3,validation,1048727c0ca2ccb3c6e00fe35ac582e0500f359e3048f0ef7f987e1d48713b78,VTB4,Synchronised V abd S datasets/Uncategorised IOVNB Dataset/S-Dataset/S-Vtb4.csv,synchronized_uncategorized,smartphone,556,55.5
bd4d02f88c0b:000,8f24999b2c7a15c3,validation,bd4d02f88c0bbe568840af05d043e861a374449e5a213f2ff06231199a29e68c,VTB4,Synchronised V abd S datasets/Uncategorised IOVNB Dataset/V-Dataset/V-vtb4.csv,synchronized_uncategorized,vehicle,556,55.5
a54aa8e94b78:000,8f24999b2c7a15c3,validation,a54aa8e94b78b512c9c8d52efc6a62ad3faf76a9672784ee0329d667ab3c1cc6,VTB4,Unsynchronised V and S Dataset/Categorised IOVNB (V) Dataset/V Dataset/Vtb (Driver E)/Vtb04/V-Vtb4.csv,unsynchronized_categorized,vehicle,625,62.400000000001455
bd191de76af1:000,8f24999b2c7a15c3,validation,bd191de76af1bff0f27cfc569d093db5f02e66c898ddadd800edad8988ec498c,VTB4,Unsynchronised V and S Dataset/Uncategorised IOVNB (V and S) Dataset/S-Dataset/S-Vtb4.csv,unsynchronized_uncategorized,smartphone,556,55.5
a54aa8e94b78:000,8f24999b2c7a15c3,validation,a54aa8e94b78b512c9c8d52efc6a62ad3faf76a9672784ee0329d667ab3c1cc6,VTB4,Unsynchronised V and S Dataset/Uncategorised IOVNB (V and S) Dataset/V-Dataset/V-Vtb4.csv,unsynchronized_uncategorized,vehicle,625,62.400000000001455
b15d7dcaa47b:000,914fed9727904ff2,train,b15d7dcaa47b1d92805048eb66121567075f37a26314ecabf33e09898ac95dab,S1,Synchronised V abd S datasets/Categorised IOVNB Dataset/S (Driver A)/S1/S-S1.csv,synchronized_categorized,smartphone,51746,5174.499000072479
8e59eda9fa06:000,914fed9727904ff2,train,8e59eda9fa0601b1f8243aef2526346092ee0f0607570aaaf3cc97e61f7b193f,S1,Synchronised V abd S datasets/Categorised IOVNB Dataset/S (Driver A)/S1/V-S1.csv,synchronized_categorized,vehicle,51746,5174.5
819c5c4bb272:000,914fed9727904ff2,train,819c5c4bb272ad843acc31d94da9eb34c43fabb6fbfa3fa0067a844bbe70beaa,S1,Synchronised V abd S datasets/Uncategorised IOVNB Dataset/S-Dataset/S-S1.csv,synchronized_uncategorized,smartphone,51746,5174.499000072479
8e59eda9fa06:000,914fed9727904ff2,train,8e59eda9fa0601b1f8243aef2526346092ee0f0607570aaaf3cc97e61f7b193f,S1,Synchronised V abd S datasets/Uncategorised IOVNB Dataset/V-Dataset/V-S1.csv,synchronized_uncategorized,vehicle,51746,5174.5
c36ee220cd88:000,914fed9727904ff2,train,c36ee220cd88bd10273cc1d700ff924db036c3d2d816b51a5df99da654da7c6e,S1,Unsynchronised V and S Dataset/Categorised IOVNB (V) Dataset/V Dataset/S (Driver A)/S1/V-S1.csv,unsynchronized_categorized,vehicle,51790,5178.9000000000015
b15d7dcaa47b:000,914fed9727904ff2,train,b15d7dcaa47b1d92805048eb66121567075f37a26314ecabf33e09898ac95dab,S1,Unsynchronised V and S Dataset/Uncategorised IOVNB (V and S) Dataset/S-Dataset/S-S1.csv,unsynchronized_uncategorized,smartphone,51746,5174.499000072479
c36ee220cd88:000,914fed9727904ff2,train,c36ee220cd88bd10273cc1d700ff924db036c3d2d816b51a5df99da654da7c6e,S1,Unsynchronised V and S Dataset/Uncategorised IOVNB (V and S) Dataset/V-Dataset/V-S1.csv,unsynchronized_uncategorized,vehicle,51790,5178.9000000000015
2914b6a69096:000,92676fe9e0255948,test,2914b6a690964f185a229157ecb6d315a4426e1ca8558c2d61b0f91e4cfd69e8,VTB9,Synchronised V abd S datasets/Categorised IOVNB Dataset/Vtb (Driver E)/Vtb09/S-Vtb9.csv,synchronized_categorized,smartphone,452,45.099000215530396
3ad2255b751f:000,92676fe9e0255948,test,3ad2255b751fe4a2a89fe5a546cc8b7306abece9417d690a90373c057c41bccb,VTB9,Synchronised V abd S datasets/Categorised IOVNB Dataset/Vtb (Driver E)/Vtb09/V-vtb9.csv,synchronized_categorized,vehicle,452,45.10000000000582
cae29ddeeff1:000,92676fe9e0255948,test,cae29ddeeff1a3e6f385e670a50816d6ae3f563aa97c5c71e33d1d1483562606,VTB9,Synchronised V abd S datasets/Uncategorised IOVNB Dataset/S-Dataset/S-Vtb9.csv,synchronized_uncategorized,smartphone,452,45.099000215530396
3ad2255b751f:000,92676fe9e0255948,test,3ad2255b751fe4a2a89fe5a546cc8b7306abece9417d690a90373c057c41bccb,VTB9,Synchronised V abd S datasets/Uncategorised IOVNB Dataset/V-Dataset/V-vtb9.csv,synchronized_uncategorized,vehicle,452,45.10000000000582
9e25f7d2ed49:000,92676fe9e0255948,test,9e25f7d2ed49bbc025a5e0da6e606040f1390698622e78cde4a036de20e11353,VTB9,Unsynchronised V and S Dataset/Categorised IOVNB (V) Dataset/V Dataset/Vtb (Driver E)/Vtb09/V-Vtb9.csv,unsynchronized_categorized,vehicle,457,45.59999999999127
2914b6a69096:000,92676fe9e0255948,test,2914b6a690964f185a229157ecb6d315a4426e1ca8558c2d61b0f91e4cfd69e8,VTB9,Unsynchronised V and S Dataset/Uncategorised IOVNB (V and S) Dataset/S-Dataset/S-Vtb9.csv,unsynchronized_uncategorized,smartphone,452,45.099000215530396
9e25f7d2ed49:000,92676fe9e0255948,test,9e25f7d2ed49bbc025a5e0da6e606040f1390698622e78cde4a036de20e11353,VTB9,Unsynchronised V and S Dataset/Uncategorised IOVNB (V and S) Dataset/V-Dataset/V-Vtb9.csv,unsynchronized_uncategorized,vehicle,457,45.59999999999127
ac7c45d5dfb9:000,93927584df416f7b,test,ac7c45d5dfb9885a3ca6291f5e0b10f4c3314cc1a8154badbd8c267bc847e180,VTA7,Synchronised V abd S datasets/Categorised IOVNB Dataset/Vta (Driver E)/Vta07/S-Vta7.csv,synchronized_categorized,smartphone,840,83.89999985694885
87c54b7fb23d:000,93927584df416f7b,test,87c54b7fb23d9bb6462b6a98b2ef732cd1cb40115aa442556d8a9ce3a4a363c6,VTA7,Synchronised V abd S datasets/Categorised IOVNB Dataset/Vta (Driver E)/Vta07/V-vta7.csv,synchronized_categorized,vehicle,840,83.90000000000146
a3979f48728a:000,93927584df416f7b,test,a3979f48728a7f7bf31600afb6710cad8bd2c69e281b219ecd3a0981a5cc3103,VTA7,Synchronised V abd S datasets/Uncategorised IOVNB Dataset/S-Dataset/S-Vta7.csv,synchronized_uncategorized,smartphone,840,83.89999985694885
87c54b7fb23d:000,93927584df416f7b,test,87c54b7fb23d9bb6462b6a98b2ef732cd1cb40115aa442556d8a9ce3a4a363c6,VTA7,Synchronised V abd S datasets/Uncategorised IOVNB Dataset/V-Dataset/V-vta7.csv,synchronized_uncategorized,vehicle,840,83.90000000000146
215ce5897fe2:000,93927584df416f7b,test,215ce5897fe205c0778beea0830d4c2c6c6d6c7a7e231b4b24ac0999a016848b,VTA7,Unsynchronised V and S Dataset/Categorised IOVNB (V) Dataset/V Dataset/Vta (Driver E)/Vta07/V-Vta7.csv,unsynchronized_categorized,vehicle,857,85.59999999999854
ac7c45d5dfb9:000,93927584df416f7b,test,ac7c45d5dfb9885a3ca6291f5e0b10f4c3314cc1a8154badbd8c267bc847e180,VTA7,Unsynchronised V and S Dataset/Uncategorised IOVNB (V and S) Dataset/S-Dataset/S-Vta7.csv,unsynchronized_uncategorized,smartphone,840,83.89999985694885
215ce5897fe2:000,93927584df416f7b,test,215ce5897fe205c0778beea0830d4c2c6c6d6c7a7e231b4b24ac0999a016848b,VTA7,Unsynchronised V and S Dataset/Uncategorised IOVNB (V and S) Dataset/V-Dataset/V-Vta7.csv,unsynchronized_uncategorized,vehicle,857,85.59999999999854
eda01aff8e4d:000,94657f76fef22807,train,eda01aff8e4d92608aba93f4cce002d0d454d656b33f9e1c9f2522cb05bd1912,T2,Unsynchronised V and S Dataset/Uncategorised IOVNB (V and S) Dataset/S-Dataset/S-T2.csv,unsynchronized_uncategorized,smartphone,75555,7554.944999933243
e4c8be628e33:000,9ea093d6f2d16e36,test,e4c8be628e339bc594b8fbb404bfa16e3eeb810759d3449105224e345156e404,VFB02C,Unsynchronised V and S Dataset/Categorised IOVNB (V) Dataset/V Dataset/Vf (Driver E)/V-Vfb02c/V-Vfb02c.csv,unsynchronized_categorized,vehicle,640,63.90000000000873
e4c8be628e33:000,9ea093d6f2d16e36,test,e4c8be628e339bc594b8fbb404bfa16e3eeb810759d3449105224e345156e404,VFB02C,Unsynchronised V and S Dataset/Uncategorised IOVNB (V and S) Dataset/V-Dataset/V-Vfb02c.csv,unsynchronized_uncategorized,vehicle,640,63.90000000000873
2addd6cdb9c9:000,9f4c9a0cd0b52fcf,validation,2addd6cdb9c95c386d26f6a65428c49ca969cd2b6c16e6407189f642b42709d1,A11,Unsynchronised V and S Dataset/Uncategorised IOVNB (V and S) Dataset/S-Dataset/S-A11.csv,unsynchronized_uncategorized,smartphone,5155,2577.0
a5d4d99847a8:000,a0f5e3c950ca6a14,test,a5d4d99847a8bd7459b8e323f10f0e61a640cc270a7892416875f982672da334,VTA10,Synchronised V abd S datasets/Categorised IOVNB Dataset/Vta (Driver E)/Vta10/S-Vta10.csv,synchronized_categorized,smartphone,1502,150.10000014305115
2848d229f4a5:000,a0f5e3c950ca6a14,test,2848d229f4a5712783b95df1a3511a82f7488cdbb3968991c8a7a635b330549a,VTA10,Synchronised V abd S datasets/Categorised IOVNB Dataset/Vta (Driver E)/Vta10/V-vta10.csv,synchronized_categorized,vehicle,1502,150.09999999999854
1802cbfa0458:000,a0f5e3c950ca6a14,test,1802cbfa0458ea06c8e52fd7bebfefbdf2614a56329377ec26b4d4c981aee863,VTA10,Synchronised V abd S datasets/Uncategorised IOVNB Dataset/S-Dataset/S-Vta10.csv,synchronized_uncategorized,smartphone,1502,150.10000014305115
2848d229f4a5:000,a0f5e3c950ca6a14,test,2848d229f4a5712783b95df1a3511a82f7488cdbb3968991c8a7a635b330549a,VTA10,Synchronised V abd S datasets/Uncategorised IOVNB Dataset/V-Dataset/V-vta10.csv,synchronized_uncategorized,vehicle,1502,150.09999999999854
81eb8079360e:000,a0f5e3c950ca6a14,test,81eb8079360e9f5e5c52da56edf8c9524b37c9085dff023c31281b7277aa9d89,VTA10,Unsynchronised V and S Dataset/Categorised IOVNB (V) Dataset/V Dataset/Vta (Driver E)/Vta10/V-Vta10.csv,unsynchronized_categorized,vehicle,1570,156.90000000000146
a5d4d99847a8:000,a0f5e3c950ca6a14,test,a5d4d99847a8bd7459b8e323f10f0e61a640cc270a7892416875f982672da334,VTA10,Unsynchronised V and S Dataset/Uncategorised IOVNB (V and S) Dataset/S-Dataset/S-Vta10.csv,unsynchronized_uncategorized,smartphone,1502,150.10000014305115
81eb8079360e:000,a0f5e3c950ca6a14,test,81eb8079360e9f5e5c52da56edf8c9524b37c9085dff023c31281b7277aa9d89,VTA10,Unsynchronised V and S Dataset/Uncategorised IOVNB (V and S) Dataset/V-Dataset/V-Vta10.csv,unsynchronized_uncategorized,vehicle,1570,156.90000000000146
2671b8ec2301:000,a1291450c6cf8967,train,2671b8ec230138c353ee98fa6ef0da47f0bf8a164c136a4e424f275f42f2c8e8,VTA9,Synchronised V abd S datasets/Categorised IOVNB Dataset/Vta (Driver E)/Vta09/S-Vta9.csv,synchronized_categorized,smartphone,156,15.498000144958496
1b01d98ee2b5:000,a1291450c6cf8967,train,1b01d98ee2b5cd064ffdfc2a202cec1eaf4431445da753d895ab8d6c1ceb0180,VTA9,Synchronised V abd S datasets/Categorised IOVNB Dataset/Vta (Driver E)/Vta09/V-vta9.csv,synchronized_categorized,vehicle,156,15.5
ddca3a613dc2:000,a1291450c6cf8967,train,ddca3a613dc259fa950a764c00b09b9ed85aea780efcf79c4d7981bb69c3eb8c,VTA9,Synchronised V abd S datasets/Uncategorised IOVNB Dataset/S-Dataset/S-Vta9.csv,synchronized_uncategorized,smartphone,156,15.498000144958496
1b01d98ee2b5:000,a1291450c6cf8967,train,1b01d98ee2b5cd064ffdfc2a202cec1eaf4431445da753d895ab8d6c1ceb0180,VTA9,Synchronised V abd S datasets/Uncategorised IOVNB Dataset/V-Dataset/V-vta9.csv,synchronized_uncategorized,vehicle,156,15.5
e5b95bb24041:000,a1291450c6cf8967,train,e5b95bb24041e9a2b6302b87ae7a043c8453b8da4ab459979b37a0818ff47a70,VTA9,Unsynchronised V and S Dataset/Categorised IOVNB (V) Dataset/V Dataset/Vta (Driver E)/Vta09/V-Vta9.csv,unsynchronized_categorized,vehicle,226,22.5
2671b8ec2301:000,a1291450c6cf8967,train,2671b8ec230138c353ee98fa6ef0da47f0bf8a164c136a4e424f275f42f2c8e8,VTA9,Unsynchronised V and S Dataset/Uncategorised IOVNB (V and S) Dataset/S-Dataset/S-Vta9.csv,unsynchronized_uncategorized,smartphone,156,15.498000144958496
e5b95bb24041:000,a1291450c6cf8967,train,e5b95bb24041e9a2b6302b87ae7a043c8453b8da4ab459979b37a0818ff47a70,VTA9,Unsynchronised V and S Dataset/Uncategorised IOVNB (V and S) Dataset/V-Dataset/V-Vta9.csv,unsynchronized_uncategorized,vehicle,226,22.5
04b0ee07c4e4:000,a7cdf83f6181effc,validation,04b0ee07c4e48be7387bd82d1f0c9e170d9d5c62482a3ccc290d97675210297f,VTA13,Synchronised V abd S datasets/Categorised IOVNB Dataset/Vta (Driver E)/Vta13/S-Vta13.csv,synchronized_categorized,smartphone,404,40.300999879837036
2654dd964866:000,a7cdf83f6181effc,validation,2654dd964866b19ee869baabc31dde9d6dfdbd9ca9ebd2613c8b8c43c2b3adfa,VTA13,Synchronised V abd S datasets/Categorised IOVNB Dataset/Vta (Driver E)/Vta13/V-vta13.csv,synchronized_categorized,vehicle,404,40.299999999995634
228caace5149:000,a7cdf83f6181effc,validation,228caace5149d33268cc499f8a66c155a09099f617fed9da84d8ad07379cefa6,VTA13,Synchronised V abd S datasets/Uncategorised IOVNB Dataset/S-Dataset/S-Vta13.csv,synchronized_uncategorized,smartphone,404,40.300999879837036
2654dd964866:000,a7cdf83f6181effc,validation,2654dd964866b19ee869baabc31dde9d6dfdbd9ca9ebd2613c8b8c43c2b3adfa,VTA13,Synchronised V abd S datasets/Uncategorised IOVNB Dataset/V-Dataset/V-vta13.csv,synchronized_uncategorized,vehicle,404,40.299999999995634
9ca7b7b297bd:000,a7cdf83f6181effc,validation,9ca7b7b297bd2b3e2337871d7e6fac4efd6460f992dc57e0e79dcd448f923fe6,VTA13,Unsynchronised V and S Dataset/Categorised IOVNB (V) Dataset/V Dataset/Vta (Driver E)/Vta13/V-Vta13.csv,unsynchronized_categorized,vehicle,473,47.200000000004366
04b0ee07c4e4:000,a7cdf83f6181effc,validation,04b0ee07c4e48be7387bd82d1f0c9e170d9d5c62482a3ccc290d97675210297f,VTA13,Unsynchronised V and S Dataset/Uncategorised IOVNB (V and S) Dataset/S-Dataset/S-Vta13.csv,unsynchronized_uncategorized,smartphone,404,40.300999879837036
9ca7b7b297bd:000,a7cdf83f6181effc,validation,9ca7b7b297bd2b3e2337871d7e6fac4efd6460f992dc57e0e79dcd448f923fe6,VTA13,Unsynchronised V and S Dataset/Uncategorised IOVNB (V and S) Dataset/V-Dataset/V-Vta13.csv,unsynchronized_uncategorized,vehicle,473,47.200000000004366
437e6ff31147:000,ab01510514fb055b,test,437e6ff31147682ed57af9660140a0c6783e4711b175a19dd4a60bdb269dfe47,VTB6,Synchronised V abd S datasets/Categorised IOVNB Dataset/Vtb (Driver E)/Vtb06/S-Vtb6.csv,synchronized_categorized,smartphone,498,49.700000047683716
ff570e77d68f:000,ab01510514fb055b,test,ff570e77d68f8ace833c8c0f4e2c093b5c024a24f044997c034893175be3db22,VTB6,Synchronised V abd S datasets/Categorised IOVNB Dataset/Vtb (Driver E)/Vtb06/V-vtb6.csv,synchronized_categorized,vehicle,498,49.70000000001164
5d699a3e20de:000,ab01510514fb055b,test,5d699a3e20def13001e2634a4e74d40e6f54bd688f376166b1697750ae8d0375,VTB6,Synchronised V abd S datasets/Uncategorised IOVNB Dataset/S-Dataset/S-Vtb6.csv,synchronized_uncategorized,smartphone,498,49.700000047683716
ff570e77d68f:000,ab01510514fb055b,test,ff570e77d68f8ace833c8c0f4e2c093b5c024a24f044997c034893175be3db22,VTB6,Synchronised V abd S datasets/Uncategorised IOVNB Dataset/V-Dataset/V-vtb6.csv,synchronized_uncategorized,vehicle,498,49.70000000001164
c23411d81547:000,ab01510514fb055b,test,c23411d81547943913ff1fa1a65e0dacc4cb787aaf3ba5dff4e9a02e92644263,VTB6,Unsynchronised V and S Dataset/Categorised IOVNB (V) Dataset/V Dataset/Vtb (Driver E)/Vtb06/V-Vtb6.csv,unsynchronized_categorized,vehicle,508,50.69999999999709
437e6ff31147:000,ab01510514fb055b,test,437e6ff31147682ed57af9660140a0c6783e4711b175a19dd4a60bdb269dfe47,VTB6,Unsynchronised V and S Dataset/Uncategorised IOVNB (V and S) Dataset/S-Dataset/S-Vtb6.csv,unsynchronized_uncategorized,smartphone,498,49.700000047683716
c23411d81547:000,ab01510514fb055b,test,c23411d81547943913ff1fa1a65e0dacc4cb787aaf3ba5dff4e9a02e92644263,VTB6,Unsynchronised V and S Dataset/Uncategorised IOVNB (V and S) Dataset/V-Dataset/V-Vtb6.csv,unsynchronized_uncategorized,vehicle,508,50.69999999999709
7763df94e92d:000,ab49b503dc7c43fa,train,7763df94e92de925ad0ccf1b2294cb9caee3219c9bcda6ae288641be8c209e2c,A6,Unsynchronised V and S Dataset/Uncategorised IOVNB (V and S) Dataset/S-Dataset/S-A6.csv,unsynchronized_uncategorized,smartphone,86034,8537.402000188828
274a8da537e3:000,ae3f928143ab9da9,validation,274a8da537e3c3794e8e39760ed6667c673b0671c86752f1eb3782d8561582d4,S3A,Synchronised V abd S datasets/Categorised IOVNB Dataset/S (Driver A)/S3a/S-S3a.csv,synchronized_categorized,smartphone,24621,2462.0
97e24d298e0c:000,ae3f928143ab9da9,validation,97e24d298e0c300746994304e40071b074ebbddb7c3865a442d5caef279dfed4,S3A,Synchronised V abd S datasets/Categorised IOVNB Dataset/S (Driver A)/S3a/V-S3a.csv,synchronized_categorized,vehicle,24621,2462.0
8e085465f038:000,ae3f928143ab9da9,validation,8e085465f03842026bb12029f08eb21e891263d7e82700b0601607afc2832aaa,S3A,Synchronised V abd S datasets/Uncategorised IOVNB Dataset/S-Dataset/S-S3a.csv,synchronized_uncategorized,smartphone,24621,2462.0
97e24d298e0c:000,ae3f928143ab9da9,validation,97e24d298e0c300746994304e40071b074ebbddb7c3865a442d5caef279dfed4,S3A,Synchronised V abd S datasets/Uncategorised IOVNB Dataset/V-Dataset/V-S3a.csv,synchronized_uncategorized,vehicle,24621,2462.0
444577aa16f7:000,ae3f928143ab9da9,validation,444577aa16f7257f5d05cf9441611d5132e258023609689b29bf6c46328defa4,S3A,Unsynchronised V and S Dataset/Categorised IOVNB (V) Dataset/V Dataset/S (Driver A)/S3a/V-S3a.csv,unsynchronized_categorized,vehicle,24660,2465.9000000000087
274a8da537e3:000,ae3f928143ab9da9,validation,274a8da537e3c3794e8e39760ed6667c673b0671c86752f1eb3782d8561582d4,S3A,Unsynchronised V and S Dataset/Uncategorised IOVNB (V and S) Dataset/S-Dataset/S-S3a.csv,unsynchronized_uncategorized,smartphone,24621,2462.0
444577aa16f7:000,ae3f928143ab9da9,validation,444577aa16f7257f5d05cf9441611d5132e258023609689b29bf6c46328defa4,S3A,Unsynchronised V and S Dataset/Uncategorised IOVNB (V and S) Dataset/V-Dataset/V-S3a.csv,unsynchronized_uncategorized,vehicle,24660,2465.9000000000087
abd8373222ff:000,b19ade8162528408,train,abd8373222ff026c1cf2879155e043c8007bc9e95186854aa7e1efe6908fac9d,VW17,Synchronised V abd S datasets/Categorised IOVNB Dataset/Vw (Driver E)/Vw17/S-Vw17.csv,synchronized_categorized,smartphone,329,32.800999879837036
e3bdc8139966:000,b19ade8162528408,train,e3bdc813996678698b015c2feecb0f44299c71559756fc27544ba4a19500e92b,VW17,Synchronised V abd S datasets/Categorised IOVNB Dataset/Vw (Driver E)/Vw17/V-Vw17.csv,synchronized_categorized,vehicle,329,32.80000000000291
ffadddf6b48a:000,b19ade8162528408,train,ffadddf6b48a509ea87c71ee19dada9a54160bf56d1fd950eb9a924572a46f4d,VW17,Synchronised V abd S datasets/Uncategorised IOVNB Dataset/S-Dataset/S-Vw17.csv,synchronized_uncategorized,smartphone,329,32.800999879837036
e3bdc8139966:000,b19ade8162528408,train,e3bdc813996678698b015c2feecb0f44299c71559756fc27544ba4a19500e92b,VW17,Synchronised V abd S datasets/Uncategorised IOVNB Dataset/V-Dataset/V-Vw17.csv,synchronized_uncategorized,vehicle,329,32.80000000000291
d372f22589de:000,b19ade8162528408,train,d372f22589dee5ff4ef74a1e3030b0d93b3b0d3724c9934ec396760714835c75,VW17,Unsynchronised V and S Dataset/Categorised IOVNB (V) Dataset/V Dataset/Vw (Driver E)/Vw17/V-Vw17.csv,unsynchronized_categorized,vehicle,329,32.80000000000291
abd8373222ff:000,b19ade8162528408,train,abd8373222ff026c1cf2879155e043c8007bc9e95186854aa7e1efe6908fac9d,VW17,Unsynchronised V and S Dataset/Uncategorised IOVNB (V and S) Dataset/S-Dataset/S-Vw17.csv,unsynchronized_uncategorized,smartphone,329,32.800999879837036
d372f22589de:000,b19ade8162528408,train,d372f22589dee5ff4ef74a1e3030b0d93b3b0d3724c9934ec396760714835c75,VW17,Unsynchronised V and S Dataset/Uncategorised IOVNB (V and S) Dataset/V-Dataset/V-Vw17.csv,unsynchronized_uncategorized,vehicle,329,32.80000000000291
dac55cdbb0b0:000,b1e6c520a48ce134,train,dac55cdbb0b0763eef61a6d969a560b8f59c4a82ba84415990f200eb4e4259ef,VW10,Synchronised V abd S datasets/Categorised IOVNB Dataset/Vw (Driver E)/Vw10/S-Vw10.csv,synchronized_categorized,smartphone,652,65.09999990463257
1591b8eda9cb:000,b1e6c520a48ce134,train,1591b8eda9cb12c07cd61a014e9449364c8dce3c8921c1050e494df214b4a81b,VW10,Synchronised V abd S datasets/Categorised IOVNB Dataset/Vw (Driver E)/Vw10/V-Vw10.csv,synchronized_categorized,vehicle,652,65.09999999999854
31906be512c4:000,b1e6c520a48ce134,train,31906be512c48d1baae00015079868cf97355c79ff6e6c6c5353922dbbe9d850,VW10,Synchronised V abd S datasets/Uncategorised IOVNB Dataset/S-Dataset/S-Vw10.csv,synchronized_uncategorized,smartphone,652,65.09999990463257
1591b8eda9cb:000,b1e6c520a48ce134,train,1591b8eda9cb12c07cd61a014e9449364c8dce3c8921c1050e494df214b4a81b,VW10,Synchronised V abd S datasets/Uncategorised IOVNB Dataset/V-Dataset/V-Vw10.csv,synchronized_uncategorized,vehicle,652,65.09999999999854
4963db622690:000,b1e6c520a48ce134,train,4963db622690990e91af1a4bfa4414edcee127105e8a142fa20a1448ae5a83d3,VW10,Unsynchronised V and S Dataset/Categorised IOVNB (V) Dataset/V Dataset/Vw (Driver E)/Vw10/V-Vw10.csv,unsynchronized_categorized,vehicle,670,66.90000000000146
4963db622690:000,b1e6c520a48ce134,train,4963db622690990e91af1a4bfa4414edcee127105e8a142fa20a1448ae5a83d3,VW10,Unsynchronised V and S Dataset/Categorised IOVNB (V) Dataset/V Dataset/Vw (Driver E)/Vw11/V-Vw10.csv,unsynchronized_categorized,vehicle,670,66.90000000000146
dac55cdbb0b0:000,b1e6c520a48ce134,train,dac55cdbb0b0763eef61a6d969a560b8f59c4a82ba84415990f200eb4e4259ef,VW10,Unsynchronised V and S Dataset/Uncategorised IOVNB (V and S) Dataset/S-Dataset/S-Vw10.csv,unsynchronized_uncategorized,smartphone,652,65.09999990463257
4963db622690:000,b1e6c520a48ce134,train,4963db622690990e91af1a4bfa4414edcee127105e8a142fa20a1448ae5a83d3,VW10,Unsynchronised V and S Dataset/Uncategorised IOVNB (V and S) Dataset/V-Dataset/V-Vw10.csv,unsynchronized_uncategorized,vehicle,670,66.90000000000146
3b82987cb99d:000,bbaa208ed0407ddc,test,3b82987cb99d7dfddcbbdbb9994006e10d231cb6017bf4d2d02f647a9a30ae21,VTA3,Synchronised V abd S datasets/Categorised IOVNB Dataset/Vta (Driver E)/Vta03/S-Vta3.csv,synchronized_categorized,smartphone,645,64.40000009536743
e2c6b46b5147:000,bbaa208ed0407ddc,test,e2c6b46b5147ce6264535d24d92e616bccfc1b1e7e06976c0730302b77cdadb7,VTA3,Synchronised V abd S datasets/Categorised IOVNB Dataset/Vta (Driver E)/Vta03/V-vta3.csv,synchronized_categorized,vehicle,645,64.40000000000146
e94b492767c8:000,bbaa208ed0407ddc,test,e94b492767c89f9371182a9c877b001fc4d06592be48ed5b69e9298706147a30,VTA3,Synchronised V abd S datasets/Uncategorised IOVNB Dataset/S-Dataset/S-Vta3.csv,synchronized_uncategorized,smartphone,645,64.40000009536743
e2c6b46b5147:000,bbaa208ed0407ddc,test,e2c6b46b5147ce6264535d24d92e616bccfc1b1e7e06976c0730302b77cdadb7,VTA3,Synchronised V abd S datasets/Uncategorised IOVNB Dataset/V-Dataset/V-vta3.csv,synchronized_uncategorized,vehicle,645,64.40000000000146
d818af3087a2:000,bbaa208ed0407ddc,test,d818af3087a250e0dff78402822f9ed7f2498bbe684f644c446f1d9b14fcaaba,VTA3,Unsynchronised V and S Dataset/Categorised IOVNB (V) Dataset/V Dataset/Vta (Driver E)/Vta03/V-Vta3.csv,unsynchronized_categorized,vehicle,875,87.40000000000146
3b82987cb99d:000,bbaa208ed0407ddc,test,3b82987cb99d7dfddcbbdbb9994006e10d231cb6017bf4d2d02f647a9a30ae21,VTA3,Unsynchronised V and S Dataset/Uncategorised IOVNB (V and S) Dataset/S-Dataset/S-Vta3.csv,unsynchronized_uncategorized,smartphone,645,64.40000009536743
d818af3087a2:000,bbaa208ed0407ddc,test,d818af3087a250e0dff78402822f9ed7f2498bbe684f644c446f1d9b14fcaaba,VTA3,Unsynchronised V and S Dataset/Uncategorised IOVNB (V and S) Dataset/V-Dataset/V-Vta3.csv,unsynchronized_uncategorized,vehicle,875,87.40000000000146
b3cfa0685988:000,bbc07bc192fc3852,test,b3cfa068598880209639b88e4d4ba959fb9c1ca846e2d10717e382b17ea39f3d,T4,Unsynchronised V and S Dataset/Uncategorised IOVNB (V and S) Dataset/S-Dataset/S-T4.csv,unsynchronized_uncategorized,smartphone,73482,3580.236000061035
2c7f5ff63717:000,bc0235199f19555a,train,2c7f5ff6371784aa48ac24ab6fb040d02953894d6df934f745a3c368453fe763,T9,Unsynchronised V and S Dataset/Uncategorised IOVNB (V and S) Dataset/S-Dataset/S-T9.csv,unsynchronized_uncategorized,smartphone,79909,7990.717000246048
6896dfad520b:000,be018e03e581187a,train,6896dfad520b85c28d953f7d9980334436fbcc15d8de9563debcf84945259842,VTB5,Synchronised V abd S datasets/Categorised IOVNB Dataset/Vtb (Driver E)/Vtb05/S-Vtb5.csv,synchronized_categorized,smartphone,64388,6438.7009999752045
b694eaeeb984:000,be018e03e581187a,train,b694eaeeb9842881069dc2f0c75706a58ec2b6fcba8cdf60c66953a0de7c5a73,VTB5,Synchronised V abd S datasets/Categorised IOVNB Dataset/Vtb (Driver E)/Vtb05/V-vtb5.csv,synchronized_categorized,vehicle,64388,6438.700000000004
b5f5d659485e:000,be018e03e581187a,train,b5f5d659485e7add06e31bf87aba03f72aaebb2ee11a49720709b3ddbbae577f,VTB5,Synchronised V abd S datasets/Uncategorised IOVNB Dataset/S-Dataset/S-Vtb5.csv,synchronized_uncategorized,smartphone,64388,6438.7009999752045
b694eaeeb984:000,be018e03e581187a,train,b694eaeeb9842881069dc2f0c75706a58ec2b6fcba8cdf60c66953a0de7c5a73,VTB5,Synchronised V abd S datasets/Uncategorised IOVNB Dataset/V-Dataset/V-vtb5.csv,synchronized_uncategorized,vehicle,64388,6438.700000000004
ba82bba4bf4b:000,be018e03e581187a,train,ba82bba4bf4b8cd6c3dfa767e0241077aa5265e906777b8855017d630a827647,VTB5,Unsynchronised V and S Dataset/Categorised IOVNB (V) Dataset/V Dataset/Vtb (Driver E)/Vtb05/V-Vtb5.csv,unsynchronized_categorized,vehicle,64610,6460.899999999994
6896dfad520b:000,be018e03e581187a,train,6896dfad520b85c28d953f7d9980334436fbcc15d8de9563debcf84945259842,VTB5,Unsynchronised V and S Dataset/Uncategorised IOVNB (V and S) Dataset/S-Dataset/S-Vtb5.csv,unsynchronized_uncategorized,smartphone,64388,6438.7009999752045
ba82bba4bf4b:000,be018e03e581187a,train,ba82bba4bf4b8cd6c3dfa767e0241077aa5265e906777b8855017d630a827647,VTB5,Unsynchronised V and S Dataset/Uncategorised IOVNB (V and S) Dataset/V-Dataset/V-Vtb5.csv,unsynchronized_uncategorized,vehicle,64610,6460.899999999994
6d3b6e43afbe:000,be50e3ea12fed124,train,6d3b6e43afbe8e43dd854558bd0eda3a5370fdacf7ff89894a907cccecba9d3d,VTB8,Synchronised V abd S datasets/Categorised IOVNB Dataset/Vtb (Driver E)/Vtb08/S-Vtb8.csv,synchronized_categorized,smartphone,668,66.70000004768372
c06b3df20364:000,be50e3ea12fed124,train,c06b3df20364474e33b00ee096b2711426366534c41474d6b03d6a9580028268,VTB8,Synchronised V abd S datasets/Categorised IOVNB Dataset/Vtb (Driver E)/Vtb08/V-vtb8.csv,synchronized_categorized,vehicle,668,66.69999999999709
d80cb5cebc5e:000,be50e3ea12fed124,train,d80cb5cebc5e4bc326bbc993e6243a5ad5d5b06c8b7dad6af923c7953e9ed294,VTB8,Synchronised V abd S datasets/Uncategorised IOVNB Dataset/S-Dataset/S-Vtb8.csv,synchronized_uncategorized,smartphone,668,66.70000004768372
c06b3df20364:000,be50e3ea12fed124,train,c06b3df20364474e33b00ee096b2711426366534c41474d6b03d6a9580028268,VTB8,Synchronised V abd S datasets/Uncategorised IOVNB Dataset/V-Dataset/V-vtb8.csv,synchronized_uncategorized,vehicle,668,66.69999999999709
5ec90eed9f35:000,be50e3ea12fed124,train,5ec90eed9f351e7b509751e0a4edaab8835ff92410f5c91f4b83208612f92a9c,VTB8,Unsynchronised V and S Dataset/Categorised IOVNB (V) Dataset/V Dataset/Vtb (Driver E)/Vtb08/V-Vtb8.csv,unsynchronized_categorized,vehicle,699,69.80000000000291
6d3b6e43afbe:000,be50e3ea12fed124,train,6d3b6e43afbe8e43dd854558bd0eda3a5370fdacf7ff89894a907cccecba9d3d,VTB8,Unsynchronised V and S Dataset/Uncategorised IOVNB (V and S) Dataset/S-Dataset/S-Vtb8.csv,unsynchronized_uncategorized,smartphone,668,66.70000004768372
5ec90eed9f35:000,be50e3ea12fed124,train,5ec90eed9f351e7b509751e0a4edaab8835ff92410f5c91f4b83208612f92a9c,VTB8,Unsynchronised V and S Dataset/Uncategorised IOVNB (V and S) Dataset/V-Dataset/V-Vtb8.csv,unsynchronized_uncategorized,vehicle,699,69.80000000000291
1fd3d11e1b31:000,c13584a0324dde7d,train,1fd3d11e1b31b60056390b5f3047b60c01dfef07c391366937ad3178be8e3621,A10,Unsynchronised V and S Dataset/Uncategorised IOVNB (V and S) Dataset/S-Dataset/S-A10.csv,unsynchronized_uncategorized,smartphone,8886,4442.5
b898b14918ea:000,c337ab1a24814c79,train,b898b14918eaa6097b8b54b61c15b6636805b7a1e5b610ad202b9d7979cb3e49,VTA23,Synchronised V abd S datasets/Categorised IOVNB Dataset/Vta (Driver E)/Vta23/S-Vta23.csv,synchronized_categorized,smartphone,1110,110.90000009536743
67c2a792a369:000,c337ab1a24814c79,train,67c2a792a3696cfb18413ad07398e016842eaedd563200bf2fefac905993f353,VTA23,Synchronised V abd S datasets/Categorised IOVNB Dataset/Vta (Driver E)/Vta23/V-vta23.csv,synchronized_categorized,vehicle,1110,110.90000000000146
9b6078292366:000,c337ab1a24814c79,train,9b6078292366076f3e641d55f443d759a0429652023db517c8db8fafe24b0971,VTA23,Synchronised V abd S datasets/Uncategorised IOVNB Dataset/S-Dataset/S-Vta23.csv,synchronized_uncategorized,smartphone,1110,110.90000009536743
67c2a792a369:000,c337ab1a24814c79,train,67c2a792a3696cfb18413ad07398e016842eaedd563200bf2fefac905993f353,VTA23,Synchronised V abd S datasets/Uncategorised IOVNB Dataset/V-Dataset/V-vta23.csv,synchronized_uncategorized,vehicle,1110,110.90000000000146
611eaccab9de:000,c337ab1a24814c79,train,611eaccab9deb8563111f80a105e09b5e9f1fc2824a4d38ab3a6c3c2bcabf0ec,VTA23,Unsynchronised V and S Dataset/Categorised IOVNB (V) Dataset/V Dataset/Vta (Driver E)/Vta23/V-Vta23.csv,unsynchronized_categorized,vehicle,1119,111.79999999999563
b898b14918ea:000,c337ab1a24814c79,train,b898b14918eaa6097b8b54b61c15b6636805b7a1e5b610ad202b9d7979cb3e49,VTA23,Unsynchronised V and S Dataset/Uncategorised IOVNB (V and S) Dataset/S-Dataset/S-Vta23.csv,unsynchronized_uncategorized,smartphone,1110,110.90000009536743
611eaccab9de:000,c337ab1a24814c79,train,611eaccab9deb8563111f80a105e09b5e9f1fc2824a4d38ab3a6c3c2bcabf0ec,VTA23,Unsynchronised V and S Dataset/Uncategorised IOVNB (V and S) Dataset/V-Dataset/V-Vta23.csv,unsynchronized_uncategorized,vehicle,1119,111.79999999999563
7d5d51193b78:000,c545a7a8e898a267,train,7d5d51193b78a370976310605201e34f5155bf4bc0740c69d356db1961cdfa4c,VTA15,Synchronised V abd S datasets/Categorised IOVNB Dataset/Vta (Driver E)/Vta15/S-Vta15.csv,synchronized_categorized,smartphone,833,83.20000004768372
7ce40f70af39:000,c545a7a8e898a267,train,7ce40f70af390e8d76c85f6c24d76c31f7e3e9f4bd5d6510e8196b852659e664,VTA15,Synchronised V abd S datasets/Categorised IOVNB Dataset/Vta (Driver E)/Vta15/V-vta15.csv,synchronized_categorized,vehicle,833,83.19999999999709
97658ff6d1e6:000,c545a7a8e898a267,train,97658ff6d1e6bac43ba2614e6dcaccd1c56024cd57b762c85efda43a978060cb,VTA15,Synchronised V abd S datasets/Uncategorised IOVNB Dataset/S-Dataset/S-Vta15.csv,synchronized_uncategorized,smartphone,833,83.20000004768372
7ce40f70af39:000,c545a7a8e898a267,train,7ce40f70af390e8d76c85f6c24d76c31f7e3e9f4bd5d6510e8196b852659e664,VTA15,Synchronised V abd S datasets/Uncategorised IOVNB Dataset/V-Dataset/V-vta15.csv,synchronized_uncategorized,vehicle,833,83.19999999999709
f4dae80b413a:000,c545a7a8e898a267,train,f4dae80b413a027f5de8f07d8ad86e975536aed8d3d0d11f199ea79f3860db9e,VTA15,Unsynchronised V and S Dataset/Categorised IOVNB (V) Dataset/V Dataset/Vta (Driver E)/Vta15/V-Vta15.csv,unsynchronized_categorized,vehicle,869,86.79999999999563
7d5d51193b78:000,c545a7a8e898a267,train,7d5d51193b78a370976310605201e34f5155bf4bc0740c69d356db1961cdfa4c,VTA15,Unsynchronised V and S Dataset/Uncategorised IOVNB (V and S) Dataset/S-Dataset/S-Vta15.csv,unsynchronized_uncategorized,smartphone,833,83.20000004768372
f4dae80b413a:000,c545a7a8e898a267,train,f4dae80b413a027f5de8f07d8ad86e975536aed8d3d0d11f199ea79f3860db9e,VTA15,Unsynchronised V and S Dataset/Uncategorised IOVNB (V and S) Dataset/V-Dataset/V-Vta15.csv,unsynchronized_uncategorized,vehicle,869,86.79999999999563
43dd8e5594fd:000,c5e36cf128545e96,validation,43dd8e5594fdef748cecba5ed2cb8ccc54b0596e9402513f07c2e861a330da8e,T7,Unsynchronised V and S Dataset/Uncategorised IOVNB (V and S) Dataset/S-Dataset/S-T7.csv,unsynchronized_uncategorized,smartphone,101690,10170.08599972725
d37056443067:000,c7e9c3a8953d8198,validation,d37056443067c853dcf6b4266c6ed3f92c5eda8a1cad9e97487734d1945c01ce,VW6,Synchronised V abd S datasets/Categorised IOVNB Dataset/Vw (Driver E)/Vw06/S-Vw6.csv,synchronized_categorized,smartphone,1281,128.0
bddfff4d6696:000,c7e9c3a8953d8198,validation,bddfff4d6696d344197fdc884a412b4f77e1fe30deff4876160749c829e69629,VW6,Synchronised V abd S datasets/Categorised IOVNB Dataset/Vw (Driver E)/Vw06/V-Vw6.csv,synchronized_categorized,vehicle,1281,128.0
39c4ae392225:000,c7e9c3a8953d8198,validation,39c4ae392225760f8873c57ad376734ff3ee026d896db07d80cc217e43b55f95,VW6,Synchronised V abd S datasets/Uncategorised IOVNB Dataset/S-Dataset/S-Vw6.csv,synchronized_uncategorized,smartphone,1281,128.0
bddfff4d6696:000,c7e9c3a8953d8198,validation,bddfff4d6696d344197fdc884a412b4f77e1fe30deff4876160749c829e69629,VW6,Synchronised V abd S datasets/Uncategorised IOVNB Dataset/V-Dataset/V-Vw6.csv,synchronized_uncategorized,vehicle,1281,128.0
9acb7769e064:000,c7e9c3a8953d8198,validation,9acb7769e06481316502418ebaf41ea398f317f07c1d6c9bdfe6ef7b9636a744,VW6,Unsynchronised V and S Dataset/Categorised IOVNB (V) Dataset/V Dataset/Vw (Driver E)/Vw06/V-Vw6.csv,unsynchronized_categorized,vehicle,1288,128.70000000000437
d37056443067:000,c7e9c3a8953d8198,validation,d37056443067c853dcf6b4266c6ed3f92c5eda8a1cad9e97487734d1945c01ce,VW6,Unsynchronised V and S Dataset/Uncategorised IOVNB (V and S) Dataset/S-Dataset/S-Vw6.csv,unsynchronized_uncategorized,smartphone,1281,128.0
9acb7769e064:000,c7e9c3a8953d8198,validation,9acb7769e06481316502418ebaf41ea398f317f07c1d6c9bdfe6ef7b9636a744,VW6,Unsynchronised V and S Dataset/Uncategorised IOVNB (V and S) Dataset/V-Dataset/V-Vw6.csv,unsynchronized_uncategorized,vehicle,1288,128.70000000000437
9c89e57dc456:000,cace710e890cab8a,train,9c89e57dc4564bd689e35eeb387115eceeacb3d7bee4c760abceb8deab6a48c8,T3,Unsynchronised V and S Dataset/Uncategorised IOVNB (V and S) Dataset/S-Dataset/S-T3.csv,unsynchronized_uncategorized,smartphone,65859,6469.2409999370575
090a788528ac:000,caf60671ba8d3761,validation,090a788528aceff3dd2e7839bf8afd7313e884ad54e9369b88668a0d36f1348d,I,Unsynchronised V and S Dataset/Uncategorised IOVNB (V and S) Dataset/S-Dataset/S-I.csv,unsynchronized_uncategorized,smartphone,1468,146.70000004768372
090a788528ac:001,caf60671ba8d3761,validation,090a788528aceff3dd2e7839bf8afd7313e884ad54e9369b88668a0d36f1348d,I,Unsynchronised V and S Dataset/Uncategorised IOVNB (V and S) Dataset/S-Dataset/S-I.csv,unsynchronized_uncategorized,smartphone,4332,147.82100009918213
159116d1f4d5:000,ccb9f05459b7f3f9,test,159116d1f4d56e93fbd0cd72940acd797c1eeccbbaed957c279ba9a5b77fc764,VTA27,Synchronised V abd S datasets/Categorised IOVNB Dataset/Vta (Driver E)/Vta27/S-Vta27.csv,synchronized_categorized,smartphone,2540,253.89999961853027
7f3af1c36008:000,ccb9f05459b7f3f9,test,7f3af1c360081cc93aabcbadec459c8625dbabc4edcbec9e5a5d812dacfbfd05,VTA27,Synchronised V abd S datasets/Categorised IOVNB Dataset/Vta (Driver E)/Vta27/V-vta27.csv,synchronized_categorized,vehicle,2540,253.89999999999418
5a5de2c15ce2:000,ccb9f05459b7f3f9,test,5a5de2c15ce2cc7fe1008a92df855697f83407478fd728f7465dc7864d7a1949,VTA27,Synchronised V abd S datasets/Uncategorised IOVNB Dataset/S-Dataset/S-Vta27.csv,synchronized_uncategorized,smartphone,2540,253.89999961853027
7f3af1c36008:000,ccb9f05459b7f3f9,test,7f3af1c360081cc93aabcbadec459c8625dbabc4edcbec9e5a5d812dacfbfd05,VTA27,Synchronised V abd S datasets/Uncategorised IOVNB Dataset/V-Dataset/V-vta27.csv,synchronized_uncategorized,vehicle,2540,253.89999999999418
8c60748d3366:000,ccb9f05459b7f3f9,test,8c60748d3366129becf1795cbcbb2e2eb5de118518f2ca02a67d1162b97a1cbc,VTA27,Unsynchronised V and S Dataset/Categorised IOVNB (V) Dataset/V Dataset/Vta (Driver E)/Vta27/V-Vta27.csv,unsynchronized_categorized,vehicle,2853,285.20000000000437
159116d1f4d5:000,ccb9f05459b7f3f9,test,159116d1f4d56e93fbd0cd72940acd797c1eeccbbaed957c279ba9a5b77fc764,VTA27,Unsynchronised V and S Dataset/Uncategorised IOVNB (V and S) Dataset/S-Dataset/S-Vta27.csv,unsynchronized_uncategorized,smartphone,2540,253.89999961853027
8c60748d3366:000,ccb9f05459b7f3f9,test,8c60748d3366129becf1795cbcbb2e2eb5de118518f2ca02a67d1162b97a1cbc,VTA27,Unsynchronised V and S Dataset/Uncategorised IOVNB (V and S) Dataset/V-Dataset/V-Vta27.csv,unsynchronized_uncategorized,vehicle,2853,285.20000000000437
f37db4374cc0:000,cfc339d1544377c6,train,f37db4374cc0b11e64fc0be619b502407d9f988c8b1f840922f6c4fc69b97a67,VTA4,Synchronised V abd S datasets/Categorised IOVNB Dataset/Vta (Driver E)/Vta04/S-Vta4.csv,synchronized_categorized,smartphone,1789,178.79900002479553
0c626160be0f:000,cfc339d1544377c6,train,0c626160be0f6ed1079a1b9d1c504429eb0c980c53167171fdebc2c27e0b2fff,VTA4,Synchronised V abd S datasets/Categorised IOVNB Dataset/Vta (Driver E)/Vta04/V-vta4.csv,synchronized_categorized,vehicle,1789,178.8000000000029
b3afee4fde18:000,cfc339d1544377c6,train,b3afee4fde18ba7facfbf7ad2c0811c3d989867fff4b4cb548a382a87276992f,VTA4,Synchronised V abd S datasets/Uncategorised IOVNB Dataset/S-Dataset/S-Vta4.csv,synchronized_uncategorized,smartphone,1789,178.79900002479553
0c626160be0f:000,cfc339d1544377c6,train,0c626160be0f6ed1079a1b9d1c504429eb0c980c53167171fdebc2c27e0b2fff,VTA4,Synchronised V abd S datasets/Uncategorised IOVNB Dataset/V-Dataset/V-vta4.csv,synchronized_uncategorized,vehicle,1789,178.8000000000029
451d71e48094:000,cfc339d1544377c6,train,451d71e480947c47fa3539706b8e0f12bc96c1da2368529ffbba828c98657b7c,VTA4,Unsynchronised V and S Dataset/Categorised IOVNB (V) Dataset/V Dataset/Vta (Driver E)/Vta04/V-Vta4.csv,unsynchronized_categorized,vehicle,1809,180.79999999999563
f37db4374cc0:000,cfc339d1544377c6,train,f37db4374cc0b11e64fc0be619b502407d9f988c8b1f840922f6c4fc69b97a67,VTA4,Unsynchronised V and S Dataset/Uncategorised IOVNB (V and S) Dataset/S-Dataset/S-Vta4.csv,unsynchronized_uncategorized,smartphone,1789,178.79900002479553
451d71e48094:000,cfc339d1544377c6,train,451d71e480947c47fa3539706b8e0f12bc96c1da2368529ffbba828c98657b7c,VTA4,Unsynchronised V and S Dataset/Uncategorised IOVNB (V and S) Dataset/V-Dataset/V-Vta4.csv,unsynchronized_uncategorized,vehicle,1809,180.79999999999563
208ddd707c50:000,d018b0adcb495236,test,208ddd707c50fdcd785795c8e87f7245b05c5efdf50243a300050d710089aff3,Y2,Unsynchronised V and S Dataset/Categorised IOVNB (V) Dataset/V Dataset/Y (Driver D)/Y2/V-Y2.csv,unsynchronized_categorized,vehicle,57213,5721.199999999997
208ddd707c50:000,d018b0adcb495236,test,208ddd707c50fdcd785795c8e87f7245b05c5efdf50243a300050d710089aff3,Y2,Unsynchronised V and S Dataset/Uncategorised IOVNB (V and S) Dataset/V-Dataset/V-Y2.csv,unsynchronized_uncategorized,vehicle,57213,5721.199999999997
8a6e2591b451:000,d03659ed01f6a28c,train,8a6e2591b4510bd9eaf5532b9fc59bbe85ae14e863d8cbc2d7d93db5b6baada4,A1,Unsynchronised V and S Dataset/Uncategorised IOVNB (V and S) Dataset/S-Dataset/S-A1.csv,unsynchronized_uncategorized,smartphone,5942,2970.604999780655
45a91123027b:000,d03a83143ab9a229,test,45a91123027b3f299865b7721e13300380b8de948c6360951a78cd3ef1d26db9,S3C,Synchronised V abd S datasets/Categorised IOVNB Dataset/S (Driver A)/S3c/S-S3c.csv,synchronized_categorized,smartphone,37183,3718.199000120163
86d8c37c03bb:000,d03a83143ab9a229,test,86d8c37c03bbab93004dabb1712cbf67c9ec13194d2061adcd28a93f457bc8b9,S3C,Synchronised V abd S datasets/Categorised IOVNB Dataset/S (Driver A)/S3c/V-S3c.csv,synchronized_categorized,vehicle,37183,3718.199999999997
4eaf1873275a:000,d03a83143ab9a229,test,4eaf1873275aef7015a58927a0bbfcc17e1799162e47de53a94886950ce30e3a,S3C,Synchronised V abd S datasets/Uncategorised IOVNB Dataset/S-Dataset/S-S3c.csv,synchronized_uncategorized,smartphone,37183,3718.199000120163
86d8c37c03bb:000,d03a83143ab9a229,test,86d8c37c03bbab93004dabb1712cbf67c9ec13194d2061adcd28a93f457bc8b9,S3C,Synchronised V abd S datasets/Uncategorised IOVNB Dataset/V-Dataset/V-S3c.csv,synchronized_uncategorized,vehicle,37183,3718.199999999997
b8761d5bd8d5:000,d03a83143ab9a229,test,b8761d5bd8d52fb88c10adbbd91b0437b173027b49c302b3ff017b03ba9189a8,S3C,Unsynchronised V and S Dataset/Categorised IOVNB (V) Dataset/V Dataset/S (Driver A)/S3c/V-S3c.csv,unsynchronized_categorized,vehicle,37220,3721.9000000000087
45a91123027b:000,d03a83143ab9a229,test,45a91123027b3f299865b7721e13300380b8de948c6360951a78cd3ef1d26db9,S3C,Unsynchronised V and S Dataset/Uncategorised IOVNB (V and S) Dataset/S-Dataset/S-S3c.csv,unsynchronized_uncategorized,smartphone,37183,3718.199000120163
b8761d5bd8d5:000,d03a83143ab9a229,test,b8761d5bd8d52fb88c10adbbd91b0437b173027b49c302b3ff017b03ba9189a8,S3C,Unsynchronised V and S Dataset/Uncategorised IOVNB (V and S) Dataset/V-Dataset/V-S3c.csv,unsynchronized_uncategorized,vehicle,37220,3721.9000000000087
3590c6ee231d:000,d0ee14528c4b2095,test,3590c6ee231da41c13b4897f4dde490d6a350cade6f0c802ec0a7f1eede90ac2,A8,Unsynchronised V and S Dataset/Uncategorised IOVNB (V and S) Dataset/S-Dataset/S-A8.csv,unsynchronized_uncategorized,smartphone,66617,6661.600000143051
12adad36bfe8:000,d1d7194c74d61394,test,12adad36bfe8373a75051deae12cb6b161fd137d651722bae6f210ffcc392f68,VFB01B,Unsynchronised V and S Dataset/Categorised IOVNB (V) Dataset/V Dataset/Vf (Driver E)/V-Vfb01b/V-Vfb01b.csv,unsynchronized_categorized,vehicle,3880,387.90000000000146
12adad36bfe8:000,d1d7194c74d61394,test,12adad36bfe8373a75051deae12cb6b161fd137d651722bae6f210ffcc392f68,VFB01B,Unsynchronised V and S Dataset/Uncategorised IOVNB (V and S) Dataset/V-Dataset/V-Vfb01b.csv,unsynchronized_uncategorized,vehicle,3880,387.90000000000146
fdb0c5fe8db0:000,d4fec89d4b366359,train,fdb0c5fe8db02276321e8780ca009543835eb2f452fe66372aa73e1a950787e1,VTA29,Synchronised V abd S datasets/Categorised IOVNB Dataset/Vta (Driver E)/Vta29/S-Vta29.csv,synchronized_categorized,smartphone,23705,2369.7779998779297
eb87d258739b:000,d4fec89d4b366359,train,eb87d258739b1c37d893b9cfcaa2da55feea89ef13a3439c04d2ff8afc893b1d,VTA29,Synchronised V abd S datasets/Categorised IOVNB Dataset/Vta (Driver E)/Vta29/V-vta29.csv,synchronized_categorized,vehicle,23705,2370.4000000000015
fdb0c5fe8db0:000,d4fec89d4b366359,train,fdb0c5fe8db02276321e8780ca009543835eb2f452fe66372aa73e1a950787e1,VTA29,Synchronised V abd S datasets/Uncategorised IOVNB Dataset/S-Dataset/S-Vta29.csv,synchronized_uncategorized,smartphone,23705,2369.7779998779297
eb87d258739b:000,d4fec89d4b366359,train,eb87d258739b1c37d893b9cfcaa2da55feea89ef13a3439c04d2ff8afc893b1d,VTA29,Synchronised V abd S datasets/Uncategorised IOVNB Dataset/V-Dataset/V-vta29.csv,synchronized_uncategorized,vehicle,23705,2370.4000000000015
91831cc8ad9f:000,d4fec89d4b366359,train,91831cc8ad9ff68f3191937e3f1d87012ebff8e2cd984c0a01eaa7e4ca658fa6,VTA29,Unsynchronised V and S Dataset/Categorised IOVNB (V) Dataset/V Dataset/Vta (Driver E)/Vta29/V-Vta29.csv,unsynchronized_categorized,vehicle,23737,2373.5999999999985
fdb0c5fe8db0:000,d4fec89d4b366359,train,fdb0c5fe8db02276321e8780ca009543835eb2f452fe66372aa73e1a950787e1,VTA29,Unsynchronised V and S Dataset/Uncategorised IOVNB (V and S) Dataset/S-Dataset/S-Vta29.csv,unsynchronized_uncategorized,smartphone,23705,2369.7779998779297
91831cc8ad9f:000,d4fec89d4b366359,train,91831cc8ad9ff68f3191937e3f1d87012ebff8e2cd984c0a01eaa7e4ca658fa6,VTA29,Unsynchronised V and S Dataset/Uncategorised IOVNB (V and S) Dataset/V-Dataset/V-Vta29.csv,unsynchronized_uncategorized,vehicle,23737,2373.5999999999985
25e382fbbc34:000,d7165035670162bf,train,25e382fbbc3403530e5faa5aad1ac1ef18676ed50319827bf2f7c2d782f5491c,VTA1A,Synchronised V abd S datasets/Categorised IOVNB Dataset/Vta (Driver E)/Vta01a/S-Vta1a.csv,synchronized_categorized,smartphone,25676,2567.4990000724792
4b09e133584b:000,d7165035670162bf,train,4b09e133584bf61221884b76e95004a96ce700d7eda5a9955ce802388d8f4fa8,VTA1A,Synchronised V abd S datasets/Categorised IOVNB Dataset/Vta (Driver E)/Vta01a/V-Vta1a.csv,synchronized_categorized,vehicle,25676,2567.5
25e382fbbc34:000,d7165035670162bf,train,25e382fbbc3403530e5faa5aad1ac1ef18676ed50319827bf2f7c2d782f5491c,VTA1A,Synchronised V abd S datasets/Uncategorised IOVNB Dataset/S-Dataset/S-Vta1a.csv,synchronized_uncategorized,smartphone,25676,2567.4990000724792
4b09e133584b:000,d7165035670162bf,train,4b09e133584bf61221884b76e95004a96ce700d7eda5a9955ce802388d8f4fa8,VTA1A,Synchronised V abd S datasets/Uncategorised IOVNB Dataset/V-Dataset/V-Vta1a.csv,synchronized_uncategorized,vehicle,25676,2567.5
10e9b3604d90:000,d7165035670162bf,train,10e9b3604d9087b359145ab5ef4effd58d5e77642d55e4107e7c2607f76005d3,VTA1A,Unsynchronised V and S Dataset/Categorised IOVNB (V) Dataset/V Dataset/Vta (Driver E)/Vta01a/V-Vta1a.csv,unsynchronized_categorized,vehicle,25821,2582.0
25e382fbbc34:000,d7165035670162bf,train,25e382fbbc3403530e5faa5aad1ac1ef18676ed50319827bf2f7c2d782f5491c,VTA1A,Unsynchronised V and S Dataset/Uncategorised IOVNB (V and S) Dataset/S-Dataset/S-Vta1a.csv,unsynchronized_uncategorized,smartphone,25676,2567.4990000724792
10e9b3604d90:000,d7165035670162bf,train,10e9b3604d9087b359145ab5ef4effd58d5e77642d55e4107e7c2607f76005d3,VTA1A,Unsynchronised V and S Dataset/Uncategorised IOVNB (V and S) Dataset/V-Dataset/V-Vta1a.csv,unsynchronized_uncategorized,vehicle,25821,2582.0
052bc3dacd0c:000,d7c4cc81a1309056,test,052bc3dacd0c8189b67654acd7e41908d51eec407f2b71d09de7a3e6fbfb6695,VTA19,Synchronised V abd S datasets/Categorised IOVNB Dataset/Vta (Driver E)/Vta19/S-Vta19.csv,synchronized_categorized,smartphone,292,29.10100030899048
129785b49387:000,d7c4cc81a1309056,test,129785b4938790880d7a8fb4b06b236c30f862732ea778640fd1ee42a92826fb,VTA19,Synchronised V abd S datasets/Categorised IOVNB Dataset/Vta (Driver E)/Vta19/V-vta19.csv,synchronized_categorized,vehicle,292,29.099999999998545
50a0ce6338f8:000,d7c4cc81a1309056,test,50a0ce6338f87d5c04129f3b28cb443be0a60a0239eeda7c58e49cc880f08ca2,VTA19,Synchronised V abd S datasets/Uncategorised IOVNB Dataset/S-Dataset/S-Vta19.csv,synchronized_uncategorized,smartphone,292,29.10100030899048
129785b49387:000,d7c4cc81a1309056,test,129785b4938790880d7a8fb4b06b236c30f862732ea778640fd1ee42a92826fb,VTA19,Synchronised V abd S datasets/Uncategorised IOVNB Dataset/V-Dataset/V-vta19.csv,synchronized_uncategorized,vehicle,292,29.099999999998545
579c090d5f55:000,d7c4cc81a1309056,test,579c090d5f55ed79d168e301dd4c28fc11317be44d730a1e3852c8f2147c3956,VTA19,Unsynchronised V and S Dataset/Categorised IOVNB (V) Dataset/V Dataset/Vta (Driver E)/Vta19/V-Vta19.csv,unsynchronized_categorized,vehicle,310,30.900000000001455
052bc3dacd0c:000,d7c4cc81a1309056,test,052bc3dacd0c8189b67654acd7e41908d51eec407f2b71d09de7a3e6fbfb6695,VTA19,Unsynchronised V and S Dataset/Uncategorised IOVNB (V and S) Dataset/S-Dataset/S-Vta19.csv,unsynchronized_uncategorized,smartphone,292,29.10100030899048
579c090d5f55:000,d7c4cc81a1309056,test,579c090d5f55ed79d168e301dd4c28fc11317be44d730a1e3852c8f2147c3956,VTA19,Unsynchronised V and S Dataset/Uncategorised IOVNB (V and S) Dataset/V-Dataset/V-Vta19.csv,unsynchronized_uncategorized,vehicle,310,30.900000000001455
09a85a869ba3:000,da8aaf58ab51eb8f,validation,09a85a869ba39e721a7ac7ff165d6d51667feda4fdbf51c47aa5d76d0503a7f4,VFB01C,Unsynchronised V and S Dataset/Categorised IOVNB (V) Dataset/V Dataset/Vf (Driver E)/V-Vfb01c/V-Vfb01c.csv,unsynchronized_categorized,vehicle,6320,631.9000000000015
09a85a869ba3:000,da8aaf58ab51eb8f,validation,09a85a869ba39e721a7ac7ff165d6d51667feda4fdbf51c47aa5d76d0503a7f4,VFB01C,Unsynchronised V and S Dataset/Uncategorised IOVNB (V and S) Dataset/V-Dataset/V-Vfb01c.csv,unsynchronized_uncategorized,vehicle,6320,631.9000000000015
51abe4136abb:000,de8f67e95e633a59,train,51abe4136abb6c2bcee554894a22b0b31ab882115cec958163c69fa74398329c,VW2,Synchronised V abd S datasets/Categorised IOVNB Dataset/Vw (Driver E)/Vw02/S-Vw2.csv,synchronized_categorized,smartphone,52713,5271.199000120163
5cb2a91ed33e:000,de8f67e95e633a59,train,5cb2a91ed33e81423e5d68301d52c4c394b0532e63411d39f4c090c11f037bd5,VW2,Synchronised V abd S datasets/Categorised IOVNB Dataset/Vw (Driver E)/Vw02/V-Vw2.csv,synchronized_categorized,vehicle,52712,5271.0999999999985
51abe4136abb:000,de8f67e95e633a59,train,51abe4136abb6c2bcee554894a22b0b31ab882115cec958163c69fa74398329c,VW2,Synchronised V abd S datasets/Uncategorised IOVNB Dataset/S-Dataset/S-Vw2.csv,synchronized_uncategorized,smartphone,52713,5271.199000120163
5cb2a91ed33e:000,de8f67e95e633a59,train,5cb2a91ed33e81423e5d68301d52c4c394b0532e63411d39f4c090c11f037bd5,VW2,Synchronised V abd S datasets/Uncategorised IOVNB Dataset/V-Dataset/V-Vw2.csv,synchronized_uncategorized,vehicle,52712,5271.0999999999985
30733145dc37:000,de8f67e95e633a59,train,30733145dc375b2892a21ec8f1548fa4df802a3bce640475db9b439a58389417,VW2,Unsynchronised V and S Dataset/Categorised IOVNB (V) Dataset/V Dataset/Vw (Driver E)/Vw02/V-Vw2.csv,unsynchronized_categorized,vehicle,52712,5271.0999999999985
51abe4136abb:000,de8f67e95e633a59,train,51abe4136abb6c2bcee554894a22b0b31ab882115cec958163c69fa74398329c,VW2,Unsynchronised V and S Dataset/Uncategorised IOVNB (V and S) Dataset/S-Dataset/S-Vw2.csv,unsynchronized_uncategorized,smartphone,52713,5271.199000120163
30733145dc37:000,de8f67e95e633a59,train,30733145dc375b2892a21ec8f1548fa4df802a3bce640475db9b439a58389417,VW2,Unsynchronised V and S Dataset/Uncategorised IOVNB (V and S) Dataset/V-Dataset/V-Vw2.csv,unsynchronized_uncategorized,vehicle,52712,5271.0999999999985
d1fb2b7e3ad0:000,e4479ad0343f9747,train,d1fb2b7e3ad012c7f9c32937830f22d86e529322d3a43a9c0df8782351ed178a,VW11,Synchronised V abd S datasets/Categorised IOVNB Dataset/Vw (Driver E)/Vw11/S-Vw11.csv,synchronized_categorized,smartphone,4909,490.7999999523163
5ce83ed06846:000,e4479ad0343f9747,train,5ce83ed06846321844a18a97cdb643d57e226724c2ea7d3d5709b11c5658fba5,VW11,Synchronised V abd S datasets/Categorised IOVNB Dataset/Vw (Driver E)/Vw11/V-Vw11.csv,synchronized_categorized,vehicle,4909,490.8000000000029
cd923def23f5:000,e4479ad0343f9747,train,cd923def23f54bfbb52ef732652be92429131ca3715bfef3bf021d9e4e3bbf9d,VW11,Synchronised V abd S datasets/Uncategorised IOVNB Dataset/S-Dataset/S-Vw11.csv,synchronized_uncategorized,smartphone,4909,490.7999999523163
5ce83ed06846:000,e4479ad0343f9747,train,5ce83ed06846321844a18a97cdb643d57e226724c2ea7d3d5709b11c5658fba5,VW11,Synchronised V abd S datasets/Uncategorised IOVNB Dataset/V-Dataset/V-Vw11.csv,synchronized_uncategorized,vehicle,4909,490.8000000000029
d1fb2b7e3ad0:000,e4479ad0343f9747,train,d1fb2b7e3ad012c7f9c32937830f22d86e529322d3a43a9c0df8782351ed178a,VW11,Unsynchronised V and S Dataset/Uncategorised IOVNB (V and S) Dataset/S-Dataset/S-Vw11.csv,unsynchronized_uncategorized,smartphone,4909,490.7999999523163
1b13b34cb9bd:000,e4479ad0343f9747,train,1b13b34cb9bdab18a2af2a2ecbc24d039c501c8fdcd4c5510aa8123c763d6254,VW11,Unsynchronised V and S Dataset/Uncategorised IOVNB (V and S) Dataset/V-Dataset/V-Vw11.csv,unsynchronized_uncategorized,vehicle,4924,492.3000000000029
2b6c4ea1238e:000,e8d440d20029cb28,test,2b6c4ea1238edfbfea29ca43f694307d30dc48f15b20ce8d0df378541ad81f5f,ST1,Unsynchronised V and S Dataset/Categorised IOVNB (V) Dataset/V Dataset/St (Driver C)/St1/V-St1.csv,unsynchronized_categorized,vehicle,57213,5721.199999999997
2b6c4ea1238e:000,e8d440d20029cb28,test,2b6c4ea1238edfbfea29ca43f694307d30dc48f15b20ce8d0df378541ad81f5f,ST1,Unsynchronised V and S Dataset/Uncategorised IOVNB (V and S) Dataset/V-Dataset/V-St1.csv,unsynchronized_uncategorized,vehicle,57213,5721.199999999997
8c3c6211b261:000,ea22d2273d2f2cf4,validation,8c3c6211b26146bd6bf53027fe63a7d2210ee68756d60e66d7550e6b4d016b39,VFB02F,Unsynchronised V and S Dataset/Categorised IOVNB (V) Dataset/V Dataset/Vf (Driver E)/V-Vfb02f/V-Vfb02f.csv,unsynchronized_categorized,vehicle,660,65.90000000000873
8c3c6211b261:000,ea22d2273d2f2cf4,validation,8c3c6211b26146bd6bf53027fe63a7d2210ee68756d60e66d7550e6b4d016b39,VFB02F,Unsynchronised V and S Dataset/Uncategorised IOVNB (V and S) Dataset/V-Dataset/V-Vfb02f.csv,unsynchronized_uncategorized,vehicle,660,65.90000000000873
ef9cf5419e1f:000,ed52ec81242feccf,validation,ef9cf5419e1fa28e6a23f6718c8326202de2824da7ff74a1d280aa0a2f9443d1,VTA26,Synchronised V abd S datasets/Categorised IOVNB Dataset/Vta (Driver E)/Vta26/S-Vta26.csv,synchronized_categorized,smartphone,1935,193.39999985694885
57e364d817aa:000,ed52ec81242feccf,validation,57e364d817aaa440c65f3e6afac2309a91a24ded9dc0ed620886e32138b778f5,VTA26,Synchronised V abd S datasets/Categorised IOVNB Dataset/Vta (Driver E)/Vta26/V-vta26.csv,synchronized_categorized,vehicle,1935,193.40000000000146
35b361cd3f66:000,ed52ec81242feccf,validation,35b361cd3f6673e8548e6068e82cc66458ce05daef8483a91f904cc048b76b5a,VTA26,Synchronised V abd S datasets/Uncategorised IOVNB Dataset/S-Dataset/S-Vta26.csv,synchronized_uncategorized,smartphone,1935,193.39999985694885
57e364d817aa:000,ed52ec81242feccf,validation,57e364d817aaa440c65f3e6afac2309a91a24ded9dc0ed620886e32138b778f5,VTA26,Synchronised V abd S datasets/Uncategorised IOVNB Dataset/V-Dataset/V-vta26.csv,synchronized_uncategorized,vehicle,1935,193.40000000000146
19fd1dd70b39:000,ed52ec81242feccf,validation,19fd1dd70b39a6fec08d37b775326b8b4e6e642c177650ee7c938bf5f9e60ad1,VTA26,Unsynchronised V and S Dataset/Categorised IOVNB (V) Dataset/V Dataset/Vta (Driver E)/Vta26/V-Vta26.csv,unsynchronized_categorized,vehicle,1947,194.59999999999854
ef9cf5419e1f:000,ed52ec81242feccf,validation,ef9cf5419e1fa28e6a23f6718c8326202de2824da7ff74a1d280aa0a2f9443d1,VTA26,Unsynchronised V and S Dataset/Uncategorised IOVNB (V and S) Dataset/S-Dataset/S-Vta26.csv,unsynchronized_uncategorized,smartphone,1935,193.39999985694885
19fd1dd70b39:000,ed52ec81242feccf,validation,19fd1dd70b39a6fec08d37b775326b8b4e6e642c177650ee7c938bf5f9e60ad1,VTA26,Unsynchronised V and S Dataset/Uncategorised IOVNB (V and S) Dataset/V-Dataset/V-Vta26.csv,unsynchronized_uncategorized,vehicle,1947,194.59999999999854
acd1d299bbbe:000,f0c5b8bb6747dd1b,test,acd1d299bbbe394c357e9a4bf0fd396cee892cad3e50eeb85371c6b3e349e0fc,VFB01D,Unsynchronised V and S Dataset/Categorised IOVNB (V) Dataset/V Dataset/Vf (Driver E)/V-Vfb01d/V-Vfb01d.csv,unsynchronized_categorized,vehicle,10713,1071.2000000000044
acd1d299bbbe:000,f0c5b8bb6747dd1b,test,acd1d299bbbe394c357e9a4bf0fd396cee892cad3e50eeb85371c6b3e349e0fc,VFB01D,Unsynchronised V and S Dataset/Uncategorised IOVNB (V and S) Dataset/V-Dataset/V-Vfb01d.csv,unsynchronized_uncategorized,vehicle,10713,1071.2000000000044
79d0af64caf8:000,f66c8e76b57ac5e7,validation,79d0af64caf879be228fd8b13b61fee81881225c10134d3262f80b21539ac814,VW14C,Synchronised V abd S datasets/Categorised IOVNB Dataset/Vw (Driver E)/Vw14c/S-Vw14c.csv,synchronized_categorized,smartphone,15826,1582.5
242132227ff2:000,f66c8e76b57ac5e7,validation,242132227ff27a72f091462b44ba8e65b9d409a0a3ce2651a491258eeb49cbae,VW14C,Synchronised V abd S datasets/Categorised IOVNB Dataset/Vw (Driver E)/Vw14c/V-Vw14c.csv,synchronized_categorized,vehicle,15826,1582.5
c352dd554b95:000,f66c8e76b57ac5e7,validation,c352dd554b956d05f8e5e7a69cc74e60f48e0d12d6108ad4e96ae8edf82e3560,VW14C,Synchronised V abd S datasets/Uncategorised IOVNB Dataset/S-Dataset/S-Vw14c.csv,synchronized_uncategorized,smartphone,15826,1582.5
242132227ff2:000,f66c8e76b57ac5e7,validation,242132227ff27a72f091462b44ba8e65b9d409a0a3ce2651a491258eeb49cbae,VW14C,Synchronised V abd S datasets/Uncategorised IOVNB Dataset/V-Dataset/V-Vw14c.csv,synchronized_uncategorized,vehicle,15826,1582.5
04929366928d:000,f66c8e76b57ac5e7,validation,04929366928dbf3b30d5528c4055804d312490c960167840090d8d8436c22b4c,VW14C,Unsynchronised V and S Dataset/Categorised IOVNB (V) Dataset/V Dataset/Vw (Driver E)/Vw14c/V-Vw14c.csv,unsynchronized_categorized,vehicle,15857,1585.5999999999985
79d0af64caf8:000,f66c8e76b57ac5e7,validation,79d0af64caf879be228fd8b13b61fee81881225c10134d3262f80b21539ac814,VW14C,Unsynchronised V and S Dataset/Uncategorised IOVNB (V and S) Dataset/S-Dataset/S-Vw14c.csv,unsynchronized_uncategorized,smartphone,15826,1582.5
04929366928d:000,f66c8e76b57ac5e7,validation,04929366928dbf3b30d5528c4055804d312490c960167840090d8d8436c22b4c,VW14C,Unsynchronised V and S Dataset/Uncategorised IOVNB (V and S) Dataset/V-Dataset/V-Vw14c.csv,unsynchronized_uncategorized,vehicle,15857,1585.5999999999985
ee2c003b48da:000,fb6b9dd754061c88,test,ee2c003b48daf37abbd1e47eb570b88549911f7aeadb6559c53e667738e19715,VTA25,Synchronised V abd S datasets/Categorised IOVNB Dataset/Vta (Driver E)/Vta25/S-Vta25.csv,synchronized_categorized,smartphone,646,64.4980001449585
08c4cb3b39f2:000,fb6b9dd754061c88,test,08c4cb3b39f2ca6964f46fca7d7ace98f84991b842ea83dc721ce16d45947632,VTA25,Synchronised V abd S datasets/Categorised IOVNB Dataset/Vta (Driver E)/Vta25/V-vta25.csv,synchronized_categorized,vehicle,646,64.5
79a3cb847acd:000,fb6b9dd754061c88,test,79a3cb847acd285da722c1ac63b89d757361e82bcf686e8fab40bb54fa319883,VTA25,Synchronised V abd S datasets/Uncategorised IOVNB Dataset/S-Dataset/S-Vta25.csv,synchronized_uncategorized,smartphone,646,64.4980001449585
08c4cb3b39f2:000,fb6b9dd754061c88,test,08c4cb3b39f2ca6964f46fca7d7ace98f84991b842ea83dc721ce16d45947632,VTA25,Synchronised V abd S datasets/Uncategorised IOVNB Dataset/V-Dataset/V-vta25.csv,synchronized_uncategorized,vehicle,646,64.5
f2f35847820a:000,fb6b9dd754061c88,test,f2f35847820a8927d8faa18a85e5b0e868ee916c8f5f7cf8785986d1e3d35227,VTA25,Unsynchronised V and S Dataset/Categorised IOVNB (V) Dataset/V Dataset/Vta (Driver E)/Vta25/V-Vta25.csv,unsynchronized_categorized,vehicle,646,64.5
ee2c003b48da:000,fb6b9dd754061c88,test,ee2c003b48daf37abbd1e47eb570b88549911f7aeadb6559c53e667738e19715,VTA25,Unsynchronised V and S Dataset/Uncategorised IOVNB (V and S) Dataset/S-Dataset/S-Vta25.csv,unsynchronized_uncategorized,smartphone,646,64.4980001449585
f2f35847820a:000,fb6b9dd754061c88,test,f2f35847820a8927d8faa18a85e5b0e868ee916c8f5f7cf8785986d1e3d35227,VTA25,Unsynchronised V and S Dataset/Uncategorised IOVNB (V and S) Dataset/V-Dataset/V-Vta25.csv,unsynchronized_uncategorized,vehicle,646,64.5
0c64377b6fab:000,fbd10fb5a271f193,train,0c64377b6fab3843269019c4bf8befefab3c88908da40b83b516d661b53d939f,VFB02E,Unsynchronised V and S Dataset/Categorised IOVNB (V) Dataset/V Dataset/Vf (Driver E)/V-Vfb02e/V-Vfb02e.csv,unsynchronized_categorized,vehicle,980,97.90000000000873
0c64377b6fab:000,fbd10fb5a271f193,train,0c64377b6fab3843269019c4bf8befefab3c88908da40b83b516d661b53d939f,VFB02E,Unsynchronised V and S Dataset/Uncategorised IOVNB (V and S) Dataset/V-Dataset/V-Vfb02e.csv,unsynchronized_uncategorized,vehicle,980,97.90000000000873
9879c75d65da:000,fca01dcd9d646dc6,train,9879c75d65da9f797553cf7faa7e59c88a461b44eaa863b714df6757cc8fa4c1,VTA8,Synchronised V abd S datasets/Categorised IOVNB Dataset/Vta (Driver E)/Vta08/S-Vta8.csv,synchronized_categorized,smartphone,3676,367.5
3b38a7a248b5:000,fca01dcd9d646dc6,train,3b38a7a248b5fd63dd715712974c9fd7f723be6cc0e1717e2d4555c3fc491984,VTA8,Synchronised V abd S datasets/Categorised IOVNB Dataset/Vta (Driver E)/Vta08/V-vta8.csv,synchronized_categorized,vehicle,3676,367.5
b771523b2a83:000,fca01dcd9d646dc6,train,b771523b2a83f94bad8fee4c84b8689490deb65b6d017667cd3fabce4f256b2b,VTA8,Synchronised V abd S datasets/Uncategorised IOVNB Dataset/S-Dataset/S-Vta8.csv,synchronized_uncategorized,smartphone,3676,367.5
3b38a7a248b5:000,fca01dcd9d646dc6,train,3b38a7a248b5fd63dd715712974c9fd7f723be6cc0e1717e2d4555c3fc491984,VTA8,Synchronised V abd S datasets/Uncategorised IOVNB Dataset/V-Dataset/V-vta8.csv,synchronized_uncategorized,vehicle,3676,367.5
a60313a99b19:000,fca01dcd9d646dc6,train,a60313a99b19a13177337805b2d151b6a589c1ef5aad7191e84e45c3fb2beb29,VTA8,Unsynchronised V and S Dataset/Categorised IOVNB (V) Dataset/V Dataset/Vta (Driver E)/Vta08/V-Vta8.csv,unsynchronized_categorized,vehicle,3697,369.59999999999854
9879c75d65da:000,fca01dcd9d646dc6,train,9879c75d65da9f797553cf7faa7e59c88a461b44eaa863b714df6757cc8fa4c1,VTA8,Unsynchronised V and S Dataset/Uncategorised IOVNB (V and S) Dataset/S-Dataset/S-Vta8.csv,unsynchronized_uncategorized,smartphone,3676,367.5
a60313a99b19:000,fca01dcd9d646dc6,train,a60313a99b19a13177337805b2d151b6a589c1ef5aad7191e84e45c3fb2beb29,VTA8,Unsynchronised V and S Dataset/Uncategorised IOVNB (V and S) Dataset/V-Dataset/V-Vta8.csv,unsynchronized_uncategorized,vehicle,3697,369.59999999999854
aa2774bec039:000,fe32fc84a4a24bcd,train,aa2774bec0399222b06b3a8cd1eff16d20c58fe1478e3a9a728061b363e8c44e,VW7,Synchronised V abd S datasets/Categorised IOVNB Dataset/Vw (Driver E)/Vw07/S-Vw7.csv,synchronized_categorized,smartphone,1602,160.0990002155304
e42fa1303dce:000,fe32fc84a4a24bcd,train,e42fa1303dce73f23f4c28667c62a961711bb1891e646c4acfae1f7c49ec0edb,VW7,Synchronised V abd S datasets/Categorised IOVNB Dataset/Vw (Driver E)/Vw07/V-Vw7.csv,synchronized_categorized,vehicle,1602,160.09999999999854
ae588bfe13db:000,fe32fc84a4a24bcd,train,ae588bfe13db87273e55d5dc60b49d781d92584cca5c3b7671893e49e1450a7d,VW7,Synchronised V abd S datasets/Uncategorised IOVNB Dataset/S-Dataset/S-Vw7.csv,synchronized_uncategorized,smartphone,1602,160.0990002155304
e42fa1303dce:000,fe32fc84a4a24bcd,train,e42fa1303dce73f23f4c28667c62a961711bb1891e646c4acfae1f7c49ec0edb,VW7,Synchronised V abd S datasets/Uncategorised IOVNB Dataset/V-Dataset/V-Vw7.csv,synchronized_uncategorized,vehicle,1602,160.09999999999854
a75ed9a312a1:000,fe32fc84a4a24bcd,train,a75ed9a312a1609fcaf8776764d84c75ed03ddeaf9c8f2a5cc16008335a701da,VW7,Unsynchronised V and S Dataset/Categorised IOVNB (V) Dataset/V Dataset/Vw (Driver E)/Vw07/V-Vw7.csv,unsynchronized_categorized,vehicle,1689,168.8000000000029
aa2774bec039:000,fe32fc84a4a24bcd,train,aa2774bec0399222b06b3a8cd1eff16d20c58fe1478e3a9a728061b363e8c44e,VW7,Unsynchronised V and S Dataset/Uncategorised IOVNB (V and S) Dataset/S-Dataset/S-Vw7.csv,unsynchronized_uncategorized,smartphone,1602,160.0990002155304
a75ed9a312a1:000,fe32fc84a4a24bcd,train,a75ed9a312a1609fcaf8776764d84c75ed03ddeaf9c8f2a5cc16008335a701da,VW7,Unsynchronised V and S Dataset/Uncategorised IOVNB (V and S) Dataset/V-Dataset/V-Vw7.csv,unsynchronized_uncategorized,vehicle,1689,168.8000000000029
cac38e6d5a1f:000,ff6736670037eb84,train,cac38e6d5a1f776adf5c5941ecbc7ebdf59b7a317338a59398037cc29ae518b4,T6,Unsynchronised V and S Dataset/Uncategorised IOVNB (V and S) Dataset/S-Dataset/S-T6.csv,unsynchronized_uncategorized,smartphone,86440,2510.856999874115
