pair_id,session_id,dataset_family,smartphone_file,vehicle_file,smartphone_segment,vehicle_segment,smartphone_start_s,smartphone_end_s,vehicle_start_s,vehicle_end_s,overlap_start_s,overlap_end_s,overlap_duration_s,clock_offset_s,estimated_offset_s,offset_method,offset_confidence,correlation,peak_margin,drift_detected,drift_estimate_s,drift_ppm,status,note
synchronized_categorized:M,M,synchronized_categorized,Synchronised V abd S datasets/Categorised IOVNB Dataset/M (Driver B)/S-M.csv,Synchronised V abd S datasets/Categorised IOVNB Dataset/M (Driver B)/V-M.csv,71453d0af0d3:000,23f0904d08a7:000,33209.506,43809.129,29608.4,40205.7,29608.4,40204.76150000003,10596.361500000028,3602.2675000000017,3604.3674999999726,speed_cross_correlation,high,0.953466539444486,0.3382772257277371,True,2.323000000003958,219.20677908561228,CONFIRMED_BY_SIGNAL,speed correlation 0.953 at offset 3604.37s (peak margin 0.338)
synchronized_categorized:S1,S1,synchronized_categorized,Synchronised V abd S datasets/Categorised IOVNB Dataset/S (Driver A)/S1/S-S1.csv,Synchronised V abd S datasets/Categorised IOVNB Dataset/S (Driver A)/S1/V-S1.csv,b15d7dcaa47b:000,8e59eda9fa06:000,36469.546,41644.045,32869.0,38043.5,32869.0,38039.29950000003,5170.29950000003,3600.5455,3604.745499999969,speed_cross_correlation,high,0.9287008008207898,0.4678157220732277,False,-0.0010000000038417056,-0.19325538773634277,CONFIRMED_BY_SIGNAL,speed correlation 0.929 at offset 3604.75s (peak margin 0.468)
synchronized_categorized:S2,S2,synchronized_categorized,Synchronised V abd S datasets/Categorised IOVNB Dataset/S (Driver A)/S2/S-S2.csv,Synchronised V abd S datasets/Categorised IOVNB Dataset/S (Driver A)/S2/V-S2.csv,5851902ce5d4:000,492b2b544356:000,43431.741,52820.349,39824.4,49211.9,39827.446000000025,49211.9,9384.453999999976,3607.8950000000004,3604.2949999999764,speed_cross_correlation,high,0.9611641807177098,0.3055331227632194,True,1.1080000000001746,118.02929427431954,CONFIRMED_BY_SIGNAL,speed correlation 0.961 at offset 3604.29s (peak margin 0.306)
synchronized_categorized:S3A,S3A,synchronized_categorized,Synchronised V abd S datasets/Categorised IOVNB Dataset/S (Driver A)/S3a/S-S3a.csv,Synchronised V abd S datasets/Categorised IOVNB Dataset/S (Driver A)/S3a/V-S3a.csv,274a8da537e3:000,97e24d298e0c:000,69711.494,72173.494,66118.0,68580.0,66118.0,68568.70000000004,2450.7000000000407,3593.494000000006,3604.7939999999685,speed_cross_correlation,high,0.966799708743137,0.2701416035349352,False,0.0,0.0,CONFIRMED_BY_SIGNAL,speed correlation 0.967 at offset 3604.79s (peak margin 0.270)
synchronized_categorized:S3B,S3B,synchronized_categorized,Synchronised V abd S datasets/Categorised IOVNB Dataset/S (Driver A)/S3b/S-S3b.csv,Synchronised V abd S datasets/Categorised IOVNB Dataset/S (Driver A)/S3b/V-S3b.csv,5b2fbe40e507:000,0de2ff37232f:000,72183.493,72869.021,68582.8,69264.0,68582.8,69264.0,681.1999999999971,3602.8569999999963,3604.3569999999677,speed_cross_correlation,high,0.8457640522625148,0.6669245118383029,True,4.327999999994063,6353.493834401176,CONFIRMED_BY_SIGNAL,speed correlation 0.846 at offset 3604.36s (peak margin 0.667)
synchronized_categorized:S3C,S3C,synchronized_categorized,Synchronised V abd S datasets/Categorised IOVNB Dataset/S (Driver A)/S3c/S-S3c.csv,Synchronised V abd S datasets/Categorised IOVNB Dataset/S (Driver A)/S3c/V-S3c.csv,45a91123027b:000,86d8c37c03bb:000,72868.521,76586.72,69267.8,72986.0,69267.8,72981.99950000003,3714.1995000000315,3600.720499999996,3604.720499999965,speed_cross_correlation,high,0.9800230243516026,0.15411164200965144,False,-0.0009999999892897904,-0.2689473372303241,CONFIRMED_BY_SIGNAL,speed correlation 0.980 at offset 3604.72s (peak margin 0.154)
synchronized_categorized:S4,S4,synchronized_categorized,Synchronised V abd S datasets/Categorised IOVNB Dataset/S (Driver A)/S4/S-S4.csv,Synchronised V abd S datasets/Categorised IOVNB Dataset/S (Driver A)/S4/V-S4.csv,4a3b9065b673:000,12044e2b839a:000,65775.111,75548.216,62173.4,71633.3,62173.4,71633.3,9459.900000000001,3758.3135,3758.3135,clock_difference,low,0.45252839373072423,0.05387638288006652,True,313.20499999999447,33108.70093764146,CLOCK_ONLY,signal alignment not confirmed (correlation 0.453 below 0.5 or peak not distinct); clock difference reported only
synchronized_categorized:VFA01,VFA01,synchronized_categorized,Synchronised V abd S datasets/Categorised IOVNB Dataset/Vf (Driver E)/V-Vfa01/S-Vfa01.csv,Synchronised V abd S datasets/Categorised IOVNB Dataset/Vf (Driver E)/V-Vfa01/V-Vfa01.csv,c743ad854bd5:000,e690a419193d:000,33626.236,34774.736,33622.0,34775.4,33622.85,34771.35,1148.5,1.7859999999964202,3.3859999999968693,speed_cross_correlation,high,0.9781875411600788,0.2388054406343353,True,-4.900000000001455,-4248.309346281818,CONFIRMED_BY_SIGNAL,speed correlation 0.978 at offset 3.39s (peak margin 0.239)
synchronized_categorized:VFA02,VFA02,synchronized_categorized,Synchronised V abd S datasets/Categorised IOVNB Dataset/Vf (Driver E)/V-Vfa02/S-Vfa02.csv,Synchronised V abd S datasets/Categorised IOVNB Dataset/Vf (Driver E)/V-Vfa02/V-Vfa02.csv,65348172ad4e:000,85b9631ca6a8:000,35837.649,42589.85,35829.9,42605.3,35833.8995,42586.1005,6752.201000000001,-3.8505000000041036,3.7494999999964307,speed_cross_correlation,high,0.9893786534179181,0.08549303132183206,True,-23.199000000000524,-3424.004486820043,CONFIRMED_BY_SIGNAL,speed correlation 0.989 at offset 3.75s (peak margin 0.085)
synchronized_categorized:VTA10,VTA10,synchronized_categorized,Synchronised V abd S datasets/Categorised IOVNB Dataset/Vta (Driver E)/Vta10/S-Vta10.csv,Synchronised V abd S datasets/Categorised IOVNB Dataset/Vta (Driver E)/Vta10/V-vta10.csv,a5d4d99847a8:000,2848d229f4a5:000,43310.393,43460.493,43309.9,43460.0,43309.9,43455.3,145.40000000000146,0.4929999999985739,5.192999999999067,speed_cross_correlation,high,0.9622077154114043,0.5869681496709352,False,7.275957614183426e-12,4.8474068049190515e-08,CONFIRMED_BY_SIGNAL,speed correlation 0.962 at offset 5.19s (peak margin 0.587)
synchronized_categorized:VTA11,VTA11,synchronized_categorized,Synchronised V abd S datasets/Categorised IOVNB Dataset/Vta (Driver E)/Vta11/S-Vta11.csv,Synchronised V abd S datasets/Categorised IOVNB Dataset/Vta (Driver E)/Vta11/V-vta11.csv,82e456eb6e00:000,12cf51936ea2:000,43472.393,43523.293,43471.9,43522.8,43471.9,43522.8,50.900000000001455,0.49299999999493593,0.49299999999493593,clock_difference,none,,,False,0.0,0.0,UNRESOLVED,aligned overlap 50.9s is below the 60s minimum; alignment left UNRESOLVED
synchronized_categorized:VTA12,VTA12,synchronized_categorized,Synchronised V abd S datasets/Categorised IOVNB Dataset/Vta (Driver E)/Vta12/S-Vta12.csv,Synchronised V abd S datasets/Categorised IOVNB Dataset/Vta (Driver E)/Vta12/V-vta12.csv,9809c567bbe8:000,c2ba3053903b:000,43535.393,43596.293,43535.1,43596.0,43535.1,43587.9,52.80000000000291,0.2929999999978463,8.392999999998388,speed_cross_correlation,none,0.9321974768067641,0.4238401262190189,False,0.0,0.0,UNRESOLVED,aligned overlap 52.8s is below the 60s minimum; alignment left UNRESOLVED
synchronized_categorized:VTA13,VTA13,synchronized_categorized,Synchronised V abd S datasets/Categorised IOVNB Dataset/Vta (Driver E)/Vta13/S-Vta13.csv,Synchronised V abd S datasets/Categorised IOVNB Dataset/Vta (Driver E)/Vta13/V-vta13.csv,04b0ee07c4e4:000,2654dd964866:000,43607.292,43647.593,43606.9,43647.2,43606.9,43647.2,40.299999999995634,0.39250000000174623,0.39250000000174623,clock_difference,none,,,False,0.0010000000038417056,24.81389587696809,UNRESOLVED,aligned overlap 40.3s is below the 60s minimum; alignment left UNRESOLVED
synchronized_categorized:VTA14,VTA14,synchronized_categorized,Synchronised V abd S datasets/Categorised IOVNB Dataset/Vta (Driver E)/Vta14/S-Vta14.csv,Synchronised V abd S datasets/Categorised IOVNB Dataset/Vta (Driver E)/Vta14/V-vta14.csv,413a1f581614:000,47fb8c1e6a90:000,43652.493,43940.893,43651.8,43940.2,43651.8,43935.7,283.8999999999942,0.6929999999993015,5.192999999999792,speed_cross_correlation,high,0.9466690416116322,0.36557751468366384,False,0.0,0.0,CONFIRMED_BY_SIGNAL,speed correlation 0.947 at offset 5.19s (peak margin 0.366)
synchronized_categorized:VTA15,VTA15,synchronized_categorized,Synchronised V abd S datasets/Categorised IOVNB Dataset/Vta (Driver E)/Vta15/S-Vta15.csv,Synchronised V abd S datasets/Categorised IOVNB Dataset/Vta (Driver E)/Vta15/V-vta15.csv,7d5d51193b78:000,7ce40f70af39:000,43951.793,44034.993,43948.8,44032.0,43948.8,44031.9,83.09999999999854,2.992999999998574,3.0929999999990017,speed_cross_correlation,high,0.9019314265957113,0.9081515476479278,False,7.275957614183426e-12,8.745141363201539e-08,CONFIRMED_BY_SIGNAL,speed correlation 0.902 at offset 3.09s (peak margin 0.908)
synchronized_categorized:VTA16,VTA16,synchronized_categorized,Synchronised V abd S datasets/Categorised IOVNB Dataset/Vta (Driver E)/Vta16/S-Vta16.csv,Synchronised V abd S datasets/Categorised IOVNB Dataset/Vta (Driver E)/Vta16/V-vta16.csv,62fb3e3d9457:000,c0d60dc9d7a3:000,44040.693,45174.093,44038.9,45172.3,44038.9,45169.100000000006,1130.2000000000044,1.7929999999978463,4.992999999998318,speed_cross_correlation,high,0.9701732159671583,0.21473432804524395,False,0.0,0.0,CONFIRMED_BY_SIGNAL,speed correlation 0.970 at offset 4.99s (peak margin 0.215)
synchronized_categorized:VTA17,VTA17,synchronized_categorized,Synchronised V abd S datasets/Categorised IOVNB Dataset/Vta (Driver E)/Vta17/S-Vta17.csv,Synchronised V abd S datasets/Categorised IOVNB Dataset/Vta (Driver E)/Vta17/V-vta17.csv,cfabd101e8e0:000,d635527b069d:000,45185.392,45638.378,45184.9,45636.7,45184.9,45633.793,448.8929999999964,1.0849999999991269,4.584999999999603,speed_cross_correlation,high,0.8899525751924311,0.8573019831357784,True,1.1860000000015134,2625.055334222056,CONFIRMED_BY_SIGNAL,speed correlation 0.890 at offset 4.58s (peak margin 0.857)
synchronized_categorized:VTA19,VTA19,synchronized_categorized,Synchronised V abd S datasets/Categorised IOVNB Dataset/Vta (Driver E)/Vta19/S-Vta19.csv,Synchronised V abd S datasets/Categorised IOVNB Dataset/Vta (Driver E)/Vta19/V-vta19.csv,052bc3dacd0c:000,129785b49387:000,45657.377,45686.478,45656.9,45686.0,45656.9,45686.0,29.099999999998545,0.4775000000008731,0.4775000000008731,clock_difference,none,,,False,0.0010000000038417056,34.364261300403975,UNRESOLVED,aligned overlap 29.1s is below the 60s minimum; alignment left UNRESOLVED
synchronized_categorized:VTA1A,VTA1A,synchronized_categorized,Synchronised V abd S datasets/Categorised IOVNB Dataset/Vta (Driver E)/Vta01a/S-Vta1a.csv,Synchronised V abd S datasets/Categorised IOVNB Dataset/Vta (Driver E)/Vta01a/V-Vta1a.csv,25e382fbbc34:000,4b09e133584b:000,38507.363,41074.862,38521.0,41088.5,38521.0,41074.099500000004,2553.099500000004,-13.637500000000728,0.7624999999999034,speed_cross_correlation,high,0.9968764605681146,0.35415059182145836,False,-0.000999999996565748,-0.3894839324501453,CONFIRMED_BY_SIGNAL,speed correlation 0.997 at offset 0.76s (peak margin 0.354)
synchronized_categorized:VTA1B,VTA1B,synchronized_categorized,Synchronised V abd S datasets/Categorised IOVNB Dataset/Vta (Driver E)/Vta01b/S-Vta1b.csv,Synchronised V abd S datasets/Categorised IOVNB Dataset/Vta (Driver E)/Vta01b/V-Vta1b.csv,b98958cc351e:000,83c6ad5afbbc:000,41089.463,41184.763,41089.0,41184.2,41089.0,41184.049999999996,95.04999999999563,0.5130000000026484,0.7130000000030776,speed_cross_correlation,high,0.9949647440749348,0.6116100318796976,False,0.09999999999854481,1050.4201680519734,CONFIRMED_BY_SIGNAL,speed correlation 0.995 at offset 0.71s (peak margin 0.612)
synchronized_categorized:VTA2,VTA2,synchronized_categorized,Synchronised V abd S datasets/Categorised IOVNB Dataset/Vta (Driver E)/Vta02/S-Vta2.csv,Synchronised V abd S datasets/Categorised IOVNB Dataset/Vta (Driver E)/Vta02/V-vta2.csv,7bd4640e4db3:000,5fb5a864e5a6:000,41191.265,42290.263,41190.3,42289.3,41190.501000000004,42289.3,1098.798999999999,0.9639999999963038,0.7639999999967273,speed_cross_correlation,high,0.9963368829373879,0.4208742549663397,False,-0.0020000000004074536,-1.8198362151114227,CONFIRMED_BY_SIGNAL,speed correlation 0.996 at offset 0.76s (peak margin 0.421)
synchronized_categorized:VTA20,VTA20,synchronized_categorized,Synchronised V abd S datasets/Categorised IOVNB Dataset/Vta (Driver E)/Vta20/S-Vta20.csv,Synchronised V abd S datasets/Categorised IOVNB Dataset/Vta (Driver E)/Vta20/V-vta20.csv,4e255b689bb1:000,4c49f750ae05:000,45741.722,46063.922,45715.0,46037.2,45736.5,46037.2,300.6999999999971,26.72200000000157,5.222000000001579,speed_cross_correlation,high,0.9682816085710769,0.409825394547093,False,0.0,0.0,CONFIRMED_BY_SIGNAL,speed correlation 0.968 at offset 5.22s (peak margin 0.410)
synchronized_categorized:VTA21,VTA21,synchronized_categorized,Synchronised V abd S datasets/Categorised IOVNB Dataset/Vta (Driver E)/Vta21/S-Vta21.csv,Synchronised V abd S datasets/Categorised IOVNB Dataset/Vta (Driver E)/Vta21/V-vta21.csv,fa378298fb40:000,9fef5d99355c:000,46052.022,46259.822,46043.7,46251.5,46049.0,46251.5,202.5,8.322000000000116,3.0220000000004674,speed_cross_correlation,high,0.8981872290944543,0.7613075433495379,False,0.0,0.0,CONFIRMED_BY_SIGNAL,speed correlation 0.898 at offset 3.02s (peak margin 0.761)
synchronized_categorized:VTA22,VTA22,synchronized_categorized,Synchronised V abd S datasets/Categorised IOVNB Dataset/Vta (Driver E)/Vta22/S-Vta22.csv,Synchronised V abd S datasets/Categorised IOVNB Dataset/Vta (Driver E)/Vta22/V-vta22.csv,e07de2f95c2b:000,b9f3b5408799:000,46260.822,46417.123,46257.0,46413.3,46257.2995,46413.3,156.00050000000192,3.8224999999983993,3.5224999999988214,speed_cross_correlation,high,0.8319029534751131,0.5829368092981648,False,0.000999999996565748,6.397952633178051,CONFIRMED_BY_SIGNAL,speed correlation 0.832 at offset 3.52s (peak margin 0.583)
synchronized_categorized:VTA23,VTA23,synchronized_categorized,Synchronised V abd S datasets/Categorised IOVNB Dataset/Vta (Driver E)/Vta23/S-Vta23.csv,Synchronised V abd S datasets/Categorised IOVNB Dataset/Vta (Driver E)/Vta23/V-vta23.csv,b898b14918ea:000,67c2a792a369:000,46420.023,46530.923,46419.1,46530.0,46419.1,46529.2,110.09999999999854,0.9230000000025029,1.7230000000029406,speed_cross_correlation,high,0.8925976406967375,1.0604643876542619,False,0.0,0.0,CONFIRMED_BY_SIGNAL,speed correlation 0.893 at offset 1.72s (peak margin 1.060)
synchronized_categorized:VTA24,VTA24,synchronized_categorized,Synchronised V abd S datasets/Categorised IOVNB Dataset/Vta (Driver E)/Vta24/S-Vta24.csv,Synchronised V abd S datasets/Categorised IOVNB Dataset/Vta (Driver E)/Vta24/V-vta24.csv,02929be6c896:000,719438458b2e:000,46535.922,46652.923,46535.8,46652.8,46535.8,46649.60050000001,113.80050000000483,0.1224999999976717,3.3224999999981435,speed_cross_correlation,high,0.9405163287840426,0.8024369077147149,False,0.0010000000038417056,8.547008579843638,CONFIRMED_BY_SIGNAL,speed correlation 0.941 at offset 3.32s (peak margin 0.802)
synchronized_categorized:VTA25,VTA25,synchronized_categorized,Synchronised V abd S datasets/Categorised IOVNB Dataset/Vta (Driver E)/Vta25/S-Vta25.csv,Synchronised V abd S datasets/Categorised IOVNB Dataset/Vta (Driver E)/Vta25/V-vta25.csv,ee2c003b48da:000,08c4cb3b39f2:000,46656.324,46720.822,46657.6,46722.1,46657.6,46714.699,57.09900000000198,-1.2769999999982247,6.123000000002307,speed_cross_correlation,none,0.9126912499702963,1.0470060044260854,False,-0.0020000000004074536,-31.007751944301607,UNRESOLVED,aligned overlap 57.1s is below the 60s minimum; alignment left UNRESOLVED
synchronized_categorized:VTA26,VTA26,synchronized_categorized,Synchronised V abd S datasets/Categorised IOVNB Dataset/Vta (Driver E)/Vta26/S-Vta26.csv,Synchronised V abd S datasets/Categorised IOVNB Dataset/Vta (Driver E)/Vta26/V-vta26.csv,ef9cf5419e1f:000,57e364d817aa:000,46728.922,46922.322,46727.6,46921.0,46727.6,46920.2,192.59999999999854,1.3220000000001164,2.122000000000554,speed_cross_correlation,high,0.9628757543420498,0.3765104508894562,False,0.0,0.0,CONFIRMED_BY_SIGNAL,speed correlation 0.963 at offset 2.12s (peak margin 0.377)
synchronized_categorized:VTA27,VTA27,synchronized_categorized,Synchronised V abd S datasets/Categorised IOVNB Dataset/Vta (Driver E)/Vta27/S-Vta27.csv,Synchronised V abd S datasets/Categorised IOVNB Dataset/Vta (Driver E)/Vta27/V-vta27.csv,159116d1f4d5:000,7f3af1c36008:000,46929.622,47183.522,46956.8,47210.7,46956.8,47180.7,223.89999999999418,-27.177999999999884,2.822000000000969,speed_cross_correlation,high,0.952032260152515,0.3458432924610443,False,0.0,0.0,CONFIRMED_BY_SIGNAL,speed correlation 0.952 at offset 2.82s (peak margin 0.346)
synchronized_categorized:VTA28,VTA28,synchronized_categorized,Synchronised V abd S datasets/Categorised IOVNB Dataset/Vta (Driver E)/Vta28/S-Vta28.csv,Synchronised V abd S datasets/Categorised IOVNB Dataset/Vta (Driver E)/Vta28/V-vta28.csv,ade9b3d779ac:000,a8752e753ff9:000,47214.922,47635.822,47216.3,47637.2,47216.3,47631.7,415.3999999999942,-1.3780000000006112,4.121999999999893,speed_cross_correlation,high,0.9079591737394516,0.6814533304691327,False,7.275957614183426e-12,1.728666575002026e-08,CONFIRMED_BY_SIGNAL,speed correlation 0.908 at offset 4.12s (peak margin 0.681)
synchronized_categorized:VTA29,VTA29,synchronized_categorized,Synchronised V abd S datasets/Categorised IOVNB Dataset/Vta (Driver E)/Vta29/S-Vta29.csv,Synchronised V abd S datasets/Categorised IOVNB Dataset/Vta (Driver E)/Vta29/V-vta29.csv,fdb0c5fe8db0:000,eb87d258739b:000,48440.808,50810.586,48446.2,50816.6,48446.2,50807.389,2361.1890000000058,-5.702999999997701,3.197000000002852,speed_cross_correlation,high,0.9617913540374561,0.30690390437395487,False,-0.6219999999957508,-262.4029699610827,CONFIRMED_BY_SIGNAL,speed correlation 0.962 at offset 3.20s (peak margin 0.307)
synchronized_categorized:VTA3,VTA3,synchronized_categorized,Synchronised V abd S datasets/Categorised IOVNB Dataset/Vta (Driver E)/Vta03/S-Vta3.csv,Synchronised V abd S datasets/Categorised IOVNB Dataset/Vta (Driver E)/Vta03/V-vta3.csv,3b82987cb99d:000,e2c6b46b5147:000,42353.893,42418.293,42374.0,42438.4,42396.0,42438.4,42.400000000001455,-20.10700000000361,-42.107000000003495,speed_cross_correlation,none,0.9403736350214962,0.6876016125068556,False,0.0,0.0,UNRESOLVED,aligned overlap 42.4s is below the 60s minimum; alignment left UNRESOLVED
synchronized_categorized:VTA30,VTA30,synchronized_categorized,Synchronised V abd S datasets/Categorised IOVNB Dataset/Vta (Driver E)/Vta30/S-Vta30.csv,Synchronised V abd S datasets/Categorised IOVNB Dataset/Vta (Driver E)/Vta30/V-vta30.csv,28161336944b:000,5c8b13f1e83f:000,50823.886,52537.386,50821.6,52535.1,50821.6,52533.799999999996,1712.199999999997,2.286000000000058,3.586000000000503,speed_cross_correlation,high,0.9713687805804353,0.23911797515576982,False,0.0,0.0,CONFIRMED_BY_SIGNAL,speed correlation 0.971 at offset 3.59s (peak margin 0.239)
synchronized_categorized:VTA4,VTA4,synchronized_categorized,Synchronised V abd S datasets/Categorised IOVNB Dataset/Vta (Driver E)/Vta04/S-Vta4.csv,Synchronised V abd S datasets/Categorised IOVNB Dataset/Vta (Driver E)/Vta04/V-vta4.csv,f37db4374cc0:000,0c626160be0f:000,42447.394,42626.193,42445.2,42624.0,42445.2,42619.0995,173.89949999999953,2.1935000000012224,7.093500000001718,speed_cross_correlation,high,0.8596281371153333,0.8218262072188541,False,-0.0010000000038417056,-5.59284118479692,CONFIRMED_BY_SIGNAL,speed correlation 0.860 at offset 7.09s (peak margin 0.822)
synchronized_categorized:VTA5,VTA5,synchronized_categorized,Synchronised V abd S datasets/Categorised IOVNB Dataset/Vta (Driver E)/Vta05/S-Vta5.csv,Synchronised V abd S datasets/Categorised IOVNB Dataset/Vta (Driver E)/Vta05/V-vta5.csv,7aff2d8777e0:000,31c052676e02:000,42634.393,42664.993,42633.6,42664.2,42633.6,42664.2,30.599999999998545,0.7930000000014843,0.7930000000014843,clock_difference,none,,,False,7.275957614183426e-12,2.377763926203847e-07,UNRESOLVED,aligned overlap 30.6s is below the 60s minimum; alignment left UNRESOLVED
synchronized_categorized:VTA6,VTA6,synchronized_categorized,Synchronised V abd S datasets/Categorised IOVNB Dataset/Vta (Driver E)/Vta06/S-Vta6.csv,Synchronised V abd S datasets/Categorised IOVNB Dataset/Vta (Driver E)/Vta06/V-vta6.csv,5d09dd027359:000,ec82e633ecdc:000,42671.993,42809.493,42669.7,42807.2,42669.7,42805.5,135.8000000000029,2.2930000000051223,3.9930000000055728,speed_cross_correlation,high,0.9552576882539479,0.5113321669544371,False,0.0,0.0,CONFIRMED_BY_SIGNAL,speed correlation 0.955 at offset 3.99s (peak margin 0.511)
synchronized_categorized:VTA7,VTA7,synchronized_categorized,Synchronised V abd S datasets/Categorised IOVNB Dataset/Vta (Driver E)/Vta07/S-Vta7.csv,Synchronised V abd S datasets/Categorised IOVNB Dataset/Vta (Driver E)/Vta07/V-vta7.csv,ac7c45d5dfb9:000,87c54b7fb23d:000,42815.293,42899.193,42813.7,42897.6,42813.7,42895.2,81.5,1.5930000000007567,3.993000000001217,speed_cross_correlation,high,0.9589343503665749,1.1788944856302468,False,0.0,0.0,CONFIRMED_BY_SIGNAL,speed correlation 0.959 at offset 3.99s (peak margin 1.179)
synchronized_categorized:VTA8,VTA8,synchronized_categorized,Synchronised V abd S datasets/Categorised IOVNB Dataset/Vta (Driver E)/Vta08/S-Vta8.csv,Synchronised V abd S datasets/Categorised IOVNB Dataset/Vta (Driver E)/Vta08/V-vta8.csv,9879c75d65da:000,3b38a7a248b5:000,42905.293,43272.793,42904.0,43271.5,42904.0,43267.7,363.6999999999971,1.2929999999978463,5.092999999998327,speed_cross_correlation,high,0.9770322168179151,0.18588658422508397,False,0.0,0.0,CONFIRMED_BY_SIGNAL,speed correlation 0.977 at offset 5.09s (peak margin 0.186)
synchronized_categorized:VTA9,VTA9,synchronized_categorized,Synchronised V abd S datasets/Categorised IOVNB Dataset/Vta (Driver E)/Vta09/S-Vta9.csv,Synchronised V abd S datasets/Categorised IOVNB Dataset/Vta (Driver E)/Vta09/V-vta9.csv,2671b8ec2301:000,1b01d98ee2b5:000,43283.394,43298.892,43283.1,43298.6,43283.100999999995,43298.599,15.498000000006869,0.2930000000014843,0.2930000000014843,clock_difference,none,,,False,-0.0020000000004074536,-129.03225809080345,UNRESOLVED,aligned overlap 15.5s is below the 60s minimum; alignment left UNRESOLVED
synchronized_categorized:VTB1,VTB1,synchronized_categorized,Synchronised V abd S datasets/Categorised IOVNB Dataset/Vtb (Driver E)/Vtb01/S-Vtb1.csv,Synchronised V abd S datasets/Categorised IOVNB Dataset/Vtb (Driver E)/Vtb01/V-vtb1.csv,4132d57199e8:000,9c7487b61d37:000,53857.146,57102.945,53857.8,57103.6,53857.8,57100.0995,3242.2994999999937,-0.654500000000553,2.845499999999923,speed_cross_correlation,medium,0.7595265460459376,0.19338266239900992,False,-0.000999999996565748,-0.30809045429963317,CONFIRMED_BY_SIGNAL,speed correlation 0.760 at offset 2.85s (peak margin 0.193)
synchronized_categorized:VTB10,VTB10,synchronized_categorized,Synchronised V abd S datasets/Categorised IOVNB Dataset/Vtb (Driver E)/Vtb10/S-Vtb10.csv,Synchronised V abd S datasets/Categorised IOVNB Dataset/Vtb (Driver E)/Vtb10/V-vtb10.csv,9e3fc03408f1:000,bfc8ef5f13fa:000,66157.375,66176.875,66156.9,66176.3,66156.9,66176.3,19.40000000000873,0.5250000000014552,0.5250000000014552,clock_difference,none,,,False,0.09999999999126885,5154.639174805353,UNRESOLVED,aligned overlap 19.4s is below the 60s minimum; alignment left UNRESOLVED
synchronized_categorized:VTB11,VTB11,synchronized_categorized,Synchronised V abd S datasets/Categorised IOVNB Dataset/Vtb (Driver E)/Vtb11/S-Vtb11.csv,Synchronised V abd S datasets/Categorised IOVNB Dataset/Vtb (Driver E)/Vtb11/V-vtb11.csv,87c795b6c20e:000,95c98373c894:000,66186.376,66222.376,66188.0,66224.0,66188.0,66224.0,36.0,-1.6239999999961583,-1.6239999999961583,clock_difference,none,,,False,0.0,0.0,UNRESOLVED,aligned overlap 36.0s is below the 60s minimum; alignment left UNRESOLVED
synchronized_categorized:VTB12,VTB12,synchronized_categorized,Synchronised V abd S datasets/Categorised IOVNB Dataset/Vtb (Driver E)/Vtb12/S-Vtb12.csv,Synchronised V abd S datasets/Categorised IOVNB Dataset/Vtb (Driver E)/Vtb12/V-vtb12.csv,538064be488d:000,6d755d7c49d3:000,66231.475,66276.076,66233.1,66277.7,66233.1,66277.7,44.59999999999127,-1.6244999999980791,-1.6244999999980791,clock_difference,none,,,False,0.0010000000038417056,22.421524749818417,UNRESOLVED,aligned overlap 44.6s is below the 60s minimum; alignment left UNRESOLVED
synchronized_categorized:VTB2,VTB2,synchronized_categorized,Synchronised V abd S datasets/Categorised IOVNB Dataset/Vtb (Driver E)/Vtb02/S-Vtb2.csv,Synchronised V abd S datasets/Categorised IOVNB Dataset/Vtb (Driver E)/Vtb02/V-vtb2.csv,06ad03911f2d:000,87da4e0c77e9:000,57980.476,58551.576,57981.4,58552.5,57981.4,58548.4,567.0,-0.9239999999990687,3.176000000001416,speed_cross_correlation,high,0.9637881246772307,0.2380686174549591,False,0.0,0.0,CONFIRMED_BY_SIGNAL,speed correlation 0.964 at offset 3.18s (peak margin 0.238)
synchronized_categorized:VTB3,VTB3,synchronized_categorized,Synchronised V abd S datasets/Categorised IOVNB Dataset/Vtb (Driver E)/Vtb03/S-Vtb3.csv,Synchronised V abd S datasets/Categorised IOVNB Dataset/Vtb (Driver E)/Vtb03/V-vtb3.csv,7a8bd69ead89:000,91667e76e8e0:000,58561.676,59385.576,58563.1,59387.0,58563.1,59383.1,820.0,-1.4239999999990687,2.476000000001413,speed_cross_correlation,high,0.9675646973360585,0.23728211632284146,False,0.0,0.0,CONFIRMED_BY_SIGNAL,speed correlation 0.968 at offset 2.48s (peak margin 0.237)
synchronized_categorized:VTB4,VTB4,synchronized_categorized,Synchronised V abd S datasets/Categorised IOVNB Dataset/Vtb (Driver E)/Vtb04/S-Vtb4.csv,Synchronised V abd S datasets/Categorised IOVNB Dataset/Vtb (Driver E)/Vtb04/V-vtb4.csv,bd191de76af1:000,bd4d02f88c0b:000,59398.376,59453.876,59398.8,59454.3,59398.8,59454.3,55.5,-0.42400000000634464,-0.42400000000634464,clock_difference,none,,,False,0.0,0.0,UNRESOLVED,aligned overlap 55.5s is below the 60s minimum; alignment left UNRESOLVED
synchronized_categorized:VTB5,VTB5,synchronized_categorized,Synchronised V abd S datasets/Categorised IOVNB Dataset/Vtb (Driver E)/Vtb05/S-Vtb5.csv,Synchronised V abd S datasets/Categorised IOVNB Dataset/Vtb (Driver E)/Vtb05/V-vtb5.csv,6896dfad520b:000,b694eaeeb984:000,59453.075,65891.776,59481.4,65920.1,59481.4,65890.1005,6408.700499999999,-28.324500000006083,1.67549999999477,speed_cross_correlation,high,0.9866818851128174,0.21864534456765494,False,0.000999999996565748,0.15531085414225657,CONFIRMED_BY_SIGNAL,speed correlation 0.987 at offset 1.68s (peak margin 0.219)
synchronized_categorized:VTB6,VTB6,synchronized_categorized,Synchronised V abd S datasets/Categorised IOVNB Dataset/Vtb (Driver E)/Vtb06/S-Vtb6.csv,Synchronised V abd S datasets/Categorised IOVNB Dataset/Vtb (Driver E)/Vtb06/V-vtb6.csv,437e6ff31147:000,ff570e77d68f:000,65925.376,65975.076,65926.9,65976.6,65926.9,65976.6,49.70000000001164,-1.5239999999976135,-1.5239999999976135,clock_difference,none,,,False,-1.4551915228366852e-11,-2.927950750173731e-07,UNRESOLVED,aligned overlap 49.7s is below the 60s minimum; alignment left UNRESOLVED
synchronized_categorized:VTB7,VTB7,synchronized_categorized,Synchronised V abd S datasets/Categorised IOVNB Dataset/Vtb (Driver E)/Vtb07/S-Vtb7.csv,Synchronised V abd S datasets/Categorised IOVNB Dataset/Vtb (Driver E)/Vtb07/V-vtb7.csv,3c912d93a732:000,067663bd7ab6:000,65979.375,66025.376,65981.2,66027.2,65981.2,66027.2,46.0,-1.8244999999951688,-1.8244999999951688,clock_difference,none,,,False,0.0010000000038417056,21.739130518297948,UNRESOLVED,aligned overlap 46.0s is below the 60s minimum; alignment left UNRESOLVED
synchronized_categorized:VTB8,VTB8,synchronized_categorized,Synchronised V abd S datasets/Categorised IOVNB Dataset/Vtb (Driver E)/Vtb08/S-Vtb8.csv,Synchronised V abd S datasets/Categorised IOVNB Dataset/Vtb (Driver E)/Vtb08/V-vtb8.csv,6d3b6e43afbe:000,c06b3df20364:000,66033.376,66100.076,66035.0,66101.7,66035.0,66100.0,65.0,-1.6239999999961583,0.07600000000429219,speed_cross_correlation,medium,0.7216208429532812,0.8324863973573794,False,0.0,0.0,CONFIRMED_BY_SIGNAL,speed correlation 0.722 at offset 0.08s (peak margin 0.832)
synchronized_categorized:VTB9,VTB9,synchronized_categorized,Synchronised V abd S datasets/Categorised IOVNB Dataset/Vtb (Driver E)/Vtb09/S-Vtb9.csv,Synchronised V abd S datasets/Categorised IOVNB Dataset/Vtb (Driver E)/Vtb09/V-vtb9.csv,2914b6a69096:000,3ad2255b751f:000,66105.377,66150.476,66107.0,66152.1,66107.0005,66152.09950000001,45.09900000001653,-1.6235000000087894,-1.6235000000087894,clock_difference,none,,,False,-0.0010000000038417056,-22.172949087396375,UNRESOLVED,aligned overlap 45.1s is below the 60s minimum; alignment left UNRESOLVED
synchronized_categorized:VW1,VW1,synchronized_categorized,Synchronised V abd S datasets/Categorised IOVNB Dataset/Vw (Driver E)/Vw01/S-Vw1.csv,Synchronised V abd S datasets/Categorised IOVNB Dataset/Vw (Driver E)/Vw01/V-Vw1.csv,fbf968d0ce57:000,1c5f7db8725c:000,34675.816,36723.316,34575.4,36622.8,34575.4,36622.8,2047.4000000000015,100.46599999999671,100.46599999999671,clock_difference,low,,,False,0.09999999999854481,48.84243430621507,CLOCK_ONLY,signal alignment not confirmed (insufficient overlap or flat correlation surface); clock difference reported only
synchronized_categorized:VW10,VW10,synchronized_categorized,Synchronised V abd S datasets/Categorised IOVNB Dataset/Vw (Driver E)/Vw10/S-Vw10.csv,Synchronised V abd S datasets/Categorised IOVNB Dataset/Vw (Driver E)/Vw10/V-Vw10.csv,dac55cdbb0b0:000,1591b8eda9cb:000,58061.904,58127.004,58062.4,58127.5,58062.4,58125.0,62.599999999998545,-0.4959999999991851,2.0040000000012768,speed_cross_correlation,high,0.8964416016838721,0.7533714081447085,False,0.0,0.0,CONFIRMED_BY_SIGNAL,speed correlation 0.896 at offset 2.00s (peak margin 0.753)
synchronized_categorized:VW11,VW11,synchronized_categorized,Synchronised V abd S datasets/Categorised IOVNB Dataset/Vw (Driver E)/Vw11/S-Vw11.csv,Synchronised V abd S datasets/Categorised IOVNB Dataset/Vw (Driver E)/Vw11/V-Vw11.csv,d1fb2b7e3ad0:000,5ce83ed06846:000,58135.504,58626.304,58134.0,58624.8,58134.0,58621.6,487.59999999999854,1.503999999997177,4.703999999997649,speed_cross_correlation,high,0.9757203222906347,0.28267730892156373,False,-7.275957614183426e-12,-1.4824689515451065e-08,CONFIRMED_BY_SIGNAL,speed correlation 0.976 at offset 4.70s (peak margin 0.283)
synchronized_categorized:VW12,VW12,synchronized_categorized,Synchronised V abd S datasets/Categorised IOVNB Dataset/Vw (Driver E)/Vw12/S-Vw12.csv,Synchronised V abd S datasets/Categorised IOVNB Dataset/Vw (Driver E)/Vw12/V-Vw12.csv,3db4ee68418f:000,b5448bfcb130:000,58640.205,58731.905,58636.2,58727.9,58636.9,58727.9,91.0,4.005000000001019,3.305000000001435,speed_cross_correlation,high,0.9245993865305785,0.7511689391296541,False,-7.275957614183426e-12,-7.934523025281439e-08,CONFIRMED_BY_SIGNAL,speed correlation 0.925 at offset 3.31s (peak margin 0.751)
synchronized_categorized:VW13,VW13,synchronized_categorized,Synchronised V abd S datasets/Categorised IOVNB Dataset/Vw (Driver E)/Vw13/S-Vw13.csv,Synchronised V abd S datasets/Categorised IOVNB Dataset/Vw (Driver E)/Vw13/V-Vw13.csv,f86e535305a7:000,a1be801957c9:000,58826.104,58854.404,58825.1,58853.4,58825.1,58853.4,28.30000000000291,1.004000000000815,1.004000000000815,clock_difference,none,,,False,0.0,0.0,UNRESOLVED,aligned overlap 28.3s is below the 60s minimum; alignment left UNRESOLVED
synchronized_categorized:VW14A,VW14A,synchronized_categorized,Synchronised V abd S datasets/Categorised IOVNB Dataset/Vw (Driver E)/Vw14a/S-Vw14a.csv,Synchronised V abd S datasets/Categorised IOVNB Dataset/Vw (Driver E)/Vw14a/V-Vw14a.csv,c33f936d8de8:000,a5bebc38b09c:000,58874.984,59188.684,58870.1,59183.8,58871.5,59183.8,312.3000000000029,4.883999999998196,3.483999999998602,speed_cross_correlation,high,0.8900612817896002,0.6592475032349072,False,0.0,0.0,CONFIRMED_BY_SIGNAL,speed correlation 0.890 at offset 3.48s (peak margin 0.659)
synchronized_categorized:VW14B,VW14B,synchronized_categorized,Synchronised V abd S datasets/Categorised IOVNB Dataset/Vw (Driver E)/Vw14b/S-Vw14b.csv,Synchronised V abd S datasets/Categorised IOVNB Dataset/Vw (Driver E)/Vw14b/V-Vw14b.csv,0be63d31a967:000,506b8ce6f602:000,59188.983,61147.684,59185.1,61143.8,59185.1,61143.0005,1957.9005000000034,3.8834999999999127,4.68350000000035,speed_cross_correlation,high,0.9906930720242004,0.09196167903009378,False,0.000999999996565748,0.5105427051440985,CONFIRMED_BY_SIGNAL,speed correlation 0.991 at offset 4.68s (peak margin 0.092)
synchronized_categorized:VW14C,VW14C,synchronized_categorized,Synchronised V abd S datasets/Categorised IOVNB Dataset/Vw (Driver E)/Vw14c/S-Vw14c.csv,Synchronised V abd S datasets/Categorised IOVNB Dataset/Vw (Driver E)/Vw14c/V-Vw14c.csv,79d0af64caf8:000,242132227ff2:000,61148.984,62731.484,61147.0,62729.5,61147.0,62727.7,1580.699999999997,1.9839999999967404,3.7839999999971923,speed_cross_correlation,high,0.9840684446447004,0.13714064116363933,False,0.0,0.0,CONFIRMED_BY_SIGNAL,speed correlation 0.984 at offset 3.78s (peak margin 0.137)
synchronized_categorized:VW15,VW15,synchronized_categorized,Synchronised V abd S datasets/Categorised IOVNB Dataset/Vw (Driver E)/Vw15/S-Vw15.csv,Synchronised V abd S datasets/Categorised IOVNB Dataset/Vw (Driver E)/Vw15/V-Vw15.csv,85be9e57dfa6:000,1b9ee8079353:000,62989.943,63127.843,62986.9,63125.9,62987.45,63125.350000000006,137.90000000000873,2.492999999998574,2.492999999998574,clock_difference,low,,,True,-1.0999999999985448,-7913.669064737733,CLOCK_ONLY,signal alignment not confirmed (insufficient overlap or flat correlation surface); clock difference reported only
synchronized_categorized:VW16A,VW16A,synchronized_categorized,Synchronised V abd S datasets/Categorised IOVNB Dataset/Vw (Driver E)/Vw16a/S-Vw16a.csv,Synchronised V abd S datasets/Categorised IOVNB Dataset/Vw (Driver E)/Vw16a/V-Vw16a.csv,fc23e971b8f3:000,02a947a7f434:000,63133.603,63721.402,63143.8,63731.6,63143.8,63717.3995,573.5994999999966,-10.1974999999984,4.002500000002229,speed_cross_correlation,high,0.9835971059337653,0.23517659509925115,False,-0.000999999996565748,-1.7012589257668518,CONFIRMED_BY_SIGNAL,speed correlation 0.984 at offset 4.00s (peak margin 0.235)
synchronized_categorized:VW16B,VW16B,synchronized_categorized,Synchronised V abd S datasets/Categorised IOVNB Dataset/Vw (Driver E)/Vw16b/S-Vw16b.csv,Synchronised V abd S datasets/Categorised IOVNB Dataset/Vw (Driver E)/Vw16b/V-Vw16b.csv,5edb201c6796:000,5646f2e20776:000,63736.002,63848.503,63736.2,63848.7,63736.2,63845.000499999995,108.80049999999756,-0.1974999999983993,3.5025000000020796,speed_cross_correlation,high,0.9483603723318806,0.6393053449675845,False,0.000999999996565748,8.888888858362204,CONFIRMED_BY_SIGNAL,speed correlation 0.948 at offset 3.50s (peak margin 0.639)
synchronized_categorized:VW17,VW17,synchronized_categorized,Synchronised V abd S datasets/Categorised IOVNB Dataset/Vw (Driver E)/Vw17/S-Vw17.csv,Synchronised V abd S datasets/Categorised IOVNB Dataset/Vw (Driver E)/Vw17/V-Vw17.csv,abd8373222ff:000,e3bdc8139966:000,63854.702,63887.503,63853.1,63885.9,63853.1,63885.9,32.80000000000291,1.6024999999972351,1.6024999999972351,clock_difference,none,,,False,0.000999999996565748,30.48780477334327,UNRESOLVED,aligned overlap 32.8s is below the 60s minimum; alignment left UNRESOLVED
synchronized_categorized:VW2,VW2,synchronized_categorized,Synchronised V abd S datasets/Categorised IOVNB Dataset/Vw (Driver E)/Vw02/S-Vw2.csv,Synchronised V abd S datasets/Categorised IOVNB Dataset/Vw (Driver E)/Vw02/V-Vw2.csv,51abe4136abb:000,5cb2a91ed33e:000,36946.685,42217.884,36944.8,42215.9,36944.8,42213.6495,5268.849499999997,1.9344999999957508,4.23449999999621,speed_cross_correlation,high,0.983268330029638,0.15098569527719696,False,0.09900000000197906,18.781658477733128,CONFIRMED_BY_SIGNAL,speed correlation 0.983 at offset 4.23s (peak margin 0.151)
synchronized_categorized:VW3,VW3,synchronized_categorized,Synchronised V abd S datasets/Categorised IOVNB Dataset/Vw (Driver E)/Vw03/S-Vw3.csv,Synchronised V abd S datasets/Categorised IOVNB Dataset/Vw (Driver E)/Vw03/V-Vw3.csv,9a03b6e9ec4a:000,c9a28bfa44a4:000,42239.984,42625.985,42240.0,42626.0,42240.0,42621.0005,381.0005000000019,-0.015500000001338776,4.984499999999159,speed_cross_correlation,high,0.943687754858267,0.609173011046178,False,0.0010000000038417056,2.590673585082139,CONFIRMED_BY_SIGNAL,speed correlation 0.944 at offset 4.98s (peak margin 0.609)
synchronized_categorized:VW4,VW4,synchronized_categorized,Synchronised V abd S datasets/Categorised IOVNB Dataset/Vw (Driver E)/Vw04/S-Vw4.csv,Synchronised V abd S datasets/Categorised IOVNB Dataset/Vw (Driver E)/Vw04/V-Vw4.csv,fa0b8dc8dddf:000,2f233ca5b785:000,44127.004,56779.504,44126.7,56779.3,44126.7,56775.05,12648.350000000006,0.2540000000008149,4.454000000001301,speed_cross_correlation,high,0.9861001045401055,0.12208448340571854,False,-0.10000000000582077,-7.903513902740996,CONFIRMED_BY_SIGNAL,speed correlation 0.986 at offset 4.45s (peak margin 0.122)
synchronized_categorized:VW5,VW5,synchronized_categorized,Synchronised V abd S datasets/Categorised IOVNB Dataset/Vw (Driver E)/Vw05/S-Vw5.csv,Synchronised V abd S datasets/Categorised IOVNB Dataset/Vw (Driver E)/Vw05/V-Vw5.csv,049ad3efce5a:000,0db45b1a102a:000,56796.903,56898.004,56794.1,56895.2,56794.1,56892.0005,97.90050000000338,2.8035000000018044,6.003500000002276,speed_cross_correlation,medium,0.7222489951594048,0.722657544295893,False,0.0010000000038417056,9.891196872816222,CONFIRMED_BY_SIGNAL,speed correlation 0.722 at offset 6.00s (peak margin 0.723)
synchronized_categorized:VW6,VW6,synchronized_categorized,Synchronised V abd S datasets/Categorised IOVNB Dataset/Vw (Driver E)/Vw06/S-Vw6.csv,Synchronised V abd S datasets/Categorised IOVNB Dataset/Vw (Driver E)/Vw06/V-Vw6.csv,d37056443067:000,bddfff4d6696:000,56902.904,57030.904,56904.2,57032.2,56904.2,57029.1,124.90000000000146,-1.2959999999948195,1.8040000000056509,speed_cross_correlation,medium,0.6505492884404621,0.6631246779007822,False,0.0,0.0,CONFIRMED_BY_SIGNAL,speed correlation 0.651 at offset 1.80s (peak margin 0.663)
synchronized_categorized:VW7,VW7,synchronized_categorized,Synchronised V abd S datasets/Categorised IOVNB Dataset/Vw (Driver E)/Vw07/S-Vw7.csv,Synchronised V abd S datasets/Categorised IOVNB Dataset/Vw (Driver E)/Vw07/V-Vw7.csv,aa2774bec039:000,e42fa1303dce:000,57309.004,57469.103,57476.8,57636.9,57476.8005,57636.8995,160.09900000000198,-167.79650000000038,-167.79650000000038,clock_difference,low,0.36794860631069776,0.19591750732337654,False,-0.000999999996565748,-6.246096168430713,CLOCK_ONLY,signal alignment not confirmed (correlation 0.368 below 0.5 or peak not distinct); clock difference reported only
synchronized_categorized:VW8,VW8,synchronized_categorized,Synchronised V abd S datasets/Categorised IOVNB Dataset/Vw (Driver E)/Vw08/S-Vw8.csv,Synchronised V abd S datasets/Categorised IOVNB Dataset/Vw (Driver E)/Vw08/V-Vw8.csv,53a4a5b9494e:000,89692d9e3e6a:000,57489.004,57641.804,57650.0,57802.8,57650.0,57798.5,148.5,-160.99600000000282,-156.69600000000477,speed_cross_correlation,medium,0.6887409938668247,0.6662343532325495,False,-7.275957614183426e-12,-4.761752365303198e-08,CONFIRMED_BY_SIGNAL,speed correlation 0.689 at offset -156.70s (peak margin 0.666)
synchronized_categorized:VW9,VW9,synchronized_categorized,Synchronised V abd S datasets/Categorised IOVNB Dataset/Vw (Driver E)/Vw09/S-Vw9.csv,Synchronised V abd S datasets/Categorised IOVNB Dataset/Vw (Driver E)/Vw09/V-Vw9.csv,1a9d760bc7d2:000,0e371904d8bc:000,57840.403,57895.504,57839.9,57895.1,57839.9495,57895.0505,55.10099999999511,0.45349999999962165,0.45349999999962165,clock_difference,none,,,False,-0.0989999999947031,-1793.4782607737015,UNRESOLVED,aligned overlap 55.1s is below the 60s minimum; alignment left UNRESOLVED
synchronized_categorized:Y1,Y1,synchronized_categorized,Synchronised V abd S datasets/Categorised IOVNB Dataset/Y (Driver D)/Y1/S-Y1.csv,Synchronised V abd S datasets/Categorised IOVNB Dataset/Y (Driver D)/Y1/V-Y1.csv,4e0f18c9aeea:000,382cb04c75e8:000,65565.703,72957.021,61959.9,69626.7,62097.641,69488.959,7391.317999999999,3468.0619999999944,3468.0619999999944,clock_difference,low,0.18145582504055616,0.09328745768688931,True,-275.48199999999633,-35931.80988156681,CLOCK_ONLY,signal alignment not confirmed (correlation 0.181 below 0.5 or peak not distinct); clock difference reported only
synchronized_uncategorized:M,M,synchronized_uncategorized,Synchronised V abd S datasets/Uncategorised IOVNB Dataset/S-Dataset/S-M.csv,Synchronised V abd S datasets/Uncategorised IOVNB Dataset/V-Dataset/V-M.csv,71453d0af0d3:000,23f0904d08a7:000,33209.506,43809.129,29608.4,40205.7,29608.4,40204.76150000003,10596.361500000028,3602.2675000000017,3604.3674999999726,speed_cross_correlation,high,0.953466539444486,0.3382772257277371,True,2.323000000003958,219.20677908561228,CONFIRMED_BY_SIGNAL,speed correlation 0.953 at offset 3604.37s (peak margin 0.338)
synchronized_uncategorized:S1,S1,synchronized_uncategorized,Synchronised V abd S datasets/Uncategorised IOVNB Dataset/S-Dataset/S-S1.csv,Synchronised V abd S datasets/Uncategorised IOVNB Dataset/V-Dataset/V-S1.csv,819c5c4bb272:000,8e59eda9fa06:000,36469.546,41644.045,32869.0,38043.5,32869.0,38039.29950000003,5170.29950000003,3600.5455,3604.745499999969,speed_cross_correlation,high,0.9287008008207898,0.4678157220732277,False,-0.0010000000038417056,-0.19325538773634277,CONFIRMED_BY_SIGNAL,speed correlation 0.929 at offset 3604.75s (peak margin 0.468)
synchronized_uncategorized:S2,S2,synchronized_uncategorized,Synchronised V abd S datasets/Uncategorised IOVNB Dataset/S-Dataset/S-S2.csv,Synchronised V abd S datasets/Uncategorised IOVNB Dataset/V-Dataset/V-S2.csv,5851902ce5d4:000,492b2b544356:000,43431.741,52820.349,39824.4,49211.9,39827.446000000025,49211.9,9384.453999999976,3607.8950000000004,3604.2949999999764,speed_cross_correlation,high,0.9611641807177098,0.3055331227632194,True,1.1080000000001746,118.02929427431954,CONFIRMED_BY_SIGNAL,speed correlation 0.961 at offset 3604.29s (peak margin 0.306)
synchronized_uncategorized:S3A,S3A,synchronized_uncategorized,Synchronised V abd S datasets/Uncategorised IOVNB Dataset/S-Dataset/S-S3a.csv,Synchronised V abd S datasets/Uncategorised IOVNB Dataset/V-Dataset/V-S3a.csv,8e085465f038:000,97e24d298e0c:000,69711.494,72173.494,66118.0,68580.0,66118.0,68568.70000000004,2450.7000000000407,3593.494000000006,3604.7939999999685,speed_cross_correlation,high,0.966799708743137,0.2701416035349352,False,0.0,0.0,CONFIRMED_BY_SIGNAL,speed correlation 0.967 at offset 3604.79s (peak margin 0.270)
synchronized_uncategorized:S3B,S3B,synchronized_uncategorized,Synchronised V abd S datasets/Uncategorised IOVNB Dataset/S-Dataset/S-S3b.csv,Synchronised V abd S datasets/Uncategorised IOVNB Dataset/V-Dataset/V-S3b.csv,19e3c80523ef:000,0de2ff37232f:000,72183.493,72869.021,68582.8,69264.0,68582.8,69264.0,681.1999999999971,3602.8569999999963,3604.3569999999677,speed_cross_correlation,high,0.8457640522625148,0.6669245118383029,True,4.327999999994063,6353.493834401176,CONFIRMED_BY_SIGNAL,speed correlation 0.846 at offset 3604.36s (peak margin 0.667)
synchronized_uncategorized:S3C,S3C,synchronized_uncategorized,Synchronised V abd S datasets/Uncategorised IOVNB Dataset/S-Dataset/S-S3c.csv,Synchronised V abd S datasets/Uncategorised IOVNB Dataset/V-Dataset/V-S3c.csv,4eaf1873275a:000,86d8c37c03bb:000,72868.521,76586.72,69267.8,72986.0,69267.8,72981.99950000003,3714.1995000000315,3600.720499999996,3604.720499999965,speed_cross_correlation,high,0.9800230243516026,0.15411164200965144,False,-0.0009999999892897904,-0.2689473372303241,CONFIRMED_BY_SIGNAL,speed correlation 0.980 at offset 3604.72s (peak margin 0.154)
synchronized_uncategorized:S4,S4,synchronized_uncategorized,Synchronised V abd S datasets/Uncategorised IOVNB Dataset/S-Dataset/S-S4.csv,Synchronised V abd S datasets/Uncategorised IOVNB Dataset/V-Dataset/V-S4.csv,4a3b9065b673:000,12044e2b839a:000,65775.111,75548.216,62173.4,71633.3,62173.4,71633.3,9459.900000000001,3758.3135,3758.3135,clock_difference,low,0.45252839373072423,0.05387638288006652,True,313.20499999999447,33108.70093764146,CLOCK_ONLY,signal alignment not confirmed (correlation 0.453 below 0.5 or peak not distinct); clock difference reported only
synchronized_uncategorized:VFA01,VFA01,synchronized_uncategorized,Synchronised V abd S datasets/Uncategorised IOVNB Dataset/S-Dataset/S-Vfa01.csv,Synchronised V abd S datasets/Uncategorised IOVNB Dataset/V-Dataset/V-Vfa01.csv,c743ad854bd5:000,e690a419193d:000,33626.236,34774.736,33622.0,34775.4,33622.85,34771.35,1148.5,1.7859999999964202,3.3859999999968693,speed_cross_correlation,high,0.9781875411600788,0.2388054406343353,True,-4.900000000001455,-4248.309346281818,CONFIRMED_BY_SIGNAL,speed correlation 0.978 at offset 3.39s (peak margin 0.239)
synchronized_uncategorized:VFA02,VFA02,synchronized_uncategorized,Synchronised V abd S datasets/Uncategorised IOVNB Dataset/S-Dataset/S-Vfa02.csv,Synchronised V abd S datasets/Uncategorised IOVNB Dataset/V-Dataset/V-Vfa02.csv,65348172ad4e:000,85b9631ca6a8:000,35837.649,42589.85,35829.9,42605.3,35833.8995,42586.1005,6752.201000000001,-3.8505000000041036,3.7494999999964307,speed_cross_correlation,high,0.9893786534179181,0.08549303132183206,True,-23.199000000000524,-3424.004486820043,CONFIRMED_BY_SIGNAL,speed correlation 0.989 at offset 3.75s (peak margin 0.085)
synchronized_uncategorized:VTA10,VTA10,synchronized_uncategorized,Synchronised V abd S datasets/Uncategorised IOVNB Dataset/S-Dataset/S-Vta10.csv,Synchronised V abd S datasets/Uncategorised IOVNB Dataset/V-Dataset/V-vta10.csv,1802cbfa0458:000,2848d229f4a5:000,43310.393,43460.493,43309.9,43460.0,43309.9,43455.3,145.40000000000146,0.4929999999985739,5.192999999999067,speed_cross_correlation,high,0.9622077154114043,0.5869681496709352,False,7.275957614183426e-12,4.8474068049190515e-08,CONFIRMED_BY_SIGNAL,speed correlation 0.962 at offset 5.19s (peak margin 0.587)
synchronized_uncategorized:VTA11,VTA11,synchronized_uncategorized,Synchronised V abd S datasets/Uncategorised IOVNB Dataset/S-Dataset/S-Vta11.csv,Synchronised V abd S datasets/Uncategorised IOVNB Dataset/V-Dataset/V-vta11.csv,55296eaadaa7:000,12cf51936ea2:000,43472.393,43523.293,43471.9,43522.8,43471.9,43522.8,50.900000000001455,0.49299999999493593,0.49299999999493593,clock_difference,none,,,False,0.0,0.0,UNRESOLVED,aligned overlap 50.9s is below the 60s minimum; alignment left UNRESOLVED
synchronized_uncategorized:VTA12,VTA12,synchronized_uncategorized,Synchronised V abd S datasets/Uncategorised IOVNB Dataset/S-Dataset/S-Vta12.csv,Synchronised V abd S datasets/Uncategorised IOVNB Dataset/V-Dataset/V-vta12.csv,e0ea65fc0a2f:000,c2ba3053903b:000,43535.393,43596.293,43535.1,43596.0,43535.1,43587.9,52.80000000000291,0.2929999999978463,8.392999999998388,speed_cross_correlation,none,0.9321974768067641,0.4238401262190189,False,0.0,0.0,UNRESOLVED,aligned overlap 52.8s is below the 60s minimum; alignment left UNRESOLVED
synchronized_uncategorized:VTA13,VTA13,synchronized_uncategorized,Synchronised V abd S datasets/Uncategorised IOVNB Dataset/S-Dataset/S-Vta13.csv,Synchronised V abd S datasets/Uncategorised IOVNB Dataset/V-Dataset/V-vta13.csv,228caace5149:000,2654dd964866:000,43607.292,43647.593,43606.9,43647.2,43606.9,43647.2,40.299999999995634,0.39250000000174623,0.39250000000174623,clock_difference,none,,,False,0.0010000000038417056,24.81389587696809,UNRESOLVED,aligned overlap 40.3s is below the 60s minimum; alignment left UNRESOLVED
synchronized_uncategorized:VTA14,VTA14,synchronized_uncategorized,Synchronised V abd S datasets/Uncategorised IOVNB Dataset/S-Dataset/S-Vta14.csv,Synchronised V abd S datasets/Uncategorised IOVNB Dataset/V-Dataset/V-vta14.csv,bb4a6ff8b36a:000,47fb8c1e6a90:000,43652.493,43940.893,43651.8,43940.2,43651.8,43935.7,283.8999999999942,0.6929999999993015,5.192999999999792,speed_cross_correlation,high,0.9466690416116322,0.36557751468366384,False,0.0,0.0,CONFIRMED_BY_SIGNAL,speed correlation 0.947 at offset 5.19s (peak margin 0.366)
synchronized_uncategorized:VTA15,VTA15,synchronized_uncategorized,Synchronised V abd S datasets/Uncategorised IOVNB Dataset/S-Dataset/S-Vta15.csv,Synchronised V abd S datasets/Uncategorised IOVNB Dataset/V-Dataset/V-vta15.csv,97658ff6d1e6:000,7ce40f70af39:000,43951.793,44034.993,43948.8,44032.0,43948.8,44031.9,83.09999999999854,2.992999999998574,3.0929999999990017,speed_cross_correlation,high,0.9019314265957113,0.9081515476479278,False,7.275957614183426e-12,8.745141363201539e-08,CONFIRMED_BY_SIGNAL,speed correlation 0.902 at offset 3.09s (peak margin 0.908)
synchronized_uncategorized:VTA16,VTA16,synchronized_uncategorized,Synchronised V abd S datasets/Uncategorised IOVNB Dataset/S-Dataset/S-Vta16.csv,Synchronised V abd S datasets/Uncategorised IOVNB Dataset/V-Dataset/V-vta16.csv,25bba4c7024d:000,c0d60dc9d7a3:000,44040.693,45174.093,44038.9,45172.3,44038.9,45169.100000000006,1130.2000000000044,1.7929999999978463,4.992999999998318,speed_cross_correlation,high,0.9701732159671583,0.21473432804524395,False,0.0,0.0,CONFIRMED_BY_SIGNAL,speed correlation 0.970 at offset 4.99s (peak margin 0.215)
synchronized_uncategorized:VTA17,VTA17,synchronized_uncategorized,Synchronised V abd S datasets/Uncategorised IOVNB Dataset/S-Dataset/S-Vta17.csv,Synchronised V abd S datasets/Uncategorised IOVNB Dataset/V-Dataset/V-vta17.csv,e7dd97db647b:000,d635527b069d:000,45185.392,45638.378,45184.9,45636.7,45184.9,45633.793,448.8929999999964,1.0849999999991269,4.584999999999603,speed_cross_correlation,high,0.8899525751924311,0.8573019831357784,True,1.1860000000015134,2625.055334222056,CONFIRMED_BY_SIGNAL,speed correlation 0.890 at offset 4.58s (peak margin 0.857)
synchronized_uncategorized:VTA19,VTA19,synchronized_uncategorized,Synchronised V abd S datasets/Uncategorised IOVNB Dataset/S-Dataset/S-Vta19.csv,Synchronised V abd S datasets/Uncategorised IOVNB Dataset/V-Dataset/V-vta19.csv,50a0ce6338f8:000,129785b49387:000,45657.377,45686.478,45656.9,45686.0,45656.9,45686.0,29.099999999998545,0.4775000000008731,0.4775000000008731,clock_difference,none,,,False,0.0010000000038417056,34.364261300403975,UNRESOLVED,aligned overlap 29.1s is below the 60s minimum; alignment left UNRESOLVED
synchronized_uncategorized:VTA1A,VTA1A,synchronized_uncategorized,Synchronised V abd S datasets/Uncategorised IOVNB Dataset/S-Dataset/S-Vta1a.csv,Synchronised V abd S datasets/Uncategorised IOVNB Dataset/V-Dataset/V-Vta1a.csv,25e382fbbc34:000,4b09e133584b:000,38507.363,41074.862,38521.0,41088.5,38521.0,41074.099500000004,2553.099500000004,-13.637500000000728,0.7624999999999034,speed_cross_correlation,high,0.9968764605681146,0.35415059182145836,False,-0.000999999996565748,-0.3894839324501453,CONFIRMED_BY_SIGNAL,speed correlation 0.997 at offset 0.76s (peak margin 0.354)
synchronized_uncategorized:VTA1B,VTA1B,synchronized_uncategorized,Synchronised V abd S datasets/Uncategorised IOVNB Dataset/S-Dataset/S-Vta1b.csv,Synchronised V abd S datasets/Uncategorised IOVNB Dataset/V-Dataset/V-Vta1b.csv,d4286914fd02:000,83c6ad5afbbc:000,41089.463,41184.763,41089.0,41184.2,41089.0,41184.049999999996,95.04999999999563,0.5130000000026484,0.7130000000030776,speed_cross_correlation,high,0.9949647440749348,0.6116100318796976,False,0.09999999999854481,1050.4201680519734,CONFIRMED_BY_SIGNAL,speed correlation 0.995 at offset 0.71s (peak margin 0.612)
synchronized_uncategorized:VTA2,VTA2,synchronized_uncategorized,Synchronised V abd S datasets/Uncategorised IOVNB Dataset/S-Dataset/S-Vta2.csv,Synchronised V abd S datasets/Uncategorised IOVNB Dataset/V-Dataset/V-vta2.csv,eafbdc315806:000,5fb5a864e5a6:000,41191.265,42290.263,41190.3,42289.3,41190.501000000004,42289.3,1098.798999999999,0.9639999999963038,0.7639999999967273,speed_cross_correlation,high,0.9963368829373879,0.4208742549663397,False,-0.0020000000004074536,-1.8198362151114227,CONFIRMED_BY_SIGNAL,speed correlation 0.996 at offset 0.76s (peak margin 0.421)
synchronized_uncategorized:VTA20,VTA20,synchronized_uncategorized,Synchronised V abd S datasets/Uncategorised IOVNB Dataset/S-Dataset/S-Vta20.csv,Synchronised V abd S datasets/Uncategorised IOVNB Dataset/V-Dataset/V-vta20.csv,2053e5e5c9a7:000,4c49f750ae05:000,45741.722,46063.922,45715.0,46037.2,45736.5,46037.2,300.6999999999971,26.72200000000157,5.222000000001579,speed_cross_correlation,high,0.9682816085710769,0.409825394547093,False,0.0,0.0,CONFIRMED_BY_SIGNAL,speed correlation 0.968 at offset 5.22s (peak margin 0.410)
synchronized_uncategorized:VTA21,VTA21,synchronized_uncategorized,Synchronised V abd S datasets/Uncategorised IOVNB Dataset/S-Dataset/S-Vta21.csv,Synchronised V abd S datasets/Uncategorised IOVNB Dataset/V-Dataset/V-vta21.csv,8aa3df49db9b:000,9fef5d99355c:000,46052.022,46259.822,46043.7,46251.5,46049.0,46251.5,202.5,8.322000000000116,3.0220000000004674,speed_cross_correlation,high,0.8981872290944543,0.7613075433495379,False,0.0,0.0,CONFIRMED_BY_SIGNAL,speed correlation 0.898 at offset 3.02s (peak margin 0.761)
synchronized_uncategorized:VTA22,VTA22,synchronized_uncategorized,Synchronised V abd S datasets/Uncategorised IOVNB Dataset/S-Dataset/S-Vta22.csv,Synchronised V abd S datasets/Uncategorised IOVNB Dataset/V-Dataset/V-vta22.csv,63dcb0fceb5e:000,b9f3b5408799:000,46260.822,46417.123,46257.0,46413.3,46257.2995,46413.3,156.00050000000192,3.8224999999983993,3.5224999999988214,speed_cross_correlation,high,0.8319029534751131,0.5829368092981648,False,0.000999999996565748,6.397952633178051,CONFIRMED_BY_SIGNAL,speed correlation 0.832 at offset 3.52s (peak margin 0.583)
synchronized_uncategorized:VTA23,VTA23,synchronized_uncategorized,Synchronised V abd S datasets/Uncategorised IOVNB Dataset/S-Dataset/S-Vta23.csv,Synchronised V abd S datasets/Uncategorised IOVNB Dataset/V-Dataset/V-vta23.csv,9b6078292366:000,67c2a792a369:000,46420.023,46530.923,46419.1,46530.0,46419.1,46529.2,110.09999999999854,0.9230000000025029,1.7230000000029406,speed_cross_correlation,high,0.8925976406967375,1.0604643876542619,False,0.0,0.0,CONFIRMED_BY_SIGNAL,speed correlation 0.893 at offset 1.72s (peak margin 1.060)
synchronized_uncategorized:VTA24,VTA24,synchronized_uncategorized,Synchronised V abd S datasets/Uncategorised IOVNB Dataset/S-Dataset/S-Vta24.csv,Synchronised V abd S datasets/Uncategorised IOVNB Dataset/V-Dataset/V-vta24.csv,0e1987018484:000,719438458b2e:000,46535.922,46652.923,46535.8,46652.8,46535.8,46649.60050000001,113.80050000000483,0.1224999999976717,3.3224999999981435,speed_cross_correlation,high,0.9405163287840426,0.8024369077147149,False,0.0010000000038417056,8.547008579843638,CONFIRMED_BY_SIGNAL,speed correlation 0.941 at offset 3.32s (peak margin 0.802)
synchronized_uncategorized:VTA25,VTA25,synchronized_uncategorized,Synchronised V abd S datasets/Uncategorised IOVNB Dataset/S-Dataset/S-Vta25.csv,Synchronised V abd S datasets/Uncategorised IOVNB Dataset/V-Dataset/V-vta25.csv,79a3cb847acd:000,08c4cb3b39f2:000,46656.324,46720.822,46657.6,46722.1,46657.6,46714.699,57.09900000000198,-1.2769999999982247,6.123000000002307,speed_cross_correlation,none,0.9126912499702963,1.0470060044260854,False,-0.0020000000004074536,-31.007751944301607,UNRESOLVED,aligned overlap 57.1s is below the 60s minimum; alignment left UNRESOLVED
synchronized_uncategorized:VTA26,VTA26,synchronized_uncategorized,Synchronised V abd S datasets/Uncategorised IOVNB Dataset/S-Dataset/S-Vta26.csv,Synchronised V abd S datasets/Uncategorised IOVNB Dataset/V-Dataset/V-vta26.csv,35b361cd3f66:000,57e364d817aa:000,46728.922,46922.322,46727.6,46921.0,46727.6,46920.2,192.59999999999854,1.3220000000001164,2.122000000000554,speed_cross_correlation,high,0.9628757543420498,0.3765104508894562,False,0.0,0.0,CONFIRMED_BY_SIGNAL,speed correlation 0.963 at offset 2.12s (peak margin 0.377)
synchronized_uncategorized:VTA27,VTA27,synchronized_uncategorized,Synchronised V abd S datasets/Uncategorised IOVNB Dataset/S-Dataset/S-Vta27.csv,Synchronised V abd S datasets/Uncategorised IOVNB Dataset/V-Dataset/V-vta27.csv,5a5de2c15ce2:000,7f3af1c36008:000,46929.622,47183.522,46956.8,47210.7,46956.8,47180.7,223.89999999999418,-27.177999999999884,2.822000000000969,speed_cross_correlation,high,0.952032260152515,0.3458432924610443,False,0.0,0.0,CONFIRMED_BY_SIGNAL,speed correlation 0.952 at offset 2.82s (peak margin 0.346)
synchronized_uncategorized:VTA28,VTA28,synchronized_uncategorized,Synchronised V abd S datasets/Uncategorised IOVNB Dataset/S-Dataset/S-Vta28.csv,Synchronised V abd S datasets/Uncategorised IOVNB Dataset/V-Dataset/V-vta28.csv,f6681389a3ae:000,a8752e753ff9:000,47214.922,47635.822,47216.3,47637.2,47216.3,47631.7,415.3999999999942,-1.3780000000006112,4.121999999999893,speed_cross_correlation,high,0.9079591737394516,0.6814533304691327,False,7.275957614183426e-12,1.728666575002026e-08,CONFIRMED_BY_SIGNAL,speed correlation 0.908 at offset 4.12s (peak margin 0.681)
synchronized_uncategorized:VTA29,VTA29,synchronized_uncategorized,Synchronised V abd S datasets/Uncategorised IOVNB Dataset/S-Dataset/S-Vta29.csv,Synchronised V abd S datasets/Uncategorised IOVNB Dataset/V-Dataset/V-vta29.csv,fdb0c5fe8db0:000,eb87d258739b:000,48440.808,50810.586,48446.2,50816.6,48446.2,50807.389,2361.1890000000058,-5.702999999997701,3.197000000002852,speed_cross_correlation,high,0.9617913540374561,0.30690390437395487,False,-0.6219999999957508,-262.4029699610827,CONFIRMED_BY_SIGNAL,speed correlation 0.962 at offset 3.20s (peak margin 0.307)
synchronized_uncategorized:VTA3,VTA3,synchronized_uncategorized,Synchronised V abd S datasets/Uncategorised IOVNB Dataset/S-Dataset/S-Vta3.csv,Synchronised V abd S datasets/Uncategorised IOVNB Dataset/V-Dataset/V-vta3.csv,e94b492767c8:000,e2c6b46b5147:000,42353.893,42418.293,42374.0,42438.4,42396.0,42438.4,42.400000000001455,-20.10700000000361,-42.107000000003495,speed_cross_correlation,none,0.9403736350214962,0.6876016125068556,False,0.0,0.0,UNRESOLVED,aligned overlap 42.4s is below the 60s minimum; alignment left UNRESOLVED
synchronized_uncategorized:VTA30,VTA30,synchronized_uncategorized,Synchronised V abd S datasets/Uncategorised IOVNB Dataset/S-Dataset/S-Vta30.csv,Synchronised V abd S datasets/Uncategorised IOVNB Dataset/V-Dataset/V-vta30.csv,28161336944b:000,5c8b13f1e83f:000,50823.886,52537.386,50821.6,52535.1,50821.6,52533.799999999996,1712.199999999997,2.286000000000058,3.586000000000503,speed_cross_correlation,high,0.9713687805804353,0.23911797515576982,False,0.0,0.0,CONFIRMED_BY_SIGNAL,speed correlation 0.971 at offset 3.59s (peak margin 0.239)
synchronized_uncategorized:VTA4,VTA4,synchronized_uncategorized,Synchronised V abd S datasets/Uncategorised IOVNB Dataset/S-Dataset/S-Vta4.csv,Synchronised V abd S datasets/Uncategorised IOVNB Dataset/V-Dataset/V-vta4.csv,b3afee4fde18:000,0c626160be0f:000,42447.394,42626.193,42445.2,42624.0,42445.2,42619.0995,173.89949999999953,2.1935000000012224,7.093500000001718,speed_cross_correlation,high,0.8596281371153333,0.8218262072188541,False,-0.0010000000038417056,-5.59284118479692,CONFIRMED_BY_SIGNAL,speed correlation 0.860 at offset 7.09s (peak margin 0.822)
synchronized_uncategorized:VTA5,VTA5,synchronized_uncategorized,Synchronised V abd S datasets/Uncategorised IOVNB Dataset/S-Dataset/S-Vta5.csv,Synchronised V abd S datasets/Uncategorised IOVNB Dataset/V-Dataset/V-vta5.csv,ef23269dffe1:000,31c052676e02:000,42634.393,42664.993,42633.6,42664.2,42633.6,42664.2,30.599999999998545,0.7930000000014843,0.7930000000014843,clock_difference,none,,,False,7.275957614183426e-12,2.377763926203847e-07,UNRESOLVED,aligned overlap 30.6s is below the 60s minimum; alignment left UNRESOLVED
synchronized_uncategorized:VTA6,VTA6,synchronized_uncategorized,Synchronised V abd S datasets/Uncategorised IOVNB Dataset/S-Dataset/S-Vta6.csv,Synchronised V abd S datasets/Uncategorised IOVNB Dataset/V-Dataset/V-vta6.csv,1deac04dc111:000,ec82e633ecdc:000,42671.993,42809.493,42669.7,42807.2,42669.7,42805.5,135.8000000000029,2.2930000000051223,3.9930000000055728,speed_cross_correlation,high,0.9552576882539479,0.5113321669544371,False,0.0,0.0,CONFIRMED_BY_SIGNAL,speed correlation 0.955 at offset 3.99s (peak margin 0.511)
synchronized_uncategorized:VTA7,VTA7,synchronized_uncategorized,Synchronised V abd S datasets/Uncategorised IOVNB Dataset/S-Dataset/S-Vta7.csv,Synchronised V abd S datasets/Uncategorised IOVNB Dataset/V-Dataset/V-vta7.csv,a3979f48728a:000,87c54b7fb23d:000,42815.293,42899.193,42813.7,42897.6,42813.7,42895.2,81.5,1.5930000000007567,3.993000000001217,speed_cross_correlation,high,0.9589343503665749,1.1788944856302468,False,0.0,0.0,CONFIRMED_BY_SIGNAL,speed correlation 0.959 at offset 3.99s (peak margin 1.179)
synchronized_uncategorized:VTA8,VTA8,synchronized_uncategorized,Synchronised V abd S datasets/Uncategorised IOVNB Dataset/S-Dataset/S-Vta8.csv,Synchronised V abd S datasets/Uncategorised IOVNB Dataset/V-Dataset/V-vta8.csv,b771523b2a83:000,3b38a7a248b5:000,42905.293,43272.793,42904.0,43271.5,42904.0,43267.7,363.6999999999971,1.2929999999978463,5.092999999998327,speed_cross_correlation,high,0.9770322168179151,0.18588658422508397,False,0.0,0.0,CONFIRMED_BY_SIGNAL,speed correlation 0.977 at offset 5.09s (peak margin 0.186)
synchronized_uncategorized:VTA9,VTA9,synchronized_uncategorized,Synchronised V abd S datasets/Uncategorised IOVNB Dataset/S-Dataset/S-Vta9.csv,Synchronised V abd S datasets/Uncategorised IOVNB Dataset/V-Dataset/V-vta9.csv,ddca3a613dc2:000,1b01d98ee2b5:000,43283.394,43298.892,43283.1,43298.6,43283.100999999995,43298.599,15.498000000006869,0.2930000000014843,0.2930000000014843,clock_difference,none,,,False,-0.0020000000004074536,-129.03225809080345,UNRESOLVED,aligned overlap 15.5s is below the 60s minimum; alignment left UNRESOLVED
synchronized_uncategorized:VTB1,VTB1,synchronized_uncategorized,Synchronised V abd S datasets/Uncategorised IOVNB Dataset/S-Dataset/S-Vtb1.csv,Synchronised V abd S datasets/Uncategorised IOVNB Dataset/V-Dataset/V-vtb1.csv,4132d57199e8:000,9c7487b61d37:000,53857.146,57102.945,53857.8,57103.6,53857.8,57100.0995,3242.2994999999937,-0.654500000000553,2.845499999999923,speed_cross_correlation,medium,0.7595265460459376,0.19338266239900992,False,-0.000999999996565748,-0.30809045429963317,CONFIRMED_BY_SIGNAL,speed correlation 0.760 at offset 2.85s (peak margin 0.193)
synchronized_uncategorized:VTB10,VTB10,synchronized_uncategorized,Synchronised V abd S datasets/Uncategorised IOVNB Dataset/S-Dataset/S-Vtb10.csv,Synchronised V abd S datasets/Uncategorised IOVNB Dataset/V-Dataset/V-vtb10.csv,202fab30375e:000,bfc8ef5f13fa:000,66157.375,66176.875,66156.9,66176.3,66156.9,66176.3,19.40000000000873,0.5250000000014552,0.5250000000014552,clock_difference,none,,,False,0.09999999999126885,5154.639174805353,UNRESOLVED,aligned overlap 19.4s is below the 60s minimum; alignment left UNRESOLVED
synchronized_uncategorized:VTB11,VTB11,synchronized_uncategorized,Synchronised V abd S datasets/Uncategorised IOVNB Dataset/S-Dataset/S-Vtb11.csv,Synchronised V abd S datasets/Uncategorised IOVNB Dataset/V-Dataset/V-vtb11.csv,6cf4b689fa81:000,95c98373c894:000,66186.376,66222.376,66188.0,66224.0,66188.0,66224.0,36.0,-1.6239999999961583,-1.6239999999961583,clock_difference,none,,,False,0.0,0.0,UNRESOLVED,aligned overlap 36.0s is below the 60s minimum; alignment left UNRESOLVED
synchronized_uncategorized:VTB12,VTB12,synchronized_uncategorized,Synchronised V abd S datasets/Uncategorised IOVNB Dataset/S-Dataset/S-Vtb12.csv,Synchronised V abd S datasets/Uncategorised IOVNB Dataset/V-Dataset/V-vtb12.csv,c8360323ca02:000,6d755d7c49d3:000,66231.475,66276.076,66233.1,66277.7,66233.1,66277.7,44.59999999999127,-1.6244999999980791,-1.6244999999980791,clock_difference,none,,,False,0.0010000000038417056,22.421524749818417,UNRESOLVED,aligned overlap 44.6s is below the 60s minimum; alignment left UNRESOLVED
synchronized_uncategorized:VTB2,VTB2,synchronized_uncategorized,Synchronised V abd S datasets/Uncategorised IOVNB Dataset/S-Dataset/S-Vtb2.csv,Synchronised V abd S datasets/Uncategorised IOVNB Dataset/V-Dataset/V-vtb2.csv,06ad03911f2d:000,87da4e0c77e9:000,57980.476,58551.576,57981.4,58552.5,57981.4,58548.4,567.0,-0.9239999999990687,3.176000000001416,speed_cross_correlation,high,0.9637881246772307,0.2380686174549591,False,0.0,0.0,CONFIRMED_BY_SIGNAL,speed correlation 0.964 at offset 3.18s (peak margin 0.238)
synchronized_uncategorized:VTB3,VTB3,synchronized_uncategorized,Synchronised V abd S datasets/Uncategorised IOVNB Dataset/S-Dataset/S-Vtb3.csv,Synchronised V abd S datasets/Uncategorised IOVNB Dataset/V-Dataset/V-vtb3.csv,7a8bd69ead89:000,91667e76e8e0:000,58561.676,59385.576,58563.1,59387.0,58563.1,59383.1,820.0,-1.4239999999990687,2.476000000001413,speed_cross_correlation,high,0.9675646973360585,0.23728211632284146,False,0.0,0.0,CONFIRMED_BY_SIGNAL,speed correlation 0.968 at offset 2.48s (peak margin 0.237)
synchronized_uncategorized:VTB4,VTB4,synchronized_uncategorized,Synchronised V abd S datasets/Uncategorised IOVNB Dataset/S-Dataset/S-Vtb4.csv,Synchronised V abd S datasets/Uncategorised IOVNB Dataset/V-Dataset/V-vtb4.csv,1048727c0ca2:000,bd4d02f88c0b:000,59398.376,59453.876,59398.8,59454.3,59398.8,59454.3,55.5,-0.42400000000634464,-0.42400000000634464,clock_difference,none,,,False,0.0,0.0,UNRESOLVED,aligned overlap 55.5s is below the 60s minimum; alignment left UNRESOLVED
synchronized_uncategorized:VTB5,VTB5,synchronized_uncategorized,Synchronised V abd S datasets/Uncategorised IOVNB Dataset/S-Dataset/S-Vtb5.csv,Synchronised V abd S datasets/Uncategorised IOVNB Dataset/V-Dataset/V-vtb5.csv,b5f5d659485e:000,b694eaeeb984:000,59453.075,65891.776,59481.4,65920.1,59481.4,65890.1005,6408.700499999999,-28.324500000006083,1.67549999999477,speed_cross_correlation,high,0.9866818851128174,0.21864534456765494,False,0.000999999996565748,0.15531085414225657,CONFIRMED_BY_SIGNAL,speed correlation 0.987 at offset 1.68s (peak margin 0.219)
synchronized_uncategorized:VTB6,VTB6,synchronized_uncategorized,Synchronised V abd S datasets/Uncategorised IOVNB Dataset/S-Dataset/S-Vtb6.csv,Synchronised V abd S datasets/Uncategorised IOVNB Dataset/V-Dataset/V-vtb6.csv,5d699a3e20de:000,ff570e77d68f:000,65925.376,65975.076,65926.9,65976.6,65926.9,65976.6,49.70000000001164,-1.5239999999976135,-1.5239999999976135,clock_difference,none,,,False,-1.4551915228366852e-11,-2.927950750173731e-07,UNRESOLVED,aligned overlap 49.7s is below the 60s minimum; alignment left UNRESOLVED
synchronized_uncategorized:VTB7,VTB7,synchronized_uncategorized,Synchronised V abd S datasets/Uncategorised IOVNB Dataset/S-Dataset/S-Vtb7.csv,Synchronised V abd S datasets/Uncategorised IOVNB Dataset/V-Dataset/V-vtb7.csv,9837d2ebc699:000,067663bd7ab6:000,65979.375,66025.376,65981.2,66027.2,65981.2,66027.2,46.0,-1.8244999999951688,-1.8244999999951688,clock_difference,none,,,False,0.0010000000038417056,21.739130518297948,UNRESOLVED,aligned overlap 46.0s is below the 60s minimum; alignment left UNRESOLVED
synchronized_uncategorized:VTB8,VTB8,synchronized_uncategorized,Synchronised V abd S datasets/Uncategorised IOVNB Dataset/S-Dataset/S-Vtb8.csv,Synchronised V abd S datasets/Uncategorised IOVNB Dataset/V-Dataset/V-vtb8.csv,d80cb5cebc5e:000,c06b3df20364:000,66033.376,66100.076,66035.0,66101.7,66035.0,66100.0,65.0,-1.6239999999961583,0.07600000000429219,speed_cross_correlation,medium,0.7216208429532812,0.8324863973573794,False,0.0,0.0,CONFIRMED_BY_SIGNAL,speed correlation 0.722 at offset 0.08s (peak margin 0.832)
synchronized_uncategorized:VTB9,VTB9,synchronized_uncategorized,Synchronised V abd S datasets/Uncategorised IOVNB Dataset/S-Dataset/S-Vtb9.csv,Synchronised V abd S datasets/Uncategorised IOVNB Dataset/V-Dataset/V-vtb9.csv,cae29ddeeff1:000,3ad2255b751f:000,66105.377,66150.476,66107.0,66152.1,66107.0005,66152.09950000001,45.09900000001653,-1.6235000000087894,-1.6235000000087894,clock_difference,none,,,False,-0.0010000000038417056,-22.172949087396375,UNRESOLVED,aligned overlap 45.1s is below the 60s minimum; alignment left UNRESOLVED
synchronized_uncategorized:VW1,VW1,synchronized_uncategorized,Synchronised V abd S datasets/Uncategorised IOVNB Dataset/S-Dataset/S-Vw1.csv,Synchronised V abd S datasets/Uncategorised IOVNB Dataset/V-Dataset/V-Vw1.csv,fbf968d0ce57:000,1c5f7db8725c:000,34675.816,36723.316,34575.4,36622.8,34575.4,36622.8,2047.4000000000015,100.46599999999671,100.46599999999671,clock_difference,low,,,False,0.09999999999854481,48.84243430621507,CLOCK_ONLY,signal alignment not confirmed (insufficient overlap or flat correlation surface); clock difference reported only
synchronized_uncategorized:VW10,VW10,synchronized_uncategorized,Synchronised V abd S datasets/Uncategorised IOVNB Dataset/S-Dataset/S-Vw10.csv,Synchronised V abd S datasets/Uncategorised IOVNB Dataset/V-Dataset/V-Vw10.csv,31906be512c4:000,1591b8eda9cb:000,58061.904,58127.004,58062.4,58127.5,58062.4,58125.0,62.599999999998545,-0.4959999999991851,2.0040000000012768,speed_cross_correlation,high,0.8964416016838721,0.7533714081447085,False,0.0,0.0,CONFIRMED_BY_SIGNAL,speed correlation 0.896 at offset 2.00s (peak margin 0.753)
synchronized_uncategorized:VW11,VW11,synchronized_uncategorized,Synchronised V abd S datasets/Uncategorised IOVNB Dataset/S-Dataset/S-Vw11.csv,Synchronised V abd S datasets/Uncategorised IOVNB Dataset/V-Dataset/V-Vw11.csv,cd923def23f5:000,5ce83ed06846:000,58135.504,58626.304,58134.0,58624.8,58134.0,58621.6,487.59999999999854,1.503999999997177,4.703999999997649,speed_cross_correlation,high,0.9757203222906347,0.28267730892156373,False,-7.275957614183426e-12,-1.4824689515451065e-08,CONFIRMED_BY_SIGNAL,speed correlation 0.976 at offset 4.70s (peak margin 0.283)
synchronized_uncategorized:VW12,VW12,synchronized_uncategorized,Synchronised V abd S datasets/Uncategorised IOVNB Dataset/S-Dataset/S-Vw12.csv,Synchronised V abd S datasets/Uncategorised IOVNB Dataset/V-Dataset/V-Vw12.csv,fa60a662386f:000,b5448bfcb130:000,58640.205,58731.905,58636.2,58727.9,58636.9,58727.9,91.0,4.005000000001019,3.305000000001435,speed_cross_correlation,high,0.9245993865305785,0.7511689391296541,False,-7.275957614183426e-12,-7.934523025281439e-08,CONFIRMED_BY_SIGNAL,speed correlation 0.925 at offset 3.31s (peak margin 0.751)
synchronized_uncategorized:VW13,VW13,synchronized_uncategorized,Synchronised V abd S datasets/Uncategorised IOVNB Dataset/S-Dataset/S-Vw13.csv,Synchronised V abd S datasets/Uncategorised IOVNB Dataset/V-Dataset/V-Vw13.csv,c3e5f69ec8f4:000,a1be801957c9:000,58826.104,58854.404,58825.1,58853.4,58825.1,58853.4,28.30000000000291,1.004000000000815,1.004000000000815,clock_difference,none,,,False,0.0,0.0,UNRESOLVED,aligned overlap 28.3s is below the 60s minimum; alignment left UNRESOLVED
synchronized_uncategorized:VW14A,VW14A,synchronized_uncategorized,Synchronised V abd S datasets/Uncategorised IOVNB Dataset/S-Dataset/S-Vw14a.csv,Synchronised V abd S datasets/Uncategorised IOVNB Dataset/V-Dataset/V-Vw14a.csv,836db6cc3414:000,a5bebc38b09c:000,58874.984,59188.684,58870.1,59183.8,58871.5,59183.8,312.3000000000029,4.883999999998196,3.483999999998602,speed_cross_correlation,high,0.8900612817896002,0.6592475032349072,False,0.0,0.0,CONFIRMED_BY_SIGNAL,speed correlation 0.890 at offset 3.48s (peak margin 0.659)
synchronized_uncategorized:VW14B,VW14B,synchronized_uncategorized,Synchronised V abd S datasets/Uncategorised IOVNB Dataset/S-Dataset/S-Vw14b.csv,Synchronised V abd S datasets/Uncategorised IOVNB Dataset/V-Dataset/V-Vw14b.csv,0db4f806fa68:000,506b8ce6f602:000,59188.983,61147.684,59185.1,61143.8,59185.1,61143.0005,1957.9005000000034,3.8834999999999127,4.68350000000035,speed_cross_correlation,high,0.9906930720242004,0.09196167903009378,False,0.000999999996565748,0.5105427051440985,CONFIRMED_BY_SIGNAL,speed correlation 0.991 at offset 4.68s (peak margin 0.092)
synchronized_uncategorized:VW14C,VW14C,synchronized_uncategorized,Synchronised V abd S datasets/Uncategorised IOVNB Dataset/S-Dataset/S-Vw14c.csv,Synchronised V abd S datasets/Uncategorised IOVNB Dataset/V-Dataset/V-Vw14c.csv,c352dd554b95:000,242132227ff2:000,61148.984,62731.484,61147.0,62729.5,61147.0,62727.7,1580.699999999997,1.9839999999967404,3.7839999999971923,speed_cross_correlation,high,0.9840684446447004,0.13714064116363933,False,0.0,0.0,CONFIRMED_BY_SIGNAL,speed correlation 0.984 at offset 3.78s (peak margin 0.137)
synchronized_uncategorized:VW15,VW15,synchronized_uncategorized,Synchronised V abd S datasets/Uncategorised IOVNB Dataset/S-Dataset/S-Vw15.csv,Synchronised V abd S datasets/Uncategorised IOVNB Dataset/V-Dataset/V-Vw15.csv,68e3eeebef96:000,1b9ee8079353:000,62989.943,63127.843,62986.9,63125.9,62987.45,63125.350000000006,137.90000000000873,2.492999999998574,2.492999999998574,clock_difference,low,,,True,-1.0999999999985448,-7913.669064737733,CLOCK_ONLY,signal alignment not confirmed (insufficient overlap or flat correlation surface); clock difference reported only
synchronized_uncategorized:VW16A,VW16A,synchronized_uncategorized,Synchronised V abd S datasets/Uncategorised IOVNB Dataset/S-Dataset/S-Vw16a.csv,Synchronised V abd S datasets/Uncategorised IOVNB Dataset/V-Dataset/V-Vw16a.csv,77dfd320c66a:000,02a947a7f434:000,63133.603,63721.402,63143.8,63731.6,63143.8,63717.3995,573.5994999999966,-10.1974999999984,4.002500000002229,speed_cross_correlation,high,0.9835971059337653,0.23517659509925115,False,-0.000999999996565748,-1.7012589257668518,CONFIRMED_BY_SIGNAL,speed correlation 0.984 at offset 4.00s (peak margin 0.235)
synchronized_uncategorized:VW16B,VW16B,synchronized_uncategorized,Synchronised V abd S datasets/Uncategorised IOVNB Dataset/S-Dataset/S-Vw16b.csv,Synchronised V abd S datasets/Uncategorised IOVNB Dataset/V-Dataset/V-Vw16b.csv,66355f866e3d:000,5646f2e20776:000,63736.002,63848.503,63736.2,63848.7,63736.2,63845.000499999995,108.80049999999756,-0.1974999999983993,3.5025000000020796,speed_cross_correlation,high,0.9483603723318806,0.6393053449675845,False,0.000999999996565748,8.888888858362204,CONFIRMED_BY_SIGNAL,speed correlation 0.948 at offset 3.50s (peak margin 0.639)
synchronized_uncategorized:VW17,VW17,synchronized_uncategorized,Synchronised V abd S datasets/Uncategorised IOVNB Dataset/S-Dataset/S-Vw17.csv,Synchronised V abd S datasets/Uncategorised IOVNB Dataset/V-Dataset/V-Vw17.csv,ffadddf6b48a:000,e3bdc8139966:000,63854.702,63887.503,63853.1,63885.9,63853.1,63885.9,32.80000000000291,1.6024999999972351,1.6024999999972351,clock_difference,none,,,False,0.000999999996565748,30.48780477334327,UNRESOLVED,aligned overlap 32.8s is below the 60s minimum; alignment left UNRESOLVED
synchronized_uncategorized:VW2,VW2,synchronized_uncategorized,Synchronised V abd S datasets/Uncategorised IOVNB Dataset/S-Dataset/S-Vw2.csv,Synchronised V abd S datasets/Uncategorised IOVNB Dataset/V-Dataset/V-Vw2.csv,51abe4136abb:000,5cb2a91ed33e:000,36946.685,42217.884,36944.8,42215.9,36944.8,42213.6495,5268.849499999997,1.9344999999957508,4.23449999999621,speed_cross_correlation,high,0.983268330029638,0.15098569527719696,False,0.09900000000197906,18.781658477733128,CONFIRMED_BY_SIGNAL,speed correlation 0.983 at offset 4.23s (peak margin 0.151)
synchronized_uncategorized:VW3,VW3,synchronized_uncategorized,Synchronised V abd S datasets/Uncategorised IOVNB Dataset/S-Dataset/S-Vw3.csv,Synchronised V abd S datasets/Uncategorised IOVNB Dataset/V-Dataset/V-Vw3.csv,07a93fc8421c:000,c9a28bfa44a4:000,42239.984,42625.985,42240.0,42626.0,42240.0,42621.0005,381.0005000000019,-0.015500000001338776,4.984499999999159,speed_cross_correlation,high,0.943687754858267,0.609173011046178,False,0.0010000000038417056,2.590673585082139,CONFIRMED_BY_SIGNAL,speed correlation 0.944 at offset 4.98s (peak margin 0.609)
synchronized_uncategorized:VW4,VW4,synchronized_uncategorized,Synchronised V abd S datasets/Uncategorised IOVNB Dataset/S-Dataset/S-Vw4.csv,Synchronised V abd S datasets/Uncategorised IOVNB Dataset/V-Dataset/V-Vw4.csv,fa0b8dc8dddf:000,2f233ca5b785:000,44127.004,56779.504,44126.7,56779.3,44126.7,56775.05,12648.350000000006,0.2540000000008149,4.454000000001301,speed_cross_correlation,high,0.9861001045401055,0.12208448340571854,False,-0.10000000000582077,-7.903513902740996,CONFIRMED_BY_SIGNAL,speed correlation 0.986 at offset 4.45s (peak margin 0.122)
synchronized_uncategorized:VW5,VW5,synchronized_uncategorized,Synchronised V abd S datasets/Uncategorised IOVNB Dataset/S-Dataset/S-Vw5.csv,Synchronised V abd S datasets/Uncategorised IOVNB Dataset/V-Dataset/V-Vw5.csv,aad875202b39:000,0db45b1a102a:000,56796.903,56898.004,56794.1,56895.2,56794.1,56892.0005,97.90050000000338,2.8035000000018044,6.003500000002276,speed_cross_correlation,medium,0.7222489951594048,0.722657544295893,False,0.0010000000038417056,9.891196872816222,CONFIRMED_BY_SIGNAL,speed correlation 0.722 at offset 6.00s (peak margin 0.723)
synchronized_uncategorized:VW6,VW6,synchronized_uncategorized,Synchronised V abd S datasets/Uncategorised IOVNB Dataset/S-Dataset/S-Vw6.csv,Synchronised V abd S datasets/Uncategorised IOVNB Dataset/V-Dataset/V-Vw6.csv,39c4ae392225:000,bddfff4d6696:000,56902.904,57030.904,56904.2,57032.2,56904.2,57029.1,124.90000000000146,-1.2959999999948195,1.8040000000056509,speed_cross_correlation,medium,0.6505492884404621,0.6631246779007822,False,0.0,0.0,CONFIRMED_BY_SIGNAL,speed correlation 0.651 at offset 1.80s (peak margin 0.663)
synchronized_uncategorized:VW7,VW7,synchronized_uncategorized,Synchronised V abd S datasets/Uncategorised IOVNB Dataset/S-Dataset/S-Vw7.csv,Synchronised V abd S datasets/Uncategorised IOVNB Dataset/V-Dataset/V-Vw7.csv,ae588bfe13db:000,e42fa1303dce:000,57309.004,57469.103,57476.8,57636.9,57476.8005,57636.8995,160.09900000000198,-167.79650000000038,-167.79650000000038,clock_difference,low,0.36794860631069776,0.19591750732337654,False,-0.000999999996565748,-6.246096168430713,CLOCK_ONLY,signal alignment not confirmed (correlation 0.368 below 0.5 or peak not distinct); clock difference reported only
synchronized_uncategorized:VW8,VW8,synchronized_uncategorized,Synchronised V abd S datasets/Uncategorised IOVNB Dataset/S-Dataset/S-Vw8.csv,Synchronised V abd S datasets/Uncategorised IOVNB Dataset/V-Dataset/V-Vw8.csv,7f899dfeb1c3:000,89692d9e3e6a:000,57489.004,57641.804,57650.0,57802.8,57650.0,57798.5,148.5,-160.99600000000282,-156.69600000000477,speed_cross_correlation,medium,0.6887409938668247,0.6662343532325495,False,-7.275957614183426e-12,-4.761752365303198e-08,CONFIRMED_BY_SIGNAL,speed correlation 0.689 at offset -156.70s (peak margin 0.666)
synchronized_uncategorized:VW9,VW9,synchronized_uncategorized,Synchronised V abd S datasets/Uncategorised IOVNB Dataset/S-Dataset/S-Vw9.csv,Synchronised V abd S datasets/Uncategorised IOVNB Dataset/V-Dataset/V-Vw9.csv,751e3a387bd3:000,0e371904d8bc:000,57840.403,57895.504,57839.9,57895.1,57839.9495,57895.0505,55.10099999999511,0.45349999999962165,0.45349999999962165,clock_difference,none,,,False,-0.0989999999947031,-1793.4782607737015,UNRESOLVED,aligned overlap 55.1s is below the 60s minimum; alignment left UNRESOLVED
synchronized_uncategorized:Y1,Y1,synchronized_uncategorized,Synchronised V abd S datasets/Uncategorised IOVNB Dataset/S-Dataset/S-Y1.csv,Synchronised V abd S datasets/Uncategorised IOVNB Dataset/V-Dataset/V-Y1.csv,4e0f18c9aeea:000,382cb04c75e8:000,65565.703,72957.021,61959.9,69626.7,62097.641,69488.959,7391.317999999999,3468.0619999999944,3468.0619999999944,clock_difference,low,0.18145582504055616,0.09328745768688931,True,-275.48199999999633,-35931.80988156681,CLOCK_ONLY,signal alignment not confirmed (correlation 0.181 below 0.5 or peak not distinct); clock difference reported only
unsynchronized_uncategorized:M,M,unsynchronized_uncategorized,Unsynchronised V and S Dataset/Uncategorised IOVNB (V and S) Dataset/S-Dataset/S-M.csv,Unsynchronised V and S Dataset/Uncategorised IOVNB (V and S) Dataset/V-Dataset/V-M.csv,71453d0af0d3:000,efd2d4ff28f3:000,33209.506,43809.129,29606.4,40205.8,29606.4,40204.81150000003,10598.411500000031,3603.217499999999,3604.3174999999706,speed_cross_correlation,high,0.9531807814512373,0.33717829329305904,False,0.22299999999813735,21.03892673152606,CONFIRMED_BY_SIGNAL,speed correlation 0.953 at offset 3604.32s (peak margin 0.337)
unsynchronized_uncategorized:S1,S1,unsynchronized_uncategorized,Unsynchronised V and S Dataset/Uncategorised IOVNB (V and S) Dataset/S-Dataset/S-S1.csv,Unsynchronised V and S Dataset/Uncategorised IOVNB (V and S) Dataset/V-Dataset/V-S1.csv,b15d7dcaa47b:000,c36ee220cd88:000,36469.546,41644.045,32864.7,38043.6,32864.80050000003,38039.29950000002,5174.498999999996,3602.6455000000024,3604.745499999973,speed_cross_correlation,high,0.9286831826794689,0.46807963528448715,True,-4.401000000005297,-849.7943578762471,CONFIRMED_BY_SIGNAL,speed correlation 0.929 at offset 3604.75s (peak margin 0.468)
unsynchronized_uncategorized:S2,S2,unsynchronized_uncategorized,Unsynchronised V and S Dataset/Uncategorised IOVNB (V and S) Dataset/S-Dataset/S-S2.csv,Unsynchronised V and S Dataset/Uncategorised IOVNB (V and S) Dataset/V-Dataset/V-S2.csv,5851902ce5d4:000,37ece1cc5054:000,43431.741,52820.349,39824.4,49214.3,39827.446000000025,49214.3,9386.853999999978,3606.6949999999997,3604.2949999999746,speed_cross_correlation,high,0.9611311741391203,0.3057196543662787,True,-1.2920000000012806,-137.5946495704193,CONFIRMED_BY_SIGNAL,speed correlation 0.961 at offset 3604.29s (peak margin 0.306)
unsynchronized_uncategorized:S3A,S3A,unsynchronized_uncategorized,Unsynchronised V and S Dataset/Uncategorised IOVNB (V and S) Dataset/S-Dataset/S-S3a.csv,Unsynchronised V and S Dataset/Uncategorised IOVNB (V and S) Dataset/V-Dataset/V-S3a.csv,274a8da537e3:000,444577aa16f7:000,69711.494,72173.494,66114.2,68580.1,66114.2,68568.75000000004,2454.5500000000466,3595.3440000000046,3604.7439999999688,speed_cross_correlation,high,0.9671073425597722,0.27092261493338077,True,-3.900000000008731,-1581.572650962617,CONFIRMED_BY_SIGNAL,speed correlation 0.967 at offset 3604.74s (peak margin 0.271)
unsynchronized_uncategorized:S3B,S3B,unsynchronized_uncategorized,Unsynchronised V and S Dataset/Uncategorised IOVNB (V and S) Dataset/S-Dataset/S-S3b.csv,Unsynchronised V and S Dataset/Uncategorised IOVNB (V and S) Dataset/V-Dataset/V-S3b.csv,19e3c80523ef:000,5899a1aa7900:000,72183.493,72869.021,68580.2,69264.1,68580.2,69264.1,683.9000000000087,3604.1069999999963,3604.306999999969,speed_cross_correlation,high,0.8474345741127637,0.6702358642568628,True,1.6279999999824213,2380.464980234538,CONFIRMED_BY_SIGNAL,speed correlation 0.847 at offset 3604.31s (peak margin 0.670)
unsynchronized_uncategorized:S3C,S3C,unsynchronized_uncategorized,Unsynchronised V and S Dataset/Uncategorised IOVNB (V and S) Dataset/S-Dataset/S-S3c.csv,Unsynchronised V and S Dataset/Uncategorised IOVNB (V and S) Dataset/V-Dataset/V-S3c.csv,45a91123027b:000,b8761d5bd8d5:000,72868.521,76586.72,69264.2,72986.1,69264.2,72981.94950000003,3717.7495000000345,3602.470499999996,3604.7704999999664,speed_cross_correlation,high,0.9802277585219331,0.1543746847753794,True,-3.7010000000009313,-994.3845885168657,CONFIRMED_BY_SIGNAL,speed correlation 0.980 at offset 3604.77s (peak margin 0.154)
unsynchronized_uncategorized:S4,S4,unsynchronized_uncategorized,Unsynchronised V and S Dataset/Uncategorised IOVNB (V and S) Dataset/S-Dataset/S-S4.csv,Unsynchronised V and S Dataset/Uncategorised IOVNB (V and S) Dataset/V-Dataset/V-S4.csv,4a3b9065b673:000,7232747a441e:000,65775.111,75548.216,62172.8,71955.1,62172.8,71943.80250000003,9771.002500000031,3597.713499999998,3604.4134999999646,speed_cross_correlation,high,0.9740612137251341,0.22342254374227166,True,-9.195000000006985,-939.9629943885367,CONFIRMED_BY_SIGNAL,speed correlation 0.974 at offset 3604.41s (peak margin 0.223)
unsynchronized_uncategorized:VFA01,VFA01,unsynchronized_uncategorized,Unsynchronised V and S Dataset/Uncategorised IOVNB (V and S) Dataset/S-Dataset/S-Vfa01.csv,Unsynchronised V and S Dataset/Uncategorised IOVNB (V and S) Dataset/V-Dataset/V-Vfa01.csv,c743ad854bd5:000,e690a419193d:000,33626.236,34774.736,33622.0,34775.4,33622.85,34771.35,1148.5,1.7859999999964202,3.3859999999968693,speed_cross_correlation,high,0.9781875411600788,0.2388054406343353,True,-4.900000000001455,-4248.309346281818,CONFIRMED_BY_SIGNAL,speed correlation 0.978 at offset 3.39s (peak margin 0.239)
unsynchronized_uncategorized:VFA02,VFA02,unsynchronized_uncategorized,Unsynchronised V and S Dataset/Uncategorised IOVNB (V and S) Dataset/S-Dataset/S-Vfa02.csv,Unsynchronised V and S Dataset/Uncategorised IOVNB (V and S) Dataset/V-Dataset/V-Vfa02.csv,65348172ad4e:000,85b9631ca6a8:000,35837.649,42589.85,35829.9,42605.3,35833.8995,42586.1005,6752.201000000001,-3.8505000000041036,3.7494999999964307,speed_cross_correlation,high,0.9893786534179181,0.08549303132183206,True,-23.199000000000524,-3424.004486820043,CONFIRMED_BY_SIGNAL,speed correlation 0.989 at offset 3.75s (peak margin 0.085)
unsynchronized_uncategorized:VTA10,VTA10,unsynchronized_uncategorized,Unsynchronised V and S Dataset/Uncategorised IOVNB (V and S) Dataset/S-Dataset/S-Vta10.csv,Unsynchronised V and S Dataset/Uncategorised IOVNB (V and S) Dataset/V-Dataset/V-Vta10.csv,a5d4d99847a8:000,81eb8079360e:000,43310.393,43460.493,43303.2,43460.1,43305.2,43455.3,150.10000000000582,3.7930000000014843,5.1930000000019305,speed_cross_correlation,high,0.9629701720785704,0.576460163875917,True,-6.799999999995634,-43339.70681960211,CONFIRMED_BY_SIGNAL,speed correlation 0.963 at offset 5.19s (peak margin 0.576)
unsynchronized_uncategorized:VTA11,VTA11,unsynchronized_uncategorized,Unsynchronised V and S Dataset/Uncategorised IOVNB (V and S) Dataset/S-Dataset/S-Vta11.csv,Unsynchronised V and S Dataset/Uncategorised IOVNB (V and S) Dataset/V-Dataset/V-Vta11.csv,82e456eb6e00:000,8dd0b5b44dfa:000,43472.393,43523.293,43464.1,43522.9,43468.05,43518.95,50.89999999999418,4.342999999997119,4.342999999997119,clock_difference,none,,,True,-7.900000000001455,-134353.74149661674,UNRESOLVED,aligned overlap 50.9s is below the 60s minimum; alignment left UNRESOLVED
unsynchronized_uncategorized:VTA12,VTA12,unsynchronized_uncategorized,Unsynchronised V and S Dataset/Uncategorised IOVNB (V and S) Dataset/S-Dataset/S-Vta12.csv,Unsynchronised V and S Dataset/Uncategorised IOVNB (V and S) Dataset/V-Dataset/V-Vta12.csv,9809c567bbe8:000,c28da9ae3d56:000,43535.393,43596.293,43527.2,43596.1,43527.2,43587.9,60.700000000004366,4.1929999999993015,8.392999999999788,speed_cross_correlation,high,0.9174371176738815,0.40896099850815626,True,-8.0,-116110.30478954762,CONFIRMED_BY_SIGNAL,speed correlation 0.917 at offset 8.39s (peak margin 0.409)
unsynchronized_uncategorized:VTA13,VTA13,unsynchronized_uncategorized,Unsynchronised V and S Dataset/Uncategorised IOVNB (V and S) Dataset/S-Dataset/S-Vta13.csv,Unsynchronised V and S Dataset/Uncategorised IOVNB (V and S) Dataset/V-Dataset/V-Vta13.csv,04b0ee07c4e4:000,9ca7b7b297bd:000,43607.292,43647.593,43600.1,43647.3,43603.5495,43643.8505,40.300999999999476,3.742500000000291,3.742500000000291,clock_difference,none,,,True,-6.899000000004889,-146165.25423737822,UNRESOLVED,aligned overlap 40.3s is below the 60s minimum; alignment left UNRESOLVED
unsynchronized_uncategorized:VTA14,VTA14,unsynchronized_uncategorized,Unsynchronised V and S Dataset/Uncategorised IOVNB (V and S) Dataset/S-Dataset/S-Vta14.csv,Unsynchronised V and S Dataset/Uncategorised IOVNB (V and S) Dataset/V-Dataset/V-Vta14.csv,413a1f581614:000,9bf8deb2cafd:000,43652.493,43940.893,43651.1,43940.3,43651.1,43935.7,284.59999999999854,0.9929999999985739,5.19299999999906,speed_cross_correlation,high,0.9466470702336142,0.36546486909134557,False,-0.8000000000101863,-2766.2517289425114,CONFIRMED_BY_SIGNAL,speed correlation 0.947 at offset 5.19s (peak margin 0.365)
unsynchronized_uncategorized:VTA15,VTA15,unsynchronized_uncategorized,Unsynchronised V and S Dataset/Uncategorised IOVNB (V and S) Dataset/S-Dataset/S-Vta15.csv,Unsynchronised V and S Dataset/Uncategorised IOVNB (V and S) Dataset/V-Dataset/V-Vta15.csv,7d5d51193b78:000,f4dae80b413a:000,43951.793,44034.993,43945.3,44032.1,43948.7,44031.9,83.20000000000437,4.6929999999993015,3.092999999999705,speed_cross_correlation,high,0.9019314266001344,0.9108101665718851,True,-3.599999999991269,-41474.654377781684,CONFIRMED_BY_SIGNAL,speed correlation 0.902 at offset 3.09s (peak margin 0.911)
unsynchronized_uncategorized:VTA16,VTA16,unsynchronized_uncategorized,Unsynchronised V and S Dataset/Uncategorised IOVNB (V and S) Dataset/S-Dataset/S-Vta16.csv,Unsynchronised V and S Dataset/Uncategorised IOVNB (V and S) Dataset/V-Dataset/V-Vta16.csv,62fb3e3d9457:000,9b7b865bc44b:000,44040.693,45174.093,44036.4,45172.4,44036.4,45169.1,1132.699999999997,2.992999999998574,4.992999999999029,speed_cross_correlation,high,0.9701777514621294,0.2148017724684007,True,-2.599999999998545,-2288.732394364916,CONFIRMED_BY_SIGNAL,speed correlation 0.970 at offset 4.99s (peak margin 0.215)
unsynchronized_uncategorized:VTA17,VTA17,unsynchronized_uncategorized,Unsynchronised V and S Dataset/Uncategorised IOVNB (V and S) Dataset/S-Dataset/S-Vta17.csv,Unsynchronised V and S Dataset/Uncategorised IOVNB (V and S) Dataset/V-Dataset/V-Vta17.csv,cfabd101e8e0:000,b7937e94b73e:000,45185.392,45638.378,45177.5,45636.8,45180.857,45633.843,452.98599999999715,4.734999999996944,4.534999999997368,speed_cross_correlation,high,0.8894598443536729,0.8537215251686906,True,-6.314000000005763,-13747.00631396848,CONFIRMED_BY_SIGNAL,speed correlation 0.889 at offset 4.53s (peak margin 0.854)
unsynchronized_uncategorized:VTA19,VTA19,unsynchronized_uncategorized,Unsynchronised V and S Dataset/Uncategorised IOVNB (V and S) Dataset/S-Dataset/S-Vta19.csv,Unsynchronised V and S Dataset/Uncategorised IOVNB (V and S) Dataset/V-Dataset/V-Vta19.csv,052bc3dacd0c:000,579c090d5f55:000,45657.377,45686.478,45655.2,45686.1,45656.0995,45685.2005,29.101000000002387,1.2775000000037835,1.2775000000037835,clock_difference,none,,,True,-1.7989999999990687,-58220.064724886215,UNRESOLVED,aligned overlap 29.1s is below the 60s minimum; alignment left UNRESOLVED
unsynchronized_uncategorized:VTA1A,VTA1A,unsynchronized_uncategorized,Unsynchronised V and S Dataset/Uncategorised IOVNB (V and S) Dataset/S-Dataset/S-Vta1a.csv,Unsynchronised V and S Dataset/Uncategorised IOVNB (V and S) Dataset/V-Dataset/V-Vta1a.csv,25e382fbbc34:000,10e9b3604d90:000,38507.363,41074.862,38506.6,41088.6,38506.6,41074.0495,2567.4495000000024,-6.487499999999272,0.8125000000012577,speed_cross_correlation,high,0.9971668734004648,0.3460321141362932,True,-14.500999999996566,-5616.189000773263,CONFIRMED_BY_SIGNAL,speed correlation 0.997 at offset 0.81s (peak margin 0.346)
unsynchronized_uncategorized:VTA1B,VTA1B,unsynchronized_uncategorized,Unsynchronised V and S Dataset/Uncategorised IOVNB (V and S) Dataset/S-Dataset/S-Vta1b.csv,Unsynchronised V and S Dataset/Uncategorised IOVNB (V and S) Dataset/V-Dataset/V-Vta1b.csv,b98958cc351e:000,c2310873c85b:000,41089.463,41184.763,41088.7,41184.2,41088.799999999996,41184.09999999999,95.29999999999563,0.6630000000041036,0.66300000000453,speed_cross_correlation,high,0.9943352981100714,0.6127703837175587,False,-0.20000000000436557,-2094.240837742048,CONFIRMED_BY_SIGNAL,speed correlation 0.994 at offset 0.66s (peak margin 0.613)
unsynchronized_uncategorized:VTA2,VTA2,unsynchronized_uncategorized,Unsynchronised V and S Dataset/Uncategorised IOVNB (V and S) Dataset/S-Dataset/S-Vta2.csv,Unsynchronised V and S Dataset/Uncategorised IOVNB (V and S) Dataset/V-Dataset/V-Vta2.csv,7bd4640e4db3:000,880d9b6b5202:000,41191.265,42290.263,41190.0,42289.4,41190.501000000004,42289.4,1098.8989999999976,1.0639999999984866,0.7639999999989087,speed_cross_correlation,high,0.9963337105864878,0.42091969228860726,False,-0.40200000000186265,-365.6539930888322,CONFIRMED_BY_SIGNAL,speed correlation 0.996 at offset 0.76s (peak margin 0.421)
unsynchronized_uncategorized:VTA20,VTA20,unsynchronized_uncategorized,Unsynchronised V and S Dataset/Uncategorised IOVNB (V and S) Dataset/S-Dataset/S-Vta20.csv,Unsynchronised V and S Dataset/Uncategorised IOVNB (V and S) Dataset/V-Dataset/V-Vta20.csv,4e255b689bb1:000,533c9bef17f0:000,45741.722,46063.922,45715.0,46037.2,45736.5,46037.2,300.6999999999971,26.72200000000157,5.222000000001579,speed_cross_correlation,high,0.9682816085710769,0.409825394547093,False,0.0,0.0,CONFIRMED_BY_SIGNAL,speed correlation 0.968 at offset 5.22s (peak margin 0.410)
unsynchronized_uncategorized:VTA21,VTA21,unsynchronized_uncategorized,Unsynchronised V and S Dataset/Uncategorised IOVNB (V and S) Dataset/S-Dataset/S-Vta21.csv,Unsynchronised V and S Dataset/Uncategorised IOVNB (V and S) Dataset/V-Dataset/V-Vta21.csv,fa378298fb40:000,735e5337c6f4:000,46052.022,46259.822,46042.9,46251.6,46049.049999999996,46251.6,202.5500000000029,8.671999999998661,2.9719999999990065,speed_cross_correlation,high,0.8994542460733261,0.7731476647665734,False,-0.8999999999941792,-4312.410158093875,CONFIRMED_BY_SIGNAL,speed correlation 0.899 at offset 2.97s (peak margin 0.773)
unsynchronized_uncategorized:VTA22,VTA22,unsynchronized_uncategorized,Unsynchronised V and S Dataset/Uncategorised IOVNB (V and S) Dataset/S-Dataset/S-Vta22.csv,Unsynchronised V and S Dataset/Uncategorised IOVNB (V and S) Dataset/V-Dataset/V-Vta22.csv,e07de2f95c2b:000,b0d92ef84541:000,46260.822,46417.123,46256.3,46413.4,46257.2995,46413.4,156.10050000000047,4.122499999997672,3.5224999999980895,speed_cross_correlation,high,0.8319029534752492,0.5833700345921484,False,-0.7989999999990687,-5085.932527046952,CONFIRMED_BY_SIGNAL,speed correlation 0.832 at offset 3.52s (peak margin 0.583)
unsynchronized_uncategorized:VTA23,VTA23,unsynchronized_uncategorized,Unsynchronised V and S Dataset/Uncategorised IOVNB (V and S) Dataset/S-Dataset/S-Vta23.csv,Unsynchronised V and S Dataset/Uncategorised IOVNB (V and S) Dataset/V-Dataset/V-Vta23.csv,b898b14918ea:000,611eaccab9de:000,46420.023,46530.923,46418.3,46530.1,46418.35,46529.25,110.90000000000146,1.2730000000010477,1.6730000000014797,speed_cross_correlation,high,0.8937548770106617,1.0580373387138813,False,-0.8999999999941792,-8050.089445386533,CONFIRMED_BY_SIGNAL,speed correlation 0.894 at offset 1.67s (peak margin 1.058)
unsynchronized_uncategorized:VTA24,VTA24,unsynchronized_uncategorized,Unsynchronised V and S Dataset/Uncategorised IOVNB (V and S) Dataset/S-Dataset/S-Vta24.csv,Unsynchronised V and S Dataset/Uncategorised IOVNB (V and S) Dataset/V-Dataset/V-Vta24.csv,02929be6c896:000,d48c89250454:000,46535.922,46652.923,46534.6,46652.9,46534.6,46649.6505,115.05050000000483,0.6725000000005821,3.2725000000010454,speed_cross_correlation,high,0.9418562287290605,0.8033848504249288,True,-1.2989999999990687,-10980.557903626684,CONFIRMED_BY_SIGNAL,speed correlation 0.942 at offset 3.27s (peak margin 0.803)
unsynchronized_uncategorized:VTA25,VTA25,unsynchronized_uncategorized,Unsynchronised V and S Dataset/Uncategorised IOVNB (V and S) Dataset/S-Dataset/S-Vta25.csv,Unsynchronised V and S Dataset/Uncategorised IOVNB (V and S) Dataset/V-Dataset/V-Vta25.csv,ee2c003b48da:000,f2f35847820a:000,46656.324,46720.822,46657.6,46722.1,46657.6,46714.699,57.09900000000198,-1.2769999999982247,6.123000000002307,speed_cross_correlation,none,0.9126912499702963,1.0470060044260854,False,-0.0020000000004074536,-31.007751944301607,UNRESOLVED,aligned overlap 57.1s is below the 60s minimum; alignment left UNRESOLVED
unsynchronized_uncategorized:VTA26,VTA26,unsynchronized_uncategorized,Unsynchronised V and S Dataset/Uncategorised IOVNB (V and S) Dataset/S-Dataset/S-Vta26.csv,Unsynchronised V and S Dataset/Uncategorised IOVNB (V and S) Dataset/V-Dataset/V-Vta26.csv,ef9cf5419e1f:000,19fd1dd70b39:000,46728.922,46922.322,46726.5,46921.1,46726.799999999996,46920.2,193.40000000000146,1.8220000000001164,2.122000000000547,speed_cross_correlation,high,0.9626502920780142,0.37678584452309793,True,-1.1999999999970896,-6166.495375113559,CONFIRMED_BY_SIGNAL,speed correlation 0.963 at offset 2.12s (peak margin 0.377)
unsynchronized_uncategorized:VTA27,VTA27,unsynchronized_uncategorized,Unsynchronised V and S Dataset/Uncategorised IOVNB (V and S) Dataset/S-Dataset/S-Vta27.csv,Unsynchronised V and S Dataset/Uncategorised IOVNB (V and S) Dataset/V-Dataset/V-Vta27.csv,159116d1f4d5:000,8c60748d3366:000,46929.622,47183.522,46925.6,47210.8,46925.6,47179.049999999996,253.4499999999971,-11.628000000000611,4.472000000000044,speed_cross_correlation,high,0.9756819581775203,0.16835899945240596,True,-31.300000000010186,-109747.54558208172,CONFIRMED_BY_SIGNAL,speed correlation 0.976 at offset 4.47s (peak margin 0.168)
unsynchronized_uncategorized:VTA28,VTA28,unsynchronized_uncategorized,Unsynchronised V and S Dataset/Uncategorised IOVNB (V and S) Dataset/S-Dataset/S-Vta28.csv,Unsynchronised V and S Dataset/Uncategorised IOVNB (V and S) Dataset/V-Dataset/V-Vta28.csv,ade9b3d779ac:000,5aa02baf4555:000,47214.922,47635.822,47215.5,47637.3,47215.5,47631.75,416.25,-1.0280000000020664,4.071999999998432,speed_cross_correlation,high,0.9089689711504102,0.6838835809438015,False,-0.9000000000014552,-2133.7126600318848,CONFIRMED_BY_SIGNAL,speed correlation 0.909 at offset 4.07s (peak margin 0.684)
unsynchronized_uncategorized:VTA29,VTA29,unsynchronized_uncategorized,Unsynchronised V and S Dataset/Uncategorised IOVNB (V and S) Dataset/S-Dataset/S-Vta29.csv,Unsynchronised V and S Dataset/Uncategorised IOVNB (V and S) Dataset/V-Dataset/V-Vta29.csv,fdb0c5fe8db0:000,91831cc8ad9f:000,48440.808,50810.586,48443.1,50816.7,48443.1,50807.389,2364.2890000000043,-4.202999999997701,3.1970000000028307,speed_cross_correlation,high,0.9619386768173197,0.30653177012051347,True,-3.8219999999928405,-1610.2123356896034,CONFIRMED_BY_SIGNAL,speed correlation 0.962 at offset 3.20s (peak margin 0.307)
unsynchronized_uncategorized:VTA3,VTA3,unsynchronized_uncategorized,Unsynchronised V and S Dataset/Uncategorised IOVNB (V and S) Dataset/S-Dataset/S-Vta3.csv,Unsynchronised V and S Dataset/Uncategorised IOVNB (V and S) Dataset/V-Dataset/V-Vta3.csv,3b82987cb99d:000,d818af3087a2:000,42353.893,42418.293,42351.1,42438.5,42351.1,42413.7,62.599999999998545,-8.707000000002154,4.592999999998462,speed_cross_correlation,high,0.9290721620890152,0.895541644292712,True,-23.0,-263157.8947368377,CONFIRMED_BY_SIGNAL,speed correlation 0.929 at offset 4.59s (peak margin 0.896)
unsynchronized_uncategorized:VTA30,VTA30,unsynchronized_uncategorized,Unsynchronised V and S Dataset/Uncategorised IOVNB (V and S) Dataset/S-Dataset/S-Vta30.csv,Unsynchronised V and S Dataset/Uncategorised IOVNB (V and S) Dataset/V-Dataset/V-Vta30.csv,28161336944b:000,452eb811579e:000,50823.886,52537.386,50821.6,52539.4,50821.6,52533.75,1712.1500000000015,0.13599999999860302,3.635999999999079,speed_cross_correlation,high,0.9717836396598322,0.2398226227680078,True,-4.30000000000291,-2503.2017697071274,CONFIRMED_BY_SIGNAL,speed correlation 0.972 at offset 3.64s (peak margin 0.240)
unsynchronized_uncategorized:VTA4,VTA4,unsynchronized_uncategorized,Unsynchronised V and S Dataset/Uncategorised IOVNB (V and S) Dataset/S-Dataset/S-Vta4.csv,Unsynchronised V and S Dataset/Uncategorised IOVNB (V and S) Dataset/V-Dataset/V-Vta4.csv,f37db4374cc0:000,451d71e48094:000,42447.394,42626.193,42443.3,42624.1,42443.3,42619.0995,175.7994999999937,3.0934999999990396,7.093499999999523,speed_cross_correlation,high,0.8594482705031035,0.821352929008688,True,-2.0009999999965657,-11067.477876087467,CONFIRMED_BY_SIGNAL,speed correlation 0.859 at offset 7.09s (peak margin 0.821)
unsynchronized_uncategorized:VTA5,VTA5,unsynchronized_uncategorized,Unsynchronised V and S Dataset/Uncategorised IOVNB (V and S) Dataset/S-Dataset/S-Vta5.csv,Unsynchronised V and S Dataset/Uncategorised IOVNB (V and S) Dataset/V-Dataset/V-Vta5.csv,7aff2d8777e0:000,006c4dbcebbb:000,42634.393,42664.993,42628.7,42664.3,42631.2,42661.8,30.60000000000582,3.1929999999993015,3.1929999999993015,clock_difference,none,,,True,-5.0,-140449.43820222424,UNRESOLVED,aligned overlap 30.6s is below the 60s minimum; alignment left UNRESOLVED
unsynchronized_uncategorized:VTA6,VTA6,unsynchronized_uncategorized,Unsynchronised V and S Dataset/Uncategorised IOVNB (V and S) Dataset/S-Dataset/S-Vta6.csv,Unsynchronised V and S Dataset/Uncategorised IOVNB (V and S) Dataset/V-Dataset/V-Vta6.csv,5d09dd027359:000,f3740003df90:000,42671.993,42809.493,42668.1,42807.3,42668.1,42805.45,137.34999999999854,3.0430000000014843,4.043000000001925,speed_cross_correlation,high,0.9564260350104673,0.5075029164156752,True,-1.7000000000043656,-12212.643678191898,CONFIRMED_BY_SIGNAL,speed correlation 0.956 at offset 4.04s (peak margin 0.508)
unsynchronized_uncategorized:VTA7,VTA7,unsynchronized_uncategorized,Unsynchronised V and S Dataset/Uncategorised IOVNB (V and S) Dataset/S-Dataset/S-Vta7.csv,Unsynchronised V and S Dataset/Uncategorised IOVNB (V and S) Dataset/V-Dataset/V-Vta7.csv,ac7c45d5dfb9:000,215ce5897fe2:000,42815.293,42899.193,42812.1,42897.7,42812.1,42895.15,83.05000000000291,2.3430000000007567,4.043000000001207,speed_cross_correlation,high,0.9606118392474612,1.177461361339268,True,-1.6999999999970896,-19859.813084078487,CONFIRMED_BY_SIGNAL,speed correlation 0.961 at offset 4.04s (peak margin 1.177)
unsynchronized_uncategorized:VTA8,VTA8,unsynchronized_uncategorized,Unsynchronised V and S Dataset/Uncategorised IOVNB (V and S) Dataset/S-Dataset/S-Vta8.csv,Unsynchronised V and S Dataset/Uncategorised IOVNB (V and S) Dataset/V-Dataset/V-Vta8.csv,9879c75d65da:000,a60313a99b19:000,42905.293,43272.793,42902.0,43271.6,42902.0,43267.75,365.75,2.242999999998574,5.04299999999904,speed_cross_correlation,high,0.97727634919131,0.1890872147099143,True,-2.099999999998545,-5681.818181814267,CONFIRMED_BY_SIGNAL,speed correlation 0.977 at offset 5.04s (peak margin 0.189)
unsynchronized_uncategorized:VTA9,VTA9,unsynchronized_uncategorized,Unsynchronised V and S Dataset/Uncategorised IOVNB (V and S) Dataset/S-Dataset/S-Vta9.csv,Unsynchronised V and S Dataset/Uncategorised IOVNB (V and S) Dataset/V-Dataset/V-Vta9.csv,2671b8ec2301:000,e5b95bb24041:000,43283.394,43298.892,43276.2,43298.7,43279.701,43295.19899999999,15.497999999992317,3.6930000000029395,3.6930000000029395,clock_difference,none,,,True,-7.0020000000004075,-311200.0000000181,UNRESOLVED,aligned overlap 15.5s is below the 60s minimum; alignment left UNRESOLVED
unsynchronized_uncategorized:VTB1,VTB1,unsynchronized_uncategorized,Unsynchronised V and S Dataset/Uncategorised IOVNB (V and S) Dataset/S-Dataset/S-Vtb1.csv,Unsynchronised V and S Dataset/Uncategorised IOVNB (V and S) Dataset/V-Dataset/V-Vtb1.csv,4132d57199e8:000,b935595d3039:000,53857.146,57102.945,53857.8,57103.6,53857.8,57100.0995,3242.2994999999937,-0.654500000000553,2.845499999999923,speed_cross_correlation,medium,0.7595265460459376,0.19338266239900992,False,-0.000999999996565748,-0.30809045429963317,CONFIRMED_BY_SIGNAL,speed correlation 0.760 at offset 2.85s (peak margin 0.193)
unsynchronized_uncategorized:VTB10,VTB10,unsynchronized_uncategorized,Unsynchronised V and S Dataset/Uncategorised IOVNB (V and S) Dataset/S-Dataset/S-Vtb10.csv,Unsynchronised V and S Dataset/Uncategorised IOVNB (V and S) Dataset/V-Dataset/V-Vtb10.csv,9e3fc03408f1:000,8024f15a5206:000,66157.375,66176.875,66156.9,66176.3,66156.9,66176.3,19.40000000000873,0.5250000000014552,0.5250000000014552,clock_difference,none,,,False,0.09999999999126885,5154.639174805353,UNRESOLVED,aligned overlap 19.4s is below the 60s minimum; alignment left UNRESOLVED
unsynchronized_uncategorized:VTB11,VTB11,unsynchronized_uncategorized,Unsynchronised V and S Dataset/Uncategorised IOVNB (V and S) Dataset/S-Dataset/S-Vtb11.csv,Unsynchronised V and S Dataset/Uncategorised IOVNB (V and S) Dataset/V-Dataset/V-Vtb11.csv,87c795b6c20e:000,d2d46c6ef06c:000,66186.376,66222.376,66180.9,66224.1,66184.5,66220.5,36.0,1.8760000000038417,1.8760000000038417,clock_difference,none,,,True,-7.2000000000116415,-166666.66666689122,UNRESOLVED,aligned overlap 36.0s is below the 60s minimum; alignment left UNRESOLVED
unsynchronized_uncategorized:VTB12,VTB12,unsynchronized_uncategorized,Unsynchronised V and S Dataset/Uncategorised IOVNB (V and S) Dataset/S-Dataset/S-Vtb12.csv,Unsynchronised V and S Dataset/Uncategorised IOVNB (V and S) Dataset/V-Dataset/V-Vtb12.csv,538064be488d:000,db2205971f96:000,66231.475,66276.076,66228.9,66277.8,66231.0495,66275.65049999999,44.60099999999511,0.42550000000483124,0.42550000000483124,clock_difference,none,,,True,-4.299000000013621,-87914.1104297107,UNRESOLVED,aligned overlap 44.6s is below the 60s minimum; alignment left UNRESOLVED
unsynchronized_uncategorized:VTB2,VTB2,unsynchronized_uncategorized,Unsynchronised V and S Dataset/Uncategorised IOVNB (V and S) Dataset/S-Dataset/S-Vtb2.csv,Unsynchronised V and S Dataset/Uncategorised IOVNB (V and S) Dataset/V-Dataset/V-Vtb2.csv,06ad03911f2d:000,06d3c23b0822:000,57980.476,58551.576,57981.4,58552.5,57981.4,58548.4,567.0,-0.9239999999990687,3.176000000001416,speed_cross_correlation,high,0.9637881246772305,0.2380686174549589,False,0.0,0.0,CONFIRMED_BY_SIGNAL,speed correlation 0.964 at offset 3.18s (peak margin 0.238)
unsynchronized_uncategorized:VTB3,VTB3,unsynchronized_uncategorized,Unsynchronised V and S Dataset/Uncategorised IOVNB (V and S) Dataset/S-Dataset/S-Vtb3.csv,Unsynchronised V and S Dataset/Uncategorised IOVNB (V and S) Dataset/V-Dataset/V-Vtb3.csv,7a8bd69ead89:000,dea1ddbfcb41:000,58561.676,59385.576,58558.3,59387.1,58559.85,59383.75,823.9000000000015,0.9259999999994761,1.8259999999999152,speed_cross_correlation,high,0.9622468506286861,0.24687873880778444,True,-4.899999999994179,-5912.16216215517,CONFIRMED_BY_SIGNAL,speed correlation 0.962 at offset 1.83s (peak margin 0.247)
unsynchronized_uncategorized:VTB4,VTB4,unsynchronized_uncategorized,Unsynchronised V and S Dataset/Uncategorised IOVNB (V and S) Dataset/S-Dataset/S-Vtb4.csv,Unsynchronised V and S Dataset/Uncategorised IOVNB (V and S) Dataset/V-Dataset/V-Vtb4.csv,bd191de76af1:000,a54aa8e94b78:000,59398.376,59453.876,59392.0,59454.4,59397.75,59453.25,55.5,2.925999999995838,0.6259999999962318,speed_cross_correlation,none,0.8838215352914581,0.527209824226031,True,-6.900000000001455,-110576.92307694381,UNRESOLVED,aligned overlap 55.5s is below the 60s minimum; alignment left UNRESOLVED
unsynchronized_uncategorized:VTB5,VTB5,unsynchronized_uncategorized,Unsynchronised V and S Dataset/Uncategorised IOVNB (V and S) Dataset/S-Dataset/S-Vtb5.csv,Unsynchronised V and S Dataset/Uncategorised IOVNB (V and S) Dataset/V-Dataset/V-Vtb5.csv,6896dfad520b:000,ba82bba4bf4b:000,59453.075,65891.776,59459.3,65920.2,59459.3,65889.0005,6429.700499999992,-17.324500000002445,2.7754999999982672,speed_cross_correlation,high,0.9880608881956375,0.15367554294232288,True,-22.198999999993248,-3435.8990233548375,CONFIRMED_BY_SIGNAL,speed correlation 0.988 at offset 2.78s (peak margin 0.154)
unsynchronized_uncategorized:VTB6,VTB6,unsynchronized_uncategorized,Unsynchronised V and S Dataset/Uncategorised IOVNB (V and S) Dataset/S-Dataset/S-Vtb6.csv,Unsynchronised V and S Dataset/Uncategorised IOVNB (V and S) Dataset/V-Dataset/V-Vtb6.csv,437e6ff31147:000,c23411d81547:000,65925.376,65975.076,65926.0,65976.7,65926.5,65976.2,49.69999999999709,-1.1239999999961583,-1.1239999999961583,clock_difference,none,,,False,-1.0,-19723.865877713164,UNRESOLVED,aligned overlap 49.7s is below the 60s minimum; alignment left UNRESOLVED
unsynchronized_uncategorized:VTB7,VTB7,unsynchronized_uncategorized,Unsynchronised V and S Dataset/Uncategorised IOVNB (V and S) Dataset/S-Dataset/S-Vtb7.csv,Unsynchronised V and S Dataset/Uncategorised IOVNB (V and S) Dataset/V-Dataset/V-Vtb7.csv,3c912d93a732:000,538130135fb4:000,65979.375,66025.376,65981.2,66027.2,65981.2,66027.2,46.0,-1.8244999999951688,-1.8244999999951688,clock_difference,none,,,False,0.0010000000038417056,21.739130518297948,UNRESOLVED,aligned overlap 46.0s is below the 60s minimum; alignment left UNRESOLVED
unsynchronized_uncategorized:VTB8,VTB8,unsynchronized_uncategorized,Unsynchronised V and S Dataset/Uncategorised IOVNB (V and S) Dataset/S-Dataset/S-Vtb8.csv,Unsynchronised V and S Dataset/Uncategorised IOVNB (V and S) Dataset/V-Dataset/V-Vtb8.csv,6d3b6e43afbe:000,5ec90eed9f35:000,66033.376,66100.076,66032.0,66101.8,66033.15000000001,66099.85,66.69999999999709,-0.17399999999906868,0.22600000000136333,speed_cross_correlation,medium,0.7373268607897177,0.9234019174345425,True,-3.1000000000058208,-44412.607449938274,CONFIRMED_BY_SIGNAL,speed correlation 0.737 at offset 0.23s (peak margin 0.923)
unsynchronized_uncategorized:VTB9,VTB9,unsynchronized_uncategorized,Unsynchronised V and S Dataset/Uncategorised IOVNB (V and S) Dataset/S-Dataset/S-Vtb9.csv,Unsynchronised V and S Dataset/Uncategorised IOVNB (V and S) Dataset/V-Dataset/V-Vtb9.csv,2914b6a69096:000,9e25f7d2ed49:000,66105.377,66150.476,66106.6,66152.2,66106.8505,66151.9495,45.09900000000198,-1.4735000000073342,-1.4735000000073342,clock_difference,none,,,False,-0.5009999999892898,-10986.842105030388,UNRESOLVED,aligned overlap 45.1s is below the 60s minimum; alignment left UNRESOLVED
unsynchronized_uncategorized:VW1,VW1,unsynchronized_uncategorized,Unsynchronised V and S Dataset/Uncategorised IOVNB (V and S) Dataset/S-Dataset/S-Vw1.csv,Unsynchronised V and S Dataset/Uncategorised IOVNB (V and S) Dataset/V-Dataset/V-Vw1.csv,fbf968d0ce57:000,6323621a9321:000,34675.816,36723.316,34575.4,36622.8,34575.4,36622.8,2047.4000000000015,100.46599999999671,100.46599999999671,clock_difference,low,,,False,0.09999999999854481,48.84243430621507,CLOCK_ONLY,signal alignment not confirmed (insufficient overlap or flat correlation surface); clock difference reported only
unsynchronized_uncategorized:VW10,VW10,unsynchronized_uncategorized,Unsynchronised V and S Dataset/Uncategorised IOVNB (V and S) Dataset/S-Dataset/S-Vw10.csv,Unsynchronised V and S Dataset/Uncategorised IOVNB (V and S) Dataset/V-Dataset/V-Vw10.csv,dac55cdbb0b0:000,4963db622690:000,58061.904,58127.004,58060.7,58127.6,58060.7,58125.0,64.30000000000291,0.3040000000037253,2.0040000000041758,speed_cross_correlation,high,0.9076080827476725,0.7726753374296343,True,-1.8000000000029104,-26905.829596455475,CONFIRMED_BY_SIGNAL,speed correlation 0.908 at offset 2.00s (peak margin 0.773)
unsynchronized_uncategorized:VW11,VW11,unsynchronized_uncategorized,Unsynchronised V and S Dataset/Uncategorised IOVNB (V and S) Dataset/S-Dataset/S-Vw11.csv,Unsynchronised V and S Dataset/Uncategorised IOVNB (V and S) Dataset/V-Dataset/V-Vw11.csv,d1fb2b7e3ad0:000,1b13b34cb9bd:000,58135.504,58626.304,58132.5,58624.8,58132.5,58621.549999999996,489.04999999999563,2.253999999997177,4.753999999997639,speed_cross_correlation,high,0.976190551053026,0.2838591908272299,True,-1.500000000007276,-3046.922608180514,CONFIRMED_BY_SIGNAL,speed correlation 0.976 at offset 4.75s (peak margin 0.284)
unsynchronized_uncategorized:VW12,VW12,unsynchronized_uncategorized,Unsynchronised V and S Dataset/Uncategorised IOVNB (V and S) Dataset/S-Dataset/S-Vw12.csv,Unsynchronised V and S Dataset/Uncategorised IOVNB (V and S) Dataset/V-Dataset/V-Vw12.csv,3db4ee68418f:000,a54ef9e6ab8a:000,58640.205,58731.905,58630.2,58737.0,58636.85,58728.549999999996,91.69999999999709,2.4550000000017462,3.3550000000021853,speed_cross_correlation,high,0.9249862981651157,0.7566119453921836,True,-15.10000000000582,-141385.76779031282,CONFIRMED_BY_SIGNAL,speed correlation 0.925 at offset 3.36s (peak margin 0.757)
unsynchronized_uncategorized:VW13,VW13,unsynchronized_uncategorized,Unsynchronised V and S Dataset/Uncategorised IOVNB (V and S) Dataset/S-Dataset/S-Vw13.csv,Unsynchronised V and S Dataset/Uncategorised IOVNB (V and S) Dataset/V-Dataset/V-Vw13.csv,f86e535305a7:000,d5baf3d13427:000,58826.104,58854.404,58823.8,58853.4,58824.45,58852.75,28.30000000000291,1.6539999999986321,1.6539999999986321,clock_difference,none,,,True,-1.2999999999956344,-43918.91891877359,UNRESOLVED,aligned overlap 28.3s is below the 60s minimum; alignment left UNRESOLVED
unsynchronized_uncategorized:VW14A,VW14A,unsynchronized_uncategorized,Unsynchronised V and S Dataset/Uncategorised IOVNB (V and S) Dataset/S-Dataset/S-Vw14a.csv,Unsynchronised V and S Dataset/Uncategorised IOVNB (V and S) Dataset/V-Dataset/V-Vw14a.csv,c33f936d8de8:000,4f750963ebb7:000,58874.984,59188.684,58870.0,59183.9,58871.5,59183.9,312.40000000000146,4.883999999998196,3.483999999998602,speed_cross_correlation,high,0.8900680192843738,0.6605749521383536,False,-0.19999999999708962,-637.14558775753,CONFIRMED_BY_SIGNAL,speed correlation 0.890 at offset 3.48s (peak margin 0.661)
unsynchronized_uncategorized:VW14B,VW14B,unsynchronized_uncategorized,Unsynchronised V and S Dataset/Uncategorised IOVNB (V and S) Dataset/S-Dataset/S-Vw14b.csv,Unsynchronised V and S Dataset/Uncategorised IOVNB (V and S) Dataset/V-Dataset/V-Vw14b.csv,0be63d31a967:000,a490a5922017:000,59188.983,61147.684,59184.0,61143.9,59184.2995,61143.0005,1958.701000000001,4.383499999999913,4.683500000000343,speed_cross_correlation,high,0.9906956578781527,0.09196740443887863,True,-1.1990000000005239,-611.7659064240639,CONFIRMED_BY_SIGNAL,speed correlation 0.991 at offset 4.68s (peak margin 0.092)
unsynchronized_uncategorized:VW14C,VW14C,unsynchronized_uncategorized,Unsynchronised V and S Dataset/Uncategorised IOVNB (V and S) Dataset/S-Dataset/S-Vw14c.csv,Unsynchronised V and S Dataset/Uncategorised IOVNB (V and S) Dataset/V-Dataset/V-Vw14c.csv,79d0af64caf8:000,04929366928d:000,61148.984,62731.484,61144.0,62729.6,61145.15,62727.65,1582.5,3.433999999997468,3.8339999999979,speed_cross_correlation,high,0.984314750109014,0.13733932058138487,True,-3.099999999998545,-1955.095862763968,CONFIRMED_BY_SIGNAL,speed correlation 0.984 at offset 3.83s (peak margin 0.137)
unsynchronized_uncategorized:VW15,VW15,unsynchronized_uncategorized,Unsynchronised V and S Dataset/Uncategorised IOVNB (V and S) Dataset/S-Dataset/S-Vw15.csv,Unsynchronised V and S Dataset/Uncategorised IOVNB (V and S) Dataset/V-Dataset/V-Vw15.csv,85be9e57dfa6:000,e9a78a8fc5df:000,62989.943,63127.843,62986.9,63125.9,62987.45,63125.350000000006,137.90000000000873,2.492999999998574,2.492999999998574,clock_difference,low,,,True,-1.0999999999985448,-7913.669064737733,CLOCK_ONLY,signal alignment not confirmed (insufficient overlap or flat correlation surface); clock difference reported only
unsynchronized_uncategorized:VW16A,VW16A,unsynchronized_uncategorized,Unsynchronised V and S Dataset/Uncategorised IOVNB (V and S) Dataset/S-Dataset/S-Vw16a.csv,Unsynchronised V and S Dataset/Uncategorised IOVNB (V and S) Dataset/V-Dataset/V-Vw16a.csv,fc23e971b8f3:000,ec97aa52952d:000,63133.603,63721.402,63131.8,63731.7,63131.8,63717.4495,585.6494999999995,-4.247499999997672,3.952500000002871,speed_cross_correlation,high,0.9851965741892916,0.22561668194448847,True,-12.10099999999511,-20171.695282539138,CONFIRMED_BY_SIGNAL,speed correlation 0.985 at offset 3.95s (peak margin 0.226)
unsynchronized_uncategorized:VW16B,VW16B,unsynchronized_uncategorized,Unsynchronised V and S Dataset/Uncategorised IOVNB (V and S) Dataset/S-Dataset/S-Vw16b.csv,Unsynchronised V and S Dataset/Uncategorised IOVNB (V and S) Dataset/V-Dataset/V-Vw16b.csv,5edb201c6796:000,78871442687e:000,63736.002,63848.503,63731.8,63848.8,63732.5495,63845.0505,112.50099999999657,1.95249999999578,3.4524999999962276,speed_cross_correlation,high,0.9507332084173471,0.6288283148615365,True,-4.499000000003434,-38452.99145302081,CONFIRMED_BY_SIGNAL,speed correlation 0.951 at offset 3.45s (peak margin 0.629)
unsynchronized_uncategorized:VW17,VW17,unsynchronized_uncategorized,Unsynchronised V and S Dataset/Uncategorised IOVNB (V and S) Dataset/S-Dataset/S-Vw17.csv,Unsynchronised V and S Dataset/Uncategorised IOVNB (V and S) Dataset/V-Dataset/V-Vw17.csv,abd8373222ff:000,d372f22589de:000,63854.702,63887.503,63853.1,63885.9,63853.1,63885.9,32.80000000000291,1.6024999999972351,1.6024999999972351,clock_difference,none,,,False,0.000999999996565748,30.48780477334327,UNRESOLVED,aligned overlap 32.8s is below the 60s minimum; alignment left UNRESOLVED
unsynchronized_uncategorized:VW2,VW2,unsynchronized_uncategorized,Unsynchronised V and S Dataset/Uncategorised IOVNB (V and S) Dataset/S-Dataset/S-Vw2.csv,Unsynchronised V and S Dataset/Uncategorised IOVNB (V and S) Dataset/V-Dataset/V-Vw2.csv,51abe4136abb:000,30733145dc37:000,36946.685,42217.884,36944.8,42215.9,36944.8,42213.6495,5268.849499999997,1.9344999999957508,4.23449999999621,speed_cross_correlation,high,0.983268330029638,0.15098569527719685,False,0.09900000000197906,18.781658477733128,CONFIRMED_BY_SIGNAL,speed correlation 0.983 at offset 4.23s (peak margin 0.151)
unsynchronized_uncategorized:VW3,VW3,unsynchronized_uncategorized,Unsynchronised V and S Dataset/Uncategorised IOVNB (V and S) Dataset/S-Dataset/S-Vw3.csv,Unsynchronised V and S Dataset/Uncategorised IOVNB (V and S) Dataset/V-Dataset/V-Vw3.csv,9a03b6e9ec4a:000,4fa83e78d311:000,42239.984,42625.985,42232.0,42626.0,42234.9995,42621.0005,386.00100000000384,3.9844999999986612,4.984499999999102,speed_cross_correlation,high,0.9432990939917928,0.6091777254405634,True,-7.998999999996158,-20302.03045684304,CONFIRMED_BY_SIGNAL,speed correlation 0.943 at offset 4.98s (peak margin 0.609)
unsynchronized_uncategorized:VW4,VW4,unsynchronized_uncategorized,Unsynchronised V and S Dataset/Uncategorised IOVNB (V and S) Dataset/S-Dataset/S-Vw4.csv,Unsynchronised V and S Dataset/Uncategorised IOVNB (V and S) Dataset/V-Dataset/V-Vw4.csv,fa0b8dc8dddf:000,e82458131e6f:000,44127.004,56779.504,44122.1,56779.3,44122.55,56775.05,12652.5,2.5540000000000873,4.454000000000541,speed_cross_correlation,high,0.9861023621267565,0.12216229296791536,True,-4.700000000004366,-371.3301520086879,CONFIRMED_BY_SIGNAL,speed correlation 0.986 at offset 4.45s (peak margin 0.122)
unsynchronized_uncategorized:VW5,VW5,unsynchronized_uncategorized,Unsynchronised V and S Dataset/Uncategorised IOVNB (V and S) Dataset/S-Dataset/S-Vw5.csv,Unsynchronised V and S Dataset/Uncategorised IOVNB (V and S) Dataset/V-Dataset/V-Vw5.csv,049ad3efce5a:000,34144ecc462c:000,56796.903,56898.004,56790.4,56895.3,56790.7995,56891.9005,101.10100000000239,4.603499999997439,6.1034999999978865,speed_cross_correlation,medium,0.7396145918438964,0.6901170311135046,True,-3.7989999999990687,-36215.44327930425,CONFIRMED_BY_SIGNAL,speed correlation 0.740 at offset 6.10s (peak margin 0.690)
unsynchronized_uncategorized:VW6,VW6,unsynchronized_uncategorized,Unsynchronised V and S Dataset/Uncategorised IOVNB (V and S) Dataset/S-Dataset/S-Vw6.csv,Unsynchronised V and S Dataset/Uncategorised IOVNB (V and S) Dataset/V-Dataset/V-Vw6.csv,d37056443067:000,9acb7769e064:000,56902.904,57030.904,56903.6,57032.3,56903.6,57029.05,125.45000000000437,-1.0459999999984575,1.85400000000201,speed_cross_correlation,medium,0.6740528300281637,0.6906201635839642,False,-0.7000000000043656,-5439.005439039175,CONFIRMED_BY_SIGNAL,speed correlation 0.674 at offset 1.85s (peak margin 0.691)
unsynchronized_uncategorized:VW7,VW7,unsynchronized_uncategorized,Unsynchronised V and S Dataset/Uncategorised IOVNB (V and S) Dataset/S-Dataset/S-Vw7.csv,Unsynchronised V and S Dataset/Uncategorised IOVNB (V and S) Dataset/V-Dataset/V-Vw7.csv,aa2774bec039:000,a75ed9a312a1:000,57309.004,57469.103,57468.2,57637.0,57472.5505,57632.6495,160.09900000000198,-163.54649999999674,-163.54649999999674,clock_difference,low,0.359774120815998,0.19044969974152295,True,-8.701000000000931,-51546.20853081031,CLOCK_ONLY,signal alignment not confirmed (correlation 0.360 below 0.5 or peak not distinct); clock difference reported only
unsynchronized_uncategorized:VW8,VW8,unsynchronized_uncategorized,Unsynchronised V and S Dataset/Uncategorised IOVNB (V and S) Dataset/S-Dataset/S-Vw8.csv,Unsynchronised V and S Dataset/Uncategorised IOVNB (V and S) Dataset/V-Dataset/V-Vw8.csv,53a4a5b9494e:000,69846416ec5f:000,57489.004,57641.804,57643.1,57802.9,57645.600000000006,57798.4,152.79999999999563,-157.59600000000137,-156.59600000000313,speed_cross_correlation,medium,0.6906270162065995,0.7297836823352294,True,-7.000000000007276,-43804.75594497589,CONFIRMED_BY_SIGNAL,speed correlation 0.691 at offset -156.60s (peak margin 0.730)
unsynchronized_uncategorized:VW9,VW9,unsynchronized_uncategorized,Unsynchronised V and S Dataset/Uncategorised IOVNB (V and S) Dataset/S-Dataset/S-Vw9.csv,Unsynchronised V and S Dataset/Uncategorised IOVNB (V and S) Dataset/V-Dataset/V-Vw9.csv,1a9d760bc7d2:000,b9850efcf8c6:000,57840.403,57895.504,57835.1,57895.1,57835.1,57888.650499999996,53.550499999997555,2.853500000001077,6.85350000000156,speed_cross_correlation,none,0.856210514493841,0.9416343771432915,True,-4.8989999999976135,-81649.99999996023,UNRESOLVED,aligned overlap 53.6s is below the 60s minimum; alignment left UNRESOLVED
unsynchronized_uncategorized:Y1,Y1,unsynchronized_uncategorized,Unsynchronised V and S Dataset/Uncategorised IOVNB (V and S) Dataset/S-Dataset/S-Y1.csv,Unsynchronised V and S Dataset/Uncategorised IOVNB (V and S) Dataset/V-Dataset/V-Y1.csv,4e0f18c9aeea:000,9d011603a57b:000,65565.703,72957.021,61954.4,69626.8,62094.941000000006,69486.259,7391.317999999999,3470.7619999999915,3470.7619999999915,clock_difference,low,0.19302501847803497,0.09575018997407886,True,-281.08200000000215,-36635.472603097085,CLOCK_ONLY,signal alignment not confirmed (correlation 0.193 below 0.5 or peak not distinct); clock difference reported only
