session_id,dataset_family,smartphone_file,vehicle_file,smartphone_rows,vehicle_rows,row_counts_match,smartphone_start_s,smartphone_end_s,vehicle_start_s,vehicle_end_s,raw_overlap_s,offset_start_s,offset_end_s,mean_offset_s,drift_s,drift_ppm,whole_hour_offset,residual_offset_s,aligned_overlap_s,interpretation,evidence,note
M,synchronized_categorized,Synchronised V abd S datasets/Categorised IOVNB Dataset/M (Driver B)/S-M.csv,Synchronised V abd S datasets/Categorised IOVNB Dataset/M (Driver B)/V-M.csv,105974,105974,True,33209.506,43809.129,29608.4,40205.7,6996.193999999996,3601.1059999999998,3603.4290000000037,3602.2675000000017,2.323000000003958,219.20677908561228,1,2.2675000000017462,10597.299999999996,variable_offset_possible_drift,INFERRED,offset moved +2.3230s over 10597.3s (+219.2 ppm)
S1,synchronized_categorized,Synchronised V abd S datasets/Categorised IOVNB Dataset/S (Driver A)/S1/S-S1.csv,Synchronised V abd S datasets/Categorised IOVNB Dataset/S (Driver A)/S1/V-S1.csv,51746,51746,True,36469.546,41644.045,32869.0,38043.5,1573.953999999998,3600.546000000002,3600.5449999999983,3600.5455,-0.0010000000038417056,-0.19325538773634277,1,0.5455000000001746,5174.498999999996,constant_offset_whole_hour_likely_timezone,INFERRED,streams differ by ~1h (3600.546s) with -0.0010s drift; consistent with a UTC/local-time difference rather than clock error
S2,synchronized_categorized,Synchronised V abd S datasets/Categorised IOVNB Dataset/S (Driver A)/S2/S-S2.csv,Synchronised V abd S datasets/Categorised IOVNB Dataset/S (Driver A)/S2/V-S2.csv,93876,93876,True,43431.741,52820.349,39824.4,49211.9,5780.159,3607.3410000000003,3608.4490000000005,3607.8950000000004,1.1080000000001746,118.02929427431954,1,7.895000000000437,9387.5,variable_offset_possible_drift,INFERRED,offset moved +1.1080s over 9387.5s (+118.0 ppm)
S3A,synchronized_categorized,Synchronised V abd S datasets/Categorised IOVNB Dataset/S (Driver A)/S3a/S-S3a.csv,Synchronised V abd S datasets/Categorised IOVNB Dataset/S (Driver A)/S3a/V-S3a.csv,24621,24621,True,69711.494,72173.494,66118.0,68580.0,0.0,3593.494000000006,3593.494000000006,3593.494000000006,0.0,0.0,1,-6.505999999993946,2462.0,constant_offset,INFERRED,"stable offset 3593.494s, drift +0.0000s"
S3B,synchronized_categorized,Synchronised V abd S datasets/Categorised IOVNB Dataset/S (Driver A)/S3b/S-S3b.csv,Synchronised V abd S datasets/Categorised IOVNB Dataset/S (Driver A)/S3b/V-S3b.csv,6813,6813,True,72183.493,72869.021,68582.8,69264.0,0.0,3600.6929999999993,3605.0209999999934,3602.8569999999963,4.327999999994063,6353.493834401176,1,2.856999999996333,681.1999999999971,variable_offset_possible_drift,INFERRED,offset moved +4.3280s over 681.2s (+6353.5 ppm)
S3C,synchronized_categorized,Synchronised V abd S datasets/Categorised IOVNB Dataset/S (Driver A)/S3c/S-S3c.csv,Synchronised V abd S datasets/Categorised IOVNB Dataset/S (Driver A)/S3c/V-S3c.csv,37183,37183,True,72868.521,76586.72,69267.8,72986.0,117.47900000000664,3600.7209999999905,3600.720000000001,3600.720499999996,-0.0009999999892897904,-0.2689473372303241,1,0.720499999995809,3718.199000000008,constant_offset_whole_hour_likely_timezone,INFERRED,streams differ by ~1h (3600.720s) with -0.0010s drift; consistent with a UTC/local-time difference rather than clock error
S4,synchronized_categorized,Synchronised V abd S datasets/Categorised IOVNB Dataset/S (Driver A)/S4/S-S4.csv,Synchronised V abd S datasets/Categorised IOVNB Dataset/S (Driver A)/S4/V-S4.csv,94600,94600,True,65775.111,75548.216,62173.4,71633.3,5858.1889999999985,3601.711000000003,3914.9159999999974,3758.3135,313.20499999999447,33108.70093764146,1,158.3135000000002,9459.900000000001,variable_offset_possible_drift,INFERRED,offset moved +313.2050s over 9459.9s (+33108.7 ppm)
VFA01,synchronized_categorized,Synchronised V abd S datasets/Categorised IOVNB Dataset/Vf (Driver E)/V-Vfa01/S-Vfa01.csv,Synchronised V abd S datasets/Categorised IOVNB Dataset/Vf (Driver E)/V-Vfa01/V-Vfa01.csv,11486,11535,False,33626.236,34774.736,33622.0,34775.4,1148.5,4.235999999997148,-0.6640000000043074,1.7859999999964202,-4.900000000001455,-4248.309346281818,0,1.7859999999964202,1148.5,variable_offset_possible_drift,INFERRED,offset moved -4.9000s over 1153.4s (-4248.3 ppm)
VFA02,synchronized_categorized,Synchronised V abd S datasets/Categorised IOVNB Dataset/Vf (Driver E)/V-Vfa02/S-Vfa02.csv,Synchronised V abd S datasets/Categorised IOVNB Dataset/Vf (Driver E)/V-Vfa02/V-Vfa02.csv,67523,67755,False,35837.649,42589.85,35829.9,42605.3,6752.201000000001,7.748999999996158,-15.450000000004366,-3.8505000000041036,-23.199000000000524,-3424.004486820043,0,-3.8505000000041036,6752.201000000001,variable_offset_possible_drift,INFERRED,offset moved -23.1990s over 6775.4s (-3424.0 ppm)
VTA10,synchronized_categorized,Synchronised V abd S datasets/Categorised IOVNB Dataset/Vta (Driver E)/Vta10/S-Vta10.csv,Synchronised V abd S datasets/Categorised IOVNB Dataset/Vta (Driver E)/Vta10/V-vta10.csv,1502,1502,True,43310.393,43460.493,43309.9,43460.0,149.6070000000036,0.49299999999493593,0.4930000000022119,0.4929999999985739,7.275957614183426e-12,4.8474068049190515e-08,0,0.4929999999985739,150.09999999999854,constant_offset,INFERRED,"stable offset 0.493s, drift +0.0000s"
VTA11,synchronized_categorized,Synchronised V abd S datasets/Categorised IOVNB Dataset/Vta (Driver E)/Vta11/S-Vta11.csv,Synchronised V abd S datasets/Categorised IOVNB Dataset/Vta (Driver E)/Vta11/V-vta11.csv,510,510,True,43472.393,43523.293,43471.9,43522.8,50.40700000000652,0.49299999999493593,0.49299999999493593,0.49299999999493593,0.0,0.0,0,0.49299999999493593,50.900000000001455,constant_offset,INFERRED,"stable offset 0.493s, drift +0.0000s"
VTA12,synchronized_categorized,Synchronised V abd S datasets/Categorised IOVNB Dataset/Vta (Driver E)/Vta12/S-Vta12.csv,Synchronised V abd S datasets/Categorised IOVNB Dataset/Vta (Driver E)/Vta12/V-vta12.csv,610,610,True,43535.393,43596.293,43535.1,43596.0,60.60700000000361,0.2929999999978463,0.2929999999978463,0.2929999999978463,0.0,0.0,0,0.2929999999978463,60.900000000001455,constant_offset,INFERRED,"stable offset 0.293s, drift +0.0000s"
VTA13,synchronized_categorized,Synchronised V abd S datasets/Categorised IOVNB Dataset/Vta (Driver E)/Vta13/S-Vta13.csv,Synchronised V abd S datasets/Categorised IOVNB Dataset/Vta (Driver E)/Vta13/V-vta13.csv,404,404,True,43607.292,43647.593,43606.9,43647.2,39.90799999999581,0.3919999999998254,0.3930000000036671,0.39250000000174623,0.0010000000038417056,24.81389587696809,0,0.39250000000174623,40.299999999995634,constant_offset,INFERRED,"stable offset 0.393s, drift +0.0010s"
VTA14,synchronized_categorized,Synchronised V abd S datasets/Categorised IOVNB Dataset/Vta (Driver E)/Vta14/S-Vta14.csv,Synchronised V abd S datasets/Categorised IOVNB Dataset/Vta (Driver E)/Vta14/V-vta14.csv,2885,2885,True,43652.493,43940.893,43651.8,43940.2,287.7069999999949,0.6929999999993015,0.6929999999993015,0.6929999999993015,0.0,0.0,0,0.6929999999993015,288.3999999999942,constant_offset,INFERRED,"stable offset 0.693s, drift +0.0000s"
VTA15,synchronized_categorized,Synchronised V abd S datasets/Categorised IOVNB Dataset/Vta (Driver E)/Vta15/S-Vta15.csv,Synchronised V abd S datasets/Categorised IOVNB Dataset/Vta (Driver E)/Vta15/V-vta15.csv,833,833,True,43951.793,44034.993,43948.8,44032.0,80.20700000000215,2.992999999994936,2.993000000002212,2.992999999998574,7.275957614183426e-12,8.745141363201539e-08,0,2.992999999998574,83.19999999999709,constant_offset,INFERRED,"stable offset 2.993s, drift +0.0000s"
VTA16,synchronized_categorized,Synchronised V abd S datasets/Categorised IOVNB Dataset/Vta (Driver E)/Vta16/S-Vta16.csv,Synchronised V abd S datasets/Categorised IOVNB Dataset/Vta (Driver E)/Vta16/V-vta16.csv,11335,11335,True,44040.693,45174.093,44038.9,45172.3,1131.6070000000036,1.7929999999978463,1.7929999999978463,1.7929999999978463,0.0,0.0,0,1.7929999999978463,1133.4000000000015,constant_offset,INFERRED,"stable offset 1.793s, drift +0.0000s"
VTA17,synchronized_categorized,Synchronised V abd S datasets/Categorised IOVNB Dataset/Vta (Driver E)/Vta17/S-Vta17.csv,Synchronised V abd S datasets/Categorised IOVNB Dataset/Vta (Driver E)/Vta17/V-vta17.csv,4519,4519,True,45185.392,45638.378,45184.9,45636.7,451.30799999999726,0.4919999999983702,1.6779999999998836,1.0849999999991269,1.1860000000015134,2625.055334222056,0,1.0849999999991269,451.79999999999563,variable_offset_possible_drift,INFERRED,offset moved +1.1860s over 451.8s (+2625.1 ppm)
VTA19,synchronized_categorized,Synchronised V abd S datasets/Categorised IOVNB Dataset/Vta (Driver E)/Vta19/S-Vta19.csv,Synchronised V abd S datasets/Categorised IOVNB Dataset/Vta (Driver E)/Vta19/V-vta19.csv,292,292,True,45657.377,45686.478,45656.9,45686.0,28.622999999999593,0.47699999999895226,0.47800000000279397,0.4775000000008731,0.0010000000038417056,34.364261300403975,0,0.4775000000008731,29.099999999998545,constant_offset,INFERRED,"stable offset 0.478s, drift +0.0010s"
VTA1A,synchronized_categorized,Synchronised V abd S datasets/Categorised IOVNB Dataset/Vta (Driver E)/Vta01a/S-Vta1a.csv,Synchronised V abd S datasets/Categorised IOVNB Dataset/Vta (Driver E)/Vta01a/V-Vta1a.csv,25676,25676,True,38507.363,41074.862,38521.0,41088.5,2553.862000000001,-13.637000000002445,-13.63799999999901,-13.637500000000728,-0.000999999996565748,-0.3894839324501453,0,-13.637500000000728,2567.4990000000107,constant_offset,INFERRED,"stable offset -13.638s, drift -0.0010s"
VTA1B,synchronized_categorized,Synchronised V abd S datasets/Categorised IOVNB Dataset/Vta (Driver E)/Vta01b/S-Vta1b.csv,Synchronised V abd S datasets/Categorised IOVNB Dataset/Vta (Driver E)/Vta01b/V-Vta1b.csv,954,953,False,41089.463,41184.763,41089.0,41184.2,94.73699999999371,0.46300000000337604,0.5630000000019209,0.5130000000026484,0.09999999999854481,1050.4201680519734,0,0.5130000000026484,95.19999999999709,variable_offset_possible_drift,INFERRED,offset moved +0.1000s over 95.2s (+1050.4 ppm)
VTA2,synchronized_categorized,Synchronised V abd S datasets/Categorised IOVNB Dataset/Vta (Driver E)/Vta02/S-Vta2.csv,Synchronised V abd S datasets/Categorised IOVNB Dataset/Vta (Driver E)/Vta02/V-vta2.csv,10991,10991,True,41191.265,42290.263,41190.3,42289.3,1098.0350000000035,0.9649999999965075,0.9629999999961001,0.9639999999963038,-0.0020000000004074536,-1.8198362151114227,0,0.9639999999963038,1098.9979999999923,constant_offset,INFERRED,"stable offset 0.964s, drift -0.0020s"
VTA20,synchronized_categorized,Synchronised V abd S datasets/Categorised IOVNB Dataset/Vta (Driver E)/Vta20/S-Vta20.csv,Synchronised V abd S datasets/Categorised IOVNB Dataset/Vta (Driver E)/Vta20/V-vta20.csv,3223,3223,True,45741.722,46063.922,45715.0,46037.2,295.4779999999955,26.72200000000157,26.72200000000157,26.72200000000157,0.0,0.0,0,26.72200000000157,322.1999999999971,constant_offset,INFERRED,"stable offset 26.722s, drift +0.0000s"
VTA21,synchronized_categorized,Synchronised V abd S datasets/Categorised IOVNB Dataset/Vta (Driver E)/Vta21/S-Vta21.csv,Synchronised V abd S datasets/Categorised IOVNB Dataset/Vta (Driver E)/Vta21/V-vta21.csv,2079,2079,True,46052.022,46259.822,46043.7,46251.5,199.4780000000028,8.322000000000116,8.322000000000116,8.322000000000116,0.0,0.0,0,8.322000000000116,207.8000000000029,constant_offset,INFERRED,"stable offset 8.322s, drift +0.0000s"
VTA22,synchronized_categorized,Synchronised V abd S datasets/Categorised IOVNB Dataset/Vta (Driver E)/Vta22/S-Vta22.csv,Synchronised V abd S datasets/Categorised IOVNB Dataset/Vta (Driver E)/Vta22/V-vta22.csv,1564,1564,True,46260.822,46417.123,46257.0,46413.3,152.4780000000028,3.8220000000001164,3.822999999996682,3.8224999999983993,0.000999999996565748,6.397952633178051,0,3.8224999999983993,156.3000000000029,constant_offset,INFERRED,"stable offset 3.822s, drift +0.0010s"
VTA23,synchronized_categorized,Synchronised V abd S datasets/Categorised IOVNB Dataset/Vta (Driver E)/Vta23/S-Vta23.csv,Synchronised V abd S datasets/Categorised IOVNB Dataset/Vta (Driver E)/Vta23/V-vta23.csv,1110,1110,True,46420.023,46530.923,46419.1,46530.0,109.97699999999895,0.9230000000025029,0.9230000000025029,0.9230000000025029,0.0,0.0,0,0.9230000000025029,110.90000000000146,constant_offset,INFERRED,"stable offset 0.923s, drift +0.0000s"
VTA24,synchronized_categorized,Synchronised V abd S datasets/Categorised IOVNB Dataset/Vta (Driver E)/Vta24/S-Vta24.csv,Synchronised V abd S datasets/Categorised IOVNB Dataset/Vta (Driver E)/Vta24/V-vta24.csv,1171,1171,True,46535.922,46652.923,46535.8,46652.8,116.87800000000425,0.12199999999575084,0.12299999999959255,0.1224999999976717,0.0010000000038417056,8.547008579843638,0,0.1224999999976717,117.0,constant_offset,INFERRED,"stable offset 0.122s, drift +0.0010s"
VTA25,synchronized_categorized,Synchronised V abd S datasets/Categorised IOVNB Dataset/Vta (Driver E)/Vta25/S-Vta25.csv,Synchronised V abd S datasets/Categorised IOVNB Dataset/Vta (Driver E)/Vta25/V-vta25.csv,646,646,True,46656.324,46720.822,46657.6,46722.1,63.22200000000157,-1.275999999998021,-1.2779999999984284,-1.2769999999982247,-0.0020000000004074536,-31.007751944301607,0,-1.2769999999982247,64.49800000000687,constant_offset,INFERRED,"stable offset -1.277s, drift -0.0020s"
VTA26,synchronized_categorized,Synchronised V abd S datasets/Categorised IOVNB Dataset/Vta (Driver E)/Vta26/S-Vta26.csv,Synchronised V abd S datasets/Categorised IOVNB Dataset/Vta (Driver E)/Vta26/V-vta26.csv,1935,1935,True,46728.922,46922.322,46727.6,46921.0,192.07800000000134,1.3220000000001164,1.3220000000001164,1.3220000000001164,0.0,0.0,0,1.3220000000001164,193.40000000000146,constant_offset,INFERRED,"stable offset 1.322s, drift +0.0000s"
VTA27,synchronized_categorized,Synchronised V abd S datasets/Categorised IOVNB Dataset/Vta (Driver E)/Vta27/S-Vta27.csv,Synchronised V abd S datasets/Categorised IOVNB Dataset/Vta (Driver E)/Vta27/V-vta27.csv,2540,2540,True,46929.622,47183.522,46956.8,47210.7,226.7219999999943,-27.177999999999884,-27.177999999999884,-27.177999999999884,0.0,0.0,0,-27.177999999999884,253.89999999999418,constant_offset,INFERRED,"stable offset -27.178s, drift +0.0000s"
VTA28,synchronized_categorized,Synchronised V abd S datasets/Categorised IOVNB Dataset/Vta (Driver E)/Vta28/S-Vta28.csv,Synchronised V abd S datasets/Categorised IOVNB Dataset/Vta (Driver E)/Vta28/V-vta28.csv,4210,4210,True,47214.922,47635.822,47216.3,47637.2,419.5219999999972,-1.3780000000042492,-1.3779999999969732,-1.3780000000006112,7.275957614183426e-12,1.728666575002026e-08,0,-1.3780000000006112,420.8999999999942,constant_offset,INFERRED,"stable offset -1.378s, drift +0.0000s"
VTA29,synchronized_categorized,Synchronised V abd S datasets/Categorised IOVNB Dataset/Vta (Driver E)/Vta29/S-Vta29.csv,Synchronised V abd S datasets/Categorised IOVNB Dataset/Vta (Driver E)/Vta29/V-vta29.csv,23705,23705,True,48440.808,50810.586,48446.2,50816.6,2364.386000000006,-5.391999999999825,-6.013999999995576,-5.702999999997701,-0.6219999999957508,-262.4029699610827,0,-5.702999999997701,2369.7780000000057,variable_offset_possible_drift,INFERRED,offset moved -0.6220s over 2370.4s (-262.4 ppm)
VTA3,synchronized_categorized,Synchronised V abd S datasets/Categorised IOVNB Dataset/Vta (Driver E)/Vta03/S-Vta3.csv,Synchronised V abd S datasets/Categorised IOVNB Dataset/Vta (Driver E)/Vta03/V-vta3.csv,645,645,True,42353.893,42418.293,42374.0,42438.4,44.292999999997846,-20.10700000000361,-20.10700000000361,-20.10700000000361,0.0,0.0,0,-20.10700000000361,64.40000000000146,constant_offset,INFERRED,"stable offset -20.107s, drift +0.0000s"
VTA30,synchronized_categorized,Synchronised V abd S datasets/Categorised IOVNB Dataset/Vta (Driver E)/Vta30/S-Vta30.csv,Synchronised V abd S datasets/Categorised IOVNB Dataset/Vta (Driver E)/Vta30/V-vta30.csv,17136,17136,True,50823.886,52537.386,50821.6,52535.1,1711.214,2.286000000000058,2.286000000000058,2.286000000000058,0.0,0.0,0,2.286000000000058,1713.5,constant_offset,INFERRED,"stable offset 2.286s, drift +0.0000s"
VTA4,synchronized_categorized,Synchronised V abd S datasets/Categorised IOVNB Dataset/Vta (Driver E)/Vta04/S-Vta4.csv,Synchronised V abd S datasets/Categorised IOVNB Dataset/Vta (Driver E)/Vta04/V-vta4.csv,1789,1789,True,42447.394,42626.193,42445.2,42624.0,176.60599999999977,2.194000000003143,2.1929999999993015,2.1935000000012224,-0.0010000000038417056,-5.59284118479692,0,2.1935000000012224,178.79899999999907,constant_offset,INFERRED,"stable offset 2.194s, drift -0.0010s"
VTA5,synchronized_categorized,Synchronised V abd S datasets/Categorised IOVNB Dataset/Vta (Driver E)/Vta05/S-Vta5.csv,Synchronised V abd S datasets/Categorised IOVNB Dataset/Vta (Driver E)/Vta05/V-vta5.csv,307,307,True,42634.393,42664.993,42633.6,42664.2,29.8070000000007,0.7929999999978463,0.7930000000051223,0.7930000000014843,7.275957614183426e-12,2.377763926203847e-07,0,0.7930000000014843,30.599999999998545,constant_offset,INFERRED,"stable offset 0.793s, drift +0.0000s"
VTA6,synchronized_categorized,Synchronised V abd S datasets/Categorised IOVNB Dataset/Vta (Driver E)/Vta06/S-Vta6.csv,Synchronised V abd S datasets/Categorised IOVNB Dataset/Vta (Driver E)/Vta06/V-vta6.csv,1376,1376,True,42671.993,42809.493,42669.7,42807.2,135.20699999999488,2.2930000000051223,2.2930000000051223,2.2930000000051223,0.0,0.0,0,2.2930000000051223,137.5,constant_offset,INFERRED,"stable offset 2.293s, drift +0.0000s"
VTA7,synchronized_categorized,Synchronised V abd S datasets/Categorised IOVNB Dataset/Vta (Driver E)/Vta07/S-Vta7.csv,Synchronised V abd S datasets/Categorised IOVNB Dataset/Vta (Driver E)/Vta07/V-vta7.csv,840,840,True,42815.293,42899.193,42813.7,42897.6,82.3070000000007,1.5930000000007567,1.5930000000007567,1.5930000000007567,0.0,0.0,0,1.5930000000007567,83.90000000000146,constant_offset,INFERRED,"stable offset 1.593s, drift +0.0000s"
VTA8,synchronized_categorized,Synchronised V abd S datasets/Categorised IOVNB Dataset/Vta (Driver E)/Vta08/S-Vta8.csv,Synchronised V abd S datasets/Categorised IOVNB Dataset/Vta (Driver E)/Vta08/V-vta8.csv,3676,3676,True,42905.293,43272.793,42904.0,43271.5,366.20700000000215,1.2929999999978463,1.2929999999978463,1.2929999999978463,0.0,0.0,0,1.2929999999978463,367.5,constant_offset,INFERRED,"stable offset 1.293s, drift +0.0000s"
VTA9,synchronized_categorized,Synchronised V abd S datasets/Categorised IOVNB Dataset/Vta (Driver E)/Vta09/S-Vta9.csv,Synchronised V abd S datasets/Categorised IOVNB Dataset/Vta (Driver E)/Vta09/V-vta9.csv,156,156,True,43283.394,43298.892,43283.1,43298.6,15.205999999998312,0.294000000001688,0.29200000000128057,0.2930000000014843,-0.0020000000004074536,-129.03225809080345,0,0.2930000000014843,15.498000000006869,constant_offset,INFERRED,"stable offset 0.293s, drift -0.0020s"
VTB1,synchronized_categorized,Synchronised V abd S datasets/Categorised IOVNB Dataset/Vtb (Driver E)/Vtb01/S-Vtb1.csv,Synchronised V abd S datasets/Categorised IOVNB Dataset/Vtb (Driver E)/Vtb01/V-vtb1.csv,32459,32459,True,53857.146,57102.945,53857.8,57103.6,3245.144999999997,-0.6540000000022701,-0.6549999999988358,-0.654500000000553,-0.000999999996565748,-0.30809045429963317,0,-0.654500000000553,3245.798999999999,constant_offset,INFERRED,"stable offset -0.655s, drift -0.0010s"
VTB10,synchronized_categorized,Synchronised V abd S datasets/Categorised IOVNB Dataset/Vtb (Driver E)/Vtb10/S-Vtb10.csv,Synchronised V abd S datasets/Categorised IOVNB Dataset/Vtb (Driver E)/Vtb10/V-vtb10.csv,196,195,False,66157.375,66176.875,66156.9,66176.3,18.92500000000291,0.47500000000582077,0.5749999999970896,0.5250000000014552,0.09999999999126885,5154.639174805353,0,0.5250000000014552,19.40000000000873,variable_offset_possible_drift,INFERRED,offset moved +0.1000s over 19.4s (+5154.6 ppm)
VTB11,synchronized_categorized,Synchronised V abd S datasets/Categorised IOVNB Dataset/Vtb (Driver E)/Vtb11/S-Vtb11.csv,Synchronised V abd S datasets/Categorised IOVNB Dataset/Vtb (Driver E)/Vtb11/V-vtb11.csv,361,361,True,66186.376,66222.376,66188.0,66224.0,34.37600000000384,-1.6239999999961583,-1.6239999999961583,-1.6239999999961583,0.0,0.0,0,-1.6239999999961583,36.0,constant_offset,INFERRED,"stable offset -1.624s, drift +0.0000s"
VTB12,synchronized_categorized,Synchronised V abd S datasets/Categorised IOVNB Dataset/Vtb (Driver E)/Vtb12/S-Vtb12.csv,Synchronised V abd S datasets/Categorised IOVNB Dataset/Vtb (Driver E)/Vtb12/V-vtb12.csv,447,447,True,66231.475,66276.076,66233.1,66277.7,42.97599999999511,-1.625,-1.6239999999961583,-1.6244999999980791,0.0010000000038417056,22.421524749818417,0,-1.6244999999980791,44.59999999999127,constant_offset,INFERRED,"stable offset -1.624s, drift +0.0010s"
VTB2,synchronized_categorized,Synchronised V abd S datasets/Categorised IOVNB Dataset/Vtb (Driver E)/Vtb02/S-Vtb2.csv,Synchronised V abd S datasets/Categorised IOVNB Dataset/Vtb (Driver E)/Vtb02/V-vtb2.csv,5712,5712,True,57980.476,58551.576,57981.4,58552.5,570.1759999999995,-0.9239999999990687,-0.9239999999990687,-0.9239999999990687,0.0,0.0,0,-0.9239999999990687,571.0999999999985,constant_offset,INFERRED,"stable offset -0.924s, drift +0.0000s"
VTB3,synchronized_categorized,Synchronised V abd S datasets/Categorised IOVNB Dataset/Vtb (Driver E)/Vtb03/S-Vtb3.csv,Synchronised V abd S datasets/Categorised IOVNB Dataset/Vtb (Driver E)/Vtb03/V-vtb3.csv,8240,8240,True,58561.676,59385.576,58563.1,59387.0,822.4760000000024,-1.4239999999990687,-1.4239999999990687,-1.4239999999990687,0.0,0.0,0,-1.4239999999990687,823.9000000000015,constant_offset,INFERRED,"stable offset -1.424s, drift +0.0000s"
VTB4,synchronized_categorized,Synchronised V abd S datasets/Categorised IOVNB Dataset/Vtb (Driver E)/Vtb04/S-Vtb4.csv,Synchronised V abd S datasets/Categorised IOVNB Dataset/Vtb (Driver E)/Vtb04/V-vtb4.csv,556,556,True,59398.376,59453.876,59398.8,59454.3,55.075999999993655,-0.42400000000634464,-0.42400000000634464,-0.42400000000634464,0.0,0.0,0,-0.42400000000634464,55.5,constant_offset,INFERRED,"stable offset -0.424s, drift +0.0000s"
VTB5,synchronized_categorized,Synchronised V abd S datasets/Categorised IOVNB Dataset/Vtb (Driver E)/Vtb05/S-Vtb5.csv,Synchronised V abd S datasets/Categorised IOVNB Dataset/Vtb (Driver E)/Vtb05/V-vtb5.csv,64388,64388,True,59453.075,65891.776,59481.4,65920.1,6410.375999999997,-28.325000000004366,-28.3240000000078,-28.324500000006083,0.000999999996565748,0.15531085414225657,0,-28.324500000006083,6438.700000000004,constant_offset,INFERRED,"stable offset -28.325s, drift +0.0010s"
VTB6,synchronized_categorized,Synchronised V abd S datasets/Categorised IOVNB Dataset/Vtb (Driver E)/Vtb06/S-Vtb6.csv,Synchronised V abd S datasets/Categorised IOVNB Dataset/Vtb (Driver E)/Vtb06/V-vtb6.csv,498,498,True,65925.376,65975.076,65926.9,65976.6,48.17600000000675,-1.5239999999903375,-1.5240000000048894,-1.5239999999976135,-1.4551915228366852e-11,-2.927950750173731e-07,0,-1.5239999999976135,49.70000000001164,constant_offset,INFERRED,"stable offset -1.524s, drift -0.0000s"
VTB7,synchronized_categorized,Synchronised V abd S datasets/Categorised IOVNB Dataset/Vtb (Driver E)/Vtb07/S-Vtb7.csv,Synchronised V abd S datasets/Categorised IOVNB Dataset/Vtb (Driver E)/Vtb07/V-vtb7.csv,461,461,True,65979.375,66025.376,65981.2,66027.2,44.17600000000675,-1.8249999999970896,-1.823999999993248,-1.8244999999951688,0.0010000000038417056,21.739130518297948,0,-1.8244999999951688,46.0,constant_offset,INFERRED,"stable offset -1.824s, drift +0.0010s"
VTB8,synchronized_categorized,Synchronised V abd S datasets/Categorised IOVNB Dataset/Vtb (Driver E)/Vtb08/S-Vtb8.csv,Synchronised V abd S datasets/Categorised IOVNB Dataset/Vtb (Driver E)/Vtb08/V-vtb8.csv,668,668,True,66033.376,66100.076,66035.0,66101.7,65.07600000000093,-1.6239999999961583,-1.6239999999961583,-1.6239999999961583,0.0,0.0,0,-1.6239999999961583,66.69999999999709,constant_offset,INFERRED,"stable offset -1.624s, drift +0.0000s"
VTB9,synchronized_categorized,Synchronised V abd S datasets/Categorised IOVNB Dataset/Vtb (Driver E)/Vtb09/S-Vtb9.csv,Synchronised V abd S datasets/Categorised IOVNB Dataset/Vtb (Driver E)/Vtb09/V-vtb9.csv,452,452,True,66105.377,66150.476,66107.0,66152.1,43.47599999999511,-1.6230000000068685,-1.6240000000107102,-1.6235000000087894,-0.0010000000038417056,-22.172949087396375,0,-1.6235000000087894,45.09900000001653,constant_offset,INFERRED,"stable offset -1.624s, drift -0.0010s"
VW1,synchronized_categorized,Synchronised V abd S datasets/Categorised IOVNB Dataset/Vw (Driver E)/Vw01/S-Vw1.csv,Synchronised V abd S datasets/Categorised IOVNB Dataset/Vw (Driver E)/Vw01/V-Vw1.csv,20476,20475,False,34675.816,36723.316,34575.4,36622.8,1946.984000000004,100.41599999999744,100.51599999999598,100.46599999999671,0.09999999999854481,48.84243430621507,0,100.46599999999671,2047.4000000000015,variable_offset_possible_drift,INFERRED,offset moved +0.1000s over 2047.4s (+48.8 ppm)
VW10,synchronized_categorized,Synchronised V abd S datasets/Categorised IOVNB Dataset/Vw (Driver E)/Vw10/S-Vw10.csv,Synchronised V abd S datasets/Categorised IOVNB Dataset/Vw (Driver E)/Vw10/V-Vw10.csv,652,652,True,58061.904,58127.004,58062.4,58127.5,64.60399999999936,-0.4959999999991851,-0.4959999999991851,-0.4959999999991851,0.0,0.0,0,-0.4959999999991851,65.09999999999854,constant_offset,INFERRED,"stable offset -0.496s, drift +0.0000s"
VW11,synchronized_categorized,Synchronised V abd S datasets/Categorised IOVNB Dataset/Vw (Driver E)/Vw11/S-Vw11.csv,Synchronised V abd S datasets/Categorised IOVNB Dataset/Vw (Driver E)/Vw11/V-Vw11.csv,4909,4909,True,58135.504,58626.304,58134.0,58624.8,489.2960000000021,1.504000000000815,1.503999999993539,1.503999999997177,-7.275957614183426e-12,-1.4824689515451065e-08,0,1.503999999997177,490.8000000000029,constant_offset,INFERRED,"stable offset 1.504s, drift -0.0000s"
VW12,synchronized_categorized,Synchronised V abd S datasets/Categorised IOVNB Dataset/Vw (Driver E)/Vw12/S-Vw12.csv,Synchronised V abd S datasets/Categorised IOVNB Dataset/Vw (Driver E)/Vw12/V-Vw12.csv,918,918,True,58640.205,58731.905,58636.2,58727.9,87.69499999999971,4.005000000004657,4.004999999997381,4.005000000001019,-7.275957614183426e-12,-7.934523025281439e-08,0,4.005000000001019,91.69999999999709,constant_offset,INFERRED,"stable offset 4.005s, drift -0.0000s"
VW13,synchronized_categorized,Synchronised V abd S datasets/Categorised IOVNB Dataset/Vw (Driver E)/Vw13/S-Vw13.csv,Synchronised V abd S datasets/Categorised IOVNB Dataset/Vw (Driver E)/Vw13/V-Vw13.csv,284,284,True,58826.104,58854.404,58825.1,58853.4,27.296000000002095,1.004000000000815,1.004000000000815,1.004000000000815,0.0,0.0,0,1.004000000000815,28.30000000000291,constant_offset,INFERRED,"stable offset 1.004s, drift +0.0000s"
VW14A,synchronized_categorized,Synchronised V abd S datasets/Categorised IOVNB Dataset/Vw (Driver E)/Vw14a/S-Vw14a.csv,Synchronised V abd S datasets/Categorised IOVNB Dataset/Vw (Driver E)/Vw14a/V-Vw14a.csv,3138,3138,True,58874.984,59188.684,58870.1,59183.8,308.81600000000617,4.883999999998196,4.883999999998196,4.883999999998196,0.0,0.0,0,4.883999999998196,313.70000000000437,constant_offset,INFERRED,"stable offset 4.884s, drift +0.0000s"
VW14B,synchronized_categorized,Synchronised V abd S datasets/Categorised IOVNB Dataset/Vw (Driver E)/Vw14b/S-Vw14b.csv,Synchronised V abd S datasets/Categorised IOVNB Dataset/Vw (Driver E)/Vw14b/V-Vw14b.csv,19588,19588,True,59188.983,61147.684,59185.1,61143.8,1954.8170000000027,3.88300000000163,3.8839999999981956,3.8834999999999127,0.000999999996565748,0.5105427051440985,0,3.8834999999999127,1958.7000000000044,constant_offset,INFERRED,"stable offset 3.883s, drift +0.0010s"
VW14C,synchronized_categorized,Synchronised V abd S datasets/Categorised IOVNB Dataset/Vw (Driver E)/Vw14c/S-Vw14c.csv,Synchronised V abd S datasets/Categorised IOVNB Dataset/Vw (Driver E)/Vw14c/V-Vw14c.csv,15826,15826,True,61148.984,62731.484,61147.0,62729.5,1580.5160000000033,1.9839999999967404,1.9839999999967404,1.9839999999967404,0.0,0.0,0,1.9839999999967404,1582.5,constant_offset,INFERRED,"stable offset 1.984s, drift +0.0000s"
VW15,synchronized_categorized,Synchronised V abd S datasets/Categorised IOVNB Dataset/Vw (Driver E)/Vw15/S-Vw15.csv,Synchronised V abd S datasets/Categorised IOVNB Dataset/Vw (Driver E)/Vw15/V-Vw15.csv,1380,1391,False,62989.943,63127.843,62986.9,63125.9,135.95700000000215,3.0429999999978463,1.9429999999993015,2.492999999998574,-1.0999999999985448,-7913.669064737733,0,2.492999999998574,137.90000000000873,variable_offset_possible_drift,INFERRED,offset moved -1.1000s over 139.0s (-7913.7 ppm)
VW16A,synchronized_categorized,Synchronised V abd S datasets/Categorised IOVNB Dataset/Vw (Driver E)/Vw16a/S-Vw16a.csv,Synchronised V abd S datasets/Categorised IOVNB Dataset/Vw (Driver E)/Vw16a/V-Vw16a.csv,5879,5879,True,63133.603,63721.402,63143.8,63731.6,577.601999999999,-10.197000000000116,-10.197999999996682,-10.1974999999984,-0.000999999996565748,-1.7012589257668518,0,-10.1974999999984,587.7989999999991,constant_offset,INFERRED,"stable offset -10.197s, drift -0.0010s"
VW16B,synchronized_categorized,Synchronised V abd S datasets/Categorised IOVNB Dataset/Vw (Driver E)/Vw16b/S-Vw16b.csv,Synchronised V abd S datasets/Categorised IOVNB Dataset/Vw (Driver E)/Vw16b/V-Vw16b.csv,1126,1126,True,63736.002,63848.503,63736.2,63848.7,112.30299999999988,-0.19799999999668216,-0.19700000000011642,-0.1974999999983993,0.000999999996565748,8.888888858362204,0,-0.1974999999983993,112.5,constant_offset,INFERRED,"stable offset -0.197s, drift +0.0010s"
VW17,synchronized_categorized,Synchronised V abd S datasets/Categorised IOVNB Dataset/Vw (Driver E)/Vw17/S-Vw17.csv,Synchronised V abd S datasets/Categorised IOVNB Dataset/Vw (Driver E)/Vw17/V-Vw17.csv,329,329,True,63854.702,63887.503,63853.1,63885.9,31.198000000003958,1.6019999999989523,1.602999999995518,1.6024999999972351,0.000999999996565748,30.48780477334327,0,1.6024999999972351,32.80000000000291,constant_offset,INFERRED,"stable offset 1.602s, drift +0.0010s"
VW2,synchronized_categorized,Synchronised V abd S datasets/Categorised IOVNB Dataset/Vw (Driver E)/Vw02/S-Vw2.csv,Synchronised V abd S datasets/Categorised IOVNB Dataset/Vw (Driver E)/Vw02/V-Vw2.csv,52713,52712,False,36946.685,42217.884,36944.8,42215.9,5269.215000000004,1.8849999999947613,1.9839999999967404,1.9344999999957508,0.09900000000197906,18.781658477733128,0,1.9344999999957508,5271.0999999999985,variable_offset_possible_drift,INFERRED,offset moved +0.0990s over 5271.1s (+18.8 ppm)
VW3,synchronized_categorized,Synchronised V abd S datasets/Categorised IOVNB Dataset/Vw (Driver E)/Vw03/S-Vw3.csv,Synchronised V abd S datasets/Categorised IOVNB Dataset/Vw (Driver E)/Vw03/V-Vw3.csv,3861,3861,True,42239.984,42625.985,42240.0,42626.0,385.9850000000006,-0.01600000000325963,-0.014999999999417923,-0.015500000001338776,0.0010000000038417056,2.590673585082139,0,-0.015500000001338776,386.0,constant_offset,INFERRED,"stable offset -0.016s, drift +0.0010s"
VW4,synchronized_categorized,Synchronised V abd S datasets/Categorised IOVNB Dataset/Vw (Driver E)/Vw04/S-Vw4.csv,Synchronised V abd S datasets/Categorised IOVNB Dataset/Vw (Driver E)/Vw04/V-Vw4.csv,126526,126527,False,44127.004,56779.504,44126.7,56779.3,12652.296000000002,0.3040000000037253,0.20399999999790452,0.2540000000008149,-0.10000000000582077,-7.903513902740996,0,0.2540000000008149,12652.5,variable_offset_possible_drift,INFERRED,offset moved -0.1000s over 12652.6s (-7.9 ppm)
VW5,synchronized_categorized,Synchronised V abd S datasets/Categorised IOVNB Dataset/Vw (Driver E)/Vw05/S-Vw5.csv,Synchronised V abd S datasets/Categorised IOVNB Dataset/Vw (Driver E)/Vw05/V-Vw5.csv,1012,1012,True,56796.903,56898.004,56794.1,56895.2,98.29699999999866,2.8029999999998836,2.8040000000037253,2.8035000000018044,0.0010000000038417056,9.891196872816222,0,2.8035000000018044,101.09999999999854,constant_offset,INFERRED,"stable offset 2.804s, drift +0.0010s"
VW6,synchronized_categorized,Synchronised V abd S datasets/Categorised IOVNB Dataset/Vw (Driver E)/Vw06/S-Vw6.csv,Synchronised V abd S datasets/Categorised IOVNB Dataset/Vw (Driver E)/Vw06/V-Vw6.csv,1281,1281,True,56902.904,57030.904,56904.2,57032.2,126.70400000000518,-1.2959999999948195,-1.2959999999948195,-1.2959999999948195,0.0,0.0,0,-1.2959999999948195,128.0,constant_offset,INFERRED,"stable offset -1.296s, drift +0.0000s"
VW7,synchronized_categorized,Synchronised V abd S datasets/Categorised IOVNB Dataset/Vw (Driver E)/Vw07/S-Vw7.csv,Synchronised V abd S datasets/Categorised IOVNB Dataset/Vw (Driver E)/Vw07/V-Vw7.csv,1602,1602,True,57309.004,57469.103,57476.8,57636.9,0.0,-167.7960000000021,-167.79699999999866,-167.79650000000038,-0.000999999996565748,-6.246096168430713,0,-167.79650000000038,160.09900000000198,constant_offset,INFERRED,"stable offset -167.797s, drift -0.0010s"
VW8,synchronized_categorized,Synchronised V abd S datasets/Categorised IOVNB Dataset/Vw (Driver E)/Vw08/S-Vw8.csv,Synchronised V abd S datasets/Categorised IOVNB Dataset/Vw (Driver E)/Vw08/V-Vw8.csv,1529,1529,True,57489.004,57641.804,57650.0,57802.8,0.0,-160.99599999999919,-160.99600000000646,-160.99600000000282,-7.275957614183426e-12,-4.761752365303198e-08,0,-160.99600000000282,152.8000000000029,constant_offset,INFERRED,"stable offset -160.996s, drift -0.0000s"
VW9,synchronized_categorized,Synchronised V abd S datasets/Categorised IOVNB Dataset/Vw (Driver E)/Vw09/S-Vw9.csv,Synchronised V abd S datasets/Categorised IOVNB Dataset/Vw (Driver E)/Vw09/V-Vw9.csv,552,553,False,57840.403,57895.504,57839.9,57895.1,54.697000000000116,0.5029999999969732,0.4040000000022701,0.45349999999962165,-0.0989999999947031,-1793.4782607737015,0,0.45349999999962165,55.10099999999511,variable_offset_possible_drift,INFERRED,offset moved -0.0990s over 55.2s (-1793.5 ppm)
Y1,synchronized_categorized,Synchronised V abd S datasets/Categorised IOVNB Dataset/Y (Driver D)/Y1/S-Y1.csv,Synchronised V abd S datasets/Categorised IOVNB Dataset/Y (Driver D)/Y1/V-Y1.csv,70285,70285,True,65565.703,72957.021,61959.9,69626.7,4060.997000000003,3605.8029999999926,3330.3209999999963,3468.0619999999944,-275.48199999999633,-35931.80988156681,1,-131.93800000000556,7391.317999999999,variable_offset_possible_drift,INFERRED,offset moved -275.4820s over 7666.8s (-35931.8 ppm)
M,synchronized_uncategorized,Synchronised V abd S datasets/Uncategorised IOVNB Dataset/S-Dataset/S-M.csv,Synchronised V abd S datasets/Uncategorised IOVNB Dataset/V-Dataset/V-M.csv,105974,105974,True,33209.506,43809.129,29608.4,40205.7,6996.193999999996,3601.1059999999998,3603.4290000000037,3602.2675000000017,2.323000000003958,219.20677908561228,1,2.2675000000017462,10597.299999999996,variable_offset_possible_drift,INFERRED,offset moved +2.3230s over 10597.3s (+219.2 ppm)
S1,synchronized_uncategorized,Synchronised V abd S datasets/Uncategorised IOVNB Dataset/S-Dataset/S-S1.csv,Synchronised V abd S datasets/Uncategorised IOVNB Dataset/V-Dataset/V-S1.csv,51746,51746,True,36469.546,41644.045,32869.0,38043.5,1573.953999999998,3600.546000000002,3600.5449999999983,3600.5455,-0.0010000000038417056,-0.19325538773634277,1,0.5455000000001746,5174.498999999996,constant_offset_whole_hour_likely_timezone,INFERRED,streams differ by ~1h (3600.546s) with -0.0010s drift; consistent with a UTC/local-time difference rather than clock error
S2,synchronized_uncategorized,Synchronised V abd S datasets/Uncategorised IOVNB Dataset/S-Dataset/S-S2.csv,Synchronised V abd S datasets/Uncategorised IOVNB Dataset/V-Dataset/V-S2.csv,93876,93876,True,43431.741,52820.349,39824.4,49211.9,5780.159,3607.3410000000003,3608.4490000000005,3607.8950000000004,1.1080000000001746,118.02929427431954,1,7.895000000000437,9387.5,variable_offset_possible_drift,INFERRED,offset moved +1.1080s over 9387.5s (+118.0 ppm)
S3A,synchronized_uncategorized,Synchronised V abd S datasets/Uncategorised IOVNB Dataset/S-Dataset/S-S3a.csv,Synchronised V abd S datasets/Uncategorised IOVNB Dataset/V-Dataset/V-S3a.csv,24621,24621,True,69711.494,72173.494,66118.0,68580.0,0.0,3593.494000000006,3593.494000000006,3593.494000000006,0.0,0.0,1,-6.505999999993946,2462.0,constant_offset,INFERRED,"stable offset 3593.494s, drift +0.0000s"
S3B,synchronized_uncategorized,Synchronised V abd S datasets/Uncategorised IOVNB Dataset/S-Dataset/S-S3b.csv,Synchronised V abd S datasets/Uncategorised IOVNB Dataset/V-Dataset/V-S3b.csv,6813,6813,True,72183.493,72869.021,68582.8,69264.0,0.0,3600.6929999999993,3605.0209999999934,3602.8569999999963,4.327999999994063,6353.493834401176,1,2.856999999996333,681.1999999999971,variable_offset_possible_drift,INFERRED,offset moved +4.3280s over 681.2s (+6353.5 ppm)
S3C,synchronized_uncategorized,Synchronised V abd S datasets/Uncategorised IOVNB Dataset/S-Dataset/S-S3c.csv,Synchronised V abd S datasets/Uncategorised IOVNB Dataset/V-Dataset/V-S3c.csv,37183,37183,True,72868.521,76586.72,69267.8,72986.0,117.47900000000664,3600.7209999999905,3600.720000000001,3600.720499999996,-0.0009999999892897904,-0.2689473372303241,1,0.720499999995809,3718.199000000008,constant_offset_whole_hour_likely_timezone,INFERRED,streams differ by ~1h (3600.720s) with -0.0010s drift; consistent with a UTC/local-time difference rather than clock error
S4,synchronized_uncategorized,Synchronised V abd S datasets/Uncategorised IOVNB Dataset/S-Dataset/S-S4.csv,Synchronised V abd S datasets/Uncategorised IOVNB Dataset/V-Dataset/V-S4.csv,94600,94600,True,65775.111,75548.216,62173.4,71633.3,5858.1889999999985,3601.711000000003,3914.9159999999974,3758.3135,313.20499999999447,33108.70093764146,1,158.3135000000002,9459.900000000001,variable_offset_possible_drift,INFERRED,offset moved +313.2050s over 9459.9s (+33108.7 ppm)
VFA01,synchronized_uncategorized,Synchronised V abd S datasets/Uncategorised IOVNB Dataset/S-Dataset/S-Vfa01.csv,Synchronised V abd S datasets/Uncategorised IOVNB Dataset/V-Dataset/V-Vfa01.csv,11486,11535,False,33626.236,34774.736,33622.0,34775.4,1148.5,4.235999999997148,-0.6640000000043074,1.7859999999964202,-4.900000000001455,-4248.309346281818,0,1.7859999999964202,1148.5,variable_offset_possible_drift,INFERRED,offset moved -4.9000s over 1153.4s (-4248.3 ppm)
VFA02,synchronized_uncategorized,Synchronised V abd S datasets/Uncategorised IOVNB Dataset/S-Dataset/S-Vfa02.csv,Synchronised V abd S datasets/Uncategorised IOVNB Dataset/V-Dataset/V-Vfa02.csv,67523,67755,False,35837.649,42589.85,35829.9,42605.3,6752.201000000001,7.748999999996158,-15.450000000004366,-3.8505000000041036,-23.199000000000524,-3424.004486820043,0,-3.8505000000041036,6752.201000000001,variable_offset_possible_drift,INFERRED,offset moved -23.1990s over 6775.4s (-3424.0 ppm)
VTA10,synchronized_uncategorized,Synchronised V abd S datasets/Uncategorised IOVNB Dataset/S-Dataset/S-Vta10.csv,Synchronised V abd S datasets/Uncategorised IOVNB Dataset/V-Dataset/V-vta10.csv,1502,1502,True,43310.393,43460.493,43309.9,43460.0,149.6070000000036,0.49299999999493593,0.4930000000022119,0.4929999999985739,7.275957614183426e-12,4.8474068049190515e-08,0,0.4929999999985739,150.09999999999854,constant_offset,INFERRED,"stable offset 0.493s, drift +0.0000s"
VTA11,synchronized_uncategorized,Synchronised V abd S datasets/Uncategorised IOVNB Dataset/S-Dataset/S-Vta11.csv,Synchronised V abd S datasets/Uncategorised IOVNB Dataset/V-Dataset/V-vta11.csv,510,510,True,43472.393,43523.293,43471.9,43522.8,50.40700000000652,0.49299999999493593,0.49299999999493593,0.49299999999493593,0.0,0.0,0,0.49299999999493593,50.900000000001455,constant_offset,INFERRED,"stable offset 0.493s, drift +0.0000s"
VTA12,synchronized_uncategorized,Synchronised V abd S datasets/Uncategorised IOVNB Dataset/S-Dataset/S-Vta12.csv,Synchronised V abd S datasets/Uncategorised IOVNB Dataset/V-Dataset/V-vta12.csv,610,610,True,43535.393,43596.293,43535.1,43596.0,60.60700000000361,0.2929999999978463,0.2929999999978463,0.2929999999978463,0.0,0.0,0,0.2929999999978463,60.900000000001455,constant_offset,INFERRED,"stable offset 0.293s, drift +0.0000s"
VTA13,synchronized_uncategorized,Synchronised V abd S datasets/Uncategorised IOVNB Dataset/S-Dataset/S-Vta13.csv,Synchronised V abd S datasets/Uncategorised IOVNB Dataset/V-Dataset/V-vta13.csv,404,404,True,43607.292,43647.593,43606.9,43647.2,39.90799999999581,0.3919999999998254,0.3930000000036671,0.39250000000174623,0.0010000000038417056,24.81389587696809,0,0.39250000000174623,40.299999999995634,constant_offset,INFERRED,"stable offset 0.393s, drift +0.0010s"
VTA14,synchronized_uncategorized,Synchronised V abd S datasets/Uncategorised IOVNB Dataset/S-Dataset/S-Vta14.csv,Synchronised V abd S datasets/Uncategorised IOVNB Dataset/V-Dataset/V-vta14.csv,2885,2885,True,43652.493,43940.893,43651.8,43940.2,287.7069999999949,0.6929999999993015,0.6929999999993015,0.6929999999993015,0.0,0.0,0,0.6929999999993015,288.3999999999942,constant_offset,INFERRED,"stable offset 0.693s, drift +0.0000s"
VTA15,synchronized_uncategorized,Synchronised V abd S datasets/Uncategorised IOVNB Dataset/S-Dataset/S-Vta15.csv,Synchronised V abd S datasets/Uncategorised IOVNB Dataset/V-Dataset/V-vta15.csv,833,833,True,43951.793,44034.993,43948.8,44032.0,80.20700000000215,2.992999999994936,2.993000000002212,2.992999999998574,7.275957614183426e-12,8.745141363201539e-08,0,2.992999999998574,83.19999999999709,constant_offset,INFERRED,"stable offset 2.993s, drift +0.0000s"
VTA16,synchronized_uncategorized,Synchronised V abd S datasets/Uncategorised IOVNB Dataset/S-Dataset/S-Vta16.csv,Synchronised V abd S datasets/Uncategorised IOVNB Dataset/V-Dataset/V-vta16.csv,11335,11335,True,44040.693,45174.093,44038.9,45172.3,1131.6070000000036,1.7929999999978463,1.7929999999978463,1.7929999999978463,0.0,0.0,0,1.7929999999978463,1133.4000000000015,constant_offset,INFERRED,"stable offset 1.793s, drift +0.0000s"
VTA17,synchronized_uncategorized,Synchronised V abd S datasets/Uncategorised IOVNB Dataset/S-Dataset/S-Vta17.csv,Synchronised V abd S datasets/Uncategorised IOVNB Dataset/V-Dataset/V-vta17.csv,4519,4519,True,45185.392,45638.378,45184.9,45636.7,451.30799999999726,0.4919999999983702,1.6779999999998836,1.0849999999991269,1.1860000000015134,2625.055334222056,0,1.0849999999991269,451.79999999999563,variable_offset_possible_drift,INFERRED,offset moved +1.1860s over 451.8s (+2625.1 ppm)
VTA19,synchronized_uncategorized,Synchronised V abd S datasets/Uncategorised IOVNB Dataset/S-Dataset/S-Vta19.csv,Synchronised V abd S datasets/Uncategorised IOVNB Dataset/V-Dataset/V-vta19.csv,292,292,True,45657.377,45686.478,45656.9,45686.0,28.622999999999593,0.47699999999895226,0.47800000000279397,0.4775000000008731,0.0010000000038417056,34.364261300403975,0,0.4775000000008731,29.099999999998545,constant_offset,INFERRED,"stable offset 0.478s, drift +0.0010s"
VTA1A,synchronized_uncategorized,Synchronised V abd S datasets/Uncategorised IOVNB Dataset/S-Dataset/S-Vta1a.csv,Synchronised V abd S datasets/Uncategorised IOVNB Dataset/V-Dataset/V-Vta1a.csv,25676,25676,True,38507.363,41074.862,38521.0,41088.5,2553.862000000001,-13.637000000002445,-13.63799999999901,-13.637500000000728,-0.000999999996565748,-0.3894839324501453,0,-13.637500000000728,2567.4990000000107,constant_offset,INFERRED,"stable offset -13.638s, drift -0.0010s"
VTA1B,synchronized_uncategorized,Synchronised V abd S datasets/Uncategorised IOVNB Dataset/S-Dataset/S-Vta1b.csv,Synchronised V abd S datasets/Uncategorised IOVNB Dataset/V-Dataset/V-Vta1b.csv,954,953,False,41089.463,41184.763,41089.0,41184.2,94.73699999999371,0.46300000000337604,0.5630000000019209,0.5130000000026484,0.09999999999854481,1050.4201680519734,0,0.5130000000026484,95.19999999999709,variable_offset_possible_drift,INFERRED,offset moved +0.1000s over 95.2s (+1050.4 ppm)
VTA2,synchronized_uncategorized,Synchronised V abd S datasets/Uncategorised IOVNB Dataset/S-Dataset/S-Vta2.csv,Synchronised V abd S datasets/Uncategorised IOVNB Dataset/V-Dataset/V-vta2.csv,10991,10991,True,41191.265,42290.263,41190.3,42289.3,1098.0350000000035,0.9649999999965075,0.9629999999961001,0.9639999999963038,-0.0020000000004074536,-1.8198362151114227,0,0.9639999999963038,1098.9979999999923,constant_offset,INFERRED,"stable offset 0.964s, drift -0.0020s"
VTA20,synchronized_uncategorized,Synchronised V abd S datasets/Uncategorised IOVNB Dataset/S-Dataset/S-Vta20.csv,Synchronised V abd S datasets/Uncategorised IOVNB Dataset/V-Dataset/V-vta20.csv,3223,3223,True,45741.722,46063.922,45715.0,46037.2,295.4779999999955,26.72200000000157,26.72200000000157,26.72200000000157,0.0,0.0,0,26.72200000000157,322.1999999999971,constant_offset,INFERRED,"stable offset 26.722s, drift +0.0000s"
VTA21,synchronized_uncategorized,Synchronised V abd S datasets/Uncategorised IOVNB Dataset/S-Dataset/S-Vta21.csv,Synchronised V abd S datasets/Uncategorised IOVNB Dataset/V-Dataset/V-vta21.csv,2079,2079,True,46052.022,46259.822,46043.7,46251.5,199.4780000000028,8.322000000000116,8.322000000000116,8.322000000000116,0.0,0.0,0,8.322000000000116,207.8000000000029,constant_offset,INFERRED,"stable offset 8.322s, drift +0.0000s"
VTA22,synchronized_uncategorized,Synchronised V abd S datasets/Uncategorised IOVNB Dataset/S-Dataset/S-Vta22.csv,Synchronised V abd S datasets/Uncategorised IOVNB Dataset/V-Dataset/V-vta22.csv,1564,1564,True,46260.822,46417.123,46257.0,46413.3,152.4780000000028,3.8220000000001164,3.822999999996682,3.8224999999983993,0.000999999996565748,6.397952633178051,0,3.8224999999983993,156.3000000000029,constant_offset,INFERRED,"stable offset 3.822s, drift +0.0010s"
VTA23,synchronized_uncategorized,Synchronised V abd S datasets/Uncategorised IOVNB Dataset/S-Dataset/S-Vta23.csv,Synchronised V abd S datasets/Uncategorised IOVNB Dataset/V-Dataset/V-vta23.csv,1110,1110,True,46420.023,46530.923,46419.1,46530.0,109.97699999999895,0.9230000000025029,0.9230000000025029,0.9230000000025029,0.0,0.0,0,0.9230000000025029,110.90000000000146,constant_offset,INFERRED,"stable offset 0.923s, drift +0.0000s"
VTA24,synchronized_uncategorized,Synchronised V abd S datasets/Uncategorised IOVNB Dataset/S-Dataset/S-Vta24.csv,Synchronised V abd S datasets/Uncategorised IOVNB Dataset/V-Dataset/V-vta24.csv,1171,1171,True,46535.922,46652.923,46535.8,46652.8,116.87800000000425,0.12199999999575084,0.12299999999959255,0.1224999999976717,0.0010000000038417056,8.547008579843638,0,0.1224999999976717,117.0,constant_offset,INFERRED,"stable offset 0.122s, drift +0.0010s"
VTA25,synchronized_uncategorized,Synchronised V abd S datasets/Uncategorised IOVNB Dataset/S-Dataset/S-Vta25.csv,Synchronised V abd S datasets/Uncategorised IOVNB Dataset/V-Dataset/V-vta25.csv,646,646,True,46656.324,46720.822,46657.6,46722.1,63.22200000000157,-1.275999999998021,-1.2779999999984284,-1.2769999999982247,-0.0020000000004074536,-31.007751944301607,0,-1.2769999999982247,64.49800000000687,constant_offset,INFERRED,"stable offset -1.277s, drift -0.0020s"
VTA26,synchronized_uncategorized,Synchronised V abd S datasets/Uncategorised IOVNB Dataset/S-Dataset/S-Vta26.csv,Synchronised V abd S datasets/Uncategorised IOVNB Dataset/V-Dataset/V-vta26.csv,1935,1935,True,46728.922,46922.322,46727.6,46921.0,192.07800000000134,1.3220000000001164,1.3220000000001164,1.3220000000001164,0.0,0.0,0,1.3220000000001164,193.40000000000146,constant_offset,INFERRED,"stable offset 1.322s, drift +0.0000s"
VTA27,synchronized_uncategorized,Synchronised V abd S datasets/Uncategorised IOVNB Dataset/S-Dataset/S-Vta27.csv,Synchronised V abd S datasets/Uncategorised IOVNB Dataset/V-Dataset/V-vta27.csv,2540,2540,True,46929.622,47183.522,46956.8,47210.7,226.7219999999943,-27.177999999999884,-27.177999999999884,-27.177999999999884,0.0,0.0,0,-27.177999999999884,253.89999999999418,constant_offset,INFERRED,"stable offset -27.178s, drift +0.0000s"
VTA28,synchronized_uncategorized,Synchronised V abd S datasets/Uncategorised IOVNB Dataset/S-Dataset/S-Vta28.csv,Synchronised V abd S datasets/Uncategorised IOVNB Dataset/V-Dataset/V-vta28.csv,4210,4210,True,47214.922,47635.822,47216.3,47637.2,419.5219999999972,-1.3780000000042492,-1.3779999999969732,-1.3780000000006112,7.275957614183426e-12,1.728666575002026e-08,0,-1.3780000000006112,420.8999999999942,constant_offset,INFERRED,"stable offset -1.378s, drift +0.0000s"
VTA29,synchronized_uncategorized,Synchronised V abd S datasets/Uncategorised IOVNB Dataset/S-Dataset/S-Vta29.csv,Synchronised V abd S datasets/Uncategorised IOVNB Dataset/V-Dataset/V-vta29.csv,23705,23705,True,48440.808,50810.586,48446.2,50816.6,2364.386000000006,-5.391999999999825,-6.013999999995576,-5.702999999997701,-0.6219999999957508,-262.4029699610827,0,-5.702999999997701,2369.7780000000057,variable_offset_possible_drift,INFERRED,offset moved -0.6220s over 2370.4s (-262.4 ppm)
VTA3,synchronized_uncategorized,Synchronised V abd S datasets/Uncategorised IOVNB Dataset/S-Dataset/S-Vta3.csv,Synchronised V abd S datasets/Uncategorised IOVNB Dataset/V-Dataset/V-vta3.csv,645,645,True,42353.893,42418.293,42374.0,42438.4,44.292999999997846,-20.10700000000361,-20.10700000000361,-20.10700000000361,0.0,0.0,0,-20.10700000000361,64.40000000000146,constant_offset,INFERRED,"stable offset -20.107s, drift +0.0000s"
VTA30,synchronized_uncategorized,Synchronised V abd S datasets/Uncategorised IOVNB Dataset/S-Dataset/S-Vta30.csv,Synchronised V abd S datasets/Uncategorised IOVNB Dataset/V-Dataset/V-vta30.csv,17136,17136,True,50823.886,52537.386,50821.6,52535.1,1711.214,2.286000000000058,2.286000000000058,2.286000000000058,0.0,0.0,0,2.286000000000058,1713.5,constant_offset,INFERRED,"stable offset 2.286s, drift +0.0000s"
VTA4,synchronized_uncategorized,Synchronised V abd S datasets/Uncategorised IOVNB Dataset/S-Dataset/S-Vta4.csv,Synchronised V abd S datasets/Uncategorised IOVNB Dataset/V-Dataset/V-vta4.csv,1789,1789,True,42447.394,42626.193,42445.2,42624.0,176.60599999999977,2.194000000003143,2.1929999999993015,2.1935000000012224,-0.0010000000038417056,-5.59284118479692,0,2.1935000000012224,178.79899999999907,constant_offset,INFERRED,"stable offset 2.194s, drift -0.0010s"
VTA5,synchronized_uncategorized,Synchronised V abd S datasets/Uncategorised IOVNB Dataset/S-Dataset/S-Vta5.csv,Synchronised V abd S datasets/Uncategorised IOVNB Dataset/V-Dataset/V-vta5.csv,307,307,True,42634.393,42664.993,42633.6,42664.2,29.8070000000007,0.7929999999978463,0.7930000000051223,0.7930000000014843,7.275957614183426e-12,2.377763926203847e-07,0,0.7930000000014843,30.599999999998545,constant_offset,INFERRED,"stable offset 0.793s, drift +0.0000s"
VTA6,synchronized_uncategorized,Synchronised V abd S datasets/Uncategorised IOVNB Dataset/S-Dataset/S-Vta6.csv,Synchronised V abd S datasets/Uncategorised IOVNB Dataset/V-Dataset/V-vta6.csv,1376,1376,True,42671.993,42809.493,42669.7,42807.2,135.20699999999488,2.2930000000051223,2.2930000000051223,2.2930000000051223,0.0,0.0,0,2.2930000000051223,137.5,constant_offset,INFERRED,"stable offset 2.293s, drift +0.0000s"
VTA7,synchronized_uncategorized,Synchronised V abd S datasets/Uncategorised IOVNB Dataset/S-Dataset/S-Vta7.csv,Synchronised V abd S datasets/Uncategorised IOVNB Dataset/V-Dataset/V-vta7.csv,840,840,True,42815.293,42899.193,42813.7,42897.6,82.3070000000007,1.5930000000007567,1.5930000000007567,1.5930000000007567,0.0,0.0,0,1.5930000000007567,83.90000000000146,constant_offset,INFERRED,"stable offset 1.593s, drift +0.0000s"
VTA8,synchronized_uncategorized,Synchronised V abd S datasets/Uncategorised IOVNB Dataset/S-Dataset/S-Vta8.csv,Synchronised V abd S datasets/Uncategorised IOVNB Dataset/V-Dataset/V-vta8.csv,3676,3676,True,42905.293,43272.793,42904.0,43271.5,366.20700000000215,1.2929999999978463,1.2929999999978463,1.2929999999978463,0.0,0.0,0,1.2929999999978463,367.5,constant_offset,INFERRED,"stable offset 1.293s, drift +0.0000s"
VTA9,synchronized_uncategorized,Synchronised V abd S datasets/Uncategorised IOVNB Dataset/S-Dataset/S-Vta9.csv,Synchronised V abd S datasets/Uncategorised IOVNB Dataset/V-Dataset/V-vta9.csv,156,156,True,43283.394,43298.892,43283.1,43298.6,15.205999999998312,0.294000000001688,0.29200000000128057,0.2930000000014843,-0.0020000000004074536,-129.03225809080345,0,0.2930000000014843,15.498000000006869,constant_offset,INFERRED,"stable offset 0.293s, drift -0.0020s"
VTB1,synchronized_uncategorized,Synchronised V abd S datasets/Uncategorised IOVNB Dataset/S-Dataset/S-Vtb1.csv,Synchronised V abd S datasets/Uncategorised IOVNB Dataset/V-Dataset/V-vtb1.csv,32459,32459,True,53857.146,57102.945,53857.8,57103.6,3245.144999999997,-0.6540000000022701,-0.6549999999988358,-0.654500000000553,-0.000999999996565748,-0.30809045429963317,0,-0.654500000000553,3245.798999999999,constant_offset,INFERRED,"stable offset -0.655s, drift -0.0010s"
VTB10,synchronized_uncategorized,Synchronised V abd S datasets/Uncategorised IOVNB Dataset/S-Dataset/S-Vtb10.csv,Synchronised V abd S datasets/Uncategorised IOVNB Dataset/V-Dataset/V-vtb10.csv,196,195,False,66157.375,66176.875,66156.9,66176.3,18.92500000000291,0.47500000000582077,0.5749999999970896,0.5250000000014552,0.09999999999126885,5154.639174805353,0,0.5250000000014552,19.40000000000873,variable_offset_possible_drift,INFERRED,offset moved +0.1000s over 19.4s (+5154.6 ppm)
VTB11,synchronized_uncategorized,Synchronised V abd S datasets/Uncategorised IOVNB Dataset/S-Dataset/S-Vtb11.csv,Synchronised V abd S datasets/Uncategorised IOVNB Dataset/V-Dataset/V-vtb11.csv,361,361,True,66186.376,66222.376,66188.0,66224.0,34.37600000000384,-1.6239999999961583,-1.6239999999961583,-1.6239999999961583,0.0,0.0,0,-1.6239999999961583,36.0,constant_offset,INFERRED,"stable offset -1.624s, drift +0.0000s"
VTB12,synchronized_uncategorized,Synchronised V abd S datasets/Uncategorised IOVNB Dataset/S-Dataset/S-Vtb12.csv,Synchronised V abd S datasets/Uncategorised IOVNB Dataset/V-Dataset/V-vtb12.csv,447,447,True,66231.475,66276.076,66233.1,66277.7,42.97599999999511,-1.625,-1.6239999999961583,-1.6244999999980791,0.0010000000038417056,22.421524749818417,0,-1.6244999999980791,44.59999999999127,constant_offset,INFERRED,"stable offset -1.624s, drift +0.0010s"
VTB2,synchronized_uncategorized,Synchronised V abd S datasets/Uncategorised IOVNB Dataset/S-Dataset/S-Vtb2.csv,Synchronised V abd S datasets/Uncategorised IOVNB Dataset/V-Dataset/V-vtb2.csv,5712,5712,True,57980.476,58551.576,57981.4,58552.5,570.1759999999995,-0.9239999999990687,-0.9239999999990687,-0.9239999999990687,0.0,0.0,0,-0.9239999999990687,571.0999999999985,constant_offset,INFERRED,"stable offset -0.924s, drift +0.0000s"
VTB3,synchronized_uncategorized,Synchronised V abd S datasets/Uncategorised IOVNB Dataset/S-Dataset/S-Vtb3.csv,Synchronised V abd S datasets/Uncategorised IOVNB Dataset/V-Dataset/V-vtb3.csv,8240,8240,True,58561.676,59385.576,58563.1,59387.0,822.4760000000024,-1.4239999999990687,-1.4239999999990687,-1.4239999999990687,0.0,0.0,0,-1.4239999999990687,823.9000000000015,constant_offset,INFERRED,"stable offset -1.424s, drift +0.0000s"
VTB4,synchronized_uncategorized,Synchronised V abd S datasets/Uncategorised IOVNB Dataset/S-Dataset/S-Vtb4.csv,Synchronised V abd S datasets/Uncategorised IOVNB Dataset/V-Dataset/V-vtb4.csv,556,556,True,59398.376,59453.876,59398.8,59454.3,55.075999999993655,-0.42400000000634464,-0.42400000000634464,-0.42400000000634464,0.0,0.0,0,-0.42400000000634464,55.5,constant_offset,INFERRED,"stable offset -0.424s, drift +0.0000s"
VTB5,synchronized_uncategorized,Synchronised V abd S datasets/Uncategorised IOVNB Dataset/S-Dataset/S-Vtb5.csv,Synchronised V abd S datasets/Uncategorised IOVNB Dataset/V-Dataset/V-vtb5.csv,64388,64388,True,59453.075,65891.776,59481.4,65920.1,6410.375999999997,-28.325000000004366,-28.3240000000078,-28.324500000006083,0.000999999996565748,0.15531085414225657,0,-28.324500000006083,6438.700000000004,constant_offset,INFERRED,"stable offset -28.325s, drift +0.0010s"
VTB6,synchronized_uncategorized,Synchronised V abd S datasets/Uncategorised IOVNB Dataset/S-Dataset/S-Vtb6.csv,Synchronised V abd S datasets/Uncategorised IOVNB Dataset/V-Dataset/V-vtb6.csv,498,498,True,65925.376,65975.076,65926.9,65976.6,48.17600000000675,-1.5239999999903375,-1.5240000000048894,-1.5239999999976135,-1.4551915228366852e-11,-2.927950750173731e-07,0,-1.5239999999976135,49.70000000001164,constant_offset,INFERRED,"stable offset -1.524s, drift -0.0000s"
VTB7,synchronized_uncategorized,Synchronised V abd S datasets/Uncategorised IOVNB Dataset/S-Dataset/S-Vtb7.csv,Synchronised V abd S datasets/Uncategorised IOVNB Dataset/V-Dataset/V-vtb7.csv,461,461,True,65979.375,66025.376,65981.2,66027.2,44.17600000000675,-1.8249999999970896,-1.823999999993248,-1.8244999999951688,0.0010000000038417056,21.739130518297948,0,-1.8244999999951688,46.0,constant_offset,INFERRED,"stable offset -1.824s, drift +0.0010s"
VTB8,synchronized_uncategorized,Synchronised V abd S datasets/Uncategorised IOVNB Dataset/S-Dataset/S-Vtb8.csv,Synchronised V abd S datasets/Uncategorised IOVNB Dataset/V-Dataset/V-vtb8.csv,668,668,True,66033.376,66100.076,66035.0,66101.7,65.07600000000093,-1.6239999999961583,-1.6239999999961583,-1.6239999999961583,0.0,0.0,0,-1.6239999999961583,66.69999999999709,constant_offset,INFERRED,"stable offset -1.624s, drift +0.0000s"
VTB9,synchronized_uncategorized,Synchronised V abd S datasets/Uncategorised IOVNB Dataset/S-Dataset/S-Vtb9.csv,Synchronised V abd S datasets/Uncategorised IOVNB Dataset/V-Dataset/V-vtb9.csv,452,452,True,66105.377,66150.476,66107.0,66152.1,43.47599999999511,-1.6230000000068685,-1.6240000000107102,-1.6235000000087894,-0.0010000000038417056,-22.172949087396375,0,-1.6235000000087894,45.09900000001653,constant_offset,INFERRED,"stable offset -1.624s, drift -0.0010s"
VW1,synchronized_uncategorized,Synchronised V abd S datasets/Uncategorised IOVNB Dataset/S-Dataset/S-Vw1.csv,Synchronised V abd S datasets/Uncategorised IOVNB Dataset/V-Dataset/V-Vw1.csv,20476,20475,False,34675.816,36723.316,34575.4,36622.8,1946.984000000004,100.41599999999744,100.51599999999598,100.46599999999671,0.09999999999854481,48.84243430621507,0,100.46599999999671,2047.4000000000015,variable_offset_possible_drift,INFERRED,offset moved +0.1000s over 2047.4s (+48.8 ppm)
VW10,synchronized_uncategorized,Synchronised V abd S datasets/Uncategorised IOVNB Dataset/S-Dataset/S-Vw10.csv,Synchronised V abd S datasets/Uncategorised IOVNB Dataset/V-Dataset/V-Vw10.csv,652,652,True,58061.904,58127.004,58062.4,58127.5,64.60399999999936,-0.4959999999991851,-0.4959999999991851,-0.4959999999991851,0.0,0.0,0,-0.4959999999991851,65.09999999999854,constant_offset,INFERRED,"stable offset -0.496s, drift +0.0000s"
VW11,synchronized_uncategorized,Synchronised V abd S datasets/Uncategorised IOVNB Dataset/S-Dataset/S-Vw11.csv,Synchronised V abd S datasets/Uncategorised IOVNB Dataset/V-Dataset/V-Vw11.csv,4909,4909,True,58135.504,58626.304,58134.0,58624.8,489.2960000000021,1.504000000000815,1.503999999993539,1.503999999997177,-7.275957614183426e-12,-1.4824689515451065e-08,0,1.503999999997177,490.8000000000029,constant_offset,INFERRED,"stable offset 1.504s, drift -0.0000s"
VW12,synchronized_uncategorized,Synchronised V abd S datasets/Uncategorised IOVNB Dataset/S-Dataset/S-Vw12.csv,Synchronised V abd S datasets/Uncategorised IOVNB Dataset/V-Dataset/V-Vw12.csv,918,918,True,58640.205,58731.905,58636.2,58727.9,87.69499999999971,4.005000000004657,4.004999999997381,4.005000000001019,-7.275957614183426e-12,-7.934523025281439e-08,0,4.005000000001019,91.69999999999709,constant_offset,INFERRED,"stable offset 4.005s, drift -0.0000s"
VW13,synchronized_uncategorized,Synchronised V abd S datasets/Uncategorised IOVNB Dataset/S-Dataset/S-Vw13.csv,Synchronised V abd S datasets/Uncategorised IOVNB Dataset/V-Dataset/V-Vw13.csv,284,284,True,58826.104,58854.404,58825.1,58853.4,27.296000000002095,1.004000000000815,1.004000000000815,1.004000000000815,0.0,0.0,0,1.004000000000815,28.30000000000291,constant_offset,INFERRED,"stable offset 1.004s, drift +0.0000s"
VW14A,synchronized_uncategorized,Synchronised V abd S datasets/Uncategorised IOVNB Dataset/S-Dataset/S-Vw14a.csv,Synchronised V abd S datasets/Uncategorised IOVNB Dataset/V-Dataset/V-Vw14a.csv,3138,3138,True,58874.984,59188.684,58870.1,59183.8,308.81600000000617,4.883999999998196,4.883999999998196,4.883999999998196,0.0,0.0,0,4.883999999998196,313.70000000000437,constant_offset,INFERRED,"stable offset 4.884s, drift +0.0000s"
VW14B,synchronized_uncategorized,Synchronised V abd S datasets/Uncategorised IOVNB Dataset/S-Dataset/S-Vw14b.csv,Synchronised V abd S datasets/Uncategorised IOVNB Dataset/V-Dataset/V-Vw14b.csv,19588,19588,True,59188.983,61147.684,59185.1,61143.8,1954.8170000000027,3.88300000000163,3.8839999999981956,3.8834999999999127,0.000999999996565748,0.5105427051440985,0,3.8834999999999127,1958.7000000000044,constant_offset,INFERRED,"stable offset 3.883s, drift +0.0010s"
VW14C,synchronized_uncategorized,Synchronised V abd S datasets/Uncategorised IOVNB Dataset/S-Dataset/S-Vw14c.csv,Synchronised V abd S datasets/Uncategorised IOVNB Dataset/V-Dataset/V-Vw14c.csv,15826,15826,True,61148.984,62731.484,61147.0,62729.5,1580.5160000000033,1.9839999999967404,1.9839999999967404,1.9839999999967404,0.0,0.0,0,1.9839999999967404,1582.5,constant_offset,INFERRED,"stable offset 1.984s, drift +0.0000s"
VW15,synchronized_uncategorized,Synchronised V abd S datasets/Uncategorised IOVNB Dataset/S-Dataset/S-Vw15.csv,Synchronised V abd S datasets/Uncategorised IOVNB Dataset/V-Dataset/V-Vw15.csv,1380,1391,False,62989.943,63127.843,62986.9,63125.9,135.95700000000215,3.0429999999978463,1.9429999999993015,2.492999999998574,-1.0999999999985448,-7913.669064737733,0,2.492999999998574,137.90000000000873,variable_offset_possible_drift,INFERRED,offset moved -1.1000s over 139.0s (-7913.7 ppm)
VW16A,synchronized_uncategorized,Synchronised V abd S datasets/Uncategorised IOVNB Dataset/S-Dataset/S-Vw16a.csv,Synchronised V abd S datasets/Uncategorised IOVNB Dataset/V-Dataset/V-Vw16a.csv,5879,5879,True,63133.603,63721.402,63143.8,63731.6,577.601999999999,-10.197000000000116,-10.197999999996682,-10.1974999999984,-0.000999999996565748,-1.7012589257668518,0,-10.1974999999984,587.7989999999991,constant_offset,INFERRED,"stable offset -10.197s, drift -0.0010s"
VW16B,synchronized_uncategorized,Synchronised V abd S datasets/Uncategorised IOVNB Dataset/S-Dataset/S-Vw16b.csv,Synchronised V abd S datasets/Uncategorised IOVNB Dataset/V-Dataset/V-Vw16b.csv,1126,1126,True,63736.002,63848.503,63736.2,63848.7,112.30299999999988,-0.19799999999668216,-0.19700000000011642,-0.1974999999983993,0.000999999996565748,8.888888858362204,0,-0.1974999999983993,112.5,constant_offset,INFERRED,"stable offset -0.197s, drift +0.0010s"
VW17,synchronized_uncategorized,Synchronised V abd S datasets/Uncategorised IOVNB Dataset/S-Dataset/S-Vw17.csv,Synchronised V abd S datasets/Uncategorised IOVNB Dataset/V-Dataset/V-Vw17.csv,329,329,True,63854.702,63887.503,63853.1,63885.9,31.198000000003958,1.6019999999989523,1.602999999995518,1.6024999999972351,0.000999999996565748,30.48780477334327,0,1.6024999999972351,32.80000000000291,constant_offset,INFERRED,"stable offset 1.602s, drift +0.0010s"
VW2,synchronized_uncategorized,Synchronised V abd S datasets/Uncategorised IOVNB Dataset/S-Dataset/S-Vw2.csv,Synchronised V abd S datasets/Uncategorised IOVNB Dataset/V-Dataset/V-Vw2.csv,52713,52712,False,36946.685,42217.884,36944.8,42215.9,5269.215000000004,1.8849999999947613,1.9839999999967404,1.9344999999957508,0.09900000000197906,18.781658477733128,0,1.9344999999957508,5271.0999999999985,variable_offset_possible_drift,INFERRED,offset moved +0.0990s over 5271.1s (+18.8 ppm)
VW3,synchronized_uncategorized,Synchronised V abd S datasets/Uncategorised IOVNB Dataset/S-Dataset/S-Vw3.csv,Synchronised V abd S datasets/Uncategorised IOVNB Dataset/V-Dataset/V-Vw3.csv,3861,3861,True,42239.984,42625.985,42240.0,42626.0,385.9850000000006,-0.01600000000325963,-0.014999999999417923,-0.015500000001338776,0.0010000000038417056,2.590673585082139,0,-0.015500000001338776,386.0,constant_offset,INFERRED,"stable offset -0.016s, drift +0.0010s"
VW4,synchronized_uncategorized,Synchronised V abd S datasets/Uncategorised IOVNB Dataset/S-Dataset/S-Vw4.csv,Synchronised V abd S datasets/Uncategorised IOVNB Dataset/V-Dataset/V-Vw4.csv,126526,126527,False,44127.004,56779.504,44126.7,56779.3,12652.296000000002,0.3040000000037253,0.20399999999790452,0.2540000000008149,-0.10000000000582077,-7.903513902740996,0,0.2540000000008149,12652.5,variable_offset_possible_drift,INFERRED,offset moved -0.1000s over 12652.6s (-7.9 ppm)
VW5,synchronized_uncategorized,Synchronised V abd S datasets/Uncategorised IOVNB Dataset/S-Dataset/S-Vw5.csv,Synchronised V abd S datasets/Uncategorised IOVNB Dataset/V-Dataset/V-Vw5.csv,1012,1012,True,56796.903,56898.004,56794.1,56895.2,98.29699999999866,2.8029999999998836,2.8040000000037253,2.8035000000018044,0.0010000000038417056,9.891196872816222,0,2.8035000000018044,101.09999999999854,constant_offset,INFERRED,"stable offset 2.804s, drift +0.0010s"
VW6,synchronized_uncategorized,Synchronised V abd S datasets/Uncategorised IOVNB Dataset/S-Dataset/S-Vw6.csv,Synchronised V abd S datasets/Uncategorised IOVNB Dataset/V-Dataset/V-Vw6.csv,1281,1281,True,56902.904,57030.904,56904.2,57032.2,126.70400000000518,-1.2959999999948195,-1.2959999999948195,-1.2959999999948195,0.0,0.0,0,-1.2959999999948195,128.0,constant_offset,INFERRED,"stable offset -1.296s, drift +0.0000s"
VW7,synchronized_uncategorized,Synchronised V abd S datasets/Uncategorised IOVNB Dataset/S-Dataset/S-Vw7.csv,Synchronised V abd S datasets/Uncategorised IOVNB Dataset/V-Dataset/V-Vw7.csv,1602,1602,True,57309.004,57469.103,57476.8,57636.9,0.0,-167.7960000000021,-167.79699999999866,-167.79650000000038,-0.000999999996565748,-6.246096168430713,0,-167.79650000000038,160.09900000000198,constant_offset,INFERRED,"stable offset -167.797s, drift -0.0010s"
VW8,synchronized_uncategorized,Synchronised V abd S datasets/Uncategorised IOVNB Dataset/S-Dataset/S-Vw8.csv,Synchronised V abd S datasets/Uncategorised IOVNB Dataset/V-Dataset/V-Vw8.csv,1529,1529,True,57489.004,57641.804,57650.0,57802.8,0.0,-160.99599999999919,-160.99600000000646,-160.99600000000282,-7.275957614183426e-12,-4.761752365303198e-08,0,-160.99600000000282,152.8000000000029,constant_offset,INFERRED,"stable offset -160.996s, drift -0.0000s"
VW9,synchronized_uncategorized,Synchronised V abd S datasets/Uncategorised IOVNB Dataset/S-Dataset/S-Vw9.csv,Synchronised V abd S datasets/Uncategorised IOVNB Dataset/V-Dataset/V-Vw9.csv,552,553,False,57840.403,57895.504,57839.9,57895.1,54.697000000000116,0.5029999999969732,0.4040000000022701,0.45349999999962165,-0.0989999999947031,-1793.4782607737015,0,0.45349999999962165,55.10099999999511,variable_offset_possible_drift,INFERRED,offset moved -0.0990s over 55.2s (-1793.5 ppm)
Y1,synchronized_uncategorized,Synchronised V abd S datasets/Uncategorised IOVNB Dataset/S-Dataset/S-Y1.csv,Synchronised V abd S datasets/Uncategorised IOVNB Dataset/V-Dataset/V-Y1.csv,70285,70285,True,65565.703,72957.021,61959.9,69626.7,4060.997000000003,3605.8029999999926,3330.3209999999963,3468.0619999999944,-275.48199999999633,-35931.80988156681,1,-131.93800000000556,7391.317999999999,variable_offset_possible_drift,INFERRED,offset moved -275.4820s over 7666.8s (-35931.8 ppm)
M,unsynchronized_uncategorized,Unsynchronised V and S Dataset/Uncategorised IOVNB (V and S) Dataset/S-Dataset/S-M.csv,Unsynchronised V and S Dataset/Uncategorised IOVNB (V and S) Dataset/V-Dataset/V-M.csv,105974,105995,False,33209.506,43809.129,29606.4,40205.8,6996.294000000002,3603.1059999999998,3603.328999999998,3603.217499999999,0.22299999999813735,21.03892673152606,1,3.217499999998836,10599.400000000001,variable_offset_possible_drift,INFERRED,offset moved +0.2230s over 10599.4s (+21.0 ppm)
S1,unsynchronized_uncategorized,Unsynchronised V and S Dataset/Uncategorised IOVNB (V and S) Dataset/S-Dataset/S-S1.csv,Unsynchronised V and S Dataset/Uncategorised IOVNB (V and S) Dataset/V-Dataset/V-S1.csv,51746,51790,False,36469.546,41644.045,32864.7,38043.6,1574.0539999999964,3604.846000000005,3600.4449999999997,3602.6455000000024,-4.401000000005297,-849.7943578762471,1,2.6455000000023574,5174.498999999996,variable_offset_possible_drift,INFERRED,offset moved -4.4010s over 5178.9s (-849.8 ppm)
S2,unsynchronized_uncategorized,Unsynchronised V and S Dataset/Uncategorised IOVNB (V and S) Dataset/S-Dataset/S-S2.csv,Unsynchronised V and S Dataset/Uncategorised IOVNB (V and S) Dataset/V-Dataset/V-S2.csv,93876,93900,False,43431.741,52820.349,39824.4,49214.3,5782.559000000001,3607.3410000000003,3606.048999999999,3606.6949999999997,-1.2920000000012806,-137.5946495704193,1,6.694999999999709,9388.608,variable_offset_possible_drift,INFERRED,offset moved -1.2920s over 9389.9s (-137.6 ppm)
S3A,unsynchronized_uncategorized,Unsynchronised V and S Dataset/Uncategorised IOVNB (V and S) Dataset/S-Dataset/S-S3a.csv,Unsynchronised V and S Dataset/Uncategorised IOVNB (V and S) Dataset/V-Dataset/V-S3a.csv,24621,24660,False,69711.494,72173.494,66114.2,68580.1,0.0,3597.294000000009,3593.3940000000002,3595.3440000000046,-3.900000000008731,-1581.572650962617,1,-4.655999999995402,2462.0,variable_offset_possible_drift,INFERRED,offset moved -3.9000s over 2465.9s (-1581.6 ppm)
S3B,unsynchronized_uncategorized,Unsynchronised V and S Dataset/Uncategorised IOVNB (V and S) Dataset/S-Dataset/S-S3b.csv,Unsynchronised V and S Dataset/Uncategorised IOVNB (V and S) Dataset/V-Dataset/V-S3b.csv,6813,6840,False,72183.493,72869.021,68580.2,69264.1,0.0,3603.293000000005,3604.9209999999875,3604.1069999999963,1.6279999999824213,2380.464980234538,1,4.106999999996333,683.9000000000087,variable_offset_possible_drift,INFERRED,offset moved +1.6280s over 683.9s (+2380.5 ppm)
S3C,unsynchronized_uncategorized,Unsynchronised V and S Dataset/Uncategorised IOVNB (V and S) Dataset/S-Dataset/S-S3c.csv,Unsynchronised V and S Dataset/Uncategorised IOVNB (V and S) Dataset/V-Dataset/V-S3c.csv,37183,37220,False,72868.521,76586.72,69264.2,72986.1,117.57900000001246,3604.3209999999963,3600.6199999999953,3602.470499999996,-3.7010000000009313,-994.3845885168657,1,2.470499999995809,3718.199000000008,variable_offset_possible_drift,INFERRED,offset moved -3.7010s over 3721.9s (-994.4 ppm)
S4,unsynchronized_uncategorized,Unsynchronised V and S Dataset/Uncategorised IOVNB (V and S) Dataset/S-Dataset/S-S4.csv,Unsynchronised V and S Dataset/Uncategorised IOVNB (V and S) Dataset/V-Dataset/V-S4.csv,94600,97824,False,65775.111,75548.216,62172.8,71955.1,6179.989000000001,3602.3110000000015,3593.1159999999945,3597.713499999998,-9.195000000006985,-939.9629943885367,1,-2.286500000001979,9773.104999999996,variable_offset_possible_drift,INFERRED,offset moved -9.1950s over 9782.3s (-940.0 ppm)
VFA01,unsynchronized_uncategorized,Unsynchronised V and S Dataset/Uncategorised IOVNB (V and S) Dataset/S-Dataset/S-Vfa01.csv,Unsynchronised V and S Dataset/Uncategorised IOVNB (V and S) Dataset/V-Dataset/V-Vfa01.csv,11486,11535,False,33626.236,34774.736,33622.0,34775.4,1148.5,4.235999999997148,-0.6640000000043074,1.7859999999964202,-4.900000000001455,-4248.309346281818,0,1.7859999999964202,1148.5,variable_offset_possible_drift,INFERRED,offset moved -4.9000s over 1153.4s (-4248.3 ppm)
VFA02,unsynchronized_uncategorized,Unsynchronised V and S Dataset/Uncategorised IOVNB (V and S) Dataset/S-Dataset/S-Vfa02.csv,Unsynchronised V and S Dataset/Uncategorised IOVNB (V and S) Dataset/V-Dataset/V-Vfa02.csv,67523,67755,False,35837.649,42589.85,35829.9,42605.3,6752.201000000001,7.748999999996158,-15.450000000004366,-3.8505000000041036,-23.199000000000524,-3424.004486820043,0,-3.8505000000041036,6752.201000000001,variable_offset_possible_drift,INFERRED,offset moved -23.1990s over 6775.4s (-3424.0 ppm)
VTA10,unsynchronized_uncategorized,Unsynchronised V and S Dataset/Uncategorised IOVNB (V and S) Dataset/S-Dataset/S-Vta10.csv,Unsynchronised V and S Dataset/Uncategorised IOVNB (V and S) Dataset/V-Dataset/V-Vta10.csv,1502,1570,False,43310.393,43460.493,43303.2,43460.1,149.70700000000215,7.1929999999993015,0.3930000000036671,3.7930000000014843,-6.799999999995634,-43339.70681960211,0,3.7930000000014843,150.10000000000582,variable_offset_possible_drift,INFERRED,offset moved -6.8000s over 156.9s (-43339.7 ppm)
VTA11,unsynchronized_uncategorized,Unsynchronised V and S Dataset/Uncategorised IOVNB (V and S) Dataset/S-Dataset/S-Vta11.csv,Unsynchronised V and S Dataset/Uncategorised IOVNB (V and S) Dataset/V-Dataset/V-Vta11.csv,510,589,False,43472.393,43523.293,43464.1,43522.9,50.507000000005064,8.292999999997846,0.3929999999963911,4.342999999997119,-7.900000000001455,-134353.74149661674,0,4.342999999997119,50.89999999999418,variable_offset_possible_drift,INFERRED,offset moved -7.9000s over 58.8s (-134353.7 ppm)
VTA12,unsynchronized_uncategorized,Unsynchronised V and S Dataset/Uncategorised IOVNB (V and S) Dataset/S-Dataset/S-Vta12.csv,Unsynchronised V and S Dataset/Uncategorised IOVNB (V and S) Dataset/V-Dataset/V-Vta12.csv,610,690,False,43535.393,43596.293,43527.2,43596.1,60.707000000002154,8.192999999999302,0.1929999999993015,4.1929999999993015,-8.0,-116110.30478954762,0,4.1929999999993015,60.900000000001455,variable_offset_possible_drift,INFERRED,offset moved -8.0000s over 68.9s (-116110.3 ppm)
VTA13,unsynchronized_uncategorized,Unsynchronised V and S Dataset/Uncategorised IOVNB (V and S) Dataset/S-Dataset/S-Vta13.csv,Unsynchronised V and S Dataset/Uncategorised IOVNB (V and S) Dataset/V-Dataset/V-Vta13.csv,404,473,False,43607.292,43647.593,43600.1,43647.3,40.00800000000163,7.192000000002736,0.2929999999978463,3.742500000000291,-6.899000000004889,-146165.25423737822,0,3.742500000000291,40.300999999999476,variable_offset_possible_drift,INFERRED,offset moved -6.8990s over 47.2s (-146165.3 ppm)
VTA14,unsynchronized_uncategorized,Unsynchronised V and S Dataset/Uncategorised IOVNB (V and S) Dataset/S-Dataset/S-Vta14.csv,Unsynchronised V and S Dataset/Uncategorised IOVNB (V and S) Dataset/V-Dataset/V-Vta14.csv,2885,2893,False,43652.493,43940.893,43651.1,43940.3,287.8070000000007,1.393000000003667,0.5929999999934807,0.9929999999985739,-0.8000000000101863,-2766.2517289425114,0,0.9929999999985739,288.3999999999942,variable_offset_possible_drift,INFERRED,offset moved -0.8000s over 289.2s (-2766.3 ppm)
VTA15,unsynchronized_uncategorized,Unsynchronised V and S Dataset/Uncategorised IOVNB (V and S) Dataset/S-Dataset/S-Vta15.csv,Unsynchronised V and S Dataset/Uncategorised IOVNB (V and S) Dataset/V-Dataset/V-Vta15.csv,833,869,False,43951.793,44034.993,43945.3,44032.1,80.3070000000007,6.492999999994936,2.893000000003667,4.6929999999993015,-3.599999999991269,-41474.654377781684,0,4.6929999999993015,83.20000000000437,variable_offset_possible_drift,INFERRED,offset moved -3.6000s over 86.8s (-41474.7 ppm)
VTA16,unsynchronized_uncategorized,Unsynchronised V and S Dataset/Uncategorised IOVNB (V and S) Dataset/S-Dataset/S-Vta16.csv,Unsynchronised V and S Dataset/Uncategorised IOVNB (V and S) Dataset/V-Dataset/V-Vta16.csv,11335,11361,False,44040.693,45174.093,44036.4,45172.4,1131.7070000000022,4.292999999997846,1.6929999999993015,2.992999999998574,-2.599999999998545,-2288.732394364916,0,2.992999999998574,1133.4000000000087,variable_offset_possible_drift,INFERRED,offset moved -2.6000s over 1136.0s (-2288.7 ppm)
VTA17,unsynchronized_uncategorized,Unsynchronised V and S Dataset/Uncategorised IOVNB (V and S) Dataset/S-Dataset/S-Vta17.csv,Unsynchronised V and S Dataset/Uncategorised IOVNB (V and S) Dataset/V-Dataset/V-Vta17.csv,4519,4594,False,45185.392,45638.378,45177.5,45636.8,451.4080000000031,7.891999999999825,1.5779999999940628,4.734999999996944,-6.314000000005763,-13747.00631396848,0,4.734999999996944,452.9859999999899,variable_offset_possible_drift,INFERRED,offset moved -6.3140s over 459.3s (-13747.0 ppm)
VTA19,unsynchronized_uncategorized,Unsynchronised V and S Dataset/Uncategorised IOVNB (V and S) Dataset/S-Dataset/S-Vta19.csv,Unsynchronised V and S Dataset/Uncategorised IOVNB (V and S) Dataset/V-Dataset/V-Vta19.csv,292,310,False,45657.377,45686.478,45655.2,45686.1,28.722999999998137,2.177000000003318,0.37800000000424916,1.2775000000037835,-1.7989999999990687,-58220.064724886215,0,1.2775000000037835,29.101000000002387,variable_offset_possible_drift,INFERRED,offset moved -1.7990s over 30.9s (-58220.1 ppm)
VTA1A,unsynchronized_uncategorized,Unsynchronised V and S Dataset/Uncategorised IOVNB (V and S) Dataset/S-Dataset/S-Vta1a.csv,Unsynchronised V and S Dataset/Uncategorised IOVNB (V and S) Dataset/V-Dataset/V-Vta1a.csv,25676,25821,False,38507.363,41074.862,38506.6,41088.6,2567.4990000000034,0.7629999999990105,-13.737999999997555,-6.487499999999272,-14.500999999996566,-5616.189000773263,0,-6.487499999999272,2567.498999999996,variable_offset_possible_drift,INFERRED,offset moved -14.5010s over 2582.0s (-5616.2 ppm)
VTA1B,unsynchronized_uncategorized,Unsynchronised V and S Dataset/Uncategorised IOVNB (V and S) Dataset/S-Dataset/S-Vta1b.csv,Unsynchronised V and S Dataset/Uncategorised IOVNB (V and S) Dataset/V-Dataset/V-Vta1b.csv,954,956,False,41089.463,41184.763,41088.7,41184.2,94.73699999999371,0.7630000000062864,0.5630000000019209,0.6630000000041036,-0.20000000000436557,-2094.240837742048,0,0.6630000000041036,95.29999999998836,variable_offset_possible_drift,INFERRED,offset moved -0.2000s over 95.5s (-2094.2 ppm)
VTA2,unsynchronized_uncategorized,Unsynchronised V and S Dataset/Uncategorised IOVNB (V and S) Dataset/S-Dataset/S-Vta2.csv,Unsynchronised V and S Dataset/Uncategorised IOVNB (V and S) Dataset/V-Dataset/V-Vta2.csv,10991,10995,False,41191.265,42290.263,41190.0,42289.4,1098.135000000002,1.264999999999418,0.8629999999975553,1.0639999999984866,-0.40200000000186265,-365.6539930888322,0,1.0639999999984866,1098.9979999999996,variable_offset_possible_drift,INFERRED,offset moved -0.4020s over 1099.4s (-365.7 ppm)
VTA20,unsynchronized_uncategorized,Unsynchronised V and S Dataset/Uncategorised IOVNB (V and S) Dataset/S-Dataset/S-Vta20.csv,Unsynchronised V and S Dataset/Uncategorised IOVNB (V and S) Dataset/V-Dataset/V-Vta20.csv,3223,3223,True,45741.722,46063.922,45715.0,46037.2,295.4779999999955,26.72200000000157,26.72200000000157,26.72200000000157,0.0,0.0,0,26.72200000000157,322.1999999999971,constant_offset,INFERRED,"stable offset 26.722s, drift +0.0000s"
VTA21,unsynchronized_uncategorized,Unsynchronised V and S Dataset/Uncategorised IOVNB (V and S) Dataset/S-Dataset/S-Vta21.csv,Unsynchronised V and S Dataset/Uncategorised IOVNB (V and S) Dataset/V-Dataset/V-Vta21.csv,2079,2088,False,46052.022,46259.822,46042.9,46251.6,199.57800000000134,9.12199999999575,8.222000000001572,8.671999999998661,-0.8999999999941792,-4312.410158093875,0,8.671999999998661,207.8000000000029,variable_offset_possible_drift,INFERRED,offset moved -0.9000s over 208.7s (-4312.4 ppm)
VTA22,unsynchronized_uncategorized,Unsynchronised V and S Dataset/Uncategorised IOVNB (V and S) Dataset/S-Dataset/S-Vta22.csv,Unsynchronised V and S Dataset/Uncategorised IOVNB (V and S) Dataset/V-Dataset/V-Vta22.csv,1564,1572,False,46260.822,46417.123,46256.3,46413.4,152.57800000000134,4.521999999997206,3.7229999999981374,4.122499999997672,-0.7989999999990687,-5085.932527046952,0,4.122499999997672,156.30099999999948,variable_offset_possible_drift,INFERRED,offset moved -0.7990s over 157.1s (-5085.9 ppm)
VTA23,unsynchronized_uncategorized,Unsynchronised V and S Dataset/Uncategorised IOVNB (V and S) Dataset/S-Dataset/S-Vta23.csv,Unsynchronised V and S Dataset/Uncategorised IOVNB (V and S) Dataset/V-Dataset/V-Vta23.csv,1110,1119,False,46420.023,46530.923,46418.3,46530.1,110.0769999999975,1.7229999999981374,0.8230000000039581,1.2730000000010477,-0.8999999999941792,-8050.089445386533,0,1.2730000000010477,110.90000000000146,variable_offset_possible_drift,INFERRED,offset moved -0.9000s over 111.8s (-8050.1 ppm)
VTA24,unsynchronized_uncategorized,Unsynchronised V and S Dataset/Uncategorised IOVNB (V and S) Dataset/S-Dataset/S-Vta24.csv,Unsynchronised V and S Dataset/Uncategorised IOVNB (V and S) Dataset/V-Dataset/V-Vta24.csv,1171,1184,False,46535.922,46652.923,46534.6,46652.9,116.9780000000028,1.3220000000001164,0.023000000001047738,0.6725000000005821,-1.2989999999990687,-10980.557903626684,0,0.6725000000005821,117.00100000000384,variable_offset_possible_drift,INFERRED,offset moved -1.2990s over 118.3s (-10980.6 ppm)
VTA25,unsynchronized_uncategorized,Unsynchronised V and S Dataset/Uncategorised IOVNB (V and S) Dataset/S-Dataset/S-Vta25.csv,Unsynchronised V and S Dataset/Uncategorised IOVNB (V and S) Dataset/V-Dataset/V-Vta25.csv,646,646,True,46656.324,46720.822,46657.6,46722.1,63.22200000000157,-1.275999999998021,-1.2779999999984284,-1.2769999999982247,-0.0020000000004074536,-31.007751944301607,0,-1.2769999999982247,64.49800000000687,constant_offset,INFERRED,"stable offset -1.277s, drift -0.0020s"
VTA26,unsynchronized_uncategorized,Unsynchronised V and S Dataset/Uncategorised IOVNB (V and S) Dataset/S-Dataset/S-Vta26.csv,Unsynchronised V and S Dataset/Uncategorised IOVNB (V and S) Dataset/V-Dataset/V-Vta26.csv,1935,1947,False,46728.922,46922.322,46726.5,46921.1,192.17799999999988,2.4219999999986612,1.2220000000015716,1.8220000000001164,-1.1999999999970896,-6166.495375113559,0,1.8220000000001164,193.40000000000146,variable_offset_possible_drift,INFERRED,offset moved -1.2000s over 194.6s (-6166.5 ppm)
VTA27,unsynchronized_uncategorized,Unsynchronised V and S Dataset/Uncategorised IOVNB (V and S) Dataset/S-Dataset/S-Vta27.csv,Unsynchronised V and S Dataset/Uncategorised IOVNB (V and S) Dataset/V-Dataset/V-Vta27.csv,2540,2853,False,46929.622,47183.522,46925.6,47210.8,253.89999999999418,4.022000000004482,-27.278000000005704,-11.628000000000611,-31.300000000010186,-109747.54558208172,0,-11.628000000000611,253.89999999999418,variable_offset_possible_drift,INFERRED,offset moved -31.3000s over 285.2s (-109747.5 ppm)
VTA28,unsynchronized_uncategorized,Unsynchronised V and S Dataset/Uncategorised IOVNB (V and S) Dataset/S-Dataset/S-Vta28.csv,Unsynchronised V and S Dataset/Uncategorised IOVNB (V and S) Dataset/V-Dataset/V-Vta28.csv,4210,4219,False,47214.922,47635.822,47215.5,47637.3,420.3220000000001,-0.5780000000013388,-1.478000000002794,-1.0280000000020664,-0.9000000000014552,-2133.7126600318848,0,-1.0280000000020664,420.90000000000873,variable_offset_possible_drift,INFERRED,offset moved -0.9000s over 421.8s (-2133.7 ppm)
VTA29,unsynchronized_uncategorized,Unsynchronised V and S Dataset/Uncategorised IOVNB (V and S) Dataset/S-Dataset/S-Vta29.csv,Unsynchronised V and S Dataset/Uncategorised IOVNB (V and S) Dataset/V-Dataset/V-Vta29.csv,23705,23737,False,48440.808,50810.586,48443.1,50816.7,2367.4860000000044,-2.2920000000012806,-6.113999999994121,-4.202999999997701,-3.8219999999928405,-1610.2123356896034,0,-4.202999999997701,2369.7780000000057,variable_offset_possible_drift,INFERRED,offset moved -3.8220s over 2373.6s (-1610.2 ppm)
VTA3,unsynchronized_uncategorized,Unsynchronised V and S Dataset/Uncategorised IOVNB (V and S) Dataset/S-Dataset/S-Vta3.csv,Unsynchronised V and S Dataset/Uncategorised IOVNB (V and S) Dataset/V-Dataset/V-Vta3.csv,645,875,False,42353.893,42418.293,42351.1,42438.5,64.40000000000146,2.7929999999978463,-20.207000000002154,-8.707000000002154,-23.0,-263157.8947368377,0,-8.707000000002154,64.40000000000146,variable_offset_possible_drift,INFERRED,offset moved -23.0000s over 87.4s (-263157.9 ppm)
VTA30,unsynchronized_uncategorized,Unsynchronised V and S Dataset/Uncategorised IOVNB (V and S) Dataset/S-Dataset/S-Vta30.csv,Unsynchronised V and S Dataset/Uncategorised IOVNB (V and S) Dataset/V-Dataset/V-Vta30.csv,17136,17179,False,50823.886,52537.386,50821.6,52539.4,1713.5,2.286000000000058,-2.014000000002852,0.13599999999860302,-4.30000000000291,-2503.2017697071274,0,0.13599999999860302,1713.5,variable_offset_possible_drift,INFERRED,offset moved -4.3000s over 1717.8s (-2503.2 ppm)
VTA4,unsynchronized_uncategorized,Unsynchronised V and S Dataset/Uncategorised IOVNB (V and S) Dataset/S-Dataset/S-Vta4.csv,Unsynchronised V and S Dataset/Uncategorised IOVNB (V and S) Dataset/V-Dataset/V-Vta4.csv,1789,1809,False,42447.394,42626.193,42443.3,42624.1,176.7059999999983,4.0939999999973224,2.0930000000007567,3.0934999999990396,-2.0009999999965657,-11067.477876087467,0,3.0934999999990396,178.79899999999907,variable_offset_possible_drift,INFERRED,offset moved -2.0010s over 180.8s (-11067.5 ppm)
VTA5,unsynchronized_uncategorized,Unsynchronised V and S Dataset/Uncategorised IOVNB (V and S) Dataset/S-Dataset/S-Vta5.csv,Unsynchronised V and S Dataset/Uncategorised IOVNB (V and S) Dataset/V-Dataset/V-Vta5.csv,307,357,False,42634.393,42664.993,42628.7,42664.3,29.90700000000652,5.6929999999993015,0.6929999999993015,3.1929999999993015,-5.0,-140449.43820222424,0,3.1929999999993015,30.60000000000582,variable_offset_possible_drift,INFERRED,offset moved -5.0000s over 35.6s (-140449.4 ppm)
VTA6,unsynchronized_uncategorized,Unsynchronised V and S Dataset/Uncategorised IOVNB (V and S) Dataset/S-Dataset/S-Vta6.csv,Unsynchronised V and S Dataset/Uncategorised IOVNB (V and S) Dataset/V-Dataset/V-Vta6.csv,1376,1393,False,42671.993,42809.493,42668.1,42807.3,135.3070000000007,3.893000000003667,2.1929999999993015,3.0430000000014843,-1.7000000000043656,-12212.643678191898,0,3.0430000000014843,137.5,variable_offset_possible_drift,INFERRED,offset moved -1.7000s over 139.2s (-12212.6 ppm)
VTA7,unsynchronized_uncategorized,Unsynchronised V and S Dataset/Uncategorised IOVNB (V and S) Dataset/S-Dataset/S-Vta7.csv,Unsynchronised V and S Dataset/Uncategorised IOVNB (V and S) Dataset/V-Dataset/V-Vta7.csv,840,857,False,42815.293,42899.193,42812.1,42897.7,82.40699999999924,3.1929999999993015,1.493000000002212,2.3430000000007567,-1.6999999999970896,-19859.813084078487,0,2.3430000000007567,83.90000000000146,variable_offset_possible_drift,INFERRED,offset moved -1.7000s over 85.6s (-19859.8 ppm)
VTA8,unsynchronized_uncategorized,Unsynchronised V and S Dataset/Uncategorised IOVNB (V and S) Dataset/S-Dataset/S-Vta8.csv,Unsynchronised V and S Dataset/Uncategorised IOVNB (V and S) Dataset/V-Dataset/V-Vta8.csv,3676,3697,False,42905.293,43272.793,42902.0,43271.6,366.3070000000007,3.2929999999978463,1.1929999999993015,2.242999999998574,-2.099999999998545,-5681.818181814267,0,2.242999999998574,367.5,variable_offset_possible_drift,INFERRED,offset moved -2.1000s over 369.6s (-5681.8 ppm)
VTA9,unsynchronized_uncategorized,Unsynchronised V and S Dataset/Uncategorised IOVNB (V and S) Dataset/S-Dataset/S-Vta9.csv,Unsynchronised V and S Dataset/Uncategorised IOVNB (V and S) Dataset/V-Dataset/V-Vta9.csv,156,226,False,43283.394,43298.892,43276.2,43298.7,15.305999999996857,7.194000000003143,0.19200000000273576,3.6930000000029395,-7.0020000000004075,-311200.0000000181,0,3.6930000000029395,15.497999999992317,variable_offset_possible_drift,INFERRED,offset moved -7.0020s over 22.5s (-311200.0 ppm)
VTB1,unsynchronized_uncategorized,Unsynchronised V and S Dataset/Uncategorised IOVNB (V and S) Dataset/S-Dataset/S-Vtb1.csv,Unsynchronised V and S Dataset/Uncategorised IOVNB (V and S) Dataset/V-Dataset/V-Vtb1.csv,32459,32459,True,53857.146,57102.945,53857.8,57103.6,3245.144999999997,-0.6540000000022701,-0.6549999999988358,-0.654500000000553,-0.000999999996565748,-0.30809045429963317,0,-0.654500000000553,3245.798999999999,constant_offset,INFERRED,"stable offset -0.655s, drift -0.0010s"
VTB10,unsynchronized_uncategorized,Unsynchronised V and S Dataset/Uncategorised IOVNB (V and S) Dataset/S-Dataset/S-Vtb10.csv,Unsynchronised V and S Dataset/Uncategorised IOVNB (V and S) Dataset/V-Dataset/V-Vtb10.csv,196,195,False,66157.375,66176.875,66156.9,66176.3,18.92500000000291,0.47500000000582077,0.5749999999970896,0.5250000000014552,0.09999999999126885,5154.639174805353,0,0.5250000000014552,19.40000000000873,variable_offset_possible_drift,INFERRED,offset moved +0.1000s over 19.4s (+5154.6 ppm)
VTB11,unsynchronized_uncategorized,Unsynchronised V and S Dataset/Uncategorised IOVNB (V and S) Dataset/S-Dataset/S-Vtb11.csv,Unsynchronised V and S Dataset/Uncategorised IOVNB (V and S) Dataset/V-Dataset/V-Vtb11.csv,361,433,False,66186.376,66222.376,66180.9,66224.1,36.0,5.4760000000096625,-1.724000000001979,1.8760000000038417,-7.2000000000116415,-166666.66666689122,0,1.8760000000038417,36.0,variable_offset_possible_drift,INFERRED,offset moved -7.2000s over 43.2s (-166666.7 ppm)
VTB12,unsynchronized_uncategorized,Unsynchronised V and S Dataset/Uncategorised IOVNB (V and S) Dataset/S-Dataset/S-Vtb12.csv,Unsynchronised V and S Dataset/Uncategorised IOVNB (V and S) Dataset/V-Dataset/V-Vtb12.csv,447,490,False,66231.475,66276.076,66228.9,66277.8,44.60099999999511,2.5750000000116415,-1.724000000001979,0.42550000000483124,-4.299000000013621,-87914.1104297107,0,0.42550000000483124,44.60099999999511,variable_offset_possible_drift,INFERRED,offset moved -4.2990s over 48.9s (-87914.1 ppm)
VTB2,unsynchronized_uncategorized,Unsynchronised V and S Dataset/Uncategorised IOVNB (V and S) Dataset/S-Dataset/S-Vtb2.csv,Unsynchronised V and S Dataset/Uncategorised IOVNB (V and S) Dataset/V-Dataset/V-Vtb2.csv,5712,5712,True,57980.476,58551.576,57981.4,58552.5,570.1759999999995,-0.9239999999990687,-0.9239999999990687,-0.9239999999990687,0.0,0.0,0,-0.9239999999990687,571.0999999999985,constant_offset,INFERRED,"stable offset -0.924s, drift +0.0000s"
VTB3,unsynchronized_uncategorized,Unsynchronised V and S Dataset/Uncategorised IOVNB (V and S) Dataset/S-Dataset/S-Vtb3.csv,Unsynchronised V and S Dataset/Uncategorised IOVNB (V and S) Dataset/V-Dataset/V-Vtb3.csv,8240,8289,False,58561.676,59385.576,58558.3,59387.1,823.9000000000015,3.3759999999965657,-1.5239999999976135,0.9259999999994761,-4.899999999994179,-5912.16216215517,0,0.9259999999994761,823.9000000000015,variable_offset_possible_drift,INFERRED,offset moved -4.9000s over 828.8s (-5912.2 ppm)
VTB4,unsynchronized_uncategorized,Unsynchronised V and S Dataset/Uncategorised IOVNB (V and S) Dataset/S-Dataset/S-Vtb4.csv,Unsynchronised V and S Dataset/Uncategorised IOVNB (V and S) Dataset/V-Dataset/V-Vtb4.csv,556,625,False,59398.376,59453.876,59392.0,59454.4,55.5,6.375999999996566,-0.5240000000048894,2.925999999995838,-6.900000000001455,-110576.92307694381,0,2.925999999995838,55.5,variable_offset_possible_drift,INFERRED,offset moved -6.9000s over 62.4s (-110576.9 ppm)
VTB5,unsynchronized_uncategorized,Unsynchronised V and S Dataset/Uncategorised IOVNB (V and S) Dataset/S-Dataset/S-Vtb5.csv,Unsynchronised V and S Dataset/Uncategorised IOVNB (V and S) Dataset/V-Dataset/V-Vtb5.csv,64388,64610,False,59453.075,65891.776,59459.3,65920.2,6432.475999999995,-6.225000000005821,-28.42399999999907,-17.324500000002445,-22.198999999993248,-3435.8990233548375,0,-17.324500000002445,6438.701000000001,variable_offset_possible_drift,INFERRED,offset moved -22.1990s over 6460.9s (-3435.9 ppm)
VTB6,unsynchronized_uncategorized,Unsynchronised V and S Dataset/Uncategorised IOVNB (V and S) Dataset/S-Dataset/S-Vtb6.csv,Unsynchronised V and S Dataset/Uncategorised IOVNB (V and S) Dataset/V-Dataset/V-Vtb6.csv,498,508,False,65925.376,65975.076,65926.0,65976.7,49.07600000000093,-0.6239999999961583,-1.6239999999961583,-1.1239999999961583,-1.0,-19723.865877713164,0,-1.1239999999961583,49.69999999999709,variable_offset_possible_drift,INFERRED,offset moved -1.0000s over 50.7s (-19723.9 ppm)
VTB7,unsynchronized_uncategorized,Unsynchronised V and S Dataset/Uncategorised IOVNB (V and S) Dataset/S-Dataset/S-Vtb7.csv,Unsynchronised V and S Dataset/Uncategorised IOVNB (V and S) Dataset/V-Dataset/V-Vtb7.csv,461,461,True,65979.375,66025.376,65981.2,66027.2,44.17600000000675,-1.8249999999970896,-1.823999999993248,-1.8244999999951688,0.0010000000038417056,21.739130518297948,0,-1.8244999999951688,46.0,constant_offset,INFERRED,"stable offset -1.824s, drift +0.0010s"
VTB8,unsynchronized_uncategorized,Unsynchronised V and S Dataset/Uncategorised IOVNB (V and S) Dataset/S-Dataset/S-Vtb8.csv,Unsynchronised V and S Dataset/Uncategorised IOVNB (V and S) Dataset/V-Dataset/V-Vtb8.csv,668,699,False,66033.376,66100.076,66032.0,66101.8,66.69999999999709,1.3760000000038417,-1.724000000001979,-0.17399999999906868,-3.1000000000058208,-44412.607449938274,0,-0.17399999999906868,66.69999999999709,variable_offset_possible_drift,INFERRED,offset moved -3.1000s over 69.8s (-44412.6 ppm)
VTB9,unsynchronized_uncategorized,Unsynchronised V and S Dataset/Uncategorised IOVNB (V and S) Dataset/S-Dataset/S-Vtb9.csv,Unsynchronised V and S Dataset/Uncategorised IOVNB (V and S) Dataset/V-Dataset/V-Vtb9.csv,452,457,False,66105.377,66150.476,66106.6,66152.2,43.87599999998929,-1.2230000000126893,-1.724000000001979,-1.4735000000073342,-0.5009999999892898,-10986.842105030388,0,-1.4735000000073342,45.09900000000198,variable_offset_possible_drift,INFERRED,offset moved -0.5010s over 45.6s (-10986.8 ppm)
VW1,unsynchronized_uncategorized,Unsynchronised V and S Dataset/Uncategorised IOVNB (V and S) Dataset/S-Dataset/S-Vw1.csv,Unsynchronised V and S Dataset/Uncategorised IOVNB (V and S) Dataset/V-Dataset/V-Vw1.csv,20476,20475,False,34675.816,36723.316,34575.4,36622.8,1946.984000000004,100.41599999999744,100.51599999999598,100.46599999999671,0.09999999999854481,48.84243430621507,0,100.46599999999671,2047.4000000000015,variable_offset_possible_drift,INFERRED,offset moved +0.1000s over 2047.4s (+48.8 ppm)
VW10,unsynchronized_uncategorized,Unsynchronised V and S Dataset/Uncategorised IOVNB (V and S) Dataset/S-Dataset/S-Vw10.csv,Unsynchronised V and S Dataset/Uncategorised IOVNB (V and S) Dataset/V-Dataset/V-Vw10.csv,652,670,False,58061.904,58127.004,58060.7,58127.6,65.09999999999854,1.2040000000051805,-0.5959999999977299,0.3040000000037253,-1.8000000000029104,-26905.829596455475,0,0.3040000000037253,65.09999999999854,variable_offset_possible_drift,INFERRED,offset moved -1.8000s over 66.9s (-26905.8 ppm)
VW11,unsynchronized_uncategorized,Unsynchronised V and S Dataset/Uncategorised IOVNB (V and S) Dataset/S-Dataset/S-Vw11.csv,Unsynchronised V and S Dataset/Uncategorised IOVNB (V and S) Dataset/V-Dataset/V-Vw11.csv,4909,4924,False,58135.504,58626.304,58132.5,58624.8,489.2960000000021,3.004000000000815,1.503999999993539,2.253999999997177,-1.500000000007276,-3046.922608180514,0,2.253999999997177,490.8000000000029,variable_offset_possible_drift,INFERRED,offset moved -1.5000s over 492.3s (-3046.9 ppm)
VW12,unsynchronized_uncategorized,Unsynchronised V and S Dataset/Uncategorised IOVNB (V and S) Dataset/S-Dataset/S-Vw12.csv,Unsynchronised V and S Dataset/Uncategorised IOVNB (V and S) Dataset/V-Dataset/V-Vw12.csv,918,1069,False,58640.205,58731.905,58630.2,58737.0,91.69999999999709,10.005000000004657,-5.095000000001164,2.4550000000017462,-15.10000000000582,-141385.76779031282,0,2.4550000000017462,91.69999999999709,variable_offset_possible_drift,INFERRED,offset moved -15.1000s over 106.8s (-141385.8 ppm)
VW13,unsynchronized_uncategorized,Unsynchronised V and S Dataset/Uncategorised IOVNB (V and S) Dataset/S-Dataset/S-Vw13.csv,Unsynchronised V and S Dataset/Uncategorised IOVNB (V and S) Dataset/V-Dataset/V-Vw13.csv,284,297,False,58826.104,58854.404,58823.8,58853.4,27.296000000002095,2.3039999999964493,1.004000000000815,1.6539999999986321,-1.2999999999956344,-43918.91891877359,0,1.6539999999986321,28.30000000000291,variable_offset_possible_drift,INFERRED,offset moved -1.3000s over 29.6s (-43918.9 ppm)
VW14A,unsynchronized_uncategorized,Unsynchronised V and S Dataset/Uncategorised IOVNB (V and S) Dataset/S-Dataset/S-Vw14a.csv,Unsynchronised V and S Dataset/Uncategorised IOVNB (V and S) Dataset/V-Dataset/V-Vw14a.csv,3138,3140,False,58874.984,59188.684,58870.0,59183.9,308.9160000000047,4.98399999999674,4.783999999999651,4.883999999998196,-0.19999999999708962,-637.14558775753,0,4.883999999998196,313.70000000000437,variable_offset_possible_drift,INFERRED,offset moved -0.2000s over 313.9s (-637.1 ppm)
VW14B,unsynchronized_uncategorized,Unsynchronised V and S Dataset/Uncategorised IOVNB (V and S) Dataset/S-Dataset/S-Vw14b.csv,Unsynchronised V and S Dataset/Uncategorised IOVNB (V and S) Dataset/V-Dataset/V-Vw14b.csv,19588,19600,False,59188.983,61147.684,59184.0,61143.9,1954.9170000000013,4.983000000000175,3.7839999999996508,4.383499999999913,-1.1990000000005239,-611.7659064240639,0,4.383499999999913,1958.701000000001,variable_offset_possible_drift,INFERRED,offset moved -1.1990s over 1959.9s (-611.8 ppm)
VW14C,unsynchronized_uncategorized,Unsynchronised V and S Dataset/Uncategorised IOVNB (V and S) Dataset/S-Dataset/S-Vw14c.csv,Unsynchronised V and S Dataset/Uncategorised IOVNB (V and S) Dataset/V-Dataset/V-Vw14c.csv,15826,15857,False,61148.984,62731.484,61144.0,62729.6,1580.6160000000018,4.98399999999674,1.8839999999981956,3.433999999997468,-3.099999999998545,-1955.095862763968,0,3.433999999997468,1582.5,variable_offset_possible_drift,INFERRED,offset moved -3.1000s over 1585.6s (-1955.1 ppm)
VW15,unsynchronized_uncategorized,Unsynchronised V and S Dataset/Uncategorised IOVNB (V and S) Dataset/S-Dataset/S-Vw15.csv,Unsynchronised V and S Dataset/Uncategorised IOVNB (V and S) Dataset/V-Dataset/V-Vw15.csv,1380,1391,False,62989.943,63127.843,62986.9,63125.9,135.95700000000215,3.0429999999978463,1.9429999999993015,2.492999999998574,-1.0999999999985448,-7913.669064737733,0,2.492999999998574,137.90000000000873,variable_offset_possible_drift,INFERRED,offset moved -1.1000s over 139.0s (-7913.7 ppm)
VW16A,unsynchronized_uncategorized,Unsynchronised V and S Dataset/Uncategorised IOVNB (V and S) Dataset/S-Dataset/S-Vw16a.csv,Unsynchronised V and S Dataset/Uncategorised IOVNB (V and S) Dataset/V-Dataset/V-Vw16a.csv,5879,6000,False,63133.603,63721.402,63131.8,63731.7,587.7989999999991,1.8029999999998836,-10.297999999995227,-4.247499999997672,-12.10099999999511,-20171.695282539138,0,-4.247499999997672,587.7989999999991,variable_offset_possible_drift,INFERRED,offset moved -12.1010s over 599.9s (-20171.7 ppm)
VW16B,unsynchronized_uncategorized,Unsynchronised V and S Dataset/Uncategorised IOVNB (V and S) Dataset/S-Dataset/S-Vw16b.csv,Unsynchronised V and S Dataset/Uncategorised IOVNB (V and S) Dataset/V-Dataset/V-Vw16b.csv,1126,1171,False,63736.002,63848.503,63731.8,63848.8,112.50099999999657,4.201999999997497,-0.2970000000059372,1.95249999999578,-4.499000000003434,-38452.99145302081,0,1.95249999999578,112.50099999998929,variable_offset_possible_drift,INFERRED,offset moved -4.4990s over 117.0s (-38453.0 ppm)
VW17,unsynchronized_uncategorized,Unsynchronised V and S Dataset/Uncategorised IOVNB (V and S) Dataset/S-Dataset/S-Vw17.csv,Unsynchronised V and S Dataset/Uncategorised IOVNB (V and S) Dataset/V-Dataset/V-Vw17.csv,329,329,True,63854.702,63887.503,63853.1,63885.9,31.198000000003958,1.6019999999989523,1.602999999995518,1.6024999999972351,0.000999999996565748,30.48780477334327,0,1.6024999999972351,32.80000000000291,constant_offset,INFERRED,"stable offset 1.602s, drift +0.0010s"
VW2,unsynchronized_uncategorized,Unsynchronised V and S Dataset/Uncategorised IOVNB (V and S) Dataset/S-Dataset/S-Vw2.csv,Unsynchronised V and S Dataset/Uncategorised IOVNB (V and S) Dataset/V-Dataset/V-Vw2.csv,52713,52712,False,36946.685,42217.884,36944.8,42215.9,5269.215000000004,1.8849999999947613,1.9839999999967404,1.9344999999957508,0.09900000000197906,18.781658477733128,0,1.9344999999957508,5271.0999999999985,variable_offset_possible_drift,INFERRED,offset moved +0.0990s over 5271.1s (+18.8 ppm)
VW3,unsynchronized_uncategorized,Unsynchronised V and S Dataset/Uncategorised IOVNB (V and S) Dataset/S-Dataset/S-Vw3.csv,Unsynchronised V and S Dataset/Uncategorised IOVNB (V and S) Dataset/V-Dataset/V-Vw3.csv,3861,3941,False,42239.984,42625.985,42232.0,42626.0,386.00100000000384,7.98399999999674,-0.014999999999417923,3.9844999999986612,-7.998999999996158,-20302.03045684304,0,3.9844999999986612,386.00100000000384,variable_offset_possible_drift,INFERRED,offset moved -7.9990s over 394.0s (-20302.0 ppm)
VW4,unsynchronized_uncategorized,Unsynchronised V and S Dataset/Uncategorised IOVNB (V and S) Dataset/S-Dataset/S-Vw4.csv,Unsynchronised V and S Dataset/Uncategorised IOVNB (V and S) Dataset/V-Dataset/V-Vw4.csv,126526,126573,False,44127.004,56779.504,44122.1,56779.3,12652.296000000002,4.90400000000227,0.20399999999790452,2.5540000000000873,-4.700000000004366,-371.3301520086879,0,2.5540000000000873,12652.5,variable_offset_possible_drift,INFERRED,offset moved -4.7000s over 12657.2s (-371.3 ppm)
VW5,unsynchronized_uncategorized,Unsynchronised V and S Dataset/Uncategorised IOVNB (V and S) Dataset/S-Dataset/S-Vw5.csv,Unsynchronised V and S Dataset/Uncategorised IOVNB (V and S) Dataset/V-Dataset/V-Vw5.csv,1012,1050,False,56796.903,56898.004,56790.4,56895.3,98.39700000000448,6.502999999996973,2.7039999999979045,4.603499999997439,-3.7989999999990687,-36215.44327930425,0,4.603499999997439,101.10100000000239,variable_offset_possible_drift,INFERRED,offset moved -3.7990s over 104.9s (-36215.4 ppm)
VW6,unsynchronized_uncategorized,Unsynchronised V and S Dataset/Uncategorised IOVNB (V and S) Dataset/S-Dataset/S-Vw6.csv,Unsynchronised V and S Dataset/Uncategorised IOVNB (V and S) Dataset/V-Dataset/V-Vw6.csv,1281,1288,False,56902.904,57030.904,56903.6,57032.3,127.30400000000373,-0.6959999999962747,-1.3960000000006403,-1.0459999999984575,-0.7000000000043656,-5439.005439039175,0,-1.0459999999984575,128.0,variable_offset_possible_drift,INFERRED,offset moved -0.7000s over 128.7s (-5439.0 ppm)
VW7,unsynchronized_uncategorized,Unsynchronised V and S Dataset/Uncategorised IOVNB (V and S) Dataset/S-Dataset/S-Vw7.csv,Unsynchronised V and S Dataset/Uncategorised IOVNB (V and S) Dataset/V-Dataset/V-Vw7.csv,1602,1689,False,57309.004,57469.103,57468.2,57637.0,0.9030000000057044,-159.19599999999627,-167.8969999999972,-163.54649999999674,-8.701000000000931,-51546.20853081031,0,-163.54649999999674,160.09900000000198,variable_offset_possible_drift,INFERRED,offset moved -8.7010s over 168.8s (-51546.2 ppm)
VW8,unsynchronized_uncategorized,Unsynchronised V and S Dataset/Uncategorised IOVNB (V and S) Dataset/S-Dataset/S-Vw8.csv,Unsynchronised V and S Dataset/Uncategorised IOVNB (V and S) Dataset/V-Dataset/V-Vw8.csv,1529,1599,False,57489.004,57641.804,57643.1,57802.9,0.0,-154.09599999999773,-161.096000000005,-157.59600000000137,-7.000000000007276,-43804.75594497589,0,-157.59600000000137,152.79999999998836,variable_offset_possible_drift,INFERRED,offset moved -7.0000s over 159.8s (-43804.8 ppm)
VW9,unsynchronized_uncategorized,Unsynchronised V and S Dataset/Uncategorised IOVNB (V and S) Dataset/S-Dataset/S-Vw9.csv,Unsynchronised V and S Dataset/Uncategorised IOVNB (V and S) Dataset/V-Dataset/V-Vw9.csv,552,601,False,57840.403,57895.504,57835.1,57895.1,54.697000000000116,5.302999999999884,0.4040000000022701,2.853500000001077,-4.8989999999976135,-81649.99999996023,0,2.853500000001077,55.10100000000966,variable_offset_possible_drift,INFERRED,offset moved -4.8990s over 60.0s (-81650.0 ppm)
Y1,unsynchronized_uncategorized,Unsynchronised V and S Dataset/Uncategorised IOVNB (V and S) Dataset/S-Dataset/S-Y1.csv,Unsynchronised V and S Dataset/Uncategorised IOVNB (V and S) Dataset/V-Dataset/V-Y1.csv,70285,70341,False,65565.703,72957.021,61954.4,69626.8,4061.097000000009,3611.3029999999926,3330.2209999999905,3470.7619999999915,-281.08200000000215,-36635.472603097085,1,-129.23800000000847,7391.317999999999,variable_offset_possible_drift,INFERRED,offset moved -281.0820s over 7672.4s (-36635.5 ppm)
