relative_path,time_column_role,time_is_absolute,time_unit,valid_timestamps,missing_timestamps,first_timestamp_s,last_timestamp_s,duration_s,duration_kind,is_monotonic,non_monotonic_count,duplicate_timestamp_count,zero_interval_count,negative_interval_count,delta_mean_s,delta_median_s,delta_std_s,delta_min_s,delta_max_s,delta_p99_s,estimated_rate_hz,rate_kind,sampling_class,coefficient_of_variation,suspected_column_misalignment,evidence,note
Synchronised V abd S datasets/Categorised IOVNB Dataset/M (Driver B)/S-M.csv,time_since_start_ms,False,s,105974,0,4.227,6175.975,6171.7480000000005,estimated,False,1,0,0,1,0.10001193711546447,0.09999999999990905,0.003968366473557808,0.0809999999999036,1.365000000000009,0.10199999999997544,10.000000000009095,exact,stable,0.03967892821610186,False,VERIFIED_FROM_FILE,
Synchronised V abd S datasets/Categorised IOVNB Dataset/M (Driver B)/V-M.csv,time_of_day_s,True,s,105974,0,29608.4,40205.7,10597.299999999996,estimated,False,0,1,1,0,0.10000094364549122,0.09999999999854481,0.0003072174011410303,0.0989999999947031,0.19999999999708962,0.10000000000582077,10.00000000014552,exact,stable,0.0030721450212523264,False,VERIFIED_FROM_FILE,
Synchronised V abd S datasets/Categorised IOVNB Dataset/S (Driver A)/S1/S-S1.csv,time_since_start_ms,False,s,51746,0,2.922,5177.421,5174.499000000001,estimated,True,0,0,0,0,0.0999999806744613,0.09999999999990905,0.0007646277014951554,0.08900000000039654,0.11099999999987631,0.10100000000056752,10.000000000009095,exact,stable,0.007646278492636063,False,VERIFIED_FROM_FILE,
Synchronised V abd S datasets/Categorised IOVNB Dataset/S (Driver A)/S1/V-S1.csv,time_of_day_s,True,s,51746,0,32869.0,38043.5,5174.5,estimated,True,0,0,0,0,0.1,0.09999999999854481,6.216999090860725e-06,0.0989999999947031,0.10100000000238651,0.10000000000582077,10.00000000014552,exact,stable,6.216999090860725e-05,False,VERIFIED_FROM_FILE,
Synchronised V abd S datasets/Categorised IOVNB Dataset/S (Driver A)/S2/S-S2.csv,time_since_start_ms,False,s,93876,0,0.011,9201.11,9201.099,estimated,False,1,291,0,1,0.10000000000000002,0.10000000000002274,0.0005868541640226512,0.08799999999973807,0.11200000000008004,0.10100000000056752,9.999999999997726,exact,stable,0.00586854164022651,False,VERIFIED_FROM_FILE,
Synchronised V abd S datasets/Categorised IOVNB Dataset/S (Driver A)/S2/V-S2.csv,time_of_day_s,True,s,93876,0,39824.4,49211.9,9387.5,estimated,True,0,0,0,0,0.1,0.09999999999854481,6.52762233826259e-06,0.09900000000197906,0.10100000000238651,0.10000000000582077,10.00000000014552,exact,stable,6.527622338262589e-05,False,VERIFIED_FROM_FILE,
Synchronised V abd S datasets/Categorised IOVNB Dataset/S (Driver A)/S3a/S-S3a.csv,time_since_start_ms,False,s,24621,0,31.321,2493.321,2462.0,estimated,True,0,0,0,0,0.1,0.09999999999999432,0.0007830453578772541,0.08699999999998909,0.11199999999985266,0.10100000000011278,10.000000000000568,exact,stable,0.00783045357877254,False,VERIFIED_FROM_FILE,
Synchronised V abd S datasets/Categorised IOVNB Dataset/S (Driver A)/S3a/V-S3a.csv,time_of_day_s,True,s,24621,0,66118.0,68580.0,2462.0,estimated,True,0,0,0,0,0.1,0.10000000000582077,7.128953417949148e-12,0.09999999999126885,0.10000000000582077,0.10000000000582077,9.999999999417923,exact,stable,7.128953417949147e-11,False,VERIFIED_FROM_FILE,
Synchronised V abd S datasets/Categorised IOVNB Dataset/S (Driver A)/S3b/S-S3b.csv,time_since_start_ms,False,s,6813,0,2503.32,476.908,-2026.4120000000003,estimated,False,1,0,0,1,0.09999999999999996,0.09999999999999432,0.0007916017857307495,0.09499999999979991,0.10500000000001819,0.10100000000011278,10.000000000000568,exact,stable,0.007916017857307498,False,VERIFIED_FROM_FILE,
Synchronised V abd S datasets/Categorised IOVNB Dataset/S (Driver A)/S3b/V-S3b.csv,time_of_day_s,True,s,6813,0,68582.8,69264.0,681.1999999999971,estimated,True,0,0,0,0,0.09999999999999958,0.10000000000582077,7.129040615335608e-12,0.09999999999126885,0.10000000000582077,0.10000000000582077,9.999999999417923,exact,stable,7.129040615335639e-11,False,VERIFIED_FROM_FILE,
Synchronised V abd S datasets/Categorised IOVNB Dataset/S (Driver A)/S3c/S-S3c.csv,time_since_start_ms,False,s,37183,0,476.408,4194.607,3718.199,estimated,True,0,0,0,0,0.099999973105266,0.09999999999990905,0.0008548116913381289,0.08199999999987995,0.12100000000009459,0.10100000000056752,10.000000000009095,exact,stable,0.008548119212375214,False,VERIFIED_FROM_FILE,
Synchronised V abd S datasets/Categorised IOVNB Dataset/S (Driver A)/S3c/V-S3c.csv,time_of_day_s,True,s,37183,0,69267.8,72986.0,3718.199999999997,estimated,True,0,0,0,0,0.09999999999999992,0.10000000000582077,7.334130326954851e-06,0.09900000000197906,0.10099999999511056,0.10000000000582077,9.999999999417923,exact,stable,7.334130326954857e-05,False,VERIFIED_FROM_FILE,
Synchronised V abd S datasets/Categorised IOVNB Dataset/S (Driver A)/S4/S-S4.csv,time_since_start_ms,False,s,94600,0,8.429,363.209,354.78000000000003,estimated,False,2,1799,0,2,0.09999998942884024,0.09999999999990905,0.000861198001403049,0.08199999999999363,0.11700000000001864,0.10199999999986176,10.000000000009095,exact,stable,0.008611980924416751,False,VERIFIED_FROM_FILE,
Synchronised V abd S datasets/Categorised IOVNB Dataset/S (Driver A)/S4/V-S4.csv,time_of_day_s,True,s,94600,0,62173.4,71633.3,9459.900000000001,estimated,True,0,0,0,0,0.10000000000000002,0.09999999999854481,4.598029185474273e-06,0.09900000000197906,0.10099999999511056,0.10000000000582077,10.00000000014552,exact,stable,4.598029185474272e-05,False,VERIFIED_FROM_FILE,
Synchronised V abd S datasets/Categorised IOVNB Dataset/Vf (Driver E)/V-Vfa01/S-Vfa01.csv,time_since_start_ms,False,s,11486,0,2.607,1151.107,1148.5,estimated,True,0,0,0,0,0.1,0.10000000000002274,0.0008482613014428688,0.08600000000001273,0.11299999999999955,0.10200000000008913,9.999999999997726,exact,stable,0.008482613014428687,False,VERIFIED_FROM_FILE,
Synchronised V abd S datasets/Categorised IOVNB Dataset/Vf (Driver E)/V-Vfa01/V-Vfa01.csv,time_of_day_s,True,s,11535,0,33622.0,34775.4,1153.4000000000015,estimated,True,0,0,0,0,0.10000000000000013,0.09999999999854481,2.9104776654407343e-12,0.09999999999854481,0.10000000000582077,0.10000000000582077,10.00000000014552,exact,stable,2.9104776654407307e-11,False,VERIFIED_FROM_FILE,
Synchronised V abd S datasets/Categorised IOVNB Dataset/Vf (Driver E)/V-Vfa02/S-Vfa02.csv,time_since_start_ms,False,s,67523,0,0.038,6752.2390000000005,6752.201000000001,estimated,True,0,0,0,0,0.10000001480998787,0.09999999999990905,0.000859756537429444,0.05899999999996908,0.1410000000000764,0.10199999999986176,10.000000000009095,exact,stable,0.00859756410099624,False,VERIFIED_FROM_FILE,
Synchronised V abd S datasets/Categorised IOVNB Dataset/Vf (Driver E)/V-Vfa02/V-Vfa02.csv,time_of_day_s,True,s,67755,0,35829.9,42605.3,6775.4000000000015,estimated,True,0,0,0,0,0.10000000000000002,0.09999999999854481,5.43309786606368e-06,0.09900000000197906,0.10100000000238651,0.10000000000582077,10.00000000014552,exact,stable,5.433097866063679e-05,False,VERIFIED_FROM_FILE,
Synchronised V abd S datasets/Categorised IOVNB Dataset/Vta (Driver E)/Vta01a/S-Vta1a.csv,time_since_start_ms,False,s,25676,0,0.02,2567.5190000000002,2567.4990000000003,estimated,True,0,0,0,0,0.09999996105160663,0.09999999999999432,0.0007051624896069295,0.08799999999996544,0.11099999999999,0.10199999999999998,10.000000000000568,exact,stable,0.007051627642564968,False,VERIFIED_FROM_FILE,
Synchronised V abd S datasets/Categorised IOVNB Dataset/Vta (Driver E)/Vta01a/V-Vta1a.csv,time_of_day_s,True,s,25676,0,38521.0,41088.5,2567.5,estimated,True,0,0,0,0,0.1,0.09999999999854481,2.9103830456786644e-12,0.09999999999854481,0.10000000000582077,0.10000000000582077,10.00000000014552,exact,stable,2.910383045678664e-11,False,VERIFIED_FROM_FILE,
Synchronised V abd S datasets/Categorised IOVNB Dataset/Vta (Driver E)/Vta01b/S-Vta1b.csv,time_since_start_ms,False,s,954,0,2582.12,2677.42,95.30000000000018,estimated,True,0,0,0,0,0.10000000000000019,0.09999999999990905,0.0006060208578683719,0.09400000000005093,0.10599999999976717,0.10100000000011278,10.000000000009095,exact,stable,0.006060208578683708,False,VERIFIED_FROM_FILE,
Synchronised V abd S datasets/Categorised IOVNB Dataset/Vta (Driver E)/Vta01b/V-Vta1b.csv,time_of_day_s,True,s,953,0,41089.0,41184.2,95.19999999999709,estimated,True,0,0,0,0,0.09999999999999694,0.09999999999854481,2.908087691110064e-12,0.09999999999854481,0.10000000000582077,0.10000000000582077,10.00000000014552,exact,stable,2.908087691110153e-11,False,VERIFIED_FROM_FILE,
Synchronised V abd S datasets/Categorised IOVNB Dataset/Vta (Driver E)/Vta02/S-Vta2.csv,time_since_start_ms,False,s,10991,0,2683.922,3782.92,1098.998,estimated,True,0,0,0,0,0.09999981801637853,0.09999999999990905,0.0006983667177389171,0.09000000000014552,0.10799999999971988,0.10199999999986176,10.000000000009095,exact,stable,0.006983679886542741,False,VERIFIED_FROM_FILE,
Synchronised V abd S datasets/Categorised IOVNB Dataset/Vta (Driver E)/Vta02/V-vta2.csv,time_of_day_s,True,s,10991,0,41190.3,42289.3,1099.0,estimated,True,0,0,0,0,0.1,0.09999999999854481,2.9103830456786644e-12,0.09999999999854481,0.10000000000582077,0.10000000000582077,10.00000000014552,exact,stable,2.910383045678664e-11,False,VERIFIED_FROM_FILE,
Synchronised V abd S datasets/Categorised IOVNB Dataset/Vta (Driver E)/Vta03/S-Vta3.csv,time_since_start_ms,False,s,645,0,0.012,64.412,64.4,estimated,True,0,0,0,0,0.1,0.10000000000000142,0.0005897678246195116,0.09600000000000009,0.10400000000000276,0.10100000000000467,9.999999999999858,exact,stable,0.0058976782461951155,False,VERIFIED_FROM_FILE,
Synchronised V abd S datasets/Categorised IOVNB Dataset/Vta (Driver E)/Vta03/V-vta3.csv,time_of_day_s,True,s,645,0,42374.0,42438.4,64.40000000000146,estimated,True,0,0,0,0,0.10000000000000225,0.09999999999854481,2.9120763865081666e-12,0.09999999999854481,0.10000000000582077,0.10000000000582077,10.00000000014552,exact,stable,2.912076386508101e-11,False,VERIFIED_FROM_FILE,
Synchronised V abd S datasets/Categorised IOVNB Dataset/Vta (Driver E)/Vta04/S-Vta4.csv,time_since_start_ms,False,s,1789,0,93.513,272.312,178.799,estimated,True,0,0,0,0,0.09999944071588367,0.09999999999999432,0.0005651114205424006,0.09600000000000364,0.10400000000001342,0.10200000000000387,10.000000000000568,exact,stable,0.00565114581138492,False,VERIFIED_FROM_FILE,
Synchronised V abd S datasets/Categorised IOVNB Dataset/Vta (Driver E)/Vta04/V-vta4.csv,time_of_day_s,True,s,1789,0,42445.2,42624.0,178.8000000000029,estimated,True,0,0,0,0,0.10000000000000163,0.09999999999854481,2.911603133007348e-12,0.09999999999854481,0.10000000000582077,0.10000000000582077,10.00000000014552,exact,stable,2.9116031330073e-11,False,VERIFIED_FROM_FILE,
Synchronised V abd S datasets/Categorised IOVNB Dataset/Vta (Driver E)/Vta05/S-Vta5.csv,time_since_start_ms,False,s,307,0,280.512,311.112,30.600000000000023,estimated,True,0,0,0,0,0.10000000000000007,0.10000000000002274,0.0004917622040805475,0.09799999999995634,0.10199999999997544,0.10100000000005309,9.999999999997726,exact,stable,0.004917622040805471,False,VERIFIED_FROM_FILE,
Synchronised V abd S datasets/Categorised IOVNB Dataset/Vta (Driver E)/Vta05/V-vta5.csv,time_of_day_s,True,s,307,0,42633.6,42664.2,30.599999999998545,estimated,True,0,0,0,0,0.09999999999999525,0.09999999999854481,2.9068103216492355e-12,0.09999999999854481,0.10000000000582077,0.10000000000582077,10.00000000014552,exact,stable,2.9068103216493736e-11,False,VERIFIED_FROM_FILE,
Synchronised V abd S datasets/Categorised IOVNB Dataset/Vta (Driver E)/Vta06/S-Vta6.csv,time_since_start_ms,False,s,1376,0,318.112,455.612,137.5,estimated,True,0,0,0,0,0.1,0.10000000000002274,0.0005981790549812061,0.09499999999997044,0.10599999999999454,0.101260000000035,9.999999999997726,exact,stable,0.005981790549812061,False,VERIFIED_FROM_FILE,
Synchronised V abd S datasets/Categorised IOVNB Dataset/Vta (Driver E)/Vta06/V-vta6.csv,time_of_day_s,True,s,1376,0,42669.7,42807.2,137.5,estimated,True,0,0,0,0,0.1,0.09999999999854481,2.9103830456786644e-12,0.09999999999854481,0.10000000000582077,0.10000000000582077,10.00000000014552,exact,stable,2.910383045678664e-11,False,VERIFIED_FROM_FILE,
Synchronised V abd S datasets/Categorised IOVNB Dataset/Vta (Driver E)/Vta07/S-Vta7.csv,time_since_start_ms,False,s,840,0,461.41200000000003,545.312,83.89999999999998,estimated,True,0,0,0,0,0.09999999999999998,0.10000000000002274,0.0006604798342438896,0.09100000000000819,0.10800000000000409,0.10099999999999909,9.999999999997726,exact,stable,0.006604798342438898,False,VERIFIED_FROM_FILE,
Synchronised V abd S datasets/Categorised IOVNB Dataset/Vta (Driver E)/Vta07/V-vta7.csv,time_of_day_s,True,s,840,0,42813.7,42897.6,83.90000000000146,estimated,True,0,0,0,0,0.10000000000000174,0.09999999999854481,2.911683065263002e-12,0.09999999999854481,0.10000000000582077,0.10000000000582077,10.00000000014552,exact,stable,2.911683065262951e-11,False,VERIFIED_FROM_FILE,
Synchronised V abd S datasets/Categorised IOVNB Dataset/Vta (Driver E)/Vta08/S-Vta8.csv,time_since_start_ms,False,s,3676,0,551.412,918.912,367.5,estimated,True,0,0,0,0,0.1,0.10000000000002274,0.0006606531503242498,0.09199999999998454,0.10799999999994725,0.10199999999997544,9.999999999997726,exact,stable,0.006606531503242498,False,VERIFIED_FROM_FILE,
Synchronised V abd S datasets/Categorised IOVNB Dataset/Vta (Driver E)/Vta08/V-vta8.csv,time_of_day_s,True,s,3676,0,42904.0,43271.5,367.5,estimated,True,0,0,0,0,0.1,0.09999999999854481,2.9103830456786644e-12,0.09999999999854481,0.10000000000582077,0.10000000000582077,10.00000000014552,exact,stable,2.910383045678664e-11,False,VERIFIED_FROM_FILE,
Synchronised V abd S datasets/Categorised IOVNB Dataset/Vta (Driver E)/Vta09/S-Vta9.csv,time_since_start_ms,False,s,156,0,929.513,945.011,15.497999999999934,estimated,True,0,0,0,0,0.09998709677419312,0.10000000000002274,0.0006323238938723379,0.09699999999997999,0.10199999999997544,0.10199999999997544,9.999999999997726,exact,stable,0.006324054945813188,False,VERIFIED_FROM_FILE,
Synchronised V abd S datasets/Categorised IOVNB Dataset/Vta (Driver E)/Vta09/V-vta9.csv,time_of_day_s,True,s,156,0,43283.1,43298.6,15.5,estimated,True,0,0,0,0,0.1,0.09999999999854481,2.9103830456786644e-12,0.09999999999854481,0.10000000000582077,0.10000000000582077,10.00000000014552,exact,stable,2.910383045678664e-11,False,VERIFIED_FROM_FILE,
Synchronised V abd S datasets/Categorised IOVNB Dataset/Vta (Driver E)/Vta10/S-Vta10.csv,time_since_start_ms,False,s,1502,0,956.5120000000001,1106.612,150.10000000000002,estimated,True,0,0,0,0,0.10000000000000002,0.10000000000002274,0.0006867936684094969,0.0909999999998945,0.10900000000003729,0.10199999999986176,9.999999999997726,exact,stable,0.006867936684094968,False,VERIFIED_FROM_FILE,
Synchronised V abd S datasets/Categorised IOVNB Dataset/Vta (Driver E)/Vta10/V-vta10.csv,time_of_day_s,True,s,1502,0,43309.9,43460.0,150.09999999999854,estimated,True,0,0,0,0,0.09999999999999903,0.09999999999854481,2.90965568229088e-12,0.09999999999854481,0.10000000000582077,0.10000000000582077,10.00000000014552,exact,stable,2.9096556822909082e-11,False,VERIFIED_FROM_FILE,
Synchronised V abd S datasets/Categorised IOVNB Dataset/Vta (Driver E)/Vta11/S-Vta11.csv,time_since_start_ms,False,s,510,0,1118.512,1169.412,50.90000000000009,estimated,True,0,0,0,0,0.10000000000000017,0.09999999999990905,0.0005779171326261398,0.09699999999997999,0.10200000000008913,0.10199999999986176,10.000000000009095,exact,stable,0.005779171326261388,False,VERIFIED_FROM_FILE,
Synchronised V abd S datasets/Categorised IOVNB Dataset/Vta (Driver E)/Vta11/V-vta11.csv,time_of_day_s,True,s,510,0,43471.9,43522.8,50.900000000001455,estimated,True,0,0,0,0,0.10000000000000286,0.09999999999854481,2.912525045083756e-12,0.09999999999854481,0.10000000000582077,0.10000000000582077,10.00000000014552,exact,stable,2.912525045083673e-11,False,VERIFIED_FROM_FILE,
Synchronised V abd S datasets/Categorised IOVNB Dataset/Vta (Driver E)/Vta12/S-Vta12.csv,time_since_start_ms,False,s,610,0,1181.512,1242.412,60.90000000000009,estimated,True,0,0,0,0,0.10000000000000014,0.09999999999990905,0.0006225114661160281,0.09699999999997999,0.10299999999983811,0.10200000000008913,10.000000000009095,exact,stable,0.006225114661160272,False,VERIFIED_FROM_FILE,
Synchronised V abd S datasets/Categorised IOVNB Dataset/Vta (Driver E)/Vta12/V-vta12.csv,time_of_day_s,True,s,610,0,43535.1,43596.0,60.900000000001455,estimated,True,0,0,0,0,0.10000000000000239,0.09999999999854481,2.912173621745256e-12,0.09999999999854481,0.10000000000582077,0.10000000000582077,10.00000000014552,exact,stable,2.912173621745186e-11,False,VERIFIED_FROM_FILE,
Synchronised V abd S datasets/Categorised IOVNB Dataset/Vta (Driver E)/Vta13/S-Vta13.csv,time_since_start_ms,False,s,404,0,1253.411,1293.712,40.30099999999993,estimated,True,0,0,0,0,0.100002481389578,0.09999999999990905,0.0006437281275863538,0.09600000000000364,0.10399999999981446,0.1019799999998668,10.000000000009095,exact,stable,0.006437121545800378,False,VERIFIED_FROM_FILE,
Synchronised V abd S datasets/Categorised IOVNB Dataset/Vta (Driver E)/Vta13/V-vta13.csv,time_of_day_s,True,s,404,0,43606.9,43647.2,40.299999999995634,estimated,True,0,0,0,0,0.09999999999998917,0.09999999999854481,2.9022269387439198e-12,0.09999999999854481,0.10000000000582077,0.10000000000582077,10.00000000014552,exact,stable,2.9022269387442343e-11,False,VERIFIED_FROM_FILE,
Synchronised V abd S datasets/Categorised IOVNB Dataset/Vta (Driver E)/Vta14/S-Vta14.csv,time_since_start_ms,False,s,2885,0,1298.612,1587.012,288.39999999999986,estimated,True,0,0,0,0,0.09999999999999995,0.09999999999990905,0.0006363906545419011,0.09600000000000364,0.10500000000001819,0.10200000000008913,10.000000000009095,exact,stable,0.006363906545419014,False,VERIFIED_FROM_FILE,
Synchronised V abd S datasets/Categorised IOVNB Dataset/Vta (Driver E)/Vta14/V-vta14.csv,time_of_day_s,True,s,2885,0,43651.8,43940.2,288.3999999999942,estimated,True,0,0,0,0,0.09999999999999798,0.09999999999854481,2.9088682295169006e-12,0.09999999999854481,0.10000000000582077,0.10000000000582077,10.00000000014552,exact,stable,2.9088682295169593e-11,False,VERIFIED_FROM_FILE,
Synchronised V abd S datasets/Categorised IOVNB Dataset/Vta (Driver E)/Vta15/S-Vta15.csv,time_since_start_ms,False,s,833,0,1597.912,1681.112,83.20000000000005,estimated,True,0,0,0,0,0.10000000000000006,0.09999999999990905,0.0008406728074789336,0.09000000000014552,0.10999999999989996,0.10200000000008913,10.000000000009095,exact,stable,0.008406728074789331,False,VERIFIED_FROM_FILE,
Synchronised V abd S datasets/Categorised IOVNB Dataset/Vta (Driver E)/Vta15/V-vta15.csv,time_of_day_s,True,s,833,0,43948.8,44032.0,83.19999999999709,estimated,True,0,0,0,0,0.09999999999999651,0.09999999999854481,2.907756215622477e-12,0.09999999999854481,0.10000000000582077,0.10000000000582077,10.00000000014552,exact,stable,2.9077562156225786e-11,False,VERIFIED_FROM_FILE,
Synchronised V abd S datasets/Categorised IOVNB Dataset/Vta (Driver E)/Vta16/S-Vta16.csv,time_since_start_ms,False,s,11335,0,1686.8120000000001,2820.212,1133.3999999999999,estimated,True,0,0,0,0,0.09999999999999999,0.09999999999990905,0.0006473739217187765,0.09000000000014552,0.10999999999989996,0.10199999999986176,10.000000000009095,exact,stable,0.006473739217187766,False,VERIFIED_FROM_FILE,
Synchronised V abd S datasets/Categorised IOVNB Dataset/Vta (Driver E)/Vta16/V-vta16.csv,time_of_day_s,True,s,11335,0,44038.9,45172.3,1133.4000000000015,estimated,True,0,0,0,0,0.10000000000000013,0.09999999999854481,1.3283832590594987e-05,0.09900000000197906,0.10100000000238651,0.10000000000582077,10.00000000014552,exact,stable,0.0001328383259059497,False,VERIFIED_FROM_FILE,
Synchronised V abd S datasets/Categorised IOVNB Dataset/Vta (Driver E)/Vta17/S-Vta17.csv,time_since_start_ms,False,s,4519,0,2831.511,3284.497,452.9859999999999,estimated,True,0,0,0,0,0.10026250553342184,0.09999999999990905,0.01762333172974468,0.09300000000030195,1.2840000000001055,0.10100000000011278,10.000000000009095,exact,mostly_stable,0.17577190631716322,False,VERIFIED_FROM_FILE,
Synchronised V abd S datasets/Categorised IOVNB Dataset/Vta (Driver E)/Vta17/V-vta17.csv,time_of_day_s,True,s,4519,0,45184.9,45636.7,451.79999999999563,estimated,True,0,0,0,0,0.09999999999999903,0.09999999999854481,2.9096580980090555e-12,0.09999999999854481,0.10000000000582077,0.10000000000582077,10.00000000014552,exact,stable,2.9096580980090834e-11,False,VERIFIED_FROM_FILE,
Synchronised V abd S datasets/Categorised IOVNB Dataset/Vta (Driver E)/Vta19/S-Vta19.csv,time_since_start_ms,False,s,292,0,3303.496,3332.597,29.101000000000113,estimated,True,0,0,0,0,0.10000343642611723,0.09999999999990905,0.0007058824108324434,0.09699999999975262,0.10400000000026921,0.1020000000003165,10.000000000009095,exact,stable,0.007058581545384702,False,VERIFIED_FROM_FILE,
Synchronised V abd S datasets/Categorised IOVNB Dataset/Vta (Driver E)/Vta19/V-vta19.csv,time_of_day_s,True,s,292,0,45656.9,45686.0,29.099999999998545,estimated,True,0,0,0,0,0.099999999999995,0.09999999999854481,2.906625830737637e-12,0.09999999999854481,0.10000000000582077,0.10000000000582077,10.00000000014552,exact,stable,2.9066258307377825e-11,False,VERIFIED_FROM_FILE,
Synchronised V abd S datasets/Categorised IOVNB Dataset/Vta (Driver E)/Vta20/S-Vta20.csv,time_since_start_ms,False,s,3223,0,0.014,322.214,322.2,estimated,True,0,0,0,0,0.10000000000000002,0.09999999999999432,0.0006178595840064563,0.09499999999999886,0.10500000000000398,0.10199999999997544,10.000000000000568,exact,stable,0.006178595840064562,False,VERIFIED_FROM_FILE,
Synchronised V abd S datasets/Categorised IOVNB Dataset/Vta (Driver E)/Vta20/V-vta20.csv,time_of_day_s,True,s,3223,0,45715.0,46037.2,322.1999999999971,estimated,True,0,0,0,0,0.0999999999999991,0.09999999999854481,2.909705363142567e-12,0.09999999999854481,0.10000000000582077,0.10000000000582077,10.00000000014552,exact,stable,2.909705363142593e-11,False,VERIFIED_FROM_FILE,
Synchronised V abd S datasets/Categorised IOVNB Dataset/Vta (Driver E)/Vta21/S-Vta21.csv,time_since_start_ms,False,s,2079,0,310.314,518.114,207.8,estimated,True,0,0,0,0,0.1,0.10000000000002274,0.0005762378398905403,0.09600000000000364,0.10400000000004184,0.10099999999999909,9.999999999997726,exact,stable,0.005762378398905403,False,VERIFIED_FROM_FILE,
Synchronised V abd S datasets/Categorised IOVNB Dataset/Vta (Driver E)/Vta21/V-vta21.csv,time_of_day_s,True,s,2079,0,46043.7,46251.5,207.8000000000029,estimated,True,0,0,0,0,0.10000000000000141,0.09999999999854481,2.9114329462989144e-12,0.09999999999854481,0.10000000000582077,0.10000000000582077,10.00000000014552,exact,stable,2.911432946298873e-11,False,VERIFIED_FROM_FILE,
Synchronised V abd S datasets/Categorised IOVNB Dataset/Vta (Driver E)/Vta22/S-Vta22.csv,time_since_start_ms,False,s,1564,0,519.114,675.415,156.30099999999993,estimated,True,0,0,0,0,0.10000063979526547,0.10000000000002274,0.000590498103608361,0.09600000000000364,0.10400000000004184,0.10199999999997544,9.999999999997726,exact,stable,0.0059049432565362265,False,VERIFIED_FROM_FILE,
Synchronised V abd S datasets/Categorised IOVNB Dataset/Vta (Driver E)/Vta22/V-vta22.csv,time_of_day_s,True,s,1564,0,46257.0,46413.3,156.3000000000029,estimated,True,0,0,0,0,0.10000000000000187,0.09999999999854481,2.9117786523645697e-12,0.09999999999854481,0.10000000000582077,0.10000000000582077,10.00000000014552,exact,stable,2.9117786523645155e-11,False,VERIFIED_FROM_FILE,
Synchronised V abd S datasets/Categorised IOVNB Dataset/Vta (Driver E)/Vta23/S-Vta23.csv,time_since_start_ms,False,s,1110,0,678.315,789.215,110.89999999999998,estimated,True,0,0,0,0,0.09999999999999998,0.10000000000002274,0.0006454390164007024,0.09500000000002728,0.10400000000004184,0.10199999999997544,9.999999999997726,exact,stable,0.006454390164007026,False,VERIFIED_FROM_FILE,
Synchronised V abd S datasets/Categorised IOVNB Dataset/Vta (Driver E)/Vta23/V-vta23.csv,time_of_day_s,True,s,1110,0,46419.1,46530.0,110.90000000000146,estimated,True,0,0,0,0,0.10000000000000131,0.09999999999854481,2.911366707757723e-12,0.09999999999854481,0.10000000000582077,0.10000000000582077,10.00000000014552,exact,stable,2.911366707757685e-11,False,VERIFIED_FROM_FILE,
Synchronised V abd S datasets/Categorised IOVNB Dataset/Vta (Driver E)/Vta24/S-Vta24.csv,time_since_start_ms,False,s,1171,0,794.214,911.215,117.00099999999998,estimated,True,0,0,0,0,0.10000085470085468,0.10000000000002274,0.000668586431579755,0.09600000000000364,0.10400000000004184,0.10199999999997544,9.999999999997726,exact,stable,0.006685807172146507,False,VERIFIED_FROM_FILE,
Synchronised V abd S datasets/Categorised IOVNB Dataset/Vta (Driver E)/Vta24/V-vta24.csv,time_of_day_s,True,s,1171,0,46535.8,46652.8,117.0,estimated,True,0,0,0,0,0.1,0.09999999999854481,2.9103830456786644e-12,0.09999999999854481,0.10000000000582077,0.10000000000582077,10.00000000014552,exact,stable,2.910383045678664e-11,False,VERIFIED_FROM_FILE,
Synchronised V abd S datasets/Categorised IOVNB Dataset/Vta (Driver E)/Vta25/S-Vta25.csv,time_since_start_ms,False,s,646,0,914.616,979.114,64.49800000000005,estimated,True,0,0,0,0,0.09999689922480627,0.10000000000002274,0.0005623783912630726,0.09699999999997999,0.1029999999999518,0.10099999999999909,9.999999999997726,exact,stable,0.005623958298934565,False,VERIFIED_FROM_FILE,
Synchronised V abd S datasets/Categorised IOVNB Dataset/Vta (Driver E)/Vta25/V-vta25.csv,time_of_day_s,True,s,646,0,46657.6,46722.1,64.5,estimated,True,0,0,0,0,0.1,0.09999999999854481,2.9103830456786644e-12,0.09999999999854481,0.10000000000582077,0.10000000000582077,10.00000000014552,exact,stable,2.910383045678664e-11,False,VERIFIED_FROM_FILE,
Synchronised V abd S datasets/Categorised IOVNB Dataset/Vta (Driver E)/Vta26/S-Vta26.csv,time_since_start_ms,False,s,1935,0,987.214,1180.614,193.39999999999998,estimated,True,0,0,0,0,0.09999999999999999,0.09999999999990905,0.0005815146218444815,0.09600000000000364,0.10300000000006548,0.10100000000011278,10.000000000009095,exact,stable,0.005815146218444815,False,VERIFIED_FROM_FILE,
Synchronised V abd S datasets/Categorised IOVNB Dataset/Vta (Driver E)/Vta26/V-vta26.csv,time_of_day_s,True,s,1935,0,46727.6,46921.0,193.40000000000146,estimated,True,0,0,0,0,0.10000000000000075,0.09999999999854481,2.910947213090581e-12,0.09999999999854481,0.10000000000582077,0.10000000000582077,10.00000000014552,exact,stable,2.9109472130905586e-11,False,VERIFIED_FROM_FILE,
Synchronised V abd S datasets/Categorised IOVNB Dataset/Vta (Driver E)/Vta27/S-Vta27.csv,time_since_start_ms,False,s,2540,0,1187.914,1441.814,253.9000000000001,estimated,True,0,0,0,0,0.10000000000000003,0.09999999999990905,0.0005332578389420388,0.09600000000000364,0.10400000000004184,0.10100000000011278,10.000000000009095,exact,stable,0.005332578389420386,False,VERIFIED_FROM_FILE,
Synchronised V abd S datasets/Categorised IOVNB Dataset/Vta (Driver E)/Vta27/V-vta27.csv,time_of_day_s,True,s,2540,0,46956.8,47210.7,253.89999999999418,estimated,True,0,0,0,0,0.0999999999999977,0.09999999999854481,2.9086622269371854e-12,0.09999999999854481,0.10000000000582077,0.10000000000582077,10.00000000014552,exact,stable,2.908662226937252e-11,False,VERIFIED_FROM_FILE,
Synchronised V abd S datasets/Categorised IOVNB Dataset/Vta (Driver E)/Vta28/S-Vta28.csv,time_since_start_ms,False,s,4210,0,1473.214,1894.114,420.9000000000001,estimated,True,0,0,0,0,0.10000000000000002,0.09999999999990905,0.0005820634108166454,0.0929999999998472,0.1069999999999709,0.10100000000011278,10.000000000009095,exact,stable,0.005820634108166453,False,VERIFIED_FROM_FILE,
Synchronised V abd S datasets/Categorised IOVNB Dataset/Vta (Driver E)/Vta28/V-vta28.csv,time_of_day_s,True,s,4210,0,47216.3,47637.2,420.8999999999942,estimated,True,0,0,0,0,0.09999999999999862,0.09999999999854481,2.9093453321613937e-12,0.09999999999854481,0.10000000000582077,0.10000000000582077,10.00000000014552,exact,stable,2.909345332161434e-11,False,VERIFIED_FROM_FILE,
Synchronised V abd S datasets/Categorised IOVNB Dataset/Vta (Driver E)/Vta29/S-Vta29.csv,time_since_start_ms,False,s,23705,0,0.015,2369.793,2369.7780000000002,estimated,False,0,4,4,0,0.09999063291139242,0.09999999999999432,0.0011217812934407885,0.0009999999999763531,0.11099999999999,0.10199999999986176,10.000000000000568,exact,stable,0.01121886381532223,False,VERIFIED_FROM_FILE,
Synchronised V abd S datasets/Categorised IOVNB Dataset/Vta (Driver E)/Vta29/V-vta29.csv,time_of_day_s,True,s,23705,0,48446.2,50816.6,2370.4000000000015,estimated,True,0,0,0,0,0.10000000000000006,0.09999999999854481,9.185529127931082e-06,0.09900000000197906,0.10100000000238651,0.10000000000582077,10.00000000014552,exact,stable,9.185529127931076e-05,False,VERIFIED_FROM_FILE,
Synchronised V abd S datasets/Categorised IOVNB Dataset/Vta (Driver E)/Vta30/S-Vta30.csv,time_since_start_ms,False,s,17136,0,2383.093,4096.593,1713.5,estimated,True,0,0,0,0,0.1,0.09999999999990905,0.0007316274115907559,0.0660000000002583,0.13400000000001455,0.10100000000011278,10.000000000009095,exact,stable,0.007316274115907559,False,VERIFIED_FROM_FILE,
Synchronised V abd S datasets/Categorised IOVNB Dataset/Vta (Driver E)/Vta30/V-vta30.csv,time_of_day_s,True,s,17136,0,50821.6,52535.1,1713.5,estimated,True,0,0,0,0,0.1,0.09999999999854481,2.9103830456786644e-12,0.09999999999854481,0.10000000000582077,0.10000000000582077,10.00000000014552,exact,stable,2.910383045678664e-11,False,VERIFIED_FROM_FILE,
Synchronised V abd S datasets/Categorised IOVNB Dataset/Vtb (Driver E)/Vtb01/S-Vtb1.csv,time_since_start_ms,False,s,32459,0,0.029,3245.828,3245.799,estimated,False,0,5456,5456,0,0.1202058736389897,0.09999999999990905,4.024250336301483,0.0009999999999763531,661.3760000000001,0.10100000000011278,10.000000000009095,exact,severely_irregular,33.47798418226534,False,VERIFIED_FROM_FILE,
Synchronised V abd S datasets/Categorised IOVNB Dataset/Vtb (Driver E)/Vtb01/V-vtb1.csv,time_of_day_s,True,s,32459,0,53857.8,57103.6,3245.7999999999956,estimated,True,0,0,0,0,0.09999999999999987,0.09999999999854481,7.849719173107635e-06,0.09900000000197906,0.10100000000238651,0.10000000000582077,10.00000000014552,exact,stable,7.849719173107645e-05,False,VERIFIED_FROM_FILE,
Synchronised V abd S datasets/Categorised IOVNB Dataset/Vtb (Driver E)/Vtb02/S-Vtb2.csv,time_since_start_ms,False,s,5712,0,0.014,571.114,571.1,estimated,True,0,0,0,0,0.1,0.10000000000000142,0.0006498791019387002,0.09399999999993724,0.10700000000008458,0.10199999999997544,9.999999999999858,exact,stable,0.006498791019387002,False,VERIFIED_FROM_FILE,
Synchronised V abd S datasets/Categorised IOVNB Dataset/Vtb (Driver E)/Vtb02/V-vtb2.csv,time_of_day_s,True,s,5712,0,57981.4,58552.5,571.0999999999985,estimated,False,0,1,1,0,0.10001751313485088,0.09999999999854481,0.0013232561260465,0.09999999999854481,0.19999999999708962,0.10000000000582077,10.00000000014552,exact,stable,0.013230244229951907,False,VERIFIED_FROM_FILE,
Synchronised V abd S datasets/Categorised IOVNB Dataset/Vtb (Driver E)/Vtb03/S-Vtb3.csv,time_since_start_ms,False,s,8240,0,581.214,1405.114,823.9,estimated,True,0,0,0,0,0.09999999999999999,0.10000000000002274,0.0006602842113191995,0.09500000000002728,0.10599999999999454,0.10199999999986176,9.999999999997726,exact,stable,0.006602842113191995,False,VERIFIED_FROM_FILE,
Synchronised V abd S datasets/Categorised IOVNB Dataset/Vtb (Driver E)/Vtb03/V-vtb3.csv,time_of_day_s,True,s,8240,0,58563.1,59387.0,823.9000000000015,estimated,True,0,0,0,0,0.10000000000000017,0.09999999999854481,2.9105155040641102e-12,0.09999999999854481,0.10000000000582077,0.10000000000582077,10.00000000014552,exact,stable,2.910515504064105e-11,False,VERIFIED_FROM_FILE,
Synchronised V abd S datasets/Categorised IOVNB Dataset/Vtb (Driver E)/Vtb04/S-Vtb4.csv,time_since_start_ms,False,s,556,0,1417.914,1473.414,55.5,estimated,True,0,0,0,0,0.1,0.09999999999990905,0.0005631315273711161,0.09799999999995634,0.10200000000008913,0.10100000000011278,10.000000000009095,exact,stable,0.005631315273711161,False,VERIFIED_FROM_FILE,
Synchronised V abd S datasets/Categorised IOVNB Dataset/Vtb (Driver E)/Vtb04/V-vtb4.csv,time_of_day_s,True,s,556,0,59398.8,59454.3,55.5,estimated,True,0,0,0,0,0.1,0.09999999999854481,2.9103830456786644e-12,0.09999999999854481,0.10000000000582077,0.10000000000582077,10.00000000014552,exact,stable,2.910383045678664e-11,False,VERIFIED_FROM_FILE,
Synchronised V abd S datasets/Categorised IOVNB Dataset/Vtb (Driver E)/Vtb05/S-Vtb5.csv,time_since_start_ms,False,s,64388,0,1472.613,7911.314,6438.701,estimated,True,0,0,0,0,0.10000001553108546,0.09999999999990905,0.0008643267564102214,0.07999999999992724,0.11900000000014188,0.10199999999986176,10.000000000009095,exact,stable,0.00864326622170915,False,VERIFIED_FROM_FILE,
Synchronised V abd S datasets/Categorised IOVNB Dataset/Vtb (Driver E)/Vtb05/V-vtb5.csv,time_of_day_s,True,s,64388,0,59481.4,65920.1,6438.700000000004,estimated,True,0,0,0,0,0.10000000000000006,0.09999999999854481,5.573344682306492e-06,0.09900000000197906,0.10100000000238651,0.10000000000582077,10.00000000014552,exact,stable,5.5733446823064886e-05,False,VERIFIED_FROM_FILE,
Synchronised V abd S datasets/Categorised IOVNB Dataset/Vtb (Driver E)/Vtb06/S-Vtb6.csv,time_since_start_ms,False,s,498,0,7944.914,7994.6140000000005,49.70000000000073,estimated,True,0,0,0,0,0.10000000000000146,0.1000000000003638,0.001166259390450778,0.08799999999973807,0.11200000000008004,0.10199999999986176,9.99999999996362,exact,stable,0.01166259390450761,False,VERIFIED_FROM_FILE,
Synchronised V abd S datasets/Categorised IOVNB Dataset/Vtb (Driver E)/Vtb06/V-vtb6.csv,time_of_day_s,True,s,498,0,65926.9,65976.6,49.70000000001164,estimated,True,0,0,0,0,0.10000000000002342,0.10000000000582077,7.124131982508725e-12,0.09999999999126885,0.10000000000582077,0.10000000000582077,9.999999999417923,exact,stable,7.124131982507056e-11,False,VERIFIED_FROM_FILE,
Synchronised V abd S datasets/Categorised IOVNB Dataset/Vtb (Driver E)/Vtb07/S-Vtb7.csv,time_since_start_ms,False,s,461,0,7998.9130000000005,8044.914,46.000999999999294,estimated,True,0,0,0,0,0.10000217391304195,0.1000000000003638,0.0007024767149111802,0.09599999999954889,0.10300000000006548,0.10199999999986176,9.99999999996362,exact,stable,0.007024614440102342,False,VERIFIED_FROM_FILE,
Synchronised V abd S datasets/Categorised IOVNB Dataset/Vtb (Driver E)/Vtb07/V-vtb7.csv,time_of_day_s,True,s,461,0,65981.2,66027.2,46.0,estimated,True,0,0,0,0,0.1,0.10000000000582077,7.128953417949148e-12,0.09999999999126885,0.10000000000582077,0.10000000000582077,9.999999999417923,exact,stable,7.128953417949147e-11,False,VERIFIED_FROM_FILE,
Synchronised V abd S datasets/Categorised IOVNB Dataset/Vtb (Driver E)/Vtb08/S-Vtb8.csv,time_since_start_ms,False,s,668,0,8052.914,8119.6140000000005,66.70000000000073,estimated,True,0,0,0,0,0.10000000000000109,0.1000000000003638,0.0009276689685508391,0.09399999999914144,0.10500000000047294,0.10300000000006548,9.99999999996362,exact,stable,0.00927668968550829,False,VERIFIED_FROM_FILE,
Synchronised V abd S datasets/Categorised IOVNB Dataset/Vtb (Driver E)/Vtb08/V-vtb8.csv,time_of_day_s,True,s,668,0,66035.0,66101.7,66.69999999999709,estimated,True,0,0,0,0,0.09999999999999563,0.10000000000582077,7.129842700979013e-12,0.09999999999126885,0.10000000000582077,0.10000000000582077,9.999999999417923,exact,stable,7.129842700979324e-11,False,VERIFIED_FROM_FILE,
Synchronised V abd S datasets/Categorised IOVNB Dataset/Vtb (Driver E)/Vtb09/S-Vtb9.csv,time_since_start_ms,False,s,452,0,8124.915,8170.014,45.09900000000016,estimated,True,0,0,0,0,0.09999778270510014,0.1000000000003638,0.0006936483813636518,0.09699999999975262,0.10300000000006548,0.10199999999986176,9.99999999996362,exact,stable,0.006936637619348673,False,VERIFIED_FROM_FILE,
Synchronised V abd S datasets/Categorised IOVNB Dataset/Vtb (Driver E)/Vtb09/V-vtb9.csv,time_of_day_s,True,s,452,0,66107.0,66152.1,45.10000000000582,estimated,True,0,0,0,0,0.10000000000001291,0.10000000000582077,7.126306745054184e-12,0.09999999999126885,0.10000000000582077,0.10000000000582077,9.999999999417923,exact,stable,7.126306745053263e-11,False,VERIFIED_FROM_FILE,
Synchronised V abd S datasets/Categorised IOVNB Dataset/Vtb (Driver E)/Vtb10/S-Vtb10.csv,time_since_start_ms,False,s,196,0,8176.9130000000005,8196.413,19.5,estimated,True,0,0,0,0,0.1,0.1000000000003638,0.000865284894516179,0.09500000000116415,0.10499999999956344,0.1021199999998862,9.99999999996362,exact,stable,0.00865284894516179,False,VERIFIED_FROM_FILE,
Synchronised V abd S datasets/Categorised IOVNB Dataset/Vtb (Driver E)/Vtb10/V-vtb10.csv,time_of_day_s,True,s,195,0,66156.9,66176.3,19.40000000000873,estimated,True,0,0,0,0,0.10000000000004501,0.10000000000582077,7.119618446642111e-12,0.09999999999126885,0.10000000000582077,0.10000000000582077,9.999999999417923,exact,stable,7.119618446638907e-11,False,VERIFIED_FROM_FILE,
Synchronised V abd S datasets/Categorised IOVNB Dataset/Vtb (Driver E)/Vtb11/S-Vtb11.csv,time_since_start_ms,False,s,361,0,8205.914,8241.914,36.0,estimated,True,0,0,0,0,0.1,0.1000000000003638,0.0008498365856886943,0.09600000000136788,0.10300000000097498,0.10299999999915599,9.99999999996362,exact,stable,0.008498365856886942,False,VERIFIED_FROM_FILE,
Synchronised V abd S datasets/Categorised IOVNB Dataset/Vtb (Driver E)/Vtb11/V-vtb11.csv,time_of_day_s,True,s,361,0,66188.0,66224.0,36.0,estimated,True,0,0,0,0,0.1,0.10000000000582077,7.128953417949148e-12,0.09999999999126885,0.10000000000582077,0.10000000000582077,9.999999999417923,exact,stable,7.128953417949147e-11,False,VERIFIED_FROM_FILE,
Synchronised V abd S datasets/Categorised IOVNB Dataset/Vtb (Driver E)/Vtb12/S-Vtb12.csv,time_since_start_ms,False,s,447,0,8251.013,8295.614,44.60099999999875,estimated,True,0,0,0,0,0.10000224215246356,0.1000000000003638,0.0007071032264872979,0.09699999999975262,0.10300000000097498,0.10200000000077125,9.99999999996362,exact,stable,0.007070873725103556,False,VERIFIED_FROM_FILE,
Synchronised V abd S datasets/Categorised IOVNB Dataset/Vtb (Driver E)/Vtb12/V-vtb12.csv,time_of_day_s,True,s,447,0,66233.1,66277.7,44.59999999999127,estimated,True,0,0,0,0,0.09999999999998042,0.10000000000582077,7.1329214844700115e-12,0.09999999999126885,0.10000000000582077,0.10000000000582077,9.999999999417923,exact,stable,7.132921484471408e-11,False,VERIFIED_FROM_FILE,
Synchronised V abd S datasets/Categorised IOVNB Dataset/Vw (Driver E)/Vw01/S-Vw1.csv,time_since_start_ms,False,s,20476,0,0.019,2047.519,2047.5,estimated,True,0,0,0,0,0.1,0.10000000000000142,0.0007956536388829012,0.08399999999983265,0.1150000000000091,0.10100000000011278,9.999999999999858,exact,stable,0.007956536388829013,False,VERIFIED_FROM_FILE,
Synchronised V abd S datasets/Categorised IOVNB Dataset/Vw (Driver E)/Vw01/V-Vw1.csv,time_of_day_s,True,s,20475,0,34575.4,36622.8,2047.4000000000015,estimated,True,0,0,0,0,0.10000000000000007,0.09999999999854481,2.910436350642183e-12,0.09999999999854481,0.10000000000582077,0.10000000000582077,10.00000000014552,exact,stable,2.910436350642181e-11,False,VERIFIED_FROM_FILE,
Synchronised V abd S datasets/Categorised IOVNB Dataset/Vw (Driver E)/Vw02/S-Vw2.csv,time_since_start_ms,False,s,52713,0,0.011,5271.21,5271.199,estimated,True,0,0,0,0,0.09999998102898772,0.09999999999990905,0.0007989953281039536,0.07699999999931606,0.12300000000050204,0.10199999999986176,10.000000000009095,exact,stable,0.007989954796814842,False,VERIFIED_FROM_FILE,
Synchronised V abd S datasets/Categorised IOVNB Dataset/Vw (Driver E)/Vw02/V-Vw2.csv,time_of_day_s,True,s,52712,0,36944.8,42215.9,5271.0999999999985,estimated,True,0,0,0,0,0.09999999999999998,0.09999999999854481,6.159768233484157e-06,0.0989999999947031,0.10100000000238651,0.10000000000582077,10.00000000014552,exact,stable,6.159768233484158e-05,False,VERIFIED_FROM_FILE,
Synchronised V abd S datasets/Categorised IOVNB Dataset/Vw (Driver E)/Vw03/S-Vw3.csv,time_since_start_ms,False,s,3861,0,5293.31,5679.311,386.0009999999993,estimated,True,0,0,0,0,0.10000025906735734,0.1000000000003638,0.0007423181274538567,0.09499999999934516,0.10500000000047294,0.10199999999986176,9.99999999996362,exact,stable,0.00742316204354883,False,VERIFIED_FROM_FILE,
Synchronised V abd S datasets/Categorised IOVNB Dataset/Vw (Driver E)/Vw03/V-Vw3.csv,time_of_day_s,True,s,3861,0,42240.0,42626.0,386.0,estimated,True,0,0,0,0,0.1,0.09999999999854481,2.9103830456786644e-12,0.09999999999854481,0.10000000000582077,0.10000000000582077,10.00000000014552,exact,stable,2.910383045678664e-11,False,VERIFIED_FROM_FILE,
Synchronised V abd S datasets/Categorised IOVNB Dataset/Vw (Driver E)/Vw04/S-Vw4.csv,time_since_start_ms,False,s,126526,0,3.41,12655.91,12652.5,estimated,True,0,0,0,0,0.1,0.1000000000003638,0.0007813171132794281,0.07599999999911233,0.12399999999979627,0.10199999999986176,9.99999999996362,exact,stable,0.00781317113279428,False,VERIFIED_FROM_FILE,
Synchronised V abd S datasets/Categorised IOVNB Dataset/Vw (Driver E)/Vw04/V-Vw4.csv,time_of_day_s,True,s,126527,0,44126.7,56779.3,12652.600000000006,estimated,True,0,0,0,0,0.10000000000000005,0.09999999999854481,5.622637761050504e-06,0.09900000000197906,0.10099999999511056,0.10000000000582077,10.00000000014552,exact,stable,5.622637761050501e-05,False,VERIFIED_FROM_FILE,
Synchronised V abd S datasets/Categorised IOVNB Dataset/Vw (Driver E)/Vw05/S-Vw5.csv,time_since_start_ms,False,s,1012,0,12673.309000000001,12774.41,101.10099999999875,estimated,True,0,0,0,0,0.10000098911968225,0.1000000000003638,0.000702545189743386,0.09799999999995634,0.10299999999915599,0.10199999999895226,9.99999999996362,exact,stable,0.007025382407993709,False,VERIFIED_FROM_FILE,
Synchronised V abd S datasets/Categorised IOVNB Dataset/Vw (Driver E)/Vw05/V-Vw5.csv,time_of_day_s,True,s,1012,0,56794.1,56895.2,101.09999999999854,estimated,True,0,0,0,0,0.09999999999999856,0.09999999999854481,2.9093029704015635e-12,0.09999999999854481,0.10000000000582077,0.10000000000582077,10.00000000014552,exact,stable,2.9093029704016053e-11,False,VERIFIED_FROM_FILE,
Synchronised V abd S datasets/Categorised IOVNB Dataset/Vw (Driver E)/Vw06/S-Vw6.csv,time_since_start_ms,False,s,1281,0,12779.31,12907.31,128.0,estimated,True,0,0,0,0,0.1,0.1000000000003638,0.0006696547617443798,0.09699999999975262,0.10300000000097498,0.10199999999895226,9.99999999996362,exact,stable,0.006696547617443798,False,VERIFIED_FROM_FILE,
Synchronised V abd S datasets/Categorised IOVNB Dataset/Vw (Driver E)/Vw06/V-Vw6.csv,time_of_day_s,True,s,1281,0,56904.2,57032.2,128.0,estimated,True,0,0,0,0,0.1,0.09999999999854481,2.9103830456786644e-12,0.09999999999854481,0.10000000000582077,0.10000000000582077,10.00000000014552,exact,stable,2.910383045678664e-11,False,VERIFIED_FROM_FILE,
Synchronised V abd S datasets/Categorised IOVNB Dataset/Vw (Driver E)/Vw07/S-Vw7.csv,time_since_start_ms,False,s,1602,0,13185.41,13345.509,160.09900000000016,estimated,True,0,0,0,0,0.09999937539038112,0.1000000000003638,0.0007126059430245801,0.09399999999914144,0.10599999999976717,0.10199999999895226,9.99999999996362,exact,stable,0.007126103940576466,False,VERIFIED_FROM_FILE,
Synchronised V abd S datasets/Categorised IOVNB Dataset/Vw (Driver E)/Vw07/V-Vw7.csv,time_of_day_s,True,s,1602,0,57476.8,57636.9,160.09999999999854,estimated,True,0,0,0,0,0.09999999999999909,0.09999999999854481,2.9097011288874854e-12,0.09999999999854481,0.10000000000582077,0.10000000000582077,10.00000000014552,exact,stable,2.9097011288875117e-11,False,VERIFIED_FROM_FILE,
Synchronised V abd S datasets/Categorised IOVNB Dataset/Vw (Driver E)/Vw08/S-Vw8.csv,time_since_start_ms,False,s,1529,0,13365.41,13518.210000000001,152.8000000000011,estimated,True,0,0,0,0,0.10000000000000071,0.1000000000003638,0.0007423254814019402,0.09499999999934516,0.10499999999956344,0.10199999999895226,9.99999999996362,exact,stable,0.007423254814019349,False,VERIFIED_FROM_FILE,
Synchronised V abd S datasets/Categorised IOVNB Dataset/Vw (Driver E)/Vw08/V-Vw8.csv,time_of_day_s,True,s,1529,0,57650.0,57802.8,152.8000000000029,estimated,True,0,0,0,0,0.1000000000000019,0.09999999999854481,2.91181059800818e-12,0.09999999999854481,0.10000000000582077,0.10000000000582077,10.00000000014552,exact,stable,2.911810598008124e-11,False,VERIFIED_FROM_FILE,
Synchronised V abd S datasets/Categorised IOVNB Dataset/Vw (Driver E)/Vw09/S-Vw9.csv,time_since_start_ms,False,s,552,0,13716.809000000001,13771.91,55.10099999999875,estimated,True,0,0,0,0,0.1000018148820304,0.1000000000003638,0.0006934986984466288,0.09699999999975262,0.10299999999915599,0.10199999999895226,9.99999999996362,exact,stable,0.006934861124917899,False,VERIFIED_FROM_FILE,
Synchronised V abd S datasets/Categorised IOVNB Dataset/Vw (Driver E)/Vw09/V-Vw9.csv,time_of_day_s,True,s,553,0,57839.9,57895.1,55.19999999999709,estimated,True,0,0,0,0,0.09999999999999473,0.09999999999854481,2.906421248607749e-12,0.09999999999854481,0.10000000000582077,0.10000000000582077,10.00000000014552,exact,stable,2.9064212486079022e-11,False,VERIFIED_FROM_FILE,
Synchronised V abd S datasets/Categorised IOVNB Dataset/Vw (Driver E)/Vw10/S-Vw10.csv,time_since_start_ms,False,s,652,0,13938.31,14003.41,65.10000000000036,estimated,True,0,0,0,0,0.10000000000000056,0.1000000000003638,0.000681103288533593,0.09699999999975262,0.10299999999915599,0.10199999999895226,9.99999999996362,exact,stable,0.006811032885335892,False,VERIFIED_FROM_FILE,
Synchronised V abd S datasets/Categorised IOVNB Dataset/Vw (Driver E)/Vw10/V-Vw10.csv,time_of_day_s,True,s,652,0,58062.4,58127.5,65.09999999999854,estimated,True,0,0,0,0,0.09999999999999777,0.09999999999854481,2.908705215701633e-12,0.09999999999854481,0.10000000000582077,0.10000000000582077,10.00000000014552,exact,stable,2.908705215701698e-11,False,VERIFIED_FROM_FILE,
Synchronised V abd S datasets/Categorised IOVNB Dataset/Vw (Driver E)/Vw11/S-Vw11.csv,time_since_start_ms,False,s,4909,0,14011.91,14502.710000000001,490.8000000000011,estimated,True,0,0,0,0,0.10000000000000023,0.1000000000003638,0.0007802576214755139,0.09100000000034925,0.10899999999855936,0.10199999999895226,9.99999999996362,exact,stable,0.007802576214755121,False,VERIFIED_FROM_FILE,
Synchronised V abd S datasets/Categorised IOVNB Dataset/Vw (Driver E)/Vw11/V-Vw11.csv,time_of_day_s,True,s,4909,0,58134.0,58624.8,490.8000000000029,estimated,True,0,0,0,0,0.10000000000000059,0.09999999999854481,2.910827691985735e-12,0.09999999999854481,0.10000000000582077,0.10000000000582077,10.00000000014552,exact,stable,2.9108276919857176e-11,False,VERIFIED_FROM_FILE,
Synchronised V abd S datasets/Categorised IOVNB Dataset/Vw (Driver E)/Vw12/S-Vw12.csv,time_since_start_ms,False,s,918,0,0.005,91.705,91.7,estimated,True,0,0,0,0,0.09999999999999999,0.10000000000000142,0.0006554860342617754,0.09699999999999998,0.10399999999999987,0.1010000000000062,9.999999999999858,exact,stable,0.0065548603426177545,False,VERIFIED_FROM_FILE,
Synchronised V abd S datasets/Categorised IOVNB Dataset/Vw (Driver E)/Vw12/V-Vw12.csv,time_of_day_s,True,s,918,0,58636.2,58727.9,91.70000000000437,estimated,True,0,0,0,0,0.10000000000000477,0.09999999999854481,2.9139475045598577e-12,0.09999999999854481,0.10000000000582077,0.10000000000582077,10.00000000014552,exact,stable,2.913947504559719e-11,False,VERIFIED_FROM_FILE,
Synchronised V abd S datasets/Categorised IOVNB Dataset/Vw (Driver E)/Vw13/S-Vw13.csv,time_since_start_ms,False,s,284,0,0.41000000000000003,28.71,28.3,estimated,True,0,0,0,0,0.1,0.09999999999999964,0.0007280352571744978,0.09799999999999898,0.10200000000000031,0.10200000000000031,10.000000000000036,exact,stable,0.007280352571744977,False,VERIFIED_FROM_FILE,
Synchronised V abd S datasets/Categorised IOVNB Dataset/Vw (Driver E)/Vw13/V-Vw13.csv,time_of_day_s,True,s,284,0,58825.1,58853.4,28.30000000000291,estimated,True,0,0,0,0,0.10000000000001029,0.09999999999854481,2.918067759727747e-12,0.09999999999854481,0.10000000000582077,0.10000000000582077,10.00000000014552,exact,stable,2.9180677597274466e-11,False,VERIFIED_FROM_FILE,
Synchronised V abd S datasets/Categorised IOVNB Dataset/Vw (Driver E)/Vw14a/S-Vw14a.csv,time_since_start_ms,False,s,3138,0,0.008,313.708,313.70000000000005,estimated,True,0,0,0,0,0.10000000000000002,0.09999999999999432,0.0007549644429828971,0.09499999999999886,0.10599999999999454,0.10199999999997544,10.000000000000568,exact,stable,0.00754964442982897,False,VERIFIED_FROM_FILE,
Synchronised V abd S datasets/Categorised IOVNB Dataset/Vw (Driver E)/Vw14a/V-Vw14a.csv,time_of_day_s,True,s,3138,0,58870.1,59183.8,313.70000000000437,estimated,True,0,0,0,0,0.1000000000000014,0.09999999999854481,2.9114262559648383e-12,0.09999999999854481,0.10000000000582077,0.10000000000582077,10.00000000014552,exact,stable,2.911426255964798e-11,False,VERIFIED_FROM_FILE,
Synchronised V abd S datasets/Categorised IOVNB Dataset/Vw (Driver E)/Vw14b/S-Vw14b.csv,time_since_start_ms,False,s,19588,0,314.007,2272.708,1958.701,estimated,True,0,0,0,0,0.10000005105427069,0.10000000000002274,0.000755064923163199,0.09100000000000819,0.10900000000003729,0.10199999999987767,9.999999999997726,exact,stable,0.007550645376705061,False,VERIFIED_FROM_FILE,
Synchronised V abd S datasets/Categorised IOVNB Dataset/Vw (Driver E)/Vw14b/V-Vw14b.csv,time_of_day_s,True,s,19588,0,59185.1,61143.8,1958.7000000000044,estimated,True,0,0,0,0,0.10000000000000023,0.09999999999854481,1.0104877073876847e-05,0.09900000000197906,0.10099999999511056,0.10000000000582077,10.00000000014552,exact,stable,0.00010104877073876824,False,VERIFIED_FROM_FILE,
Synchronised V abd S datasets/Categorised IOVNB Dataset/Vw (Driver E)/Vw14c/S-Vw14c.csv,time_since_start_ms,False,s,15826,0,2274.0080000000003,3856.5080000000003,1582.5,estimated,True,0,0,0,0,0.1,0.09999999999990905,0.0007551403623403351,0.08800000000019281,0.11200000000008004,0.10199999999986176,10.000000000009095,exact,stable,0.007551403623403351,False,VERIFIED_FROM_FILE,
Synchronised V abd S datasets/Categorised IOVNB Dataset/Vw (Driver E)/Vw14c/V-Vw14c.csv,time_of_day_s,True,s,15826,0,61147.0,62729.5,1582.5,estimated,True,0,0,0,0,0.1,0.09999999999854481,2.9103830456786644e-12,0.09999999999854481,0.10000000000582077,0.10000000000582077,10.00000000014552,exact,stable,2.910383045678664e-11,False,VERIFIED_FROM_FILE,
Synchronised V abd S datasets/Categorised IOVNB Dataset/Vw (Driver E)/Vw15/S-Vw15.csv,time_since_start_ms,False,s,1380,0,0.012,137.912,137.9,estimated,True,0,0,0,0,0.1,0.09999999999999998,0.0006211173818453857,0.09700000000000131,0.10200000000000387,0.1010000000000133,10.000000000000002,exact,stable,0.006211173818453857,False,VERIFIED_FROM_FILE,
Synchronised V abd S datasets/Categorised IOVNB Dataset/Vw (Driver E)/Vw15/V-Vw15.csv,time_of_day_s,True,s,1391,0,62986.9,63125.9,139.0,estimated,True,0,0,0,0,0.1,0.09999999999854481,2.9103830456786644e-12,0.09999999999854481,0.10000000000582077,0.10000000000582077,10.00000000014552,exact,stable,2.910383045678664e-11,False,VERIFIED_FROM_FILE,
Synchronised V abd S datasets/Categorised IOVNB Dataset/Vw (Driver E)/Vw16a/S-Vw16a.csv,time_since_start_ms,False,s,5879,0,0.01,587.809,587.799,estimated,True,0,0,0,0,0.09999982987410684,0.10000000000000142,0.0007164284965886288,0.09499999999997044,0.10500000000001819,0.10199999999997544,9.999999999999858,exact,stable,0.00716429715421081,False,VERIFIED_FROM_FILE,
Synchronised V abd S datasets/Categorised IOVNB Dataset/Vw (Driver E)/Vw16a/V-Vw16a.csv,time_of_day_s,True,s,5879,0,63143.8,63731.6,587.7999999999956,estimated,True,0,0,0,0,0.09999999999999926,0.09999999999854481,2.9098258746219857e-12,0.09999999999854481,0.10000000000582077,0.10000000000582077,10.00000000014552,exact,stable,2.9098258746220072e-11,False,VERIFIED_FROM_FILE,
Synchronised V abd S datasets/Categorised IOVNB Dataset/Vw (Driver E)/Vw16b/S-Vw16b.csv,time_since_start_ms,False,s,1126,0,602.409,714.91,112.50099999999998,estimated,True,0,0,0,0,0.10000088888888886,0.10000000000002274,0.0007099290174918904,0.09799999999995634,0.1029999999999518,0.10199999999997544,9.999999999997726,exact,stable,0.007099227070678278,False,VERIFIED_FROM_FILE,
Synchronised V abd S datasets/Categorised IOVNB Dataset/Vw (Driver E)/Vw16b/V-Vw16b.csv,time_of_day_s,True,s,1126,0,63736.2,63848.7,112.5,estimated,True,0,0,0,0,0.1,0.09999999999854481,2.9103830456786644e-12,0.09999999999854481,0.10000000000582077,0.10000000000582077,10.00000000014552,exact,stable,2.910383045678664e-11,False,VERIFIED_FROM_FILE,
Synchronised V abd S datasets/Categorised IOVNB Dataset/Vw (Driver E)/Vw17/S-Vw17.csv,time_since_start_ms,False,s,329,0,721.109,753.91,32.80099999999993,estimated,True,0,0,0,0,0.10000304878048759,0.10000000000002274,0.0007428458610164141,0.09699999999997999,0.1029999999999518,0.10172999999998185,9.999999999997726,exact,stable,0.007428232139672094,False,VERIFIED_FROM_FILE,
Synchronised V abd S datasets/Categorised IOVNB Dataset/Vw (Driver E)/Vw17/V-Vw17.csv,time_of_day_s,True,s,329,0,63853.1,63885.9,32.80000000000291,estimated,True,0,0,0,0,0.10000000000000887,0.09999999999854481,2.917016798568932e-12,0.09999999999854481,0.10000000000582077,0.10000000000582077,10.00000000014552,exact,stable,2.917016798568673e-11,False,VERIFIED_FROM_FILE,
Synchronised V abd S datasets/Categorised IOVNB Dataset/Y (Driver D)/Y1/S-Y1.csv,time_since_start_ms,False,s,70285,0,0.048,6690.809,6690.761,estimated,False,3,1,0,3,0.09999850599735348,0.09999999999999432,0.0008752597553369889,0.0010000000002037268,0.11200000000008004,0.10199999999986176,10.000000000000568,exact,stable,0.008752728319362623,False,VERIFIED_FROM_FILE,
Synchronised V abd S datasets/Categorised IOVNB Dataset/Y (Driver D)/Y1/V-Y1.csv,time_of_day_s,True,s,70285,0,61959.9,69626.7,7666.799999999996,estimated,True,0,0,0,0,0.10908314836947236,0.09999999999854481,1.7379865677769202,0.09900000001653098,384.6000000000058,0.10000000000582077,10.00000000014552,exact,severely_irregular,15.932676987743665,False,VERIFIED_FROM_FILE,
Synchronised V abd S datasets/Uncategorised IOVNB Dataset/S-Dataset/S-M.csv,time_since_start_ms,False,s,105974,0,4.227,6175.975,6171.7480000000005,estimated,False,1,0,0,1,0.10001193711546447,0.09999999999990905,0.003968366473557808,0.0809999999999036,1.365000000000009,0.10199999999997544,10.000000000009095,exact,stable,0.03967892821610186,False,VERIFIED_FROM_FILE,
Synchronised V abd S datasets/Uncategorised IOVNB Dataset/S-Dataset/S-S1.csv,time_since_start_ms,False,s,51746,0,2.922,5177.421,5174.499000000001,estimated,True,0,0,0,0,0.0999999806744613,0.09999999999990905,0.0007646277014951554,0.08900000000039654,0.11099999999987631,0.10100000000056752,10.000000000009095,exact,stable,0.007646278492636063,False,VERIFIED_FROM_FILE,
Synchronised V abd S datasets/Uncategorised IOVNB Dataset/S-Dataset/S-S2.csv,time_since_start_ms,False,s,93876,0,0.011,9201.11,9201.099,estimated,False,1,291,0,1,0.10000000000000002,0.10000000000002274,0.0005868541640226512,0.08799999999973807,0.11200000000008004,0.10100000000056752,9.999999999997726,exact,stable,0.00586854164022651,False,VERIFIED_FROM_FILE,
Synchronised V abd S datasets/Uncategorised IOVNB Dataset/S-Dataset/S-S3a.csv,time_since_start_ms,False,s,24621,0,31.321,2493.321,2462.0,estimated,True,0,0,0,0,0.1,0.09999999999999432,0.0007830453578772541,0.08699999999998909,0.11199999999985266,0.10100000000011278,10.000000000000568,exact,stable,0.00783045357877254,False,VERIFIED_FROM_FILE,
Synchronised V abd S datasets/Uncategorised IOVNB Dataset/S-Dataset/S-S3b.csv,time_since_start_ms,False,s,6813,0,2503.32,476.908,-2026.4120000000003,estimated,False,1,0,0,1,0.09999999999999996,0.09999999999999432,0.0007916017857307495,0.09499999999979991,0.10500000000001819,0.10100000000011278,10.000000000000568,exact,stable,0.007916017857307498,False,VERIFIED_FROM_FILE,
Synchronised V abd S datasets/Uncategorised IOVNB Dataset/S-Dataset/S-S3c.csv,time_since_start_ms,False,s,37183,0,476.408,4194.607,3718.199,estimated,True,0,0,0,0,0.099999973105266,0.09999999999990905,0.0008548116913381289,0.08199999999987995,0.12100000000009459,0.10100000000056752,10.000000000009095,exact,stable,0.008548119212375214,False,VERIFIED_FROM_FILE,
Synchronised V abd S datasets/Uncategorised IOVNB Dataset/S-Dataset/S-S4.csv,time_since_start_ms,False,s,94600,0,8.429,363.209,354.78000000000003,estimated,False,2,1799,0,2,0.09999998942884024,0.09999999999990905,0.000861198001403049,0.08199999999999363,0.11700000000001864,0.10199999999986176,10.000000000009095,exact,stable,0.008611980924416751,False,VERIFIED_FROM_FILE,
Synchronised V abd S datasets/Uncategorised IOVNB Dataset/S-Dataset/S-Vfa01.csv,time_since_start_ms,False,s,11486,0,2.607,1151.107,1148.5,estimated,True,0,0,0,0,0.1,0.10000000000002274,0.0008482613014428688,0.08600000000001273,0.11299999999999955,0.10200000000008913,9.999999999997726,exact,stable,0.008482613014428687,False,VERIFIED_FROM_FILE,
Synchronised V abd S datasets/Uncategorised IOVNB Dataset/S-Dataset/S-Vfa02.csv,time_since_start_ms,False,s,67523,0,0.038,6752.2390000000005,6752.201000000001,estimated,True,0,0,0,0,0.10000001480998787,0.09999999999990905,0.000859756537429444,0.05899999999996908,0.1410000000000764,0.10199999999986176,10.000000000009095,exact,stable,0.00859756410099624,False,VERIFIED_FROM_FILE,
Synchronised V abd S datasets/Uncategorised IOVNB Dataset/S-Dataset/S-Vta10.csv,time_since_start_ms,False,s,1502,0,956.5120000000001,1106.612,150.10000000000002,estimated,True,0,0,0,0,0.10000000000000002,0.10000000000002274,0.0006867936684094969,0.0909999999998945,0.10900000000003729,0.10199999999986176,9.999999999997726,exact,stable,0.006867936684094968,False,VERIFIED_FROM_FILE,
Synchronised V abd S datasets/Uncategorised IOVNB Dataset/S-Dataset/S-Vta11.csv,time_since_start_ms,False,s,510,0,1118.512,1169.412,50.90000000000009,estimated,True,0,0,0,0,0.10000000000000017,0.09999999999990905,0.0005779171326261398,0.09699999999997999,0.10200000000008913,0.10199999999986176,10.000000000009095,exact,stable,0.005779171326261388,False,VERIFIED_FROM_FILE,
Synchronised V abd S datasets/Uncategorised IOVNB Dataset/S-Dataset/S-Vta12.csv,time_since_start_ms,False,s,610,0,1181.512,1242.412,60.90000000000009,estimated,True,0,0,0,0,0.10000000000000014,0.09999999999990905,0.0006225114661160281,0.09699999999997999,0.10299999999983811,0.10200000000008913,10.000000000009095,exact,stable,0.006225114661160272,False,VERIFIED_FROM_FILE,
Synchronised V abd S datasets/Uncategorised IOVNB Dataset/S-Dataset/S-Vta13.csv,time_since_start_ms,False,s,404,0,1253.411,1293.712,40.30099999999993,estimated,True,0,0,0,0,0.100002481389578,0.09999999999990905,0.0006437281275863538,0.09600000000000364,0.10399999999981446,0.1019799999998668,10.000000000009095,exact,stable,0.006437121545800378,False,VERIFIED_FROM_FILE,
Synchronised V abd S datasets/Uncategorised IOVNB Dataset/S-Dataset/S-Vta14.csv,time_since_start_ms,False,s,2885,0,1298.612,1587.012,288.39999999999986,estimated,True,0,0,0,0,0.09999999999999995,0.09999999999990905,0.0006363906545419011,0.09600000000000364,0.10500000000001819,0.10200000000008913,10.000000000009095,exact,stable,0.006363906545419014,False,VERIFIED_FROM_FILE,
Synchronised V abd S datasets/Uncategorised IOVNB Dataset/S-Dataset/S-Vta15.csv,time_since_start_ms,False,s,833,0,1597.912,1681.112,83.20000000000005,estimated,True,0,0,0,0,0.10000000000000006,0.09999999999990905,0.0008406728074789336,0.09000000000014552,0.10999999999989996,0.10200000000008913,10.000000000009095,exact,stable,0.008406728074789331,False,VERIFIED_FROM_FILE,
Synchronised V abd S datasets/Uncategorised IOVNB Dataset/S-Dataset/S-Vta16.csv,time_since_start_ms,False,s,11335,0,1686.8120000000001,2820.212,1133.3999999999999,estimated,True,0,0,0,0,0.09999999999999999,0.09999999999990905,0.0006473739217187765,0.09000000000014552,0.10999999999989996,0.10199999999986176,10.000000000009095,exact,stable,0.006473739217187766,False,VERIFIED_FROM_FILE,
Synchronised V abd S datasets/Uncategorised IOVNB Dataset/S-Dataset/S-Vta17.csv,time_since_start_ms,False,s,4519,0,2831.511,3284.497,452.9859999999999,estimated,True,0,0,0,0,0.10026250553342184,0.09999999999990905,0.01762333172974468,0.09300000000030195,1.2840000000001055,0.10100000000011278,10.000000000009095,exact,mostly_stable,0.17577190631716322,False,VERIFIED_FROM_FILE,
Synchronised V abd S datasets/Uncategorised IOVNB Dataset/S-Dataset/S-Vta19.csv,time_since_start_ms,False,s,292,0,3303.496,3332.597,29.101000000000113,estimated,True,0,0,0,0,0.10000343642611723,0.09999999999990905,0.0007058824108324434,0.09699999999975262,0.10400000000026921,0.1020000000003165,10.000000000009095,exact,stable,0.007058581545384702,False,VERIFIED_FROM_FILE,
Synchronised V abd S datasets/Uncategorised IOVNB Dataset/S-Dataset/S-Vta1a.csv,time_since_start_ms,False,s,25676,0,0.02,2567.5190000000002,2567.4990000000003,estimated,True,0,0,0,0,0.09999996105160663,0.09999999999999432,0.0007051624896069295,0.08799999999996544,0.11099999999999,0.10199999999999998,10.000000000000568,exact,stable,0.007051627642564968,False,VERIFIED_FROM_FILE,
Synchronised V abd S datasets/Uncategorised IOVNB Dataset/S-Dataset/S-Vta1b.csv,time_since_start_ms,False,s,954,0,2582.12,2677.42,95.30000000000018,estimated,True,0,0,0,0,0.10000000000000019,0.09999999999990905,0.0006060208578683719,0.09400000000005093,0.10599999999976717,0.10100000000011278,10.000000000009095,exact,stable,0.006060208578683708,False,VERIFIED_FROM_FILE,
Synchronised V abd S datasets/Uncategorised IOVNB Dataset/S-Dataset/S-Vta2.csv,time_since_start_ms,False,s,10991,0,2683.922,3782.92,1098.998,estimated,True,0,0,0,0,0.09999981801637853,0.09999999999990905,0.0006983667177389171,0.09000000000014552,0.10799999999971988,0.10199999999986176,10.000000000009095,exact,stable,0.006983679886542741,False,VERIFIED_FROM_FILE,
Synchronised V abd S datasets/Uncategorised IOVNB Dataset/S-Dataset/S-Vta20.csv,time_since_start_ms,False,s,3223,0,0.014,322.214,322.2,estimated,True,0,0,0,0,0.10000000000000002,0.09999999999999432,0.0006178595840064563,0.09499999999999886,0.10500000000000398,0.10199999999997544,10.000000000000568,exact,stable,0.006178595840064562,False,VERIFIED_FROM_FILE,
Synchronised V abd S datasets/Uncategorised IOVNB Dataset/S-Dataset/S-Vta21.csv,time_since_start_ms,False,s,2079,0,310.314,518.114,207.8,estimated,True,0,0,0,0,0.1,0.10000000000002274,0.0005762378398905403,0.09600000000000364,0.10400000000004184,0.10099999999999909,9.999999999997726,exact,stable,0.005762378398905403,False,VERIFIED_FROM_FILE,
Synchronised V abd S datasets/Uncategorised IOVNB Dataset/S-Dataset/S-Vta22.csv,time_since_start_ms,False,s,1564,0,519.114,675.415,156.30099999999993,estimated,True,0,0,0,0,0.10000063979526547,0.10000000000002274,0.000590498103608361,0.09600000000000364,0.10400000000004184,0.10199999999997544,9.999999999997726,exact,stable,0.0059049432565362265,False,VERIFIED_FROM_FILE,
Synchronised V abd S datasets/Uncategorised IOVNB Dataset/S-Dataset/S-Vta23.csv,time_since_start_ms,False,s,1110,0,678.315,789.215,110.89999999999998,estimated,True,0,0,0,0,0.09999999999999998,0.10000000000002274,0.0006454390164007024,0.09500000000002728,0.10400000000004184,0.10199999999997544,9.999999999997726,exact,stable,0.006454390164007026,False,VERIFIED_FROM_FILE,
Synchronised V abd S datasets/Uncategorised IOVNB Dataset/S-Dataset/S-Vta24.csv,time_since_start_ms,False,s,1171,0,794.214,911.215,117.00099999999998,estimated,True,0,0,0,0,0.10000085470085468,0.10000000000002274,0.000668586431579755,0.09600000000000364,0.10400000000004184,0.10199999999997544,9.999999999997726,exact,stable,0.006685807172146507,False,VERIFIED_FROM_FILE,
Synchronised V abd S datasets/Uncategorised IOVNB Dataset/S-Dataset/S-Vta25.csv,time_since_start_ms,False,s,646,0,914.616,979.114,64.49800000000005,estimated,True,0,0,0,0,0.09999689922480627,0.10000000000002274,0.0005623783912630726,0.09699999999997999,0.1029999999999518,0.10099999999999909,9.999999999997726,exact,stable,0.005623958298934565,False,VERIFIED_FROM_FILE,
Synchronised V abd S datasets/Uncategorised IOVNB Dataset/S-Dataset/S-Vta26.csv,time_since_start_ms,False,s,1935,0,987.214,1180.614,193.39999999999998,estimated,True,0,0,0,0,0.09999999999999999,0.09999999999990905,0.0005815146218444815,0.09600000000000364,0.10300000000006548,0.10100000000011278,10.000000000009095,exact,stable,0.005815146218444815,False,VERIFIED_FROM_FILE,
Synchronised V abd S datasets/Uncategorised IOVNB Dataset/S-Dataset/S-Vta27.csv,time_since_start_ms,False,s,2540,0,1187.914,1441.814,253.9000000000001,estimated,True,0,0,0,0,0.10000000000000003,0.09999999999990905,0.0005332578389420388,0.09600000000000364,0.10400000000004184,0.10100000000011278,10.000000000009095,exact,stable,0.005332578389420386,False,VERIFIED_FROM_FILE,
Synchronised V abd S datasets/Uncategorised IOVNB Dataset/S-Dataset/S-Vta28.csv,time_since_start_ms,False,s,4210,0,1473.214,1894.114,420.9000000000001,estimated,True,0,0,0,0,0.10000000000000002,0.09999999999990905,0.0005820634108166454,0.0929999999998472,0.1069999999999709,0.10100000000011278,10.000000000009095,exact,stable,0.005820634108166453,False,VERIFIED_FROM_FILE,
Synchronised V abd S datasets/Uncategorised IOVNB Dataset/S-Dataset/S-Vta29.csv,time_since_start_ms,False,s,23705,0,0.015,2369.793,2369.7780000000002,estimated,False,0,4,4,0,0.09999063291139242,0.09999999999999432,0.0011217812934407885,0.0009999999999763531,0.11099999999999,0.10199999999986176,10.000000000000568,exact,stable,0.01121886381532223,False,VERIFIED_FROM_FILE,
Synchronised V abd S datasets/Uncategorised IOVNB Dataset/S-Dataset/S-Vta3.csv,time_since_start_ms,False,s,645,0,0.012,64.412,64.4,estimated,True,0,0,0,0,0.1,0.10000000000000142,0.0005897678246195116,0.09600000000000009,0.10400000000000276,0.10100000000000467,9.999999999999858,exact,stable,0.0058976782461951155,False,VERIFIED_FROM_FILE,
Synchronised V abd S datasets/Uncategorised IOVNB Dataset/S-Dataset/S-Vta30.csv,time_since_start_ms,False,s,17136,0,2383.093,4096.593,1713.5,estimated,True,0,0,0,0,0.1,0.09999999999990905,0.0007316274115907559,0.0660000000002583,0.13400000000001455,0.10100000000011278,10.000000000009095,exact,stable,0.007316274115907559,False,VERIFIED_FROM_FILE,
Synchronised V abd S datasets/Uncategorised IOVNB Dataset/S-Dataset/S-Vta4.csv,time_since_start_ms,False,s,1789,0,93.513,272.312,178.799,estimated,True,0,0,0,0,0.09999944071588367,0.09999999999999432,0.0005651114205424006,0.09600000000000364,0.10400000000001342,0.10200000000000387,10.000000000000568,exact,stable,0.00565114581138492,False,VERIFIED_FROM_FILE,
Synchronised V abd S datasets/Uncategorised IOVNB Dataset/S-Dataset/S-Vta5.csv,time_since_start_ms,False,s,307,0,280.512,311.112,30.600000000000023,estimated,True,0,0,0,0,0.10000000000000007,0.10000000000002274,0.0004917622040805475,0.09799999999995634,0.10199999999997544,0.10100000000005309,9.999999999997726,exact,stable,0.004917622040805471,False,VERIFIED_FROM_FILE,
Synchronised V abd S datasets/Uncategorised IOVNB Dataset/S-Dataset/S-Vta6.csv,time_since_start_ms,False,s,1376,0,318.112,455.612,137.5,estimated,True,0,0,0,0,0.1,0.10000000000002274,0.0005981790549812061,0.09499999999997044,0.10599999999999454,0.101260000000035,9.999999999997726,exact,stable,0.005981790549812061,False,VERIFIED_FROM_FILE,
Synchronised V abd S datasets/Uncategorised IOVNB Dataset/S-Dataset/S-Vta7.csv,time_since_start_ms,False,s,840,0,461.41200000000003,545.312,83.89999999999998,estimated,True,0,0,0,0,0.09999999999999998,0.10000000000002274,0.0006604798342438896,0.09100000000000819,0.10800000000000409,0.10099999999999909,9.999999999997726,exact,stable,0.006604798342438898,False,VERIFIED_FROM_FILE,
Synchronised V abd S datasets/Uncategorised IOVNB Dataset/S-Dataset/S-Vta8.csv,time_since_start_ms,False,s,3676,0,551.412,918.912,367.5,estimated,True,0,0,0,0,0.1,0.10000000000002274,0.0006606531503242498,0.09199999999998454,0.10799999999994725,0.10199999999997544,9.999999999997726,exact,stable,0.006606531503242498,False,VERIFIED_FROM_FILE,
Synchronised V abd S datasets/Uncategorised IOVNB Dataset/S-Dataset/S-Vta9.csv,time_since_start_ms,False,s,156,0,929.513,945.011,15.497999999999934,estimated,True,0,0,0,0,0.09998709677419312,0.10000000000002274,0.0006323238938723379,0.09699999999997999,0.10199999999997544,0.10199999999997544,9.999999999997726,exact,stable,0.006324054945813188,False,VERIFIED_FROM_FILE,
Synchronised V abd S datasets/Uncategorised IOVNB Dataset/S-Dataset/S-Vtb1.csv,time_since_start_ms,False,s,32459,0,0.029,3245.828,3245.799,estimated,False,0,5456,5456,0,0.1202058736389897,0.09999999999990905,4.024250336301483,0.0009999999999763531,661.3760000000001,0.10100000000011278,10.000000000009095,exact,severely_irregular,33.47798418226534,False,VERIFIED_FROM_FILE,
Synchronised V abd S datasets/Uncategorised IOVNB Dataset/S-Dataset/S-Vtb10.csv,time_since_start_ms,False,s,196,0,8176.9130000000005,8196.413,19.5,estimated,True,0,0,0,0,0.1,0.1000000000003638,0.000865284894516179,0.09500000000116415,0.10499999999956344,0.1021199999998862,9.99999999996362,exact,stable,0.00865284894516179,False,VERIFIED_FROM_FILE,
Synchronised V abd S datasets/Uncategorised IOVNB Dataset/S-Dataset/S-Vtb11.csv,time_since_start_ms,False,s,361,0,8205.914,8241.914,36.0,estimated,True,0,0,0,0,0.1,0.1000000000003638,0.0008498365856886943,0.09600000000136788,0.10300000000097498,0.10299999999915599,9.99999999996362,exact,stable,0.008498365856886942,False,VERIFIED_FROM_FILE,
Synchronised V abd S datasets/Uncategorised IOVNB Dataset/S-Dataset/S-Vtb12.csv,time_since_start_ms,False,s,447,0,8251.013,8295.614,44.60099999999875,estimated,True,0,0,0,0,0.10000224215246356,0.1000000000003638,0.0007071032264872979,0.09699999999975262,0.10300000000097498,0.10200000000077125,9.99999999996362,exact,stable,0.007070873725103556,False,VERIFIED_FROM_FILE,
Synchronised V abd S datasets/Uncategorised IOVNB Dataset/S-Dataset/S-Vtb2.csv,time_since_start_ms,False,s,5712,0,0.014,571.114,571.1,estimated,True,0,0,0,0,0.1,0.10000000000000142,0.0006498791019387002,0.09399999999993724,0.10700000000008458,0.10199999999997544,9.999999999999858,exact,stable,0.006498791019387002,False,VERIFIED_FROM_FILE,
Synchronised V abd S datasets/Uncategorised IOVNB Dataset/S-Dataset/S-Vtb3.csv,time_since_start_ms,False,s,8240,0,581.214,1405.114,823.9,estimated,True,0,0,0,0,0.09999999999999999,0.10000000000002274,0.0006602842113191995,0.09500000000002728,0.10599999999999454,0.10199999999986176,9.999999999997726,exact,stable,0.006602842113191995,False,VERIFIED_FROM_FILE,
Synchronised V abd S datasets/Uncategorised IOVNB Dataset/S-Dataset/S-Vtb4.csv,time_since_start_ms,False,s,556,0,1417.914,1473.414,55.5,estimated,True,0,0,0,0,0.1,0.09999999999990905,0.0005631315273711161,0.09799999999995634,0.10200000000008913,0.10100000000011278,10.000000000009095,exact,stable,0.005631315273711161,False,VERIFIED_FROM_FILE,
Synchronised V abd S datasets/Uncategorised IOVNB Dataset/S-Dataset/S-Vtb5.csv,time_since_start_ms,False,s,64388,0,1472.613,7911.314,6438.701,estimated,True,0,0,0,0,0.10000001553108546,0.09999999999990905,0.0008643267564102214,0.07999999999992724,0.11900000000014188,0.10199999999986176,10.000000000009095,exact,stable,0.00864326622170915,False,VERIFIED_FROM_FILE,
Synchronised V abd S datasets/Uncategorised IOVNB Dataset/S-Dataset/S-Vtb6.csv,time_since_start_ms,False,s,498,0,7944.914,7994.6140000000005,49.70000000000073,estimated,True,0,0,0,0,0.10000000000000146,0.1000000000003638,0.001166259390450778,0.08799999999973807,0.11200000000008004,0.10199999999986176,9.99999999996362,exact,stable,0.01166259390450761,False,VERIFIED_FROM_FILE,
Synchronised V abd S datasets/Uncategorised IOVNB Dataset/S-Dataset/S-Vtb7.csv,time_since_start_ms,False,s,461,0,7998.9130000000005,8044.914,46.000999999999294,estimated,True,0,0,0,0,0.10000217391304195,0.1000000000003638,0.0007024767149111802,0.09599999999954889,0.10300000000006548,0.10199999999986176,9.99999999996362,exact,stable,0.007024614440102342,False,VERIFIED_FROM_FILE,
Synchronised V abd S datasets/Uncategorised IOVNB Dataset/S-Dataset/S-Vtb8.csv,time_since_start_ms,False,s,668,0,8052.914,8119.6140000000005,66.70000000000073,estimated,True,0,0,0,0,0.10000000000000109,0.1000000000003638,0.0009276689685508391,0.09399999999914144,0.10500000000047294,0.10300000000006548,9.99999999996362,exact,stable,0.00927668968550829,False,VERIFIED_FROM_FILE,
Synchronised V abd S datasets/Uncategorised IOVNB Dataset/S-Dataset/S-Vtb9.csv,time_since_start_ms,False,s,452,0,8124.915,8170.014,45.09900000000016,estimated,True,0,0,0,0,0.09999778270510014,0.1000000000003638,0.0006936483813636518,0.09699999999975262,0.10300000000006548,0.10199999999986176,9.99999999996362,exact,stable,0.006936637619348673,False,VERIFIED_FROM_FILE,
Synchronised V abd S datasets/Uncategorised IOVNB Dataset/S-Dataset/S-Vw1.csv,time_since_start_ms,False,s,20476,0,0.019,2047.519,2047.5,estimated,True,0,0,0,0,0.1,0.10000000000000142,0.0007956536388829012,0.08399999999983265,0.1150000000000091,0.10100000000011278,9.999999999999858,exact,stable,0.007956536388829013,False,VERIFIED_FROM_FILE,
Synchronised V abd S datasets/Uncategorised IOVNB Dataset/S-Dataset/S-Vw10.csv,time_since_start_ms,False,s,652,0,13938.31,14003.41,65.10000000000036,estimated,True,0,0,0,0,0.10000000000000056,0.1000000000003638,0.000681103288533593,0.09699999999975262,0.10299999999915599,0.10199999999895226,9.99999999996362,exact,stable,0.006811032885335892,False,VERIFIED_FROM_FILE,
Synchronised V abd S datasets/Uncategorised IOVNB Dataset/S-Dataset/S-Vw11.csv,time_since_start_ms,False,s,4909,0,14011.91,14502.710000000001,490.8000000000011,estimated,True,0,0,0,0,0.10000000000000023,0.1000000000003638,0.0007802576214755139,0.09100000000034925,0.10899999999855936,0.10199999999895226,9.99999999996362,exact,stable,0.007802576214755121,False,VERIFIED_FROM_FILE,
Synchronised V abd S datasets/Uncategorised IOVNB Dataset/S-Dataset/S-Vw12.csv,time_since_start_ms,False,s,918,0,0.005,91.705,91.7,estimated,True,0,0,0,0,0.09999999999999999,0.10000000000000142,0.0006554860342617754,0.09699999999999998,0.10399999999999987,0.1010000000000062,9.999999999999858,exact,stable,0.0065548603426177545,False,VERIFIED_FROM_FILE,
Synchronised V abd S datasets/Uncategorised IOVNB Dataset/S-Dataset/S-Vw13.csv,time_since_start_ms,False,s,284,0,0.41000000000000003,28.71,28.3,estimated,True,0,0,0,0,0.1,0.09999999999999964,0.0007280352571744978,0.09799999999999898,0.10200000000000031,0.10200000000000031,10.000000000000036,exact,stable,0.007280352571744977,False,VERIFIED_FROM_FILE,
Synchronised V abd S datasets/Uncategorised IOVNB Dataset/S-Dataset/S-Vw14a.csv,time_since_start_ms,False,s,3138,0,0.008,313.708,313.70000000000005,estimated,True,0,0,0,0,0.10000000000000002,0.09999999999999432,0.0007549644429828971,0.09499999999999886,0.10599999999999454,0.10199999999997544,10.000000000000568,exact,stable,0.00754964442982897,False,VERIFIED_FROM_FILE,
Synchronised V abd S datasets/Uncategorised IOVNB Dataset/S-Dataset/S-Vw14b.csv,time_since_start_ms,False,s,19588,0,314.007,2272.708,1958.701,estimated,True,0,0,0,0,0.10000005105427069,0.10000000000002274,0.000755064923163199,0.09100000000000819,0.10900000000003729,0.10199999999987767,9.999999999997726,exact,stable,0.007550645376705061,False,VERIFIED_FROM_FILE,
Synchronised V abd S datasets/Uncategorised IOVNB Dataset/S-Dataset/S-Vw14c.csv,time_since_start_ms,False,s,15826,0,2274.0080000000003,3856.5080000000003,1582.5,estimated,True,0,0,0,0,0.1,0.09999999999990905,0.0007551403623403351,0.08800000000019281,0.11200000000008004,0.10199999999986176,10.000000000009095,exact,stable,0.007551403623403351,False,VERIFIED_FROM_FILE,
Synchronised V abd S datasets/Uncategorised IOVNB Dataset/S-Dataset/S-Vw15.csv,time_since_start_ms,False,s,1380,0,0.012,137.912,137.9,estimated,True,0,0,0,0,0.1,0.09999999999999998,0.0006211173818453857,0.09700000000000131,0.10200000000000387,0.1010000000000133,10.000000000000002,exact,stable,0.006211173818453857,False,VERIFIED_FROM_FILE,
Synchronised V abd S datasets/Uncategorised IOVNB Dataset/S-Dataset/S-Vw16a.csv,time_since_start_ms,False,s,5879,0,0.01,587.809,587.799,estimated,True,0,0,0,0,0.09999982987410684,0.10000000000000142,0.0007164284965886288,0.09499999999997044,0.10500000000001819,0.10199999999997544,9.999999999999858,exact,stable,0.00716429715421081,False,VERIFIED_FROM_FILE,
Synchronised V abd S datasets/Uncategorised IOVNB Dataset/S-Dataset/S-Vw16b.csv,time_since_start_ms,False,s,1126,0,602.409,714.91,112.50099999999998,estimated,True,0,0,0,0,0.10000088888888886,0.10000000000002274,0.0007099290174918904,0.09799999999995634,0.1029999999999518,0.10199999999997544,9.999999999997726,exact,stable,0.007099227070678278,False,VERIFIED_FROM_FILE,
Synchronised V abd S datasets/Uncategorised IOVNB Dataset/S-Dataset/S-Vw17.csv,time_since_start_ms,False,s,329,0,721.109,753.91,32.80099999999993,estimated,True,0,0,0,0,0.10000304878048759,0.10000000000002274,0.0007428458610164141,0.09699999999997999,0.1029999999999518,0.10172999999998185,9.999999999997726,exact,stable,0.007428232139672094,False,VERIFIED_FROM_FILE,
Synchronised V abd S datasets/Uncategorised IOVNB Dataset/S-Dataset/S-Vw2.csv,time_since_start_ms,False,s,52713,0,0.011,5271.21,5271.199,estimated,True,0,0,0,0,0.09999998102898772,0.09999999999990905,0.0007989953281039536,0.07699999999931606,0.12300000000050204,0.10199999999986176,10.000000000009095,exact,stable,0.007989954796814842,False,VERIFIED_FROM_FILE,
Synchronised V abd S datasets/Uncategorised IOVNB Dataset/S-Dataset/S-Vw3.csv,time_since_start_ms,False,s,3861,0,5293.31,5679.311,386.0009999999993,estimated,True,0,0,0,0,0.10000025906735734,0.1000000000003638,0.0007423181274538567,0.09499999999934516,0.10500000000047294,0.10199999999986176,9.99999999996362,exact,stable,0.00742316204354883,False,VERIFIED_FROM_FILE,
Synchronised V abd S datasets/Uncategorised IOVNB Dataset/S-Dataset/S-Vw4.csv,time_since_start_ms,False,s,126526,0,3.41,12655.91,12652.5,estimated,True,0,0,0,0,0.1,0.1000000000003638,0.0007813171132794281,0.07599999999911233,0.12399999999979627,0.10199999999986176,9.99999999996362,exact,stable,0.00781317113279428,False,VERIFIED_FROM_FILE,
Synchronised V abd S datasets/Uncategorised IOVNB Dataset/S-Dataset/S-Vw5.csv,time_since_start_ms,False,s,1012,0,12673.309000000001,12774.41,101.10099999999875,estimated,True,0,0,0,0,0.10000098911968225,0.1000000000003638,0.000702545189743386,0.09799999999995634,0.10299999999915599,0.10199999999895226,9.99999999996362,exact,stable,0.007025382407993709,False,VERIFIED_FROM_FILE,
Synchronised V abd S datasets/Uncategorised IOVNB Dataset/S-Dataset/S-Vw6.csv,time_since_start_ms,False,s,1281,0,12779.31,12907.31,128.0,estimated,True,0,0,0,0,0.1,0.1000000000003638,0.0006696547617443798,0.09699999999975262,0.10300000000097498,0.10199999999895226,9.99999999996362,exact,stable,0.006696547617443798,False,VERIFIED_FROM_FILE,
Synchronised V abd S datasets/Uncategorised IOVNB Dataset/S-Dataset/S-Vw7.csv,time_since_start_ms,False,s,1602,0,13185.41,13345.509,160.09900000000016,estimated,True,0,0,0,0,0.09999937539038112,0.1000000000003638,0.0007126059430245801,0.09399999999914144,0.10599999999976717,0.10199999999895226,9.99999999996362,exact,stable,0.007126103940576466,False,VERIFIED_FROM_FILE,
Synchronised V abd S datasets/Uncategorised IOVNB Dataset/S-Dataset/S-Vw8.csv,time_since_start_ms,False,s,1529,0,13365.41,13518.210000000001,152.8000000000011,estimated,True,0,0,0,0,0.10000000000000071,0.1000000000003638,0.0007423254814019402,0.09499999999934516,0.10499999999956344,0.10199999999895226,9.99999999996362,exact,stable,0.007423254814019349,False,VERIFIED_FROM_FILE,
Synchronised V abd S datasets/Uncategorised IOVNB Dataset/S-Dataset/S-Vw9.csv,time_since_start_ms,False,s,552,0,13716.809000000001,13771.91,55.10099999999875,estimated,True,0,0,0,0,0.1000018148820304,0.1000000000003638,0.0006934986984466288,0.09699999999975262,0.10299999999915599,0.10199999999895226,9.99999999996362,exact,stable,0.006934861124917899,False,VERIFIED_FROM_FILE,
Synchronised V abd S datasets/Uncategorised IOVNB Dataset/S-Dataset/S-Y1.csv,time_since_start_ms,False,s,70285,0,0.048,6690.809,6690.761,estimated,False,3,1,0,3,0.09999850599735348,0.09999999999999432,0.0008752597553369889,0.0010000000002037268,0.11200000000008004,0.10199999999986176,10.000000000000568,exact,stable,0.008752728319362623,False,VERIFIED_FROM_FILE,
Synchronised V abd S datasets/Uncategorised IOVNB Dataset/V-Dataset/V-M.csv,time_of_day_s,True,s,105974,0,29608.4,40205.7,10597.299999999996,estimated,False,0,1,1,0,0.10000094364549122,0.09999999999854481,0.0003072174011410303,0.0989999999947031,0.19999999999708962,0.10000000000582077,10.00000000014552,exact,stable,0.0030721450212523264,False,VERIFIED_FROM_FILE,
Synchronised V abd S datasets/Uncategorised IOVNB Dataset/V-Dataset/V-S1.csv,time_of_day_s,True,s,51746,0,32869.0,38043.5,5174.5,estimated,True,0,0,0,0,0.1,0.09999999999854481,6.216999090860725e-06,0.0989999999947031,0.10100000000238651,0.10000000000582077,10.00000000014552,exact,stable,6.216999090860725e-05,False,VERIFIED_FROM_FILE,
Synchronised V abd S datasets/Uncategorised IOVNB Dataset/V-Dataset/V-S2.csv,time_of_day_s,True,s,93876,0,39824.4,49211.9,9387.5,estimated,True,0,0,0,0,0.1,0.09999999999854481,6.52762233826259e-06,0.09900000000197906,0.10100000000238651,0.10000000000582077,10.00000000014552,exact,stable,6.527622338262589e-05,False,VERIFIED_FROM_FILE,
Synchronised V abd S datasets/Uncategorised IOVNB Dataset/V-Dataset/V-S3a.csv,time_of_day_s,True,s,24621,0,66118.0,68580.0,2462.0,estimated,True,0,0,0,0,0.1,0.10000000000582077,7.128953417949148e-12,0.09999999999126885,0.10000000000582077,0.10000000000582077,9.999999999417923,exact,stable,7.128953417949147e-11,False,VERIFIED_FROM_FILE,
Synchronised V abd S datasets/Uncategorised IOVNB Dataset/V-Dataset/V-S3b.csv,time_of_day_s,True,s,6813,0,68582.8,69264.0,681.1999999999971,estimated,True,0,0,0,0,0.09999999999999958,0.10000000000582077,7.129040615335608e-12,0.09999999999126885,0.10000000000582077,0.10000000000582077,9.999999999417923,exact,stable,7.129040615335639e-11,False,VERIFIED_FROM_FILE,
Synchronised V abd S datasets/Uncategorised IOVNB Dataset/V-Dataset/V-S3c.csv,time_of_day_s,True,s,37183,0,69267.8,72986.0,3718.199999999997,estimated,True,0,0,0,0,0.09999999999999992,0.10000000000582077,7.334130326954851e-06,0.09900000000197906,0.10099999999511056,0.10000000000582077,9.999999999417923,exact,stable,7.334130326954857e-05,False,VERIFIED_FROM_FILE,
Synchronised V abd S datasets/Uncategorised IOVNB Dataset/V-Dataset/V-S4.csv,time_of_day_s,True,s,94600,0,62173.4,71633.3,9459.900000000001,estimated,True,0,0,0,0,0.10000000000000002,0.09999999999854481,4.598029185474273e-06,0.09900000000197906,0.10099999999511056,0.10000000000582077,10.00000000014552,exact,stable,4.598029185474272e-05,False,VERIFIED_FROM_FILE,
Synchronised V abd S datasets/Uncategorised IOVNB Dataset/V-Dataset/V-Vfa01.csv,time_of_day_s,True,s,11535,0,33622.0,34775.4,1153.4000000000015,estimated,True,0,0,0,0,0.10000000000000013,0.09999999999854481,2.9104776654407343e-12,0.09999999999854481,0.10000000000582077,0.10000000000582077,10.00000000014552,exact,stable,2.9104776654407307e-11,False,VERIFIED_FROM_FILE,
Synchronised V abd S datasets/Uncategorised IOVNB Dataset/V-Dataset/V-Vfa02.csv,time_of_day_s,True,s,67755,0,35829.9,42605.3,6775.4000000000015,estimated,True,0,0,0,0,0.10000000000000002,0.09999999999854481,5.43309786606368e-06,0.09900000000197906,0.10100000000238651,0.10000000000582077,10.00000000014552,exact,stable,5.433097866063679e-05,False,VERIFIED_FROM_FILE,
Synchronised V abd S datasets/Uncategorised IOVNB Dataset/V-Dataset/V-vta10.csv,time_of_day_s,True,s,1502,0,43309.9,43460.0,150.09999999999854,estimated,True,0,0,0,0,0.09999999999999903,0.09999999999854481,2.90965568229088e-12,0.09999999999854481,0.10000000000582077,0.10000000000582077,10.00000000014552,exact,stable,2.9096556822909082e-11,False,VERIFIED_FROM_FILE,
Synchronised V abd S datasets/Uncategorised IOVNB Dataset/V-Dataset/V-vta11.csv,time_of_day_s,True,s,510,0,43471.9,43522.8,50.900000000001455,estimated,True,0,0,0,0,0.10000000000000286,0.09999999999854481,2.912525045083756e-12,0.09999999999854481,0.10000000000582077,0.10000000000582077,10.00000000014552,exact,stable,2.912525045083673e-11,False,VERIFIED_FROM_FILE,
Synchronised V abd S datasets/Uncategorised IOVNB Dataset/V-Dataset/V-vta12.csv,time_of_day_s,True,s,610,0,43535.1,43596.0,60.900000000001455,estimated,True,0,0,0,0,0.10000000000000239,0.09999999999854481,2.912173621745256e-12,0.09999999999854481,0.10000000000582077,0.10000000000582077,10.00000000014552,exact,stable,2.912173621745186e-11,False,VERIFIED_FROM_FILE,
Synchronised V abd S datasets/Uncategorised IOVNB Dataset/V-Dataset/V-vta13.csv,time_of_day_s,True,s,404,0,43606.9,43647.2,40.299999999995634,estimated,True,0,0,0,0,0.09999999999998917,0.09999999999854481,2.9022269387439198e-12,0.09999999999854481,0.10000000000582077,0.10000000000582077,10.00000000014552,exact,stable,2.9022269387442343e-11,False,VERIFIED_FROM_FILE,
Synchronised V abd S datasets/Uncategorised IOVNB Dataset/V-Dataset/V-vta14.csv,time_of_day_s,True,s,2885,0,43651.8,43940.2,288.3999999999942,estimated,True,0,0,0,0,0.09999999999999798,0.09999999999854481,2.9088682295169006e-12,0.09999999999854481,0.10000000000582077,0.10000000000582077,10.00000000014552,exact,stable,2.9088682295169593e-11,False,VERIFIED_FROM_FILE,
Synchronised V abd S datasets/Uncategorised IOVNB Dataset/V-Dataset/V-vta15.csv,time_of_day_s,True,s,833,0,43948.8,44032.0,83.19999999999709,estimated,True,0,0,0,0,0.09999999999999651,0.09999999999854481,2.907756215622477e-12,0.09999999999854481,0.10000000000582077,0.10000000000582077,10.00000000014552,exact,stable,2.9077562156225786e-11,False,VERIFIED_FROM_FILE,
Synchronised V abd S datasets/Uncategorised IOVNB Dataset/V-Dataset/V-vta16.csv,time_of_day_s,True,s,11335,0,44038.9,45172.3,1133.4000000000015,estimated,True,0,0,0,0,0.10000000000000013,0.09999999999854481,1.3283832590594987e-05,0.09900000000197906,0.10100000000238651,0.10000000000582077,10.00000000014552,exact,stable,0.0001328383259059497,False,VERIFIED_FROM_FILE,
Synchronised V abd S datasets/Uncategorised IOVNB Dataset/V-Dataset/V-vta17.csv,time_of_day_s,True,s,4519,0,45184.9,45636.7,451.79999999999563,estimated,True,0,0,0,0,0.09999999999999903,0.09999999999854481,2.9096580980090555e-12,0.09999999999854481,0.10000000000582077,0.10000000000582077,10.00000000014552,exact,stable,2.9096580980090834e-11,False,VERIFIED_FROM_FILE,
Synchronised V abd S datasets/Uncategorised IOVNB Dataset/V-Dataset/V-vta19.csv,time_of_day_s,True,s,292,0,45656.9,45686.0,29.099999999998545,estimated,True,0,0,0,0,0.099999999999995,0.09999999999854481,2.906625830737637e-12,0.09999999999854481,0.10000000000582077,0.10000000000582077,10.00000000014552,exact,stable,2.9066258307377825e-11,False,VERIFIED_FROM_FILE,
Synchronised V abd S datasets/Uncategorised IOVNB Dataset/V-Dataset/V-Vta1a.csv,time_of_day_s,True,s,25676,0,38521.0,41088.5,2567.5,estimated,True,0,0,0,0,0.1,0.09999999999854481,2.9103830456786644e-12,0.09999999999854481,0.10000000000582077,0.10000000000582077,10.00000000014552,exact,stable,2.910383045678664e-11,False,VERIFIED_FROM_FILE,
Synchronised V abd S datasets/Uncategorised IOVNB Dataset/V-Dataset/V-Vta1b.csv,time_of_day_s,True,s,953,0,41089.0,41184.2,95.19999999999709,estimated,True,0,0,0,0,0.09999999999999694,0.09999999999854481,2.908087691110064e-12,0.09999999999854481,0.10000000000582077,0.10000000000582077,10.00000000014552,exact,stable,2.908087691110153e-11,False,VERIFIED_FROM_FILE,
Synchronised V abd S datasets/Uncategorised IOVNB Dataset/V-Dataset/V-vta2.csv,time_of_day_s,True,s,10991,0,41190.3,42289.3,1099.0,estimated,True,0,0,0,0,0.1,0.09999999999854481,2.9103830456786644e-12,0.09999999999854481,0.10000000000582077,0.10000000000582077,10.00000000014552,exact,stable,2.910383045678664e-11,False,VERIFIED_FROM_FILE,
Synchronised V abd S datasets/Uncategorised IOVNB Dataset/V-Dataset/V-vta20.csv,time_of_day_s,True,s,3223,0,45715.0,46037.2,322.1999999999971,estimated,True,0,0,0,0,0.0999999999999991,0.09999999999854481,2.909705363142567e-12,0.09999999999854481,0.10000000000582077,0.10000000000582077,10.00000000014552,exact,stable,2.909705363142593e-11,False,VERIFIED_FROM_FILE,
Synchronised V abd S datasets/Uncategorised IOVNB Dataset/V-Dataset/V-vta21.csv,time_of_day_s,True,s,2079,0,46043.7,46251.5,207.8000000000029,estimated,True,0,0,0,0,0.10000000000000141,0.09999999999854481,2.9114329462989144e-12,0.09999999999854481,0.10000000000582077,0.10000000000582077,10.00000000014552,exact,stable,2.911432946298873e-11,False,VERIFIED_FROM_FILE,
Synchronised V abd S datasets/Uncategorised IOVNB Dataset/V-Dataset/V-vta22.csv,time_of_day_s,True,s,1564,0,46257.0,46413.3,156.3000000000029,estimated,True,0,0,0,0,0.10000000000000187,0.09999999999854481,2.9117786523645697e-12,0.09999999999854481,0.10000000000582077,0.10000000000582077,10.00000000014552,exact,stable,2.9117786523645155e-11,False,VERIFIED_FROM_FILE,
Synchronised V abd S datasets/Uncategorised IOVNB Dataset/V-Dataset/V-vta23.csv,time_of_day_s,True,s,1110,0,46419.1,46530.0,110.90000000000146,estimated,True,0,0,0,0,0.10000000000000131,0.09999999999854481,2.911366707757723e-12,0.09999999999854481,0.10000000000582077,0.10000000000582077,10.00000000014552,exact,stable,2.911366707757685e-11,False,VERIFIED_FROM_FILE,
Synchronised V abd S datasets/Uncategorised IOVNB Dataset/V-Dataset/V-vta24.csv,time_of_day_s,True,s,1171,0,46535.8,46652.8,117.0,estimated,True,0,0,0,0,0.1,0.09999999999854481,2.9103830456786644e-12,0.09999999999854481,0.10000000000582077,0.10000000000582077,10.00000000014552,exact,stable,2.910383045678664e-11,False,VERIFIED_FROM_FILE,
Synchronised V abd S datasets/Uncategorised IOVNB Dataset/V-Dataset/V-vta25.csv,time_of_day_s,True,s,646,0,46657.6,46722.1,64.5,estimated,True,0,0,0,0,0.1,0.09999999999854481,2.9103830456786644e-12,0.09999999999854481,0.10000000000582077,0.10000000000582077,10.00000000014552,exact,stable,2.910383045678664e-11,False,VERIFIED_FROM_FILE,
Synchronised V abd S datasets/Uncategorised IOVNB Dataset/V-Dataset/V-vta26.csv,time_of_day_s,True,s,1935,0,46727.6,46921.0,193.40000000000146,estimated,True,0,0,0,0,0.10000000000000075,0.09999999999854481,2.910947213090581e-12,0.09999999999854481,0.10000000000582077,0.10000000000582077,10.00000000014552,exact,stable,2.9109472130905586e-11,False,VERIFIED_FROM_FILE,
Synchronised V abd S datasets/Uncategorised IOVNB Dataset/V-Dataset/V-vta27.csv,time_of_day_s,True,s,2540,0,46956.8,47210.7,253.89999999999418,estimated,True,0,0,0,0,0.0999999999999977,0.09999999999854481,2.9086622269371854e-12,0.09999999999854481,0.10000000000582077,0.10000000000582077,10.00000000014552,exact,stable,2.908662226937252e-11,False,VERIFIED_FROM_FILE,
Synchronised V abd S datasets/Uncategorised IOVNB Dataset/V-Dataset/V-vta28.csv,time_of_day_s,True,s,4210,0,47216.3,47637.2,420.8999999999942,estimated,True,0,0,0,0,0.09999999999999862,0.09999999999854481,2.9093453321613937e-12,0.09999999999854481,0.10000000000582077,0.10000000000582077,10.00000000014552,exact,stable,2.909345332161434e-11,False,VERIFIED_FROM_FILE,
Synchronised V abd S datasets/Uncategorised IOVNB Dataset/V-Dataset/V-vta29.csv,time_of_day_s,True,s,23705,0,48446.2,50816.6,2370.4000000000015,estimated,True,0,0,0,0,0.10000000000000006,0.09999999999854481,9.185529127931082e-06,0.09900000000197906,0.10100000000238651,0.10000000000582077,10.00000000014552,exact,stable,9.185529127931076e-05,False,VERIFIED_FROM_FILE,
Synchronised V abd S datasets/Uncategorised IOVNB Dataset/V-Dataset/V-vta3.csv,time_of_day_s,True,s,645,0,42374.0,42438.4,64.40000000000146,estimated,True,0,0,0,0,0.10000000000000225,0.09999999999854481,2.9120763865081666e-12,0.09999999999854481,0.10000000000582077,0.10000000000582077,10.00000000014552,exact,stable,2.912076386508101e-11,False,VERIFIED_FROM_FILE,
Synchronised V abd S datasets/Uncategorised IOVNB Dataset/V-Dataset/V-vta30.csv,time_of_day_s,True,s,17136,0,50821.6,52535.1,1713.5,estimated,True,0,0,0,0,0.1,0.09999999999854481,2.9103830456786644e-12,0.09999999999854481,0.10000000000582077,0.10000000000582077,10.00000000014552,exact,stable,2.910383045678664e-11,False,VERIFIED_FROM_FILE,
Synchronised V abd S datasets/Uncategorised IOVNB Dataset/V-Dataset/V-vta4.csv,time_of_day_s,True,s,1789,0,42445.2,42624.0,178.8000000000029,estimated,True,0,0,0,0,0.10000000000000163,0.09999999999854481,2.911603133007348e-12,0.09999999999854481,0.10000000000582077,0.10000000000582077,10.00000000014552,exact,stable,2.9116031330073e-11,False,VERIFIED_FROM_FILE,
Synchronised V abd S datasets/Uncategorised IOVNB Dataset/V-Dataset/V-vta5.csv,time_of_day_s,True,s,307,0,42633.6,42664.2,30.599999999998545,estimated,True,0,0,0,0,0.09999999999999525,0.09999999999854481,2.9068103216492355e-12,0.09999999999854481,0.10000000000582077,0.10000000000582077,10.00000000014552,exact,stable,2.9068103216493736e-11,False,VERIFIED_FROM_FILE,
Synchronised V abd S datasets/Uncategorised IOVNB Dataset/V-Dataset/V-vta6.csv,time_of_day_s,True,s,1376,0,42669.7,42807.2,137.5,estimated,True,0,0,0,0,0.1,0.09999999999854481,2.9103830456786644e-12,0.09999999999854481,0.10000000000582077,0.10000000000582077,10.00000000014552,exact,stable,2.910383045678664e-11,False,VERIFIED_FROM_FILE,
Synchronised V abd S datasets/Uncategorised IOVNB Dataset/V-Dataset/V-vta7.csv,time_of_day_s,True,s,840,0,42813.7,42897.6,83.90000000000146,estimated,True,0,0,0,0,0.10000000000000174,0.09999999999854481,2.911683065263002e-12,0.09999999999854481,0.10000000000582077,0.10000000000582077,10.00000000014552,exact,stable,2.911683065262951e-11,False,VERIFIED_FROM_FILE,
Synchronised V abd S datasets/Uncategorised IOVNB Dataset/V-Dataset/V-vta8.csv,time_of_day_s,True,s,3676,0,42904.0,43271.5,367.5,estimated,True,0,0,0,0,0.1,0.09999999999854481,2.9103830456786644e-12,0.09999999999854481,0.10000000000582077,0.10000000000582077,10.00000000014552,exact,stable,2.910383045678664e-11,False,VERIFIED_FROM_FILE,
Synchronised V abd S datasets/Uncategorised IOVNB Dataset/V-Dataset/V-vta9.csv,time_of_day_s,True,s,156,0,43283.1,43298.6,15.5,estimated,True,0,0,0,0,0.1,0.09999999999854481,2.9103830456786644e-12,0.09999999999854481,0.10000000000582077,0.10000000000582077,10.00000000014552,exact,stable,2.910383045678664e-11,False,VERIFIED_FROM_FILE,
Synchronised V abd S datasets/Uncategorised IOVNB Dataset/V-Dataset/V-vtb1.csv,time_of_day_s,True,s,32459,0,53857.8,57103.6,3245.7999999999956,estimated,True,0,0,0,0,0.09999999999999987,0.09999999999854481,7.849719173107635e-06,0.09900000000197906,0.10100000000238651,0.10000000000582077,10.00000000014552,exact,stable,7.849719173107645e-05,False,VERIFIED_FROM_FILE,
Synchronised V abd S datasets/Uncategorised IOVNB Dataset/V-Dataset/V-vtb10.csv,time_of_day_s,True,s,195,0,66156.9,66176.3,19.40000000000873,estimated,True,0,0,0,0,0.10000000000004501,0.10000000000582077,7.119618446642111e-12,0.09999999999126885,0.10000000000582077,0.10000000000582077,9.999999999417923,exact,stable,7.119618446638907e-11,False,VERIFIED_FROM_FILE,
Synchronised V abd S datasets/Uncategorised IOVNB Dataset/V-Dataset/V-vtb11.csv,time_of_day_s,True,s,361,0,66188.0,66224.0,36.0,estimated,True,0,0,0,0,0.1,0.10000000000582077,7.128953417949148e-12,0.09999999999126885,0.10000000000582077,0.10000000000582077,9.999999999417923,exact,stable,7.128953417949147e-11,False,VERIFIED_FROM_FILE,
Synchronised V abd S datasets/Uncategorised IOVNB Dataset/V-Dataset/V-vtb12.csv,time_of_day_s,True,s,447,0,66233.1,66277.7,44.59999999999127,estimated,True,0,0,0,0,0.09999999999998042,0.10000000000582077,7.1329214844700115e-12,0.09999999999126885,0.10000000000582077,0.10000000000582077,9.999999999417923,exact,stable,7.132921484471408e-11,False,VERIFIED_FROM_FILE,
Synchronised V abd S datasets/Uncategorised IOVNB Dataset/V-Dataset/V-vtb2.csv,time_of_day_s,True,s,5712,0,57981.4,58552.5,571.0999999999985,estimated,False,0,1,1,0,0.10001751313485088,0.09999999999854481,0.0013232561260465,0.09999999999854481,0.19999999999708962,0.10000000000582077,10.00000000014552,exact,stable,0.013230244229951907,False,VERIFIED_FROM_FILE,
Synchronised V abd S datasets/Uncategorised IOVNB Dataset/V-Dataset/V-vtb3.csv,time_of_day_s,True,s,8240,0,58563.1,59387.0,823.9000000000015,estimated,True,0,0,0,0,0.10000000000000017,0.09999999999854481,2.9105155040641102e-12,0.09999999999854481,0.10000000000582077,0.10000000000582077,10.00000000014552,exact,stable,2.910515504064105e-11,False,VERIFIED_FROM_FILE,
Synchronised V abd S datasets/Uncategorised IOVNB Dataset/V-Dataset/V-vtb4.csv,time_of_day_s,True,s,556,0,59398.8,59454.3,55.5,estimated,True,0,0,0,0,0.1,0.09999999999854481,2.9103830456786644e-12,0.09999999999854481,0.10000000000582077,0.10000000000582077,10.00000000014552,exact,stable,2.910383045678664e-11,False,VERIFIED_FROM_FILE,
Synchronised V abd S datasets/Uncategorised IOVNB Dataset/V-Dataset/V-vtb5.csv,time_of_day_s,True,s,64388,0,59481.4,65920.1,6438.700000000004,estimated,True,0,0,0,0,0.10000000000000006,0.09999999999854481,5.573344682306492e-06,0.09900000000197906,0.10100000000238651,0.10000000000582077,10.00000000014552,exact,stable,5.5733446823064886e-05,False,VERIFIED_FROM_FILE,
Synchronised V abd S datasets/Uncategorised IOVNB Dataset/V-Dataset/V-vtb6.csv,time_of_day_s,True,s,498,0,65926.9,65976.6,49.70000000001164,estimated,True,0,0,0,0,0.10000000000002342,0.10000000000582077,7.124131982508725e-12,0.09999999999126885,0.10000000000582077,0.10000000000582077,9.999999999417923,exact,stable,7.124131982507056e-11,False,VERIFIED_FROM_FILE,
Synchronised V abd S datasets/Uncategorised IOVNB Dataset/V-Dataset/V-vtb7.csv,time_of_day_s,True,s,461,0,65981.2,66027.2,46.0,estimated,True,0,0,0,0,0.1,0.10000000000582077,7.128953417949148e-12,0.09999999999126885,0.10000000000582077,0.10000000000582077,9.999999999417923,exact,stable,7.128953417949147e-11,False,VERIFIED_FROM_FILE,
Synchronised V abd S datasets/Uncategorised IOVNB Dataset/V-Dataset/V-vtb8.csv,time_of_day_s,True,s,668,0,66035.0,66101.7,66.69999999999709,estimated,True,0,0,0,0,0.09999999999999563,0.10000000000582077,7.129842700979013e-12,0.09999999999126885,0.10000000000582077,0.10000000000582077,9.999999999417923,exact,stable,7.129842700979324e-11,False,VERIFIED_FROM_FILE,
Synchronised V abd S datasets/Uncategorised IOVNB Dataset/V-Dataset/V-vtb9.csv,time_of_day_s,True,s,452,0,66107.0,66152.1,45.10000000000582,estimated,True,0,0,0,0,0.10000000000001291,0.10000000000582077,7.126306745054184e-12,0.09999999999126885,0.10000000000582077,0.10000000000582077,9.999999999417923,exact,stable,7.126306745053263e-11,False,VERIFIED_FROM_FILE,
Synchronised V abd S datasets/Uncategorised IOVNB Dataset/V-Dataset/V-Vw1.csv,time_of_day_s,True,s,20475,0,34575.4,36622.8,2047.4000000000015,estimated,True,0,0,0,0,0.10000000000000007,0.09999999999854481,2.910436350642183e-12,0.09999999999854481,0.10000000000582077,0.10000000000582077,10.00000000014552,exact,stable,2.910436350642181e-11,False,VERIFIED_FROM_FILE,
Synchronised V abd S datasets/Uncategorised IOVNB Dataset/V-Dataset/V-Vw10.csv,time_of_day_s,True,s,652,0,58062.4,58127.5,65.09999999999854,estimated,True,0,0,0,0,0.09999999999999777,0.09999999999854481,2.908705215701633e-12,0.09999999999854481,0.10000000000582077,0.10000000000582077,10.00000000014552,exact,stable,2.908705215701698e-11,False,VERIFIED_FROM_FILE,
Synchronised V abd S datasets/Uncategorised IOVNB Dataset/V-Dataset/V-Vw11.csv,time_of_day_s,True,s,4909,0,58134.0,58624.8,490.8000000000029,estimated,True,0,0,0,0,0.10000000000000059,0.09999999999854481,2.910827691985735e-12,0.09999999999854481,0.10000000000582077,0.10000000000582077,10.00000000014552,exact,stable,2.9108276919857176e-11,False,VERIFIED_FROM_FILE,
Synchronised V abd S datasets/Uncategorised IOVNB Dataset/V-Dataset/V-Vw12.csv,time_of_day_s,True,s,918,0,58636.2,58727.9,91.70000000000437,estimated,True,0,0,0,0,0.10000000000000477,0.09999999999854481,2.9139475045598577e-12,0.09999999999854481,0.10000000000582077,0.10000000000582077,10.00000000014552,exact,stable,2.913947504559719e-11,False,VERIFIED_FROM_FILE,
Synchronised V abd S datasets/Uncategorised IOVNB Dataset/V-Dataset/V-Vw13.csv,time_of_day_s,True,s,284,0,58825.1,58853.4,28.30000000000291,estimated,True,0,0,0,0,0.10000000000001029,0.09999999999854481,2.918067759727747e-12,0.09999999999854481,0.10000000000582077,0.10000000000582077,10.00000000014552,exact,stable,2.9180677597274466e-11,False,VERIFIED_FROM_FILE,
Synchronised V abd S datasets/Uncategorised IOVNB Dataset/V-Dataset/V-Vw14a.csv,time_of_day_s,True,s,3138,0,58870.1,59183.8,313.70000000000437,estimated,True,0,0,0,0,0.1000000000000014,0.09999999999854481,2.9114262559648383e-12,0.09999999999854481,0.10000000000582077,0.10000000000582077,10.00000000014552,exact,stable,2.911426255964798e-11,False,VERIFIED_FROM_FILE,
Synchronised V abd S datasets/Uncategorised IOVNB Dataset/V-Dataset/V-Vw14b.csv,time_of_day_s,True,s,19588,0,59185.1,61143.8,1958.7000000000044,estimated,True,0,0,0,0,0.10000000000000023,0.09999999999854481,1.0104877073876847e-05,0.09900000000197906,0.10099999999511056,0.10000000000582077,10.00000000014552,exact,stable,0.00010104877073876824,False,VERIFIED_FROM_FILE,
Synchronised V abd S datasets/Uncategorised IOVNB Dataset/V-Dataset/V-Vw14c.csv,time_of_day_s,True,s,15826,0,61147.0,62729.5,1582.5,estimated,True,0,0,0,0,0.1,0.09999999999854481,2.9103830456786644e-12,0.09999999999854481,0.10000000000582077,0.10000000000582077,10.00000000014552,exact,stable,2.910383045678664e-11,False,VERIFIED_FROM_FILE,
Synchronised V abd S datasets/Uncategorised IOVNB Dataset/V-Dataset/V-Vw15.csv,time_of_day_s,True,s,1391,0,62986.9,63125.9,139.0,estimated,True,0,0,0,0,0.1,0.09999999999854481,2.9103830456786644e-12,0.09999999999854481,0.10000000000582077,0.10000000000582077,10.00000000014552,exact,stable,2.910383045678664e-11,False,VERIFIED_FROM_FILE,
Synchronised V abd S datasets/Uncategorised IOVNB Dataset/V-Dataset/V-Vw16a.csv,time_of_day_s,True,s,5879,0,63143.8,63731.6,587.7999999999956,estimated,True,0,0,0,0,0.09999999999999926,0.09999999999854481,2.9098258746219857e-12,0.09999999999854481,0.10000000000582077,0.10000000000582077,10.00000000014552,exact,stable,2.9098258746220072e-11,False,VERIFIED_FROM_FILE,
Synchronised V abd S datasets/Uncategorised IOVNB Dataset/V-Dataset/V-Vw16b.csv,time_of_day_s,True,s,1126,0,63736.2,63848.7,112.5,estimated,True,0,0,0,0,0.1,0.09999999999854481,2.9103830456786644e-12,0.09999999999854481,0.10000000000582077,0.10000000000582077,10.00000000014552,exact,stable,2.910383045678664e-11,False,VERIFIED_FROM_FILE,
Synchronised V abd S datasets/Uncategorised IOVNB Dataset/V-Dataset/V-Vw17.csv,time_of_day_s,True,s,329,0,63853.1,63885.9,32.80000000000291,estimated,True,0,0,0,0,0.10000000000000887,0.09999999999854481,2.917016798568932e-12,0.09999999999854481,0.10000000000582077,0.10000000000582077,10.00000000014552,exact,stable,2.917016798568673e-11,False,VERIFIED_FROM_FILE,
Synchronised V abd S datasets/Uncategorised IOVNB Dataset/V-Dataset/V-Vw2.csv,time_of_day_s,True,s,52712,0,36944.8,42215.9,5271.0999999999985,estimated,True,0,0,0,0,0.09999999999999998,0.09999999999854481,6.159768233484157e-06,0.0989999999947031,0.10100000000238651,0.10000000000582077,10.00000000014552,exact,stable,6.159768233484158e-05,False,VERIFIED_FROM_FILE,
Synchronised V abd S datasets/Uncategorised IOVNB Dataset/V-Dataset/V-Vw3.csv,time_of_day_s,True,s,3861,0,42240.0,42626.0,386.0,estimated,True,0,0,0,0,0.1,0.09999999999854481,2.9103830456786644e-12,0.09999999999854481,0.10000000000582077,0.10000000000582077,10.00000000014552,exact,stable,2.910383045678664e-11,False,VERIFIED_FROM_FILE,
Synchronised V abd S datasets/Uncategorised IOVNB Dataset/V-Dataset/V-Vw4.csv,time_of_day_s,True,s,126527,0,44126.7,56779.3,12652.600000000006,estimated,True,0,0,0,0,0.10000000000000005,0.09999999999854481,5.622637761050504e-06,0.09900000000197906,0.10099999999511056,0.10000000000582077,10.00000000014552,exact,stable,5.622637761050501e-05,False,VERIFIED_FROM_FILE,
Synchronised V abd S datasets/Uncategorised IOVNB Dataset/V-Dataset/V-Vw5.csv,time_of_day_s,True,s,1012,0,56794.1,56895.2,101.09999999999854,estimated,True,0,0,0,0,0.09999999999999856,0.09999999999854481,2.9093029704015635e-12,0.09999999999854481,0.10000000000582077,0.10000000000582077,10.00000000014552,exact,stable,2.9093029704016053e-11,False,VERIFIED_FROM_FILE,
Synchronised V abd S datasets/Uncategorised IOVNB Dataset/V-Dataset/V-Vw6.csv,time_of_day_s,True,s,1281,0,56904.2,57032.2,128.0,estimated,True,0,0,0,0,0.1,0.09999999999854481,2.9103830456786644e-12,0.09999999999854481,0.10000000000582077,0.10000000000582077,10.00000000014552,exact,stable,2.910383045678664e-11,False,VERIFIED_FROM_FILE,
Synchronised V abd S datasets/Uncategorised IOVNB Dataset/V-Dataset/V-Vw7.csv,time_of_day_s,True,s,1602,0,57476.8,57636.9,160.09999999999854,estimated,True,0,0,0,0,0.09999999999999909,0.09999999999854481,2.9097011288874854e-12,0.09999999999854481,0.10000000000582077,0.10000000000582077,10.00000000014552,exact,stable,2.9097011288875117e-11,False,VERIFIED_FROM_FILE,
Synchronised V abd S datasets/Uncategorised IOVNB Dataset/V-Dataset/V-Vw8.csv,time_of_day_s,True,s,1529,0,57650.0,57802.8,152.8000000000029,estimated,True,0,0,0,0,0.1000000000000019,0.09999999999854481,2.91181059800818e-12,0.09999999999854481,0.10000000000582077,0.10000000000582077,10.00000000014552,exact,stable,2.911810598008124e-11,False,VERIFIED_FROM_FILE,
Synchronised V abd S datasets/Uncategorised IOVNB Dataset/V-Dataset/V-Vw9.csv,time_of_day_s,True,s,553,0,57839.9,57895.1,55.19999999999709,estimated,True,0,0,0,0,0.09999999999999473,0.09999999999854481,2.906421248607749e-12,0.09999999999854481,0.10000000000582077,0.10000000000582077,10.00000000014552,exact,stable,2.9064212486079022e-11,False,VERIFIED_FROM_FILE,
Synchronised V abd S datasets/Uncategorised IOVNB Dataset/V-Dataset/V-Y1.csv,time_of_day_s,True,s,70285,0,61959.9,69626.7,7666.799999999996,estimated,True,0,0,0,0,0.10908314836947236,0.09999999999854481,1.7379865677769202,0.09900000001653098,384.6000000000058,0.10000000000582077,10.00000000014552,exact,severely_irregular,15.932676987743665,False,VERIFIED_FROM_FILE,
Unsynchronised V and S Dataset/Categorised IOVNB (V) Dataset/V Dataset/M (Driver B)/V-M.csv,time_of_day_s,True,s,105995,0,29606.4,40205.8,10599.400000000001,estimated,False,0,1,1,0,0.10000094345853029,0.09999999999854481,0.00030718696599838126,0.0989999999947031,0.19999999999708962,0.10000000000582077,10.00000000014552,exact,stable,0.0030718406784408948,False,VERIFIED_FROM_FILE,
Unsynchronised V and S Dataset/Categorised IOVNB (V) Dataset/V Dataset/S (Driver A)/S1/V-S1.csv,time_of_day_s,True,s,51790,0,32864.7,38043.6,5178.9000000000015,estimated,True,0,0,0,0,0.10000000000000003,0.09999999999854481,6.214357544524959e-06,0.0989999999947031,0.10100000000238651,0.10000000000582077,10.00000000014552,exact,stable,6.214357544524957e-05,False,VERIFIED_FROM_FILE,
Unsynchronised V and S Dataset/Categorised IOVNB (V) Dataset/V Dataset/S (Driver A)/S2/V-S2.csv,time_of_day_s,True,s,93900,0,39824.4,49214.3,9389.900000000001,estimated,True,0,0,0,0,0.10000000000000002,0.09999999999854481,6.526788075129246e-06,0.09900000000197906,0.10100000000238651,0.10000000000582077,10.00000000014552,exact,stable,6.526788075129245e-05,False,VERIFIED_FROM_FILE,
Unsynchronised V and S Dataset/Categorised IOVNB (V) Dataset/V Dataset/S (Driver A)/S3a/V-S3a.csv,time_of_day_s,True,s,24660,0,66114.2,68580.1,2465.9000000000087,estimated,True,0,0,0,0,0.10000000000000035,0.10000000000582077,7.1288811334174845e-12,0.09999999999126885,0.10000000000582077,0.10000000000582077,9.999999999417923,exact,stable,7.12888113341746e-11,False,VERIFIED_FROM_FILE,
Unsynchronised V and S Dataset/Categorised IOVNB (V) Dataset/V Dataset/S (Driver A)/S3b/V-S3b.csv,time_of_day_s,True,s,6840,0,68580.2,69264.1,683.9000000000087,estimated,True,0,0,0,0,0.10000000000000128,0.10000000000582077,7.128692699604873e-12,0.09999999999126885,0.10000000000582077,0.10000000000582077,9.999999999417923,exact,stable,7.128692699604782e-11,False,VERIFIED_FROM_FILE,
Unsynchronised V and S Dataset/Categorised IOVNB (V) Dataset/V Dataset/S (Driver A)/S3c/V-S3c.csv,time_of_day_s,True,s,37220,0,69264.2,72986.1,3721.9000000000087,estimated,True,0,0,0,0,0.10000000000000024,0.10000000000582077,7.3304839326782075e-06,0.09900000000197906,0.10099999999511056,0.10000000000582077,9.999999999417923,exact,stable,7.330483932678189e-05,False,VERIFIED_FROM_FILE,
Unsynchronised V and S Dataset/Categorised IOVNB (V) Dataset/V Dataset/S (Driver A)/S4/V-S4.csv,time_of_day_s,True,s,97824,0,62172.8,71955.1,9782.300000000003,estimated,True,0,0,0,0,0.10000000000000003,0.09999999999854481,4.521624648311075e-06,0.09900000000197906,0.10099999999511056,0.10000000000582077,10.00000000014552,exact,stable,4.521624648311074e-05,False,VERIFIED_FROM_FILE,
Unsynchronised V and S Dataset/Categorised IOVNB (V) Dataset/V Dataset/St (Driver C)/St1/V-St1.csv,time_of_day_s,True,s,57213,0,35349.9,41071.1,5721.199999999997,estimated,True,0,0,0,0,0.09999999999999995,0.09999999999854481,2.910344892366041e-12,0.09999999999854481,0.10000000000582077,0.10000000000582077,10.00000000014552,exact,stable,2.9103448923660424e-11,False,VERIFIED_FROM_FILE,
Unsynchronised V and S Dataset/Categorised IOVNB (V) Dataset/V Dataset/St (Driver C)/St4/V-St4.csv,time_of_day_s,True,s,13591,0,45917.6,47276.6,1359.0,estimated,False,0,1,1,0,0.10000735889322246,0.09999999999854481,0.0008578083521397576,0.09999999999854481,0.20000000000436557,0.10000000000582077,10.00000000014552,exact,stable,0.008577452315840447,False,VERIFIED_FROM_FILE,
Unsynchronised V and S Dataset/Categorised IOVNB (V) Dataset/V Dataset/St (Driver C)/St6/V-St6.csv,time_of_day_s,True,s,51360,0,47933.7,53069.6,5135.9000000000015,estimated,True,0,0,0,0,0.10000000000000003,0.09999999999854481,2.910404295752082e-12,0.09999999999854481,0.10000000000582077,0.10000000000582077,10.00000000014552,exact,stable,2.910404295752081e-11,False,VERIFIED_FROM_FILE,
Unsynchronised V and S Dataset/Categorised IOVNB (V) Dataset/V Dataset/St (Driver C)/St7/V-St7.csv,time_of_day_s,True,s,44427,0,63257.9,67767.6,4509.700000000004,estimated,False,0,450,450,0,0.10254911770056405,0.09999999999854481,0.056625002365497584,0.09900000000197906,5.100000000005821,0.10000000000582077,10.00000000014552,exact,irregular,0.5521744470863071,False,VERIFIED_FROM_FILE,
Unsynchronised V and S Dataset/Categorised IOVNB (V) Dataset/V Dataset/Vf (Driver E)/V-Vfa01/V-Vfa01.csv,time_of_day_s,True,s,11535,0,33622.0,34775.4,1153.4000000000015,estimated,True,0,0,0,0,0.10000000000000013,0.09999999999854481,2.9104776654407343e-12,0.09999999999854481,0.10000000000582077,0.10000000000582077,10.00000000014552,exact,stable,2.9104776654407307e-11,False,VERIFIED_FROM_FILE,
Unsynchronised V and S Dataset/Categorised IOVNB (V) Dataset/V Dataset/Vf (Driver E)/V-Vfa02/V-Vfa02.csv,time_of_day_s,True,s,67755,0,35829.9,42605.3,6775.4000000000015,estimated,True,0,0,0,0,0.10000000000000002,0.09999999999854481,5.43309786606368e-06,0.09900000000197906,0.10100000000238651,0.10000000000582077,10.00000000014552,exact,stable,5.433097866063679e-05,False,VERIFIED_FROM_FILE,
Unsynchronised V and S Dataset/Categorised IOVNB (V) Dataset/V Dataset/Vf (Driver E)/V-Vfb01a/V-Vfb01a.csv,time_of_day_s,True,s,17000,0,59124.2,60824.1,1699.9000000000015,estimated,True,0,0,0,0,0.10000000000000009,0.09999999999854481,1.0846841883136452e-05,0.09900000000197906,0.10099999999511056,0.10000000000582077,10.00000000014552,exact,stable,0.00010846841883136443,False,VERIFIED_FROM_FILE,
Unsynchronised V and S Dataset/Categorised IOVNB (V) Dataset/V Dataset/Vf (Driver E)/V-Vfb01b/V-Vfb01b.csv,time_of_day_s,True,s,3880,0,60824.2,61212.1,387.90000000000146,estimated,True,0,0,0,0,0.10000000000000038,0.09999999999854481,2.9106643674398654e-12,0.09999999999854481,0.10000000000582077,0.10000000000582077,10.00000000014552,exact,stable,2.910664367439854e-11,False,VERIFIED_FROM_FILE,
Unsynchronised V and S Dataset/Categorised IOVNB (V) Dataset/V Dataset/Vf (Driver E)/V-Vfb01c/V-Vfb01c.csv,time_of_day_s,True,s,6320,0,61212.2,61844.1,631.9000000000015,estimated,True,0,0,0,0,0.10000000000000023,0.09999999999854481,2.9105557476355455e-12,0.09999999999854481,0.10000000000582077,0.10000000000582077,10.00000000014552,exact,stable,2.9105557476355386e-11,False,VERIFIED_FROM_FILE,
Unsynchronised V and S Dataset/Categorised IOVNB (V) Dataset/V Dataset/Vf (Driver E)/V-Vfb01d/V-Vfb01d.csv,time_of_day_s,True,s,10713,0,61844.2,62915.4,1071.2000000000044,estimated,True,0,0,0,0,0.10000000000000041,0.09999999999854481,2.910688656520115e-12,0.09999999999854481,0.10000000000582077,0.10000000000582077,10.00000000014552,exact,stable,2.910688656520103e-11,False,VERIFIED_FROM_FILE,
Unsynchronised V and S Dataset/Categorised IOVNB (V) Dataset/V Dataset/Vf (Driver E)/V-Vfb02a/V-Vfb02a.csv,time_of_day_s,True,s,35960,0,64933.4,68529.3,3595.9000000000015,estimated,True,0,0,0,0,0.10000000000000005,0.10000000000582077,7.457807862277386e-06,0.09900000001653098,0.10099999999511056,0.10000000000582077,9.999999999417923,exact,stable,7.457807862277382e-05,False,VERIFIED_FROM_FILE,
Unsynchronised V and S Dataset/Categorised IOVNB (V) Dataset/V Dataset/Vf (Driver E)/V-Vfb02b/V-Vfb02b.csv,time_of_day_s,True,s,11000,0,68529.4,69629.3,1099.9000000000087,estimated,True,0,0,0,0,0.1000000000000008,0.10000000000582077,7.128791335510054e-12,0.09999999999126885,0.10000000000582077,0.10000000000582077,9.999999999417923,exact,stable,7.128791335509997e-11,False,VERIFIED_FROM_FILE,
Unsynchronised V and S Dataset/Categorised IOVNB (V) Dataset/V Dataset/Vf (Driver E)/V-Vfb02c/V-Vfb02c.csv,time_of_day_s,True,s,640,0,69629.4,69693.3,63.90000000000873,estimated,True,0,0,0,0,0.10000000000001366,0.10000000000582077,7.126150667198494e-12,0.09999999999126885,0.10000000000582077,0.10000000000582077,9.999999999417923,exact,stable,7.126150667197521e-11,False,VERIFIED_FROM_FILE,
Unsynchronised V and S Dataset/Categorised IOVNB (V) Dataset/V Dataset/Vf (Driver E)/V-Vfb02d/V-Vfb02d.csv,time_of_day_s,True,s,880,0,69693.4,69781.3,87.90000000000873,estimated,True,0,0,0,0,0.10000000000000993,0.10000000000582077,7.126918632588103e-12,0.09999999999126885,0.10000000000582077,0.10000000000582077,9.999999999417923,exact,stable,7.126918632587395e-11,False,VERIFIED_FROM_FILE,
Unsynchronised V and S Dataset/Categorised IOVNB (V) Dataset/V Dataset/Vf (Driver E)/V-Vfb02e/V-Vfb02e.csv,time_of_day_s,True,s,980,0,69781.4,69879.3,97.90000000000873,estimated,True,0,0,0,0,0.10000000000000892,0.10000000000582077,7.127127137280755e-12,0.09999999999126885,0.10000000000582077,0.10000000000582077,9.999999999417923,exact,stable,7.12712713728012e-11,False,VERIFIED_FROM_FILE,
Unsynchronised V and S Dataset/Categorised IOVNB (V) Dataset/V Dataset/Vf (Driver E)/V-Vfb02f/V-Vfb02f.csv,time_of_day_s,True,s,660,0,69879.4,69945.3,65.90000000000873,estimated,True,0,0,0,0,0.10000000000001324,0.10000000000582077,7.126236129627624e-12,0.09999999999126885,0.10000000000582077,0.10000000000582077,9.999999999417923,exact,stable,7.12623612962668e-11,False,VERIFIED_FROM_FILE,
Unsynchronised V and S Dataset/Categorised IOVNB (V) Dataset/V Dataset/Vf (Driver E)/V-Vfb02g/V-Vfb02g.csv,time_of_day_s,True,s,27159,0,69945.4,72661.2,2715.800000000003,estimated,True,0,0,0,0,0.1000000000000001,0.10000000000582077,7.128931542175578e-12,0.09999999999126885,0.10000000000582077,0.10000000000582077,9.999999999417923,exact,stable,7.128931542175571e-11,False,VERIFIED_FROM_FILE,
Unsynchronised V and S Dataset/Categorised IOVNB (V) Dataset/V Dataset/Vta (Driver E)/Vta01a/V-Vta1a.csv,time_of_day_s,True,s,25821,0,38506.6,41088.6,2582.0,estimated,True,0,0,0,0,0.1,0.09999999999854481,2.9103830456786644e-12,0.09999999999854481,0.10000000000582077,0.10000000000582077,10.00000000014552,exact,stable,2.910383045678664e-11,False,VERIFIED_FROM_FILE,
Unsynchronised V and S Dataset/Categorised IOVNB (V) Dataset/V Dataset/Vta (Driver E)/Vta01b/V-Vta1b.csv,time_of_day_s,True,s,956,0,41088.7,41184.2,95.5,estimated,True,0,0,0,0,0.1,0.09999999999854481,2.9103830456786644e-12,0.09999999999854481,0.10000000000582077,0.10000000000582077,10.00000000014552,exact,stable,2.910383045678664e-11,False,VERIFIED_FROM_FILE,
Unsynchronised V and S Dataset/Categorised IOVNB (V) Dataset/V Dataset/Vta (Driver E)/Vta02/V-Vta2.csv,time_of_day_s,True,s,10995,0,41190.0,42289.4,1099.4000000000015,estimated,True,0,0,0,0,0.10000000000000013,0.09999999999854481,2.9104823127232843e-12,0.09999999999854481,0.10000000000582077,0.10000000000582077,10.00000000014552,exact,stable,2.9104823127232806e-11,False,VERIFIED_FROM_FILE,
Unsynchronised V and S Dataset/Categorised IOVNB (V) Dataset/V Dataset/Vta (Driver E)/Vta03/V-Vta3.csv,time_of_day_s,True,s,875,0,42351.1,42438.5,87.40000000000146,estimated,True,0,0,0,0,0.10000000000000167,0.09999999999854481,2.91163103599814e-12,0.09999999999854481,0.10000000000582077,0.10000000000582077,10.00000000014552,exact,stable,2.911631035998091e-11,False,VERIFIED_FROM_FILE,
Unsynchronised V and S Dataset/Categorised IOVNB (V) Dataset/V Dataset/Vta (Driver E)/Vta04/V-Vta4.csv,time_of_day_s,True,s,1809,0,42443.3,42624.1,180.79999999999563,estimated,True,0,0,0,0,0.09999999999999759,0.09999999999854481,2.90857053888421e-12,0.09999999999854481,0.10000000000582077,0.10000000000582077,10.00000000014552,exact,stable,2.90857053888428e-11,False,VERIFIED_FROM_FILE,
Unsynchronised V and S Dataset/Categorised IOVNB (V) Dataset/V Dataset/Vta (Driver E)/Vta05/V-Vta5.csv,time_of_day_s,True,s,357,0,42628.7,42664.3,35.60000000000582,estimated,True,0,0,0,0,0.10000000000001635,0.09999999999854481,2.922574432883577e-12,0.09999999999854481,0.10000000000582077,0.10000000000582077,10.00000000014552,exact,stable,2.9225744328830994e-11,False,VERIFIED_FROM_FILE,
Unsynchronised V and S Dataset/Categorised IOVNB (V) Dataset/V Dataset/Vta (Driver E)/Vta06/V-Vta6.csv,time_of_day_s,True,s,1393,0,42668.1,42807.3,139.20000000000437,estimated,True,0,0,0,0,0.10000000000000314,0.09999999999854481,2.9127325490350293e-12,0.09999999999854481,0.10000000000582077,0.10000000000582077,10.00000000014552,exact,stable,2.912732549034938e-11,False,VERIFIED_FROM_FILE,
Unsynchronised V and S Dataset/Categorised IOVNB (V) Dataset/V Dataset/Vta (Driver E)/Vta07/V-Vta7.csv,time_of_day_s,True,s,857,0,42812.1,42897.7,85.59999999999854,estimated,True,0,0,0,0,0.0999999999999983,0.09999999999854481,2.9091072769916073e-12,0.09999999999854481,0.10000000000582077,0.10000000000582077,10.00000000014552,exact,stable,2.9091072769916568e-11,False,VERIFIED_FROM_FILE,
Unsynchronised V and S Dataset/Categorised IOVNB (V) Dataset/V Dataset/Vta (Driver E)/Vta08/V-Vta8.csv,time_of_day_s,True,s,3697,0,42902.0,43271.6,369.59999999999854,estimated,True,0,0,0,0,0.0999999999999996,0.09999999999854481,2.9100877135715237e-12,0.09999999999854481,0.10000000000582077,0.10000000000582077,10.00000000014552,exact,stable,2.9100877135715352e-11,False,VERIFIED_FROM_FILE,
Unsynchronised V and S Dataset/Categorised IOVNB (V) Dataset/V Dataset/Vta (Driver E)/Vta09/V-Vta9.csv,time_of_day_s,True,s,226,0,43276.2,43298.7,22.5,estimated,True,0,0,0,0,0.1,0.09999999999854481,2.9103830456786644e-12,0.09999999999854481,0.10000000000582077,0.10000000000582077,10.00000000014552,exact,stable,2.910383045678664e-11,False,VERIFIED_FROM_FILE,
Unsynchronised V and S Dataset/Categorised IOVNB (V) Dataset/V Dataset/Vta (Driver E)/Vta10/V-Vta10.csv,time_of_day_s,True,s,1570,0,43303.2,43460.1,156.90000000000146,estimated,True,0,0,0,0,0.10000000000000092,0.09999999999854481,2.911078413071436e-12,0.09999999999854481,0.10000000000582077,0.10000000000582077,10.00000000014552,exact,stable,2.911078413071409e-11,False,VERIFIED_FROM_FILE,
Unsynchronised V and S Dataset/Categorised IOVNB (V) Dataset/V Dataset/Vta (Driver E)/Vta11/V-Vta11.csv,time_of_day_s,True,s,589,0,43464.1,43522.9,58.80000000000291,estimated,True,0,0,0,0,0.10000000000000495,0.09999999999854481,2.9140887009589917e-12,0.09999999999854481,0.10000000000582077,0.10000000000582077,10.00000000014552,exact,stable,2.9140887009588475e-11,False,VERIFIED_FROM_FILE,
Unsynchronised V and S Dataset/Categorised IOVNB (V) Dataset/V Dataset/Vta (Driver E)/Vta12/V-Vta12.csv,time_of_day_s,True,s,690,0,43527.2,43596.1,68.90000000000146,estimated,True,0,0,0,0,0.10000000000000211,0.09999999999854481,2.9119658745244998e-12,0.09999999999854481,0.10000000000582077,0.10000000000582077,10.00000000014552,exact,stable,2.911965874524438e-11,False,VERIFIED_FROM_FILE,
Unsynchronised V and S Dataset/Categorised IOVNB (V) Dataset/V Dataset/Vta (Driver E)/Vta13/V-Vta13.csv,time_of_day_s,True,s,473,0,43600.1,43647.3,47.200000000004366,estimated,True,0,0,0,0,0.10000000000000925,0.09999999999854481,2.91729696065017e-12,0.09999999999854481,0.10000000000582077,0.10000000000582077,10.00000000014552,exact,stable,2.9172969606499006e-11,False,VERIFIED_FROM_FILE,
Unsynchronised V and S Dataset/Categorised IOVNB (V) Dataset/V Dataset/Vta (Driver E)/Vta14/V-Vta14.csv,time_of_day_s,True,s,2893,0,43651.1,43940.3,289.20000000000437,estimated,True,0,0,0,0,0.1000000000000015,0.09999999999854481,2.911514585314224e-12,0.09999999999854481,0.10000000000582077,0.10000000000582077,10.00000000014552,exact,stable,2.91151458531418e-11,False,VERIFIED_FROM_FILE,
Unsynchronised V and S Dataset/Categorised IOVNB (V) Dataset/V Dataset/Vta (Driver E)/Vta15/V-Vta15.csv,time_of_day_s,True,s,869,0,43945.3,44032.1,86.79999999999563,estimated,True,0,0,0,0,0.09999999999999497,0.09999999999854481,2.906604148802361e-12,0.09999999999854481,0.10000000000582077,0.10000000000582077,10.00000000014552,exact,stable,2.9066041488025073e-11,False,VERIFIED_FROM_FILE,
Unsynchronised V and S Dataset/Categorised IOVNB (V) Dataset/V Dataset/Vta (Driver E)/Vta16/V-Vta16.csv,time_of_day_s,True,s,11361,0,44036.4,45172.4,1136.0,estimated,True,0,0,0,0,0.1,0.09999999999854481,1.3268622313560374e-05,0.09900000000197906,0.10100000000238651,0.10000000000582077,10.00000000014552,exact,stable,0.00013268622313560374,False,VERIFIED_FROM_FILE,
Unsynchronised V and S Dataset/Categorised IOVNB (V) Dataset/V Dataset/Vta (Driver E)/Vta17/V-Vta17.csv,time_of_day_s,True,s,4594,0,45177.5,45636.8,459.3000000000029,estimated,True,0,0,0,0,0.10000000000000063,0.09999999999854481,2.91085818008038e-12,0.09999999999854481,0.10000000000582077,0.10000000000582077,10.00000000014552,exact,stable,2.910858180080362e-11,False,VERIFIED_FROM_FILE,
Unsynchronised V and S Dataset/Categorised IOVNB (V) Dataset/V Dataset/Vta (Driver E)/Vta19/V-Vta19.csv,time_of_day_s,True,s,310,0,45655.2,45686.1,30.900000000001455,estimated,True,0,0,0,0,0.10000000000000471,0.09999999999854481,2.91390911776803e-12,0.09999999999854481,0.10000000000582077,0.10000000000582077,10.00000000014552,exact,stable,2.9139091177678926e-11,False,VERIFIED_FROM_FILE,
Unsynchronised V and S Dataset/Categorised IOVNB (V) Dataset/V Dataset/Vta (Driver E)/Vta20/V-Vta20.csv,time_of_day_s,True,s,3223,0,45715.0,46037.2,322.1999999999971,estimated,True,0,0,0,0,0.0999999999999991,0.09999999999854481,2.909705363142567e-12,0.09999999999854481,0.10000000000582077,0.10000000000582077,10.00000000014552,exact,stable,2.909705363142593e-11,False,VERIFIED_FROM_FILE,
Unsynchronised V and S Dataset/Categorised IOVNB (V) Dataset/V Dataset/Vta (Driver E)/Vta21/V-Vta21.csv,time_of_day_s,True,s,2088,0,46042.9,46251.6,208.6999999999971,estimated,True,0,0,0,0,0.0999999999999986,0.09999999999854481,2.9093366263387804e-12,0.09999999999854481,0.10000000000582077,0.10000000000582077,10.00000000014552,exact,stable,2.909336626338821e-11,False,VERIFIED_FROM_FILE,
Unsynchronised V and S Dataset/Categorised IOVNB (V) Dataset/V Dataset/Vta (Driver E)/Vta22/V-Vta22.csv,time_of_day_s,True,s,1572,0,46256.3,46413.4,157.09999999999854,estimated,True,0,0,0,0,0.09999999999999908,0.09999999999854481,2.909688102607199e-12,0.09999999999854481,0.10000000000582077,0.10000000000582077,10.00000000014552,exact,stable,2.909688102607226e-11,False,VERIFIED_FROM_FILE,
Unsynchronised V and S Dataset/Categorised IOVNB (V) Dataset/V Dataset/Vta (Driver E)/Vta23/V-Vta23.csv,time_of_day_s,True,s,1119,0,46418.3,46530.1,111.79999999999563,estimated,True,0,0,0,0,0.09999999999999609,0.09999999999854481,2.9074503430946893e-12,0.09999999999854481,0.10000000000582077,0.10000000000582077,10.00000000014552,exact,stable,2.907450343094803e-11,False,VERIFIED_FROM_FILE,
Unsynchronised V and S Dataset/Categorised IOVNB (V) Dataset/V Dataset/Vta (Driver E)/Vta24/V-Vta24.csv,time_of_day_s,True,s,1184,0,46534.6,46652.9,118.30000000000291,estimated,True,0,0,0,0,0.10000000000000246,0.09999999999854481,2.9122265507393004e-12,0.09999999999854481,0.10000000000582077,0.10000000000582077,10.00000000014552,exact,stable,2.9122265507392285e-11,False,VERIFIED_FROM_FILE,
Unsynchronised V and S Dataset/Categorised IOVNB (V) Dataset/V Dataset/Vta (Driver E)/Vta25/V-Vta25.csv,time_of_day_s,True,s,646,0,46657.6,46722.1,64.5,estimated,True,0,0,0,0,0.1,0.09999999999854481,2.9103830456786644e-12,0.09999999999854481,0.10000000000582077,0.10000000000582077,10.00000000014552,exact,stable,2.910383045678664e-11,False,VERIFIED_FROM_FILE,
Unsynchronised V and S Dataset/Categorised IOVNB (V) Dataset/V Dataset/Vta (Driver E)/Vta26/V-Vta26.csv,time_of_day_s,True,s,1947,0,46726.5,46921.1,194.59999999999854,estimated,True,0,0,0,0,0.09999999999999926,0.09999999999854481,2.9098220560551004e-12,0.09999999999854481,0.10000000000582077,0.10000000000582077,10.00000000014552,exact,stable,2.909822056055122e-11,False,VERIFIED_FROM_FILE,
Unsynchronised V and S Dataset/Categorised IOVNB (V) Dataset/V Dataset/Vta (Driver E)/Vta27/V-Vta27.csv,time_of_day_s,True,s,2853,0,46925.6,47210.8,285.20000000000437,estimated,True,0,0,0,0,0.10000000000000153,0.09999999999854481,2.9115304467385614e-12,0.09999999999854481,0.10000000000582077,0.10000000000582077,10.00000000014552,exact,stable,2.9115304467385166e-11,False,VERIFIED_FROM_FILE,
Unsynchronised V and S Dataset/Categorised IOVNB (V) Dataset/V Dataset/Vta (Driver E)/Vta28/V-Vta28.csv,time_of_day_s,True,s,4219,0,47215.5,47637.3,421.8000000000029,estimated,True,0,0,0,0,0.10000000000000069,0.09999999999854481,2.9109004113297546e-12,0.09999999999854481,0.10000000000582077,0.10000000000582077,10.00000000014552,exact,stable,2.910900411329735e-11,False,VERIFIED_FROM_FILE,
Unsynchronised V and S Dataset/Categorised IOVNB (V) Dataset/V Dataset/Vta (Driver E)/Vta29/V-Vta29.csv,time_of_day_s,True,s,23737,0,48443.1,50816.7,2373.5999999999985,estimated,True,0,0,0,0,0.09999999999999994,0.09999999999854481,9.179335243795931e-06,0.09900000000197906,0.10100000000238651,0.10000000000582077,10.00000000014552,exact,stable,9.179335243795937e-05,False,VERIFIED_FROM_FILE,
Unsynchronised V and S Dataset/Categorised IOVNB (V) Dataset/V Dataset/Vta (Driver E)/Vta30/V-Vta30.csv,time_of_day_s,True,s,17179,0,50821.6,52539.4,1717.800000000003,estimated,True,0,0,0,0,0.10000000000000017,0.09999999999854481,2.9105101067368008e-12,0.09999999999854481,0.10000000000582077,0.10000000000582077,10.00000000014552,exact,stable,2.910510106736796e-11,False,VERIFIED_FROM_FILE,
Unsynchronised V and S Dataset/Categorised IOVNB (V) Dataset/V Dataset/Vtb (Driver E)/Vtb01/V-Vtb1.csv,time_of_day_s,True,s,32459,0,53857.8,57103.6,3245.7999999999956,estimated,True,0,0,0,0,0.09999999999999987,0.09999999999854481,7.849719173107635e-06,0.09900000000197906,0.10100000000238651,0.10000000000582077,10.00000000014552,exact,stable,7.849719173107645e-05,False,VERIFIED_FROM_FILE,
Unsynchronised V and S Dataset/Categorised IOVNB (V) Dataset/V Dataset/Vtb (Driver E)/Vtb02/V-Vtb2.csv,time_of_day_s,True,s,5712,0,57981.4,58552.5,571.0999999999985,estimated,False,0,1,1,0,0.10001751313485088,0.09999999999854481,0.0013232561260465,0.09999999999854481,0.19999999999708962,0.10000000000582077,10.00000000014552,exact,stable,0.013230244229951907,False,VERIFIED_FROM_FILE,
Unsynchronised V and S Dataset/Categorised IOVNB (V) Dataset/V Dataset/Vtb (Driver E)/Vtb03/V-Vtb3.csv,time_of_day_s,True,s,8289,0,58558.3,59387.1,828.7999999999956,estimated,True,0,0,0,0,0.09999999999999948,0.09999999999854481,2.909987920402806e-12,0.09999999999854481,0.10000000000582077,0.10000000000582077,10.00000000014552,exact,stable,2.909987920402821e-11,False,VERIFIED_FROM_FILE,
Unsynchronised V and S Dataset/Categorised IOVNB (V) Dataset/V Dataset/Vtb (Driver E)/Vtb04/V-Vtb4.csv,time_of_day_s,True,s,625,0,59392.0,59454.4,62.400000000001455,estimated,True,0,0,0,0,0.10000000000000234,0.09999999999854481,2.9121306149673634e-12,0.09999999999854481,0.10000000000582077,0.10000000000582077,10.00000000014552,exact,stable,2.912130614967295e-11,False,VERIFIED_FROM_FILE,
Unsynchronised V and S Dataset/Categorised IOVNB (V) Dataset/V Dataset/Vtb (Driver E)/Vtb05/V-Vtb5.csv,time_of_day_s,True,s,64610,0,59459.3,65920.2,6460.899999999994,estimated,True,0,0,0,0,0.09999999999999991,0.09999999999854481,5.563761286868395e-06,0.09900000000197906,0.10100000000238651,0.10000000000582077,10.00000000014552,exact,stable,5.5637612868684e-05,False,VERIFIED_FROM_FILE,
Unsynchronised V and S Dataset/Categorised IOVNB (V) Dataset/V Dataset/Vtb (Driver E)/Vtb06/V-Vtb6.csv,time_of_day_s,True,s,508,0,65926.0,65976.7,50.69999999999709,estimated,True,0,0,0,0,0.09999999999999426,0.10000000000582077,7.1301227652338666e-12,0.09999999999126885,0.10000000000582077,0.10000000000582077,9.999999999417923,exact,stable,7.130122765234276e-11,False,VERIFIED_FROM_FILE,
Unsynchronised V and S Dataset/Categorised IOVNB (V) Dataset/V Dataset/Vtb (Driver E)/Vtb07/V-Vtb7.csv,time_of_day_s,True,s,461,0,65981.2,66027.2,46.0,estimated,True,0,0,0,0,0.1,0.10000000000582077,7.128953417949148e-12,0.09999999999126885,0.10000000000582077,0.10000000000582077,9.999999999417923,exact,stable,7.128953417949147e-11,False,VERIFIED_FROM_FILE,
Unsynchronised V and S Dataset/Categorised IOVNB (V) Dataset/V Dataset/Vtb (Driver E)/Vtb08/V-Vtb8.csv,time_of_day_s,True,s,699,0,66032.0,66101.8,69.80000000000291,estimated,True,0,0,0,0,0.10000000000000417,0.10000000000582077,7.1281010309308e-12,0.09999999999126885,0.10000000000582077,0.10000000000582077,9.999999999417923,exact,stable,7.128101030930502e-11,False,VERIFIED_FROM_FILE,
Unsynchronised V and S Dataset/Categorised IOVNB (V) Dataset/V Dataset/Vtb (Driver E)/Vtb09/V-Vtb9.csv,time_of_day_s,True,s,457,0,66106.6,66152.2,45.59999999999127,estimated,True,0,0,0,0,0.09999999999998085,0.10000000000582077,7.132835065358458e-12,0.09999999999126885,0.10000000000582077,0.10000000000582077,9.999999999417923,exact,stable,7.132835065359823e-11,False,VERIFIED_FROM_FILE,
Unsynchronised V and S Dataset/Categorised IOVNB (V) Dataset/V Dataset/Vtb (Driver E)/Vtb10/V-Vtb10.csv,time_of_day_s,True,s,195,0,66156.9,66176.3,19.40000000000873,estimated,True,0,0,0,0,0.10000000000004501,0.10000000000582077,7.119618446642111e-12,0.09999999999126885,0.10000000000582077,0.10000000000582077,9.999999999417923,exact,stable,7.119618446638907e-11,False,VERIFIED_FROM_FILE,
Unsynchronised V and S Dataset/Categorised IOVNB (V) Dataset/V Dataset/Vtb (Driver E)/Vtb11/V-Vtb11.csv,time_of_day_s,True,s,433,0,66180.9,66224.1,43.20000000001164,estimated,True,0,0,0,0,0.10000000000002694,0.10000000000582077,7.123399586185279e-12,0.09999999999126885,0.10000000000582077,0.10000000000582077,9.999999999417923,exact,stable,7.12339958618336e-11,False,VERIFIED_FROM_FILE,
Unsynchronised V and S Dataset/Categorised IOVNB (V) Dataset/V Dataset/Vtb (Driver E)/Vtb12/V-Vtb12.csv,time_of_day_s,True,s,490,0,66228.9,66277.8,48.90000000000873,estimated,True,0,0,0,0,0.10000000000001785,0.10000000000582077,7.125285455250126e-12,0.09999999999126885,0.10000000000582077,0.10000000000582077,9.999999999417923,exact,stable,7.125285455248854e-11,False,VERIFIED_FROM_FILE,
Unsynchronised V and S Dataset/Categorised IOVNB (V) Dataset/V Dataset/Vtb (Driver E)/Vtb13/V-Vtb13.csv,time_of_day_s,True,s,1245,0,67192.6,67317.0,124.39999999999418,estimated,True,0,0,0,0,0.09999999999999531,0.10000000000582077,7.129906930291503e-12,0.09999999999126885,0.10000000000582077,0.10000000000582077,9.999999999417923,exact,stable,7.129906930291836e-11,False,VERIFIED_FROM_FILE,
Unsynchronised V and S Dataset/Categorised IOVNB (V) Dataset/V Dataset/Vw (Driver E)/Vw01/V-Vw1.csv,time_of_day_s,True,s,20475,0,34575.4,36622.8,2047.4000000000015,estimated,True,0,0,0,0,0.10000000000000007,0.09999999999854481,2.910436350642183e-12,0.09999999999854481,0.10000000000582077,0.10000000000582077,10.00000000014552,exact,stable,2.910436350642181e-11,False,VERIFIED_FROM_FILE,
Unsynchronised V and S Dataset/Categorised IOVNB (V) Dataset/V Dataset/Vw (Driver E)/Vw02/V-Vw2.csv,time_of_day_s,True,s,52712,0,36944.8,42215.9,5271.0999999999985,estimated,True,0,0,0,0,0.09999999999999998,0.09999999999854481,6.159768233484157e-06,0.0989999999947031,0.10100000000238651,0.10000000000582077,10.00000000014552,exact,stable,6.159768233484158e-05,False,VERIFIED_FROM_FILE,
Unsynchronised V and S Dataset/Categorised IOVNB (V) Dataset/V Dataset/Vw (Driver E)/Vw03/V-Vw3.csv,time_of_day_s,True,s,3941,0,42232.0,42626.0,394.0,estimated,True,0,0,0,0,0.1,0.09999999999854481,2.9103830456786644e-12,0.09999999999854481,0.10000000000582077,0.10000000000582077,10.00000000014552,exact,stable,2.910383045678664e-11,False,VERIFIED_FROM_FILE,
Unsynchronised V and S Dataset/Categorised IOVNB (V) Dataset/V Dataset/Vw (Driver E)/Vw04/V-Vw4.csv,time_of_day_s,True,s,126573,0,44122.1,56779.3,12657.200000000004,estimated,True,0,0,0,0,0.10000000000000003,0.09999999999854481,5.621615951958631e-06,0.09900000000197906,0.10099999999511056,0.10000000000582077,10.00000000014552,exact,stable,5.6216159519586287e-05,False,VERIFIED_FROM_FILE,
Unsynchronised V and S Dataset/Categorised IOVNB (V) Dataset/V Dataset/Vw (Driver E)/Vw05/V-Vw5.csv,time_of_day_s,True,s,1050,0,56790.4,56895.3,104.90000000000146,estimated,True,0,0,0,0,0.1000000000000014,0.09999999999854481,2.911422942680503e-12,0.09999999999854481,0.10000000000582077,0.10000000000582077,10.00000000014552,exact,stable,2.911422942680463e-11,False,VERIFIED_FROM_FILE,
Unsynchronised V and S Dataset/Categorised IOVNB (V) Dataset/V Dataset/Vw (Driver E)/Vw06/V-Vw6.csv,time_of_day_s,True,s,1288,0,56903.6,57032.3,128.70000000000437,estimated,True,0,0,0,0,0.10000000000000339,0.09999999999854481,2.91292400086507e-12,0.09999999999854481,0.10000000000582077,0.10000000000582077,10.00000000014552,exact,stable,2.912924000864971e-11,False,VERIFIED_FROM_FILE,
Unsynchronised V and S Dataset/Categorised IOVNB (V) Dataset/V Dataset/Vw (Driver E)/Vw07/V-Vw7.csv,time_of_day_s,True,s,1689,0,57468.2,57637.0,168.8000000000029,estimated,True,0,0,0,0,0.10000000000000173,0.09999999999854481,2.911675368471532e-12,0.09999999999854481,0.10000000000582077,0.10000000000582077,10.00000000014552,exact,stable,2.9116753684714816e-11,False,VERIFIED_FROM_FILE,
Unsynchronised V and S Dataset/Categorised IOVNB (V) Dataset/V Dataset/Vw (Driver E)/Vw08/V-Vw8.csv,time_of_day_s,True,s,1599,0,57643.1,57802.9,159.8000000000029,estimated,True,0,0,0,0,0.10000000000000182,0.09999999999854481,2.9117481051783115e-12,0.09999999999854481,0.10000000000582077,0.10000000000582077,10.00000000014552,exact,stable,2.9117481051782584e-11,False,VERIFIED_FROM_FILE,
Unsynchronised V and S Dataset/Categorised IOVNB (V) Dataset/V Dataset/Vw (Driver E)/Vw09/V-Vw9.csv,time_of_day_s,True,s,601,0,57835.1,57895.1,60.0,estimated,True,0,0,0,0,0.1,0.09999999999854481,2.9103830456786644e-12,0.09999999999854481,0.10000000000582077,0.10000000000582077,10.00000000014552,exact,stable,2.910383045678664e-11,False,VERIFIED_FROM_FILE,
Unsynchronised V and S Dataset/Categorised IOVNB (V) Dataset/V Dataset/Vw (Driver E)/Vw10/V-Vw10.csv,time_of_day_s,True,s,670,0,58060.7,58127.6,66.90000000000146,estimated,True,0,0,0,0,0.10000000000000217,0.09999999999854481,2.9120131569485046e-12,0.09999999999854481,0.10000000000582077,0.10000000000582077,10.00000000014552,exact,stable,2.912013156948441e-11,False,VERIFIED_FROM_FILE,
Unsynchronised V and S Dataset/Categorised IOVNB (V) Dataset/V Dataset/Vw (Driver E)/Vw11/V-Vw10.csv,time_of_day_s,True,s,670,0,58060.7,58127.6,66.90000000000146,estimated,True,0,0,0,0,0.10000000000000217,0.09999999999854481,2.9120131569485046e-12,0.09999999999854481,0.10000000000582077,0.10000000000582077,10.00000000014552,exact,stable,2.912013156948441e-11,False,VERIFIED_FROM_FILE,
Unsynchronised V and S Dataset/Categorised IOVNB (V) Dataset/V Dataset/Vw (Driver E)/Vw12/V-Vw12.csv,time_of_day_s,True,s,1069,0,58630.2,58737.0,106.80000000000291,estimated,True,0,0,0,0,0.10000000000000273,0.09999999999854481,2.912424861975421e-12,0.09999999999854481,0.10000000000582077,0.10000000000582077,10.00000000014552,exact,stable,2.912424861975342e-11,False,VERIFIED_FROM_FILE,
Unsynchronised V and S Dataset/Categorised IOVNB (V) Dataset/V Dataset/Vw (Driver E)/Vw13/V-Vw13.csv,time_of_day_s,True,s,297,0,58823.8,58853.4,29.599999999998545,estimated,True,0,0,0,0,0.09999999999999508,0.09999999999854481,2.9066894089678124e-12,0.09999999999854481,0.10000000000582077,0.10000000000582077,10.00000000014552,exact,stable,2.9066894089679555e-11,False,VERIFIED_FROM_FILE,
Unsynchronised V and S Dataset/Categorised IOVNB (V) Dataset/V Dataset/Vw (Driver E)/Vw14a/V-Vw14a.csv,time_of_day_s,True,s,3140,0,58870.0,59183.9,313.90000000000146,estimated,True,0,0,0,0,0.10000000000000046,0.09999999999854481,2.9107306763124566e-12,0.09999999999854481,0.10000000000582077,0.10000000000582077,10.00000000014552,exact,stable,2.910730676312443e-11,False,VERIFIED_FROM_FILE,
Unsynchronised V and S Dataset/Categorised IOVNB (V) Dataset/V Dataset/Vw (Driver E)/Vw14b/V-Vw14b.csv,time_of_day_s,True,s,19600,0,59184.0,61143.9,1959.9000000000015,estimated,True,0,0,0,0,0.10000000000000007,0.09999999999854481,1.010178311266719e-05,0.09900000000197906,0.10099999999511056,0.10000000000582077,10.00000000014552,exact,stable,0.00010101783112667182,False,VERIFIED_FROM_FILE,
Unsynchronised V and S Dataset/Categorised IOVNB (V) Dataset/V Dataset/Vw (Driver E)/Vw14c/V-Vw14c.csv,time_of_day_s,True,s,15857,0,61144.0,62729.6,1585.5999999999985,estimated,True,0,0,0,0,0.09999999999999991,0.09999999999854481,2.910314211825447e-12,0.09999999999854481,0.10000000000582077,0.10000000000582077,10.00000000014552,exact,stable,2.9103142118254496e-11,False,VERIFIED_FROM_FILE,
Unsynchronised V and S Dataset/Categorised IOVNB (V) Dataset/V Dataset/Vw (Driver E)/Vw15/V-Vw15.csv,time_of_day_s,True,s,1391,0,62986.9,63125.9,139.0,estimated,True,0,0,0,0,0.1,0.09999999999854481,2.9103830456786644e-12,0.09999999999854481,0.10000000000582077,0.10000000000582077,10.00000000014552,exact,stable,2.910383045678664e-11,False,VERIFIED_FROM_FILE,
Unsynchronised V and S Dataset/Categorised IOVNB (V) Dataset/V Dataset/Vw (Driver E)/Vw16a/V-Vw16a.csv,time_of_day_s,True,s,6000,0,63131.8,63731.7,599.8999999999942,estimated,True,0,0,0,0,0.09999999999999903,0.09999999999854481,2.909655075844229e-12,0.09999999999854481,0.10000000000582077,0.10000000000582077,10.00000000014552,exact,stable,2.909655075844257e-11,False,VERIFIED_FROM_FILE,
Unsynchronised V and S Dataset/Categorised IOVNB (V) Dataset/V Dataset/Vw (Driver E)/Vw16b/V-Vw16b.csv,time_of_day_s,True,s,1171,0,63731.8,63848.8,117.0,estimated,True,0,0,0,0,0.1,0.09999999999854481,2.9103830456786644e-12,0.09999999999854481,0.10000000000582077,0.10000000000582077,10.00000000014552,exact,stable,2.910383045678664e-11,False,VERIFIED_FROM_FILE,
Unsynchronised V and S Dataset/Categorised IOVNB (V) Dataset/V Dataset/Vw (Driver E)/Vw17/V-Vw17.csv,time_of_day_s,True,s,329,0,63853.1,63885.9,32.80000000000291,estimated,True,0,0,0,0,0.10000000000000887,0.09999999999854481,2.917016798568932e-12,0.09999999999854481,0.10000000000582077,0.10000000000582077,10.00000000014552,exact,stable,2.917016798568673e-11,False,VERIFIED_FROM_FILE,
Unsynchronised V and S Dataset/Categorised IOVNB (V) Dataset/V Dataset/Y (Driver D)/Y1/V-Y1.csv,time_of_day_s,True,s,70341,0,61954.4,69626.8,7672.4000000000015,estimated,True,0,0,0,0,0.10907591697469436,0.09999999999854481,1.7372946146239123,0.09900000001653098,384.6000000000058,0.10000000000582077,10.00000000014552,exact,severely_irregular,15.927389499067562,False,VERIFIED_FROM_FILE,
Unsynchronised V and S Dataset/Categorised IOVNB (V) Dataset/V Dataset/Y (Driver D)/Y2/V-Y2.csv,time_of_day_s,True,s,57213,0,35349.9,41071.1,5721.199999999997,estimated,True,0,0,0,0,0.09999999999999995,0.09999999999854481,2.910344892366041e-12,0.09999999999854481,0.10000000000582077,0.10000000000582077,10.00000000014552,exact,stable,2.9103448923660424e-11,False,VERIFIED_FROM_FILE,
Unsynchronised V and S Dataset/Uncategorised IOVNB (V and S) Dataset/S-Dataset/S-A1.csv,time_since_start_ms,False,s,5942,0,0.043000000000000003,2970.648,2970.605,estimated,True,0,0,0,0,0.5000176737922909,0.5,0.0020827496720209307,0.4270000000001346,0.6060000000002219,0.5019999999999527,2.0,exact,stable,0.004165352108905879,False,VERIFIED_FROM_FILE,
Unsynchronised V and S Dataset/Uncategorised IOVNB (V and S) Dataset/S-Dataset/S-A10.csv,time_since_start_ms,False,s,8886,0,0.048,4442.548,4442.5,estimated,True,0,0,0,0,0.5,0.5,0.0008703197039508851,0.4750000000000014,0.5249999999999986,0.5019999999999527,2.0,exact,stable,0.0017406394079017703,False,VERIFIED_FROM_FILE,
Unsynchronised V and S Dataset/Uncategorised IOVNB (V and S) Dataset/S-Dataset/S-A11.csv,time_since_start_ms,False,s,5155,0,0.098,2577.098,2577.0,estimated,True,0,0,0,0,0.5,0.5,0.000792866918935748,0.4939999999999145,0.5060000000000855,0.5010000000002037,2.0,exact,stable,0.001585733837871496,False,VERIFIED_FROM_FILE,
Unsynchronised V and S Dataset/Uncategorised IOVNB (V and S) Dataset/S-Dataset/S-A12.csv,time_since_start_ms,False,s,4673,0,0.021,2336.02,2335.999,estimated,True,0,0,0,0,0.49999978595890404,0.5,0.0007912459539836295,0.48900000000003274,0.5099999999999909,0.5010000000002037,2.0,exact,stable,0.0015824925854041536,False,VERIFIED_FROM_FILE,
Unsynchronised V and S Dataset/Uncategorised IOVNB (V and S) Dataset/S-Dataset/S-A13.csv,time_since_start_ms,False,s,9184,0,0.062,4591.562,4591.5,estimated,True,0,0,0,0,0.5,0.5,0.0007970598263361262,0.4659999999998945,0.5340000000001055,0.5010000000002037,2.0,exact,stable,0.0015941196526722524,False,VERIFIED_FROM_FILE,
Unsynchronised V and S Dataset/Uncategorised IOVNB (V and S) Dataset/S-Dataset/S-A2.csv,time_since_start_ms,False,s,11630,0,0.057,5814.557,5814.5,estimated,True,0,0,0,0,0.5,0.5,0.000823070057899458,0.4770000000003165,0.5229999999996835,0.5019999999999527,2.0,exact,stable,0.001646140115798916,False,VERIFIED_FROM_FILE,
Unsynchronised V and S Dataset/Uncategorised IOVNB (V and S) Dataset/S-Dataset/S-A3.csv,time_since_start_ms,False,s,11132,0,0.017,5566.045,5566.028,estimated,True,0,0,0,0,0.5000474350911868,0.5,0.014323253728295324,0.0009999999999763531,1.8789999999999054,0.5019999999999527,2.0,exact,stable,0.028643790015008056,False,VERIFIED_FROM_FILE,
Unsynchronised V and S Dataset/Uncategorised IOVNB (V and S) Dataset/S-Dataset/S-A4.csv,time_since_start_ms,False,s,0,32829,,,,estimated,False,0,0,0,0,,,,,,,,exact,unknown,,True,UNVERIFIED,no value in the time column parses as a number despite 32829 rows — column misalignment suspected
Unsynchronised V and S Dataset/Uncategorised IOVNB (V and S) Dataset/S-Dataset/S-A5.csv,time_since_start_ms,False,s,85041,0,0.023,8504.372,8504.349,estimated,True,0,0,0,0,0.10000410395108182,0.09999999999999432,0.0017640964568472557,0.0029999999997016857,0.5610000000006039,0.10199999999986176,10.000000000000568,exact,stable,0.01764024062162673,False,VERIFIED_FROM_FILE,
Unsynchronised V and S Dataset/Uncategorised IOVNB (V and S) Dataset/S-Dataset/S-A6.csv,time_since_start_ms,False,s,86034,0,0.139,8537.541000000001,8537.402000000002,estimated,False,0,4,4,0,0.09923865208243735,0.10000000000000142,0.012322032682991575,0.0009999999992942321,0.37300000000050204,0.10199999999997544,9.999999999999858,exact,mostly_stable,0.12416565949279205,False,VERIFIED_FROM_FILE,
Unsynchronised V and S Dataset/Uncategorised IOVNB (V and S) Dataset/S-Dataset/S-A7.csv,time_since_start_ms,False,s,43872,0,0.088,4387.188,4387.1,estimated,True,0,0,0,0,0.1,0.09999999999990905,0.0008824094776715368,0.06499999999959982,0.136000000000422,0.10199999999997544,10.000000000009095,exact,stable,0.008824094776715367,False,VERIFIED_FROM_FILE,
Unsynchronised V and S Dataset/Uncategorised IOVNB (V and S) Dataset/S-Dataset/S-A8.csv,time_since_start_ms,False,s,66617,0,0.041,6661.6410000000005,6661.6,estimated,True,0,0,0,0,0.1,0.09999999999990905,0.0009700232565658687,0.027000000000043656,0.17300000000068394,0.10199999999999997,10.000000000009095,exact,stable,0.009700232565658686,False,VERIFIED_FROM_FILE,
Unsynchronised V and S Dataset/Uncategorised IOVNB (V and S) Dataset/S-Dataset/S-A9.csv,time_since_start_ms,False,s,11962,0,0.054,5980.553,5980.499,estimated,True,0,0,0,0,0.49999991639495023,0.5,0.0007758045799357401,0.49099999999998545,0.5080000000000382,0.5019999999999982,2.0,exact,stable,0.0015516094193162456,False,VERIFIED_FROM_FILE,
Unsynchronised V and S Dataset/Uncategorised IOVNB (V and S) Dataset/S-Dataset/S-I.csv,time_since_start_ms,False,s,5800,0,0.013000000000000001,579.913,579.9,estimated,False,0,2288,2288,0,0.16516661919681005,0.09999999999999787,4.814259520202794,0.0009999999999763531,285.379,0.10300000000000864,10.000000000000213,exact,severely_irregular,29.147896491519237,False,VERIFIED_FROM_FILE,
Unsynchronised V and S Dataset/Uncategorised IOVNB (V and S) Dataset/S-Dataset/S-M.csv,time_since_start_ms,False,s,105974,0,4.227,6175.975,6171.7480000000005,estimated,False,1,0,0,1,0.10001193711546447,0.09999999999990905,0.003968366473557808,0.0809999999999036,1.365000000000009,0.10199999999997544,10.000000000009095,exact,stable,0.03967892821610186,False,VERIFIED_FROM_FILE,
Unsynchronised V and S Dataset/Uncategorised IOVNB (V and S) Dataset/S-Dataset/S-S1.csv,time_since_start_ms,False,s,51746,0,2.922,5177.421,5174.499000000001,estimated,True,0,0,0,0,0.0999999806744613,0.09999999999990905,0.0007646277014951554,0.08900000000039654,0.11099999999987631,0.10100000000056752,10.000000000009095,exact,stable,0.007646278492636063,False,VERIFIED_FROM_FILE,
Unsynchronised V and S Dataset/Uncategorised IOVNB (V and S) Dataset/S-Dataset/S-S2.csv,time_since_start_ms,False,s,93876,0,0.011,9201.11,9201.099,estimated,False,1,291,0,1,0.10000000000000002,0.10000000000002274,0.0005868541640226512,0.08799999999973807,0.11200000000008004,0.10100000000056752,9.999999999997726,exact,stable,0.00586854164022651,False,VERIFIED_FROM_FILE,
Unsynchronised V and S Dataset/Uncategorised IOVNB (V and S) Dataset/S-Dataset/S-S3a.csv,time_since_start_ms,False,s,24621,0,31.321,2493.321,2462.0,estimated,True,0,0,0,0,0.1,0.09999999999999432,0.0007830453578772541,0.08699999999998909,0.11199999999985266,0.10100000000011278,10.000000000000568,exact,stable,0.00783045357877254,False,VERIFIED_FROM_FILE,
Unsynchronised V and S Dataset/Uncategorised IOVNB (V and S) Dataset/S-Dataset/S-S3b.csv,time_since_start_ms,False,s,6813,0,2503.32,476.908,-2026.4120000000003,estimated,False,1,0,0,1,0.09999999999999996,0.09999999999999432,0.0007916017857307495,0.09499999999979991,0.10500000000001819,0.10100000000011278,10.000000000000568,exact,stable,0.007916017857307498,False,VERIFIED_FROM_FILE,
Unsynchronised V and S Dataset/Uncategorised IOVNB (V and S) Dataset/S-Dataset/S-S3c.csv,time_since_start_ms,False,s,37183,0,476.408,4194.607,3718.199,estimated,True,0,0,0,0,0.099999973105266,0.09999999999990905,0.0008548116913381289,0.08199999999987995,0.12100000000009459,0.10100000000056752,10.000000000009095,exact,stable,0.008548119212375214,False,VERIFIED_FROM_FILE,
Unsynchronised V and S Dataset/Uncategorised IOVNB (V and S) Dataset/S-Dataset/S-S4.csv,time_since_start_ms,False,s,94600,0,8.429,363.209,354.78000000000003,estimated,False,2,1799,0,2,0.09999998942884024,0.09999999999990905,0.000861198001403049,0.08199999999999363,0.11700000000001864,0.10199999999986176,10.000000000009095,exact,stable,0.008611980924416751,False,VERIFIED_FROM_FILE,
Unsynchronised V and S Dataset/Uncategorised IOVNB (V and S) Dataset/S-Dataset/S-T1.csv,time_since_start_ms,False,s,25759,0,0.009000000000000001,738.388,738.379,estimated,False,0,10362,10362,0,0.047959145232527936,0.0010000000000331966,0.07545171206554015,0.0009999999999763531,0.4519999999999982,0.4019999999999868,999.9999999668034,exact,severely_irregular,1.5732497253592748,False,VERIFIED_FROM_FILE,
Unsynchronised V and S Dataset/Uncategorised IOVNB (V and S) Dataset/S-Dataset/S-T10.csv,time_since_start_ms,False,s,6699,0,0.021,669.821,669.8000000000001,estimated,True,0,0,0,0,0.09999999999999999,0.10000000000000853,0.0009483527545953383,0.07100000000002638,0.1279999999999859,0.10199999999997544,9.999999999999147,exact,stable,0.009483527545953383,False,VERIFIED_FROM_FILE,
Unsynchronised V and S Dataset/Uncategorised IOVNB (V and S) Dataset/S-Dataset/S-T11.csv,time_since_start_ms,False,s,5690,0,10.905,579.806,568.9010000000001,estimated,True,0,0,0,0,0.10000017577781685,0.10000000000000142,0.0008833332882061888,0.08600000000001273,0.11400000000000432,0.10100000000002751,9.999999999999858,exact,stable,0.008833317355049485,False,VERIFIED_FROM_FILE,
Unsynchronised V and S Dataset/Uncategorised IOVNB (V and S) Dataset/S-Dataset/S-T2.csv,time_since_start_ms,False,s,75555,0,0.01,7554.955,7554.945,estimated,False,0,2,2,0,0.09999662484116899,0.0999999999999659,0.0008732407992808662,0.0010000000002037268,0.11499999999978172,0.10100000000056752,10.00000000000341,exact,stable,0.008732702735396222,False,VERIFIED_FROM_FILE,
Unsynchronised V and S Dataset/Uncategorised IOVNB (V and S) Dataset/S-Dataset/S-T3.csv,time_since_start_ms,False,s,65859,0,0.011,6469.252,6469.241,estimated,False,0,678,678,0,0.09925193310831544,0.09999999999990905,0.011955838248221797,0.0009999999992942321,0.43699999999989814,0.10100000000056752,10.000000000009095,exact,mostly_stable,0.12045950012050821,False,VERIFIED_FROM_FILE,
Unsynchronised V and S Dataset/Uncategorised IOVNB (V and S) Dataset/S-Dataset/S-T4.csv,time_since_start_ms,False,s,73482,0,0.026000000000000002,3580.262,3580.2360000000003,estimated,False,0,20914,20914,0,0.06810805258051629,0.0989999999999327,0.07812385851835243,0.0009999999997489795,1.58199999999988,0.3969999999999345,10.101010101016968,exact,severely_irregular,1.147057588028899,False,VERIFIED_FROM_FILE,
Unsynchronised V and S Dataset/Uncategorised IOVNB (V and S) Dataset/S-Dataset/S-T5.csv,time_since_start_ms,False,s,46387,0,0.028,2037.02,2036.992,estimated,False,0,14249,14249,0,0.06338463453340386,0.04200000000003001,0.0812611994445256,0.0009999999999763531,0.45499999999992724,0.3826400000000461,23.809523809506796,exact,severely_irregular,1.282033099073889,False,VERIFIED_FROM_FILE,
Unsynchronised V and S Dataset/Uncategorised IOVNB (V and S) Dataset/S-Dataset/S-T6.csv,time_since_start_ms,False,s,86440,0,0.014,2510.871,2510.857,estimated,False,0,34722,34722,0,0.0485499352243943,0.0010000000002037268,0.09232715516508795,0.0009999999997489795,3.4500000000000455,0.3890000000001237,999.9999997962732,exact,severely_irregular,1.90169471366663,False,VERIFIED_FROM_FILE,
Unsynchronised V and S Dataset/Uncategorised IOVNB (V and S) Dataset/S-Dataset/S-T7.csv,time_since_start_ms,False,s,101690,0,0.011,10170.097,10170.086,estimated,True,0,0,0,0,0.10001166301173184,0.10000000000002274,0.0027754594304544456,0.08999999999969077,0.83199999999988,0.10100000000056752,9.999999999997726,exact,stable,0.027751357660444773,False,VERIFIED_FROM_FILE,
Unsynchronised V and S Dataset/Uncategorised IOVNB (V and S) Dataset/S-Dataset/S-T8.csv,time_since_start_ms,False,s,48344,0,0.014,4833.82,4833.806,estimated,False,0,2,2,0,0.09999391820607767,0.09999999999990905,0.0031677620049368103,0.0009999999997489795,0.7100000000000364,0.10199999999997544,10.000000000009095,exact,stable,0.031679546734116,False,VERIFIED_FROM_FILE,
Unsynchronised V and S Dataset/Uncategorised IOVNB (V and S) Dataset/S-Dataset/S-T9.csv,time_since_start_ms,False,s,79909,0,0.029,7990.746,7990.717,estimated,True,0,0,0,0,0.09999896130550133,0.0999999999999659,0.0007733202119035544,0.015999999999991132,0.10800000000017462,0.10100000000056752,10.00000000000341,exact,stable,0.007733282444214859,False,VERIFIED_FROM_FILE,
Unsynchronised V and S Dataset/Uncategorised IOVNB (V and S) Dataset/S-Dataset/S-Vfa01.csv,time_since_start_ms,False,s,11486,0,2.607,1151.107,1148.5,estimated,True,0,0,0,0,0.1,0.10000000000002274,0.0008482613014428688,0.08600000000001273,0.11299999999999955,0.10200000000008913,9.999999999997726,exact,stable,0.008482613014428687,False,VERIFIED_FROM_FILE,
Unsynchronised V and S Dataset/Uncategorised IOVNB (V and S) Dataset/S-Dataset/S-Vfa02.csv,time_since_start_ms,False,s,67523,0,0.038,6752.2390000000005,6752.201000000001,estimated,True,0,0,0,0,0.10000001480998787,0.09999999999990905,0.000859756537429444,0.05899999999996908,0.1410000000000764,0.10199999999986176,10.000000000009095,exact,stable,0.00859756410099624,False,VERIFIED_FROM_FILE,
Unsynchronised V and S Dataset/Uncategorised IOVNB (V and S) Dataset/S-Dataset/S-Vta10.csv,time_since_start_ms,False,s,1502,0,956.5120000000001,1106.612,150.10000000000002,estimated,True,0,0,0,0,0.10000000000000002,0.10000000000002274,0.0006867936684094969,0.0909999999998945,0.10900000000003729,0.10199999999986176,9.999999999997726,exact,stable,0.006867936684094968,False,VERIFIED_FROM_FILE,
Unsynchronised V and S Dataset/Uncategorised IOVNB (V and S) Dataset/S-Dataset/S-Vta11.csv,time_since_start_ms,False,s,510,0,1118.512,1169.412,50.90000000000009,estimated,True,0,0,0,0,0.10000000000000017,0.09999999999990905,0.0005779171326261398,0.09699999999997999,0.10200000000008913,0.10199999999986176,10.000000000009095,exact,stable,0.005779171326261388,False,VERIFIED_FROM_FILE,
Unsynchronised V and S Dataset/Uncategorised IOVNB (V and S) Dataset/S-Dataset/S-Vta12.csv,time_since_start_ms,False,s,610,0,1181.512,1242.412,60.90000000000009,estimated,True,0,0,0,0,0.10000000000000014,0.09999999999990905,0.0006225114661160281,0.09699999999997999,0.10299999999983811,0.10200000000008913,10.000000000009095,exact,stable,0.006225114661160272,False,VERIFIED_FROM_FILE,
Unsynchronised V and S Dataset/Uncategorised IOVNB (V and S) Dataset/S-Dataset/S-Vta13.csv,time_since_start_ms,False,s,404,0,1253.411,1293.712,40.30099999999993,estimated,True,0,0,0,0,0.100002481389578,0.09999999999990905,0.0006437281275863538,0.09600000000000364,0.10399999999981446,0.1019799999998668,10.000000000009095,exact,stable,0.006437121545800378,False,VERIFIED_FROM_FILE,
Unsynchronised V and S Dataset/Uncategorised IOVNB (V and S) Dataset/S-Dataset/S-Vta14.csv,time_since_start_ms,False,s,2885,0,1298.612,1587.012,288.39999999999986,estimated,True,0,0,0,0,0.09999999999999995,0.09999999999990905,0.0006363906545419011,0.09600000000000364,0.10500000000001819,0.10200000000008913,10.000000000009095,exact,stable,0.006363906545419014,False,VERIFIED_FROM_FILE,
Unsynchronised V and S Dataset/Uncategorised IOVNB (V and S) Dataset/S-Dataset/S-Vta15.csv,time_since_start_ms,False,s,833,0,1597.912,1681.112,83.20000000000005,estimated,True,0,0,0,0,0.10000000000000006,0.09999999999990905,0.0008406728074789336,0.09000000000014552,0.10999999999989996,0.10200000000008913,10.000000000009095,exact,stable,0.008406728074789331,False,VERIFIED_FROM_FILE,
Unsynchronised V and S Dataset/Uncategorised IOVNB (V and S) Dataset/S-Dataset/S-Vta16.csv,time_since_start_ms,False,s,11335,0,1686.8120000000001,2820.212,1133.3999999999999,estimated,True,0,0,0,0,0.09999999999999999,0.09999999999990905,0.0006473739217187765,0.09000000000014552,0.10999999999989996,0.10199999999986176,10.000000000009095,exact,stable,0.006473739217187766,False,VERIFIED_FROM_FILE,
Unsynchronised V and S Dataset/Uncategorised IOVNB (V and S) Dataset/S-Dataset/S-Vta17.csv,time_since_start_ms,False,s,4519,0,2831.511,3284.497,452.9859999999999,estimated,True,0,0,0,0,0.10026250553342184,0.09999999999990905,0.01762333172974468,0.09300000000030195,1.2840000000001055,0.10100000000011278,10.000000000009095,exact,mostly_stable,0.17577190631716322,False,VERIFIED_FROM_FILE,
Unsynchronised V and S Dataset/Uncategorised IOVNB (V and S) Dataset/S-Dataset/S-Vta19.csv,time_since_start_ms,False,s,292,0,3303.496,3332.597,29.101000000000113,estimated,True,0,0,0,0,0.10000343642611723,0.09999999999990905,0.0007058824108324434,0.09699999999975262,0.10400000000026921,0.1020000000003165,10.000000000009095,exact,stable,0.007058581545384702,False,VERIFIED_FROM_FILE,
Unsynchronised V and S Dataset/Uncategorised IOVNB (V and S) Dataset/S-Dataset/S-Vta1a.csv,time_since_start_ms,False,s,25676,0,0.02,2567.5190000000002,2567.4990000000003,estimated,True,0,0,0,0,0.09999996105160663,0.09999999999999432,0.0007051624896069295,0.08799999999996544,0.11099999999999,0.10199999999999998,10.000000000000568,exact,stable,0.007051627642564968,False,VERIFIED_FROM_FILE,
Unsynchronised V and S Dataset/Uncategorised IOVNB (V and S) Dataset/S-Dataset/S-Vta1b.csv,time_since_start_ms,False,s,954,0,2582.12,2677.42,95.30000000000018,estimated,True,0,0,0,0,0.10000000000000019,0.09999999999990905,0.0006060208578683719,0.09400000000005093,0.10599999999976717,0.10100000000011278,10.000000000009095,exact,stable,0.006060208578683708,False,VERIFIED_FROM_FILE,
Unsynchronised V and S Dataset/Uncategorised IOVNB (V and S) Dataset/S-Dataset/S-Vta2.csv,time_since_start_ms,False,s,10991,0,2683.922,3782.92,1098.998,estimated,True,0,0,0,0,0.09999981801637853,0.09999999999990905,0.0006983667177389171,0.09000000000014552,0.10799999999971988,0.10199999999986176,10.000000000009095,exact,stable,0.006983679886542741,False,VERIFIED_FROM_FILE,
Unsynchronised V and S Dataset/Uncategorised IOVNB (V and S) Dataset/S-Dataset/S-Vta20.csv,time_since_start_ms,False,s,3223,0,0.014,322.214,322.2,estimated,True,0,0,0,0,0.10000000000000002,0.09999999999999432,0.0006178595840064563,0.09499999999999886,0.10500000000000398,0.10199999999997544,10.000000000000568,exact,stable,0.006178595840064562,False,VERIFIED_FROM_FILE,
Unsynchronised V and S Dataset/Uncategorised IOVNB (V and S) Dataset/S-Dataset/S-Vta21.csv,time_since_start_ms,False,s,2079,0,310.314,518.114,207.8,estimated,True,0,0,0,0,0.1,0.10000000000002274,0.0005762378398905403,0.09600000000000364,0.10400000000004184,0.10099999999999909,9.999999999997726,exact,stable,0.005762378398905403,False,VERIFIED_FROM_FILE,
Unsynchronised V and S Dataset/Uncategorised IOVNB (V and S) Dataset/S-Dataset/S-Vta22.csv,time_since_start_ms,False,s,1564,0,519.114,675.415,156.30099999999993,estimated,True,0,0,0,0,0.10000063979526547,0.10000000000002274,0.000590498103608361,0.09600000000000364,0.10400000000004184,0.10199999999997544,9.999999999997726,exact,stable,0.0059049432565362265,False,VERIFIED_FROM_FILE,
Unsynchronised V and S Dataset/Uncategorised IOVNB (V and S) Dataset/S-Dataset/S-Vta23.csv,time_since_start_ms,False,s,1110,0,678.315,789.215,110.89999999999998,estimated,True,0,0,0,0,0.09999999999999998,0.10000000000002274,0.0006454390164007024,0.09500000000002728,0.10400000000004184,0.10199999999997544,9.999999999997726,exact,stable,0.006454390164007026,False,VERIFIED_FROM_FILE,
Unsynchronised V and S Dataset/Uncategorised IOVNB (V and S) Dataset/S-Dataset/S-Vta24.csv,time_since_start_ms,False,s,1171,0,794.214,911.215,117.00099999999998,estimated,True,0,0,0,0,0.10000085470085468,0.10000000000002274,0.000668586431579755,0.09600000000000364,0.10400000000004184,0.10199999999997544,9.999999999997726,exact,stable,0.006685807172146507,False,VERIFIED_FROM_FILE,
Unsynchronised V and S Dataset/Uncategorised IOVNB (V and S) Dataset/S-Dataset/S-Vta25.csv,time_since_start_ms,False,s,646,0,914.616,979.114,64.49800000000005,estimated,True,0,0,0,0,0.09999689922480627,0.10000000000002274,0.0005623783912630726,0.09699999999997999,0.1029999999999518,0.10099999999999909,9.999999999997726,exact,stable,0.005623958298934565,False,VERIFIED_FROM_FILE,
Unsynchronised V and S Dataset/Uncategorised IOVNB (V and S) Dataset/S-Dataset/S-Vta26.csv,time_since_start_ms,False,s,1935,0,987.214,1180.614,193.39999999999998,estimated,True,0,0,0,0,0.09999999999999999,0.09999999999990905,0.0005815146218444815,0.09600000000000364,0.10300000000006548,0.10100000000011278,10.000000000009095,exact,stable,0.005815146218444815,False,VERIFIED_FROM_FILE,
Unsynchronised V and S Dataset/Uncategorised IOVNB (V and S) Dataset/S-Dataset/S-Vta27.csv,time_since_start_ms,False,s,2540,0,1187.914,1441.814,253.9000000000001,estimated,True,0,0,0,0,0.10000000000000003,0.09999999999990905,0.0005332578389420388,0.09600000000000364,0.10400000000004184,0.10100000000011278,10.000000000009095,exact,stable,0.005332578389420386,False,VERIFIED_FROM_FILE,
Unsynchronised V and S Dataset/Uncategorised IOVNB (V and S) Dataset/S-Dataset/S-Vta28.csv,time_since_start_ms,False,s,4210,0,1473.214,1894.114,420.9000000000001,estimated,True,0,0,0,0,0.10000000000000002,0.09999999999990905,0.0005820634108166454,0.0929999999998472,0.1069999999999709,0.10100000000011278,10.000000000009095,exact,stable,0.005820634108166453,False,VERIFIED_FROM_FILE,
Unsynchronised V and S Dataset/Uncategorised IOVNB (V and S) Dataset/S-Dataset/S-Vta29.csv,time_since_start_ms,False,s,23705,0,0.015,2369.793,2369.7780000000002,estimated,False,0,4,4,0,0.09999063291139242,0.09999999999999432,0.0011217812934407885,0.0009999999999763531,0.11099999999999,0.10199999999986176,10.000000000000568,exact,stable,0.01121886381532223,False,VERIFIED_FROM_FILE,
Unsynchronised V and S Dataset/Uncategorised IOVNB (V and S) Dataset/S-Dataset/S-Vta3.csv,time_since_start_ms,False,s,645,0,0.012,64.412,64.4,estimated,True,0,0,0,0,0.1,0.10000000000000142,0.0005897678246195116,0.09600000000000009,0.10400000000000276,0.10100000000000467,9.999999999999858,exact,stable,0.0058976782461951155,False,VERIFIED_FROM_FILE,
Unsynchronised V and S Dataset/Uncategorised IOVNB (V and S) Dataset/S-Dataset/S-Vta30.csv,time_since_start_ms,False,s,17136,0,2383.093,4096.593,1713.5,estimated,True,0,0,0,0,0.1,0.09999999999990905,0.0007316274115907559,0.0660000000002583,0.13400000000001455,0.10100000000011278,10.000000000009095,exact,stable,0.007316274115907559,False,VERIFIED_FROM_FILE,
Unsynchronised V and S Dataset/Uncategorised IOVNB (V and S) Dataset/S-Dataset/S-Vta4.csv,time_since_start_ms,False,s,1789,0,93.513,272.312,178.799,estimated,True,0,0,0,0,0.09999944071588367,0.09999999999999432,0.0005651114205424006,0.09600000000000364,0.10400000000001342,0.10200000000000387,10.000000000000568,exact,stable,0.00565114581138492,False,VERIFIED_FROM_FILE,
Unsynchronised V and S Dataset/Uncategorised IOVNB (V and S) Dataset/S-Dataset/S-Vta5.csv,time_since_start_ms,False,s,307,0,280.512,311.112,30.600000000000023,estimated,True,0,0,0,0,0.10000000000000007,0.10000000000002274,0.0004917622040805475,0.09799999999995634,0.10199999999997544,0.10100000000005309,9.999999999997726,exact,stable,0.004917622040805471,False,VERIFIED_FROM_FILE,
Unsynchronised V and S Dataset/Uncategorised IOVNB (V and S) Dataset/S-Dataset/S-Vta6.csv,time_since_start_ms,False,s,1376,0,318.112,455.612,137.5,estimated,True,0,0,0,0,0.1,0.10000000000002274,0.0005981790549812061,0.09499999999997044,0.10599999999999454,0.101260000000035,9.999999999997726,exact,stable,0.005981790549812061,False,VERIFIED_FROM_FILE,
Unsynchronised V and S Dataset/Uncategorised IOVNB (V and S) Dataset/S-Dataset/S-Vta7.csv,time_since_start_ms,False,s,840,0,461.41200000000003,545.312,83.89999999999998,estimated,True,0,0,0,0,0.09999999999999998,0.10000000000002274,0.0006604798342438896,0.09100000000000819,0.10800000000000409,0.10099999999999909,9.999999999997726,exact,stable,0.006604798342438898,False,VERIFIED_FROM_FILE,
Unsynchronised V and S Dataset/Uncategorised IOVNB (V and S) Dataset/S-Dataset/S-Vta8.csv,time_since_start_ms,False,s,3676,0,551.412,918.912,367.5,estimated,True,0,0,0,0,0.1,0.10000000000002274,0.0006606531503242498,0.09199999999998454,0.10799999999994725,0.10199999999997544,9.999999999997726,exact,stable,0.006606531503242498,False,VERIFIED_FROM_FILE,
Unsynchronised V and S Dataset/Uncategorised IOVNB (V and S) Dataset/S-Dataset/S-Vta9.csv,time_since_start_ms,False,s,156,0,929.513,945.011,15.497999999999934,estimated,True,0,0,0,0,0.09998709677419312,0.10000000000002274,0.0006323238938723379,0.09699999999997999,0.10199999999997544,0.10199999999997544,9.999999999997726,exact,stable,0.006324054945813188,False,VERIFIED_FROM_FILE,
Unsynchronised V and S Dataset/Uncategorised IOVNB (V and S) Dataset/S-Dataset/S-Vtb1.csv,time_since_start_ms,False,s,32459,0,0.029,3245.828,3245.799,estimated,False,0,5456,5456,0,0.1202058736389897,0.09999999999990905,4.024250336301483,0.0009999999999763531,661.3760000000001,0.10100000000011278,10.000000000009095,exact,severely_irregular,33.47798418226534,False,VERIFIED_FROM_FILE,
Unsynchronised V and S Dataset/Uncategorised IOVNB (V and S) Dataset/S-Dataset/S-Vtb10.csv,time_since_start_ms,False,s,196,0,8176.9130000000005,8196.413,19.5,estimated,True,0,0,0,0,0.1,0.1000000000003638,0.000865284894516179,0.09500000000116415,0.10499999999956344,0.1021199999998862,9.99999999996362,exact,stable,0.00865284894516179,False,VERIFIED_FROM_FILE,
Unsynchronised V and S Dataset/Uncategorised IOVNB (V and S) Dataset/S-Dataset/S-Vtb11.csv,time_since_start_ms,False,s,361,0,8205.914,8241.914,36.0,estimated,True,0,0,0,0,0.1,0.1000000000003638,0.0008498365856886943,0.09600000000136788,0.10300000000097498,0.10299999999915599,9.99999999996362,exact,stable,0.008498365856886942,False,VERIFIED_FROM_FILE,
Unsynchronised V and S Dataset/Uncategorised IOVNB (V and S) Dataset/S-Dataset/S-Vtb12.csv,time_since_start_ms,False,s,447,0,8251.013,8295.614,44.60099999999875,estimated,True,0,0,0,0,0.10000224215246356,0.1000000000003638,0.0007071032264872979,0.09699999999975262,0.10300000000097498,0.10200000000077125,9.99999999996362,exact,stable,0.007070873725103556,False,VERIFIED_FROM_FILE,
Unsynchronised V and S Dataset/Uncategorised IOVNB (V and S) Dataset/S-Dataset/S-Vtb2.csv,time_since_start_ms,False,s,5712,0,0.014,571.114,571.1,estimated,True,0,0,0,0,0.1,0.10000000000000142,0.0006498791019387002,0.09399999999993724,0.10700000000008458,0.10199999999997544,9.999999999999858,exact,stable,0.006498791019387002,False,VERIFIED_FROM_FILE,
Unsynchronised V and S Dataset/Uncategorised IOVNB (V and S) Dataset/S-Dataset/S-Vtb3.csv,time_since_start_ms,False,s,8240,0,581.214,1405.114,823.9,estimated,True,0,0,0,0,0.09999999999999999,0.10000000000002274,0.0006602842113191995,0.09500000000002728,0.10599999999999454,0.10199999999986176,9.999999999997726,exact,stable,0.006602842113191995,False,VERIFIED_FROM_FILE,
Unsynchronised V and S Dataset/Uncategorised IOVNB (V and S) Dataset/S-Dataset/S-Vtb4.csv,time_since_start_ms,False,s,556,0,1417.914,1473.414,55.5,estimated,True,0,0,0,0,0.1,0.09999999999990905,0.0005631315273711161,0.09799999999995634,0.10200000000008913,0.10100000000011278,10.000000000009095,exact,stable,0.005631315273711161,False,VERIFIED_FROM_FILE,
Unsynchronised V and S Dataset/Uncategorised IOVNB (V and S) Dataset/S-Dataset/S-Vtb5.csv,time_since_start_ms,False,s,64388,0,1472.613,7911.314,6438.701,estimated,True,0,0,0,0,0.10000001553108546,0.09999999999990905,0.0008643267564102214,0.07999999999992724,0.11900000000014188,0.10199999999986176,10.000000000009095,exact,stable,0.00864326622170915,False,VERIFIED_FROM_FILE,
Unsynchronised V and S Dataset/Uncategorised IOVNB (V and S) Dataset/S-Dataset/S-Vtb6.csv,time_since_start_ms,False,s,498,0,7944.914,7994.6140000000005,49.70000000000073,estimated,True,0,0,0,0,0.10000000000000146,0.1000000000003638,0.001166259390450778,0.08799999999973807,0.11200000000008004,0.10199999999986176,9.99999999996362,exact,stable,0.01166259390450761,False,VERIFIED_FROM_FILE,
Unsynchronised V and S Dataset/Uncategorised IOVNB (V and S) Dataset/S-Dataset/S-Vtb7.csv,time_since_start_ms,False,s,461,0,7998.9130000000005,8044.914,46.000999999999294,estimated,True,0,0,0,0,0.10000217391304195,0.1000000000003638,0.0007024767149111802,0.09599999999954889,0.10300000000006548,0.10199999999986176,9.99999999996362,exact,stable,0.007024614440102342,False,VERIFIED_FROM_FILE,
Unsynchronised V and S Dataset/Uncategorised IOVNB (V and S) Dataset/S-Dataset/S-Vtb8.csv,time_since_start_ms,False,s,668,0,8052.914,8119.6140000000005,66.70000000000073,estimated,True,0,0,0,0,0.10000000000000109,0.1000000000003638,0.0009276689685508391,0.09399999999914144,0.10500000000047294,0.10300000000006548,9.99999999996362,exact,stable,0.00927668968550829,False,VERIFIED_FROM_FILE,
Unsynchronised V and S Dataset/Uncategorised IOVNB (V and S) Dataset/S-Dataset/S-Vtb9.csv,time_since_start_ms,False,s,452,0,8124.915,8170.014,45.09900000000016,estimated,True,0,0,0,0,0.09999778270510014,0.1000000000003638,0.0006936483813636518,0.09699999999975262,0.10300000000006548,0.10199999999986176,9.99999999996362,exact,stable,0.006936637619348673,False,VERIFIED_FROM_FILE,
Unsynchronised V and S Dataset/Uncategorised IOVNB (V and S) Dataset/S-Dataset/S-Vw1.csv,time_since_start_ms,False,s,20476,0,0.019,2047.519,2047.5,estimated,True,0,0,0,0,0.1,0.10000000000000142,0.0007956536388829012,0.08399999999983265,0.1150000000000091,0.10100000000011278,9.999999999999858,exact,stable,0.007956536388829013,False,VERIFIED_FROM_FILE,
Unsynchronised V and S Dataset/Uncategorised IOVNB (V and S) Dataset/S-Dataset/S-Vw10.csv,time_since_start_ms,False,s,652,0,13938.31,14003.41,65.10000000000036,estimated,True,0,0,0,0,0.10000000000000056,0.1000000000003638,0.000681103288533593,0.09699999999975262,0.10299999999915599,0.10199999999895226,9.99999999996362,exact,stable,0.006811032885335892,False,VERIFIED_FROM_FILE,
Unsynchronised V and S Dataset/Uncategorised IOVNB (V and S) Dataset/S-Dataset/S-Vw11.csv,time_since_start_ms,False,s,4909,0,14011.91,14502.710000000001,490.8000000000011,estimated,True,0,0,0,0,0.10000000000000023,0.1000000000003638,0.0007802576214755139,0.09100000000034925,0.10899999999855936,0.10199999999895226,9.99999999996362,exact,stable,0.007802576214755121,False,VERIFIED_FROM_FILE,
Unsynchronised V and S Dataset/Uncategorised IOVNB (V and S) Dataset/S-Dataset/S-Vw12.csv,time_since_start_ms,False,s,918,0,0.005,91.705,91.7,estimated,True,0,0,0,0,0.09999999999999999,0.10000000000000142,0.0006554860342617754,0.09699999999999998,0.10399999999999987,0.1010000000000062,9.999999999999858,exact,stable,0.0065548603426177545,False,VERIFIED_FROM_FILE,
Unsynchronised V and S Dataset/Uncategorised IOVNB (V and S) Dataset/S-Dataset/S-Vw13.csv,time_since_start_ms,False,s,284,0,0.41000000000000003,28.71,28.3,estimated,True,0,0,0,0,0.1,0.09999999999999964,0.0007280352571744978,0.09799999999999898,0.10200000000000031,0.10200000000000031,10.000000000000036,exact,stable,0.007280352571744977,False,VERIFIED_FROM_FILE,
Unsynchronised V and S Dataset/Uncategorised IOVNB (V and S) Dataset/S-Dataset/S-Vw14a.csv,time_since_start_ms,False,s,3138,0,0.008,313.708,313.70000000000005,estimated,True,0,0,0,0,0.10000000000000002,0.09999999999999432,0.0007549644429828971,0.09499999999999886,0.10599999999999454,0.10199999999997544,10.000000000000568,exact,stable,0.00754964442982897,False,VERIFIED_FROM_FILE,
Unsynchronised V and S Dataset/Uncategorised IOVNB (V and S) Dataset/S-Dataset/S-Vw14b.csv,time_since_start_ms,False,s,19588,0,314.007,2272.708,1958.701,estimated,True,0,0,0,0,0.10000005105427069,0.10000000000002274,0.000755064923163199,0.09100000000000819,0.10900000000003729,0.10199999999987767,9.999999999997726,exact,stable,0.007550645376705061,False,VERIFIED_FROM_FILE,
Unsynchronised V and S Dataset/Uncategorised IOVNB (V and S) Dataset/S-Dataset/S-Vw14c.csv,time_since_start_ms,False,s,15826,0,2274.0080000000003,3856.5080000000003,1582.5,estimated,True,0,0,0,0,0.1,0.09999999999990905,0.0007551403623403351,0.08800000000019281,0.11200000000008004,0.10199999999986176,10.000000000009095,exact,stable,0.007551403623403351,False,VERIFIED_FROM_FILE,
Unsynchronised V and S Dataset/Uncategorised IOVNB (V and S) Dataset/S-Dataset/S-Vw15.csv,time_since_start_ms,False,s,1380,0,0.012,137.912,137.9,estimated,True,0,0,0,0,0.1,0.09999999999999998,0.0006211173818453857,0.09700000000000131,0.10200000000000387,0.1010000000000133,10.000000000000002,exact,stable,0.006211173818453857,False,VERIFIED_FROM_FILE,
Unsynchronised V and S Dataset/Uncategorised IOVNB (V and S) Dataset/S-Dataset/S-Vw16a.csv,time_since_start_ms,False,s,5879,0,0.01,587.809,587.799,estimated,True,0,0,0,0,0.09999982987410684,0.10000000000000142,0.0007164284965886288,0.09499999999997044,0.10500000000001819,0.10199999999997544,9.999999999999858,exact,stable,0.00716429715421081,False,VERIFIED_FROM_FILE,
Unsynchronised V and S Dataset/Uncategorised IOVNB (V and S) Dataset/S-Dataset/S-Vw16b.csv,time_since_start_ms,False,s,1126,0,602.409,714.91,112.50099999999998,estimated,True,0,0,0,0,0.10000088888888886,0.10000000000002274,0.0007099290174918904,0.09799999999995634,0.1029999999999518,0.10199999999997544,9.999999999997726,exact,stable,0.007099227070678278,False,VERIFIED_FROM_FILE,
Unsynchronised V and S Dataset/Uncategorised IOVNB (V and S) Dataset/S-Dataset/S-Vw17.csv,time_since_start_ms,False,s,329,0,721.109,753.91,32.80099999999993,estimated,True,0,0,0,0,0.10000304878048759,0.10000000000002274,0.0007428458610164141,0.09699999999997999,0.1029999999999518,0.10172999999998185,9.999999999997726,exact,stable,0.007428232139672094,False,VERIFIED_FROM_FILE,
Unsynchronised V and S Dataset/Uncategorised IOVNB (V and S) Dataset/S-Dataset/S-Vw2.csv,time_since_start_ms,False,s,52713,0,0.011,5271.21,5271.199,estimated,True,0,0,0,0,0.09999998102898772,0.09999999999990905,0.0007989953281039536,0.07699999999931606,0.12300000000050204,0.10199999999986176,10.000000000009095,exact,stable,0.007989954796814842,False,VERIFIED_FROM_FILE,
Unsynchronised V and S Dataset/Uncategorised IOVNB (V and S) Dataset/S-Dataset/S-Vw3.csv,time_since_start_ms,False,s,3861,0,5293.31,5679.311,386.0009999999993,estimated,True,0,0,0,0,0.10000025906735734,0.1000000000003638,0.0007423181274538567,0.09499999999934516,0.10500000000047294,0.10199999999986176,9.99999999996362,exact,stable,0.00742316204354883,False,VERIFIED_FROM_FILE,
Unsynchronised V and S Dataset/Uncategorised IOVNB (V and S) Dataset/S-Dataset/S-Vw4.csv,time_since_start_ms,False,s,126526,0,3.41,12655.91,12652.5,estimated,True,0,0,0,0,0.1,0.1000000000003638,0.0007813171132794281,0.07599999999911233,0.12399999999979627,0.10199999999986176,9.99999999996362,exact,stable,0.00781317113279428,False,VERIFIED_FROM_FILE,
Unsynchronised V and S Dataset/Uncategorised IOVNB (V and S) Dataset/S-Dataset/S-Vw5.csv,time_since_start_ms,False,s,1012,0,12673.309000000001,12774.41,101.10099999999875,estimated,True,0,0,0,0,0.10000098911968225,0.1000000000003638,0.000702545189743386,0.09799999999995634,0.10299999999915599,0.10199999999895226,9.99999999996362,exact,stable,0.007025382407993709,False,VERIFIED_FROM_FILE,
Unsynchronised V and S Dataset/Uncategorised IOVNB (V and S) Dataset/S-Dataset/S-Vw6.csv,time_since_start_ms,False,s,1281,0,12779.31,12907.31,128.0,estimated,True,0,0,0,0,0.1,0.1000000000003638,0.0006696547617443798,0.09699999999975262,0.10300000000097498,0.10199999999895226,9.99999999996362,exact,stable,0.006696547617443798,False,VERIFIED_FROM_FILE,
Unsynchronised V and S Dataset/Uncategorised IOVNB (V and S) Dataset/S-Dataset/S-Vw7.csv,time_since_start_ms,False,s,1602,0,13185.41,13345.509,160.09900000000016,estimated,True,0,0,0,0,0.09999937539038112,0.1000000000003638,0.0007126059430245801,0.09399999999914144,0.10599999999976717,0.10199999999895226,9.99999999996362,exact,stable,0.007126103940576466,False,VERIFIED_FROM_FILE,
Unsynchronised V and S Dataset/Uncategorised IOVNB (V and S) Dataset/S-Dataset/S-Vw8.csv,time_since_start_ms,False,s,1529,0,13365.41,13518.210000000001,152.8000000000011,estimated,True,0,0,0,0,0.10000000000000071,0.1000000000003638,0.0007423254814019402,0.09499999999934516,0.10499999999956344,0.10199999999895226,9.99999999996362,exact,stable,0.007423254814019349,False,VERIFIED_FROM_FILE,
Unsynchronised V and S Dataset/Uncategorised IOVNB (V and S) Dataset/S-Dataset/S-Vw9.csv,time_since_start_ms,False,s,552,0,13716.809000000001,13771.91,55.10099999999875,estimated,True,0,0,0,0,0.1000018148820304,0.1000000000003638,0.0006934986984466288,0.09699999999975262,0.10299999999915599,0.10199999999895226,9.99999999996362,exact,stable,0.006934861124917899,False,VERIFIED_FROM_FILE,
Unsynchronised V and S Dataset/Uncategorised IOVNB (V and S) Dataset/S-Dataset/S-Y1.csv,time_since_start_ms,False,s,70285,0,0.048,6690.809,6690.761,estimated,False,3,1,0,3,0.09999850599735348,0.09999999999999432,0.0008752597553369889,0.0010000000002037268,0.11200000000008004,0.10199999999986176,10.000000000000568,exact,stable,0.008752728319362623,False,VERIFIED_FROM_FILE,
Unsynchronised V and S Dataset/Uncategorised IOVNB (V and S) Dataset/V-Dataset/V-M.csv,time_of_day_s,True,s,105995,0,29606.4,40205.8,10599.400000000001,estimated,False,0,1,1,0,0.10000094345853029,0.09999999999854481,0.00030718696599838126,0.0989999999947031,0.19999999999708962,0.10000000000582077,10.00000000014552,exact,stable,0.0030718406784408948,False,VERIFIED_FROM_FILE,
Unsynchronised V and S Dataset/Uncategorised IOVNB (V and S) Dataset/V-Dataset/V-S1.csv,time_of_day_s,True,s,51790,0,32864.7,38043.6,5178.9000000000015,estimated,True,0,0,0,0,0.10000000000000003,0.09999999999854481,6.214357544524959e-06,0.0989999999947031,0.10100000000238651,0.10000000000582077,10.00000000014552,exact,stable,6.214357544524957e-05,False,VERIFIED_FROM_FILE,
Unsynchronised V and S Dataset/Uncategorised IOVNB (V and S) Dataset/V-Dataset/V-S2.csv,time_of_day_s,True,s,93900,0,39824.4,49214.3,9389.900000000001,estimated,True,0,0,0,0,0.10000000000000002,0.09999999999854481,6.526788075129246e-06,0.09900000000197906,0.10100000000238651,0.10000000000582077,10.00000000014552,exact,stable,6.526788075129245e-05,False,VERIFIED_FROM_FILE,
Unsynchronised V and S Dataset/Uncategorised IOVNB (V and S) Dataset/V-Dataset/V-S3a.csv,time_of_day_s,True,s,24660,0,66114.2,68580.1,2465.9000000000087,estimated,True,0,0,0,0,0.10000000000000035,0.10000000000582077,7.1288811334174845e-12,0.09999999999126885,0.10000000000582077,0.10000000000582077,9.999999999417923,exact,stable,7.12888113341746e-11,False,VERIFIED_FROM_FILE,
Unsynchronised V and S Dataset/Uncategorised IOVNB (V and S) Dataset/V-Dataset/V-S3b.csv,time_of_day_s,True,s,6840,0,68580.2,69264.1,683.9000000000087,estimated,True,0,0,0,0,0.10000000000000128,0.10000000000582077,7.128692699604873e-12,0.09999999999126885,0.10000000000582077,0.10000000000582077,9.999999999417923,exact,stable,7.128692699604782e-11,False,VERIFIED_FROM_FILE,
Unsynchronised V and S Dataset/Uncategorised IOVNB (V and S) Dataset/V-Dataset/V-S3c.csv,time_of_day_s,True,s,37220,0,69264.2,72986.1,3721.9000000000087,estimated,True,0,0,0,0,0.10000000000000024,0.10000000000582077,7.3304839326782075e-06,0.09900000000197906,0.10099999999511056,0.10000000000582077,9.999999999417923,exact,stable,7.330483932678189e-05,False,VERIFIED_FROM_FILE,
Unsynchronised V and S Dataset/Uncategorised IOVNB (V and S) Dataset/V-Dataset/V-S4.csv,time_of_day_s,True,s,97824,0,62172.8,71955.1,9782.300000000003,estimated,True,0,0,0,0,0.10000000000000003,0.09999999999854481,4.521624648311075e-06,0.09900000000197906,0.10099999999511056,0.10000000000582077,10.00000000014552,exact,stable,4.521624648311074e-05,False,VERIFIED_FROM_FILE,
Unsynchronised V and S Dataset/Uncategorised IOVNB (V and S) Dataset/V-Dataset/V-St1.csv,time_of_day_s,True,s,57213,0,35349.9,41071.1,5721.199999999997,estimated,True,0,0,0,0,0.09999999999999995,0.09999999999854481,2.910344892366041e-12,0.09999999999854481,0.10000000000582077,0.10000000000582077,10.00000000014552,exact,stable,2.9103448923660424e-11,False,VERIFIED_FROM_FILE,
Unsynchronised V and S Dataset/Uncategorised IOVNB (V and S) Dataset/V-Dataset/V-St4.csv,time_of_day_s,True,s,13591,0,45917.6,47276.6,1359.0,estimated,False,0,1,1,0,0.10000735889322246,0.09999999999854481,0.0008578083521397576,0.09999999999854481,0.20000000000436557,0.10000000000582077,10.00000000014552,exact,stable,0.008577452315840447,False,VERIFIED_FROM_FILE,
Unsynchronised V and S Dataset/Uncategorised IOVNB (V and S) Dataset/V-Dataset/V-St6.csv,time_of_day_s,True,s,51360,0,47933.7,53069.6,5135.9000000000015,estimated,True,0,0,0,0,0.10000000000000003,0.09999999999854481,2.910404295752082e-12,0.09999999999854481,0.10000000000582077,0.10000000000582077,10.00000000014552,exact,stable,2.910404295752081e-11,False,VERIFIED_FROM_FILE,
Unsynchronised V and S Dataset/Uncategorised IOVNB (V and S) Dataset/V-Dataset/V-St7.csv,time_of_day_s,True,s,44427,0,63257.9,67767.6,4509.700000000004,estimated,False,0,450,450,0,0.10254911770056405,0.09999999999854481,0.056625002365497584,0.09900000000197906,5.100000000005821,0.10000000000582077,10.00000000014552,exact,irregular,0.5521744470863071,False,VERIFIED_FROM_FILE,
Unsynchronised V and S Dataset/Uncategorised IOVNB (V and S) Dataset/V-Dataset/V-Vfa01.csv,time_of_day_s,True,s,11535,0,33622.0,34775.4,1153.4000000000015,estimated,True,0,0,0,0,0.10000000000000013,0.09999999999854481,2.9104776654407343e-12,0.09999999999854481,0.10000000000582077,0.10000000000582077,10.00000000014552,exact,stable,2.9104776654407307e-11,False,VERIFIED_FROM_FILE,
Unsynchronised V and S Dataset/Uncategorised IOVNB (V and S) Dataset/V-Dataset/V-Vfa02.csv,time_of_day_s,True,s,67755,0,35829.9,42605.3,6775.4000000000015,estimated,True,0,0,0,0,0.10000000000000002,0.09999999999854481,5.43309786606368e-06,0.09900000000197906,0.10100000000238651,0.10000000000582077,10.00000000014552,exact,stable,5.433097866063679e-05,False,VERIFIED_FROM_FILE,
Unsynchronised V and S Dataset/Uncategorised IOVNB (V and S) Dataset/V-Dataset/V-Vfb01a.csv,time_of_day_s,True,s,17000,0,59124.2,60824.1,1699.9000000000015,estimated,True,0,0,0,0,0.10000000000000009,0.09999999999854481,1.0846841883136452e-05,0.09900000000197906,0.10099999999511056,0.10000000000582077,10.00000000014552,exact,stable,0.00010846841883136443,False,VERIFIED_FROM_FILE,
Unsynchronised V and S Dataset/Uncategorised IOVNB (V and S) Dataset/V-Dataset/V-Vfb01b.csv,time_of_day_s,True,s,3880,0,60824.2,61212.1,387.90000000000146,estimated,True,0,0,0,0,0.10000000000000038,0.09999999999854481,2.9106643674398654e-12,0.09999999999854481,0.10000000000582077,0.10000000000582077,10.00000000014552,exact,stable,2.910664367439854e-11,False,VERIFIED_FROM_FILE,
Unsynchronised V and S Dataset/Uncategorised IOVNB (V and S) Dataset/V-Dataset/V-Vfb01c.csv,time_of_day_s,True,s,6320,0,61212.2,61844.1,631.9000000000015,estimated,True,0,0,0,0,0.10000000000000023,0.09999999999854481,2.9105557476355455e-12,0.09999999999854481,0.10000000000582077,0.10000000000582077,10.00000000014552,exact,stable,2.9105557476355386e-11,False,VERIFIED_FROM_FILE,
Unsynchronised V and S Dataset/Uncategorised IOVNB (V and S) Dataset/V-Dataset/V-Vfb01d.csv,time_of_day_s,True,s,10713,0,61844.2,62915.4,1071.2000000000044,estimated,True,0,0,0,0,0.10000000000000041,0.09999999999854481,2.910688656520115e-12,0.09999999999854481,0.10000000000582077,0.10000000000582077,10.00000000014552,exact,stable,2.910688656520103e-11,False,VERIFIED_FROM_FILE,
Unsynchronised V and S Dataset/Uncategorised IOVNB (V and S) Dataset/V-Dataset/V-Vfb02a.csv,time_of_day_s,True,s,35960,0,64933.4,68529.3,3595.9000000000015,estimated,True,0,0,0,0,0.10000000000000005,0.10000000000582077,7.457807862277386e-06,0.09900000001653098,0.10099999999511056,0.10000000000582077,9.999999999417923,exact,stable,7.457807862277382e-05,False,VERIFIED_FROM_FILE,
Unsynchronised V and S Dataset/Uncategorised IOVNB (V and S) Dataset/V-Dataset/V-Vfb02b.csv,time_of_day_s,True,s,11000,0,68529.4,69629.3,1099.9000000000087,estimated,True,0,0,0,0,0.1000000000000008,0.10000000000582077,7.128791335510054e-12,0.09999999999126885,0.10000000000582077,0.10000000000582077,9.999999999417923,exact,stable,7.128791335509997e-11,False,VERIFIED_FROM_FILE,
Unsynchronised V and S Dataset/Uncategorised IOVNB (V and S) Dataset/V-Dataset/V-Vfb02c.csv,time_of_day_s,True,s,640,0,69629.4,69693.3,63.90000000000873,estimated,True,0,0,0,0,0.10000000000001366,0.10000000000582077,7.126150667198494e-12,0.09999999999126885,0.10000000000582077,0.10000000000582077,9.999999999417923,exact,stable,7.126150667197521e-11,False,VERIFIED_FROM_FILE,
Unsynchronised V and S Dataset/Uncategorised IOVNB (V and S) Dataset/V-Dataset/V-Vfb02d.csv,time_of_day_s,True,s,880,0,69693.4,69781.3,87.90000000000873,estimated,True,0,0,0,0,0.10000000000000993,0.10000000000582077,7.126918632588103e-12,0.09999999999126885,0.10000000000582077,0.10000000000582077,9.999999999417923,exact,stable,7.126918632587395e-11,False,VERIFIED_FROM_FILE,
Unsynchronised V and S Dataset/Uncategorised IOVNB (V and S) Dataset/V-Dataset/V-Vfb02e.csv,time_of_day_s,True,s,980,0,69781.4,69879.3,97.90000000000873,estimated,True,0,0,0,0,0.10000000000000892,0.10000000000582077,7.127127137280755e-12,0.09999999999126885,0.10000000000582077,0.10000000000582077,9.999999999417923,exact,stable,7.12712713728012e-11,False,VERIFIED_FROM_FILE,
Unsynchronised V and S Dataset/Uncategorised IOVNB (V and S) Dataset/V-Dataset/V-Vfb02f.csv,time_of_day_s,True,s,660,0,69879.4,69945.3,65.90000000000873,estimated,True,0,0,0,0,0.10000000000001324,0.10000000000582077,7.126236129627624e-12,0.09999999999126885,0.10000000000582077,0.10000000000582077,9.999999999417923,exact,stable,7.12623612962668e-11,False,VERIFIED_FROM_FILE,
Unsynchronised V and S Dataset/Uncategorised IOVNB (V and S) Dataset/V-Dataset/V-Vfb02g.csv,time_of_day_s,True,s,27159,0,69945.4,72661.2,2715.800000000003,estimated,True,0,0,0,0,0.1000000000000001,0.10000000000582077,7.128931542175578e-12,0.09999999999126885,0.10000000000582077,0.10000000000582077,9.999999999417923,exact,stable,7.128931542175571e-11,False,VERIFIED_FROM_FILE,
Unsynchronised V and S Dataset/Uncategorised IOVNB (V and S) Dataset/V-Dataset/V-Vta10.csv,time_of_day_s,True,s,1570,0,43303.2,43460.1,156.90000000000146,estimated,True,0,0,0,0,0.10000000000000092,0.09999999999854481,2.911078413071436e-12,0.09999999999854481,0.10000000000582077,0.10000000000582077,10.00000000014552,exact,stable,2.911078413071409e-11,False,VERIFIED_FROM_FILE,
Unsynchronised V and S Dataset/Uncategorised IOVNB (V and S) Dataset/V-Dataset/V-Vta11.csv,time_of_day_s,True,s,589,0,43464.1,43522.9,58.80000000000291,estimated,True,0,0,0,0,0.10000000000000495,0.09999999999854481,2.9140887009589917e-12,0.09999999999854481,0.10000000000582077,0.10000000000582077,10.00000000014552,exact,stable,2.9140887009588475e-11,False,VERIFIED_FROM_FILE,
Unsynchronised V and S Dataset/Uncategorised IOVNB (V and S) Dataset/V-Dataset/V-Vta12.csv,time_of_day_s,True,s,690,0,43527.2,43596.1,68.90000000000146,estimated,True,0,0,0,0,0.10000000000000211,0.09999999999854481,2.9119658745244998e-12,0.09999999999854481,0.10000000000582077,0.10000000000582077,10.00000000014552,exact,stable,2.911965874524438e-11,False,VERIFIED_FROM_FILE,
Unsynchronised V and S Dataset/Uncategorised IOVNB (V and S) Dataset/V-Dataset/V-Vta13.csv,time_of_day_s,True,s,473,0,43600.1,43647.3,47.200000000004366,estimated,True,0,0,0,0,0.10000000000000925,0.09999999999854481,2.91729696065017e-12,0.09999999999854481,0.10000000000582077,0.10000000000582077,10.00000000014552,exact,stable,2.9172969606499006e-11,False,VERIFIED_FROM_FILE,
Unsynchronised V and S Dataset/Uncategorised IOVNB (V and S) Dataset/V-Dataset/V-Vta14.csv,time_of_day_s,True,s,2893,0,43651.1,43940.3,289.20000000000437,estimated,True,0,0,0,0,0.1000000000000015,0.09999999999854481,2.911514585314224e-12,0.09999999999854481,0.10000000000582077,0.10000000000582077,10.00000000014552,exact,stable,2.91151458531418e-11,False,VERIFIED_FROM_FILE,
Unsynchronised V and S Dataset/Uncategorised IOVNB (V and S) Dataset/V-Dataset/V-Vta15.csv,time_of_day_s,True,s,869,0,43945.3,44032.1,86.79999999999563,estimated,True,0,0,0,0,0.09999999999999497,0.09999999999854481,2.906604148802361e-12,0.09999999999854481,0.10000000000582077,0.10000000000582077,10.00000000014552,exact,stable,2.9066041488025073e-11,False,VERIFIED_FROM_FILE,
Unsynchronised V and S Dataset/Uncategorised IOVNB (V and S) Dataset/V-Dataset/V-Vta16.csv,time_of_day_s,True,s,11361,0,44036.4,45172.4,1136.0,estimated,True,0,0,0,0,0.1,0.09999999999854481,1.3268622313560374e-05,0.09900000000197906,0.10100000000238651,0.10000000000582077,10.00000000014552,exact,stable,0.00013268622313560374,False,VERIFIED_FROM_FILE,
Unsynchronised V and S Dataset/Uncategorised IOVNB (V and S) Dataset/V-Dataset/V-Vta17.csv,time_of_day_s,True,s,4594,0,45177.5,45636.8,459.3000000000029,estimated,True,0,0,0,0,0.10000000000000063,0.09999999999854481,2.91085818008038e-12,0.09999999999854481,0.10000000000582077,0.10000000000582077,10.00000000014552,exact,stable,2.910858180080362e-11,False,VERIFIED_FROM_FILE,
Unsynchronised V and S Dataset/Uncategorised IOVNB (V and S) Dataset/V-Dataset/V-Vta18.csv,time_of_day_s,True,s,100,0,45641.2,45651.1,9.900000000001455,estimated,True,0,0,0,0,0.1000000000000147,0.09999999999854481,2.921349444595324e-12,0.09999999999854481,0.10000000000582077,0.10000000000582077,10.00000000014552,exact,stable,2.921349444594894e-11,False,VERIFIED_FROM_FILE,
Unsynchronised V and S Dataset/Uncategorised IOVNB (V and S) Dataset/V-Dataset/V-Vta19.csv,time_of_day_s,True,s,310,0,45655.2,45686.1,30.900000000001455,estimated,True,0,0,0,0,0.10000000000000471,0.09999999999854481,2.91390911776803e-12,0.09999999999854481,0.10000000000582077,0.10000000000582077,10.00000000014552,exact,stable,2.9139091177678926e-11,False,VERIFIED_FROM_FILE,
Unsynchronised V and S Dataset/Uncategorised IOVNB (V and S) Dataset/V-Dataset/V-Vta1a.csv,time_of_day_s,True,s,25821,0,38506.6,41088.6,2582.0,estimated,True,0,0,0,0,0.1,0.09999999999854481,2.9103830456786644e-12,0.09999999999854481,0.10000000000582077,0.10000000000582077,10.00000000014552,exact,stable,2.910383045678664e-11,False,VERIFIED_FROM_FILE,
Unsynchronised V and S Dataset/Uncategorised IOVNB (V and S) Dataset/V-Dataset/V-Vta1b.csv,time_of_day_s,True,s,956,0,41088.7,41184.2,95.5,estimated,True,0,0,0,0,0.1,0.09999999999854481,2.9103830456786644e-12,0.09999999999854481,0.10000000000582077,0.10000000000582077,10.00000000014552,exact,stable,2.910383045678664e-11,False,VERIFIED_FROM_FILE,
Unsynchronised V and S Dataset/Uncategorised IOVNB (V and S) Dataset/V-Dataset/V-Vta2.csv,time_of_day_s,True,s,10995,0,41190.0,42289.4,1099.4000000000015,estimated,True,0,0,0,0,0.10000000000000013,0.09999999999854481,2.9104823127232843e-12,0.09999999999854481,0.10000000000582077,0.10000000000582077,10.00000000014552,exact,stable,2.9104823127232806e-11,False,VERIFIED_FROM_FILE,
Unsynchronised V and S Dataset/Uncategorised IOVNB (V and S) Dataset/V-Dataset/V-Vta20.csv,time_of_day_s,True,s,3223,0,45715.0,46037.2,322.1999999999971,estimated,True,0,0,0,0,0.0999999999999991,0.09999999999854481,2.909705363142567e-12,0.09999999999854481,0.10000000000582077,0.10000000000582077,10.00000000014552,exact,stable,2.909705363142593e-11,False,VERIFIED_FROM_FILE,
Unsynchronised V and S Dataset/Uncategorised IOVNB (V and S) Dataset/V-Dataset/V-Vta21.csv,time_of_day_s,True,s,2088,0,46042.9,46251.6,208.6999999999971,estimated,True,0,0,0,0,0.0999999999999986,0.09999999999854481,2.9093366263387804e-12,0.09999999999854481,0.10000000000582077,0.10000000000582077,10.00000000014552,exact,stable,2.909336626338821e-11,False,VERIFIED_FROM_FILE,
Unsynchronised V and S Dataset/Uncategorised IOVNB (V and S) Dataset/V-Dataset/V-Vta22.csv,time_of_day_s,True,s,1572,0,46256.3,46413.4,157.09999999999854,estimated,True,0,0,0,0,0.09999999999999908,0.09999999999854481,2.909688102607199e-12,0.09999999999854481,0.10000000000582077,0.10000000000582077,10.00000000014552,exact,stable,2.909688102607226e-11,False,VERIFIED_FROM_FILE,
Unsynchronised V and S Dataset/Uncategorised IOVNB (V and S) Dataset/V-Dataset/V-Vta23.csv,time_of_day_s,True,s,1119,0,46418.3,46530.1,111.79999999999563,estimated,True,0,0,0,0,0.09999999999999609,0.09999999999854481,2.9074503430946893e-12,0.09999999999854481,0.10000000000582077,0.10000000000582077,10.00000000014552,exact,stable,2.907450343094803e-11,False,VERIFIED_FROM_FILE,
Unsynchronised V and S Dataset/Uncategorised IOVNB (V and S) Dataset/V-Dataset/V-Vta24.csv,time_of_day_s,True,s,1184,0,46534.6,46652.9,118.30000000000291,estimated,True,0,0,0,0,0.10000000000000246,0.09999999999854481,2.9122265507393004e-12,0.09999999999854481,0.10000000000582077,0.10000000000582077,10.00000000014552,exact,stable,2.9122265507392285e-11,False,VERIFIED_FROM_FILE,
Unsynchronised V and S Dataset/Uncategorised IOVNB (V and S) Dataset/V-Dataset/V-Vta25.csv,time_of_day_s,True,s,646,0,46657.6,46722.1,64.5,estimated,True,0,0,0,0,0.1,0.09999999999854481,2.9103830456786644e-12,0.09999999999854481,0.10000000000582077,0.10000000000582077,10.00000000014552,exact,stable,2.910383045678664e-11,False,VERIFIED_FROM_FILE,
Unsynchronised V and S Dataset/Uncategorised IOVNB (V and S) Dataset/V-Dataset/V-Vta26.csv,time_of_day_s,True,s,1947,0,46726.5,46921.1,194.59999999999854,estimated,True,0,0,0,0,0.09999999999999926,0.09999999999854481,2.9098220560551004e-12,0.09999999999854481,0.10000000000582077,0.10000000000582077,10.00000000014552,exact,stable,2.909822056055122e-11,False,VERIFIED_FROM_FILE,
Unsynchronised V and S Dataset/Uncategorised IOVNB (V and S) Dataset/V-Dataset/V-Vta27.csv,time_of_day_s,True,s,2853,0,46925.6,47210.8,285.20000000000437,estimated,True,0,0,0,0,0.10000000000000153,0.09999999999854481,2.9115304467385614e-12,0.09999999999854481,0.10000000000582077,0.10000000000582077,10.00000000014552,exact,stable,2.9115304467385166e-11,False,VERIFIED_FROM_FILE,
Unsynchronised V and S Dataset/Uncategorised IOVNB (V and S) Dataset/V-Dataset/V-Vta28.csv,time_of_day_s,True,s,4219,0,47215.5,47637.3,421.8000000000029,estimated,True,0,0,0,0,0.10000000000000069,0.09999999999854481,2.9109004113297546e-12,0.09999999999854481,0.10000000000582077,0.10000000000582077,10.00000000014552,exact,stable,2.910900411329735e-11,False,VERIFIED_FROM_FILE,
Unsynchronised V and S Dataset/Uncategorised IOVNB (V and S) Dataset/V-Dataset/V-Vta29.csv,time_of_day_s,True,s,23737,0,48443.1,50816.7,2373.5999999999985,estimated,True,0,0,0,0,0.09999999999999994,0.09999999999854481,9.179335243795931e-06,0.09900000000197906,0.10100000000238651,0.10000000000582077,10.00000000014552,exact,stable,9.179335243795937e-05,False,VERIFIED_FROM_FILE,
Unsynchronised V and S Dataset/Uncategorised IOVNB (V and S) Dataset/V-Dataset/V-Vta3.csv,time_of_day_s,True,s,875,0,42351.1,42438.5,87.40000000000146,estimated,True,0,0,0,0,0.10000000000000167,0.09999999999854481,2.91163103599814e-12,0.09999999999854481,0.10000000000582077,0.10000000000582077,10.00000000014552,exact,stable,2.911631035998091e-11,False,VERIFIED_FROM_FILE,
Unsynchronised V and S Dataset/Uncategorised IOVNB (V and S) Dataset/V-Dataset/V-Vta30.csv,time_of_day_s,True,s,17179,0,50821.6,52539.4,1717.800000000003,estimated,True,0,0,0,0,0.10000000000000017,0.09999999999854481,2.9105101067368008e-12,0.09999999999854481,0.10000000000582077,0.10000000000582077,10.00000000014552,exact,stable,2.910510106736796e-11,False,VERIFIED_FROM_FILE,
Unsynchronised V and S Dataset/Uncategorised IOVNB (V and S) Dataset/V-Dataset/V-Vta4.csv,time_of_day_s,True,s,1809,0,42443.3,42624.1,180.79999999999563,estimated,True,0,0,0,0,0.09999999999999759,0.09999999999854481,2.90857053888421e-12,0.09999999999854481,0.10000000000582077,0.10000000000582077,10.00000000014552,exact,stable,2.90857053888428e-11,False,VERIFIED_FROM_FILE,
Unsynchronised V and S Dataset/Uncategorised IOVNB (V and S) Dataset/V-Dataset/V-Vta5.csv,time_of_day_s,True,s,357,0,42628.7,42664.3,35.60000000000582,estimated,True,0,0,0,0,0.10000000000001635,0.09999999999854481,2.922574432883577e-12,0.09999999999854481,0.10000000000582077,0.10000000000582077,10.00000000014552,exact,stable,2.9225744328830994e-11,False,VERIFIED_FROM_FILE,
Unsynchronised V and S Dataset/Uncategorised IOVNB (V and S) Dataset/V-Dataset/V-Vta6.csv,time_of_day_s,True,s,1393,0,42668.1,42807.3,139.20000000000437,estimated,True,0,0,0,0,0.10000000000000314,0.09999999999854481,2.9127325490350293e-12,0.09999999999854481,0.10000000000582077,0.10000000000582077,10.00000000014552,exact,stable,2.912732549034938e-11,False,VERIFIED_FROM_FILE,
Unsynchronised V and S Dataset/Uncategorised IOVNB (V and S) Dataset/V-Dataset/V-Vta7.csv,time_of_day_s,True,s,857,0,42812.1,42897.7,85.59999999999854,estimated,True,0,0,0,0,0.0999999999999983,0.09999999999854481,2.9091072769916073e-12,0.09999999999854481,0.10000000000582077,0.10000000000582077,10.00000000014552,exact,stable,2.9091072769916568e-11,False,VERIFIED_FROM_FILE,
Unsynchronised V and S Dataset/Uncategorised IOVNB (V and S) Dataset/V-Dataset/V-Vta8.csv,time_of_day_s,True,s,3697,0,42902.0,43271.6,369.59999999999854,estimated,True,0,0,0,0,0.0999999999999996,0.09999999999854481,2.9100877135715237e-12,0.09999999999854481,0.10000000000582077,0.10000000000582077,10.00000000014552,exact,stable,2.9100877135715352e-11,False,VERIFIED_FROM_FILE,
Unsynchronised V and S Dataset/Uncategorised IOVNB (V and S) Dataset/V-Dataset/V-Vta9.csv,time_of_day_s,True,s,226,0,43276.2,43298.7,22.5,estimated,True,0,0,0,0,0.1,0.09999999999854481,2.9103830456786644e-12,0.09999999999854481,0.10000000000582077,0.10000000000582077,10.00000000014552,exact,stable,2.910383045678664e-11,False,VERIFIED_FROM_FILE,
Unsynchronised V and S Dataset/Uncategorised IOVNB (V and S) Dataset/V-Dataset/V-Vtb1.csv,time_of_day_s,True,s,32459,0,53857.8,57103.6,3245.7999999999956,estimated,True,0,0,0,0,0.09999999999999987,0.09999999999854481,7.849719173107635e-06,0.09900000000197906,0.10100000000238651,0.10000000000582077,10.00000000014552,exact,stable,7.849719173107645e-05,False,VERIFIED_FROM_FILE,
Unsynchronised V and S Dataset/Uncategorised IOVNB (V and S) Dataset/V-Dataset/V-Vtb10.csv,time_of_day_s,True,s,195,0,66156.9,66176.3,19.40000000000873,estimated,True,0,0,0,0,0.10000000000004501,0.10000000000582077,7.119618446642111e-12,0.09999999999126885,0.10000000000582077,0.10000000000582077,9.999999999417923,exact,stable,7.119618446638907e-11,False,VERIFIED_FROM_FILE,
Unsynchronised V and S Dataset/Uncategorised IOVNB (V and S) Dataset/V-Dataset/V-Vtb11.csv,time_of_day_s,True,s,433,0,66180.9,66224.1,43.20000000001164,estimated,True,0,0,0,0,0.10000000000002694,0.10000000000582077,7.123399586185279e-12,0.09999999999126885,0.10000000000582077,0.10000000000582077,9.999999999417923,exact,stable,7.12339958618336e-11,False,VERIFIED_FROM_FILE,
Unsynchronised V and S Dataset/Uncategorised IOVNB (V and S) Dataset/V-Dataset/V-Vtb12.csv,time_of_day_s,True,s,490,0,66228.9,66277.8,48.90000000000873,estimated,True,0,0,0,0,0.10000000000001785,0.10000000000582077,7.125285455250126e-12,0.09999999999126885,0.10000000000582077,0.10000000000582077,9.999999999417923,exact,stable,7.125285455248854e-11,False,VERIFIED_FROM_FILE,
Unsynchronised V and S Dataset/Uncategorised IOVNB (V and S) Dataset/V-Dataset/V-Vtb13.csv,time_of_day_s,True,s,1245,0,67192.6,67317.0,124.39999999999418,estimated,True,0,0,0,0,0.09999999999999531,0.10000000000582077,7.129906930291503e-12,0.09999999999126885,0.10000000000582077,0.10000000000582077,9.999999999417923,exact,stable,7.129906930291836e-11,False,VERIFIED_FROM_FILE,
Unsynchronised V and S Dataset/Uncategorised IOVNB (V and S) Dataset/V-Dataset/V-Vtb2.csv,time_of_day_s,True,s,5712,0,57981.4,58552.5,571.0999999999985,estimated,False,0,1,1,0,0.10001751313485088,0.09999999999854481,0.0013232561260465,0.09999999999854481,0.19999999999708962,0.10000000000582077,10.00000000014552,exact,stable,0.013230244229951907,False,VERIFIED_FROM_FILE,
Unsynchronised V and S Dataset/Uncategorised IOVNB (V and S) Dataset/V-Dataset/V-Vtb3.csv,time_of_day_s,True,s,8289,0,58558.3,59387.1,828.7999999999956,estimated,True,0,0,0,0,0.09999999999999948,0.09999999999854481,2.909987920402806e-12,0.09999999999854481,0.10000000000582077,0.10000000000582077,10.00000000014552,exact,stable,2.909987920402821e-11,False,VERIFIED_FROM_FILE,
Unsynchronised V and S Dataset/Uncategorised IOVNB (V and S) Dataset/V-Dataset/V-Vtb4.csv,time_of_day_s,True,s,625,0,59392.0,59454.4,62.400000000001455,estimated,True,0,0,0,0,0.10000000000000234,0.09999999999854481,2.9121306149673634e-12,0.09999999999854481,0.10000000000582077,0.10000000000582077,10.00000000014552,exact,stable,2.912130614967295e-11,False,VERIFIED_FROM_FILE,
Unsynchronised V and S Dataset/Uncategorised IOVNB (V and S) Dataset/V-Dataset/V-Vtb5.csv,time_of_day_s,True,s,64610,0,59459.3,65920.2,6460.899999999994,estimated,True,0,0,0,0,0.09999999999999991,0.09999999999854481,5.563761286868395e-06,0.09900000000197906,0.10100000000238651,0.10000000000582077,10.00000000014552,exact,stable,5.5637612868684e-05,False,VERIFIED_FROM_FILE,
Unsynchronised V and S Dataset/Uncategorised IOVNB (V and S) Dataset/V-Dataset/V-Vtb6.csv,time_of_day_s,True,s,508,0,65926.0,65976.7,50.69999999999709,estimated,True,0,0,0,0,0.09999999999999426,0.10000000000582077,7.1301227652338666e-12,0.09999999999126885,0.10000000000582077,0.10000000000582077,9.999999999417923,exact,stable,7.130122765234276e-11,False,VERIFIED_FROM_FILE,
Unsynchronised V and S Dataset/Uncategorised IOVNB (V and S) Dataset/V-Dataset/V-Vtb7.csv,time_of_day_s,True,s,461,0,65981.2,66027.2,46.0,estimated,True,0,0,0,0,0.1,0.10000000000582077,7.128953417949148e-12,0.09999999999126885,0.10000000000582077,0.10000000000582077,9.999999999417923,exact,stable,7.128953417949147e-11,False,VERIFIED_FROM_FILE,
Unsynchronised V and S Dataset/Uncategorised IOVNB (V and S) Dataset/V-Dataset/V-Vtb8.csv,time_of_day_s,True,s,699,0,66032.0,66101.8,69.80000000000291,estimated,True,0,0,0,0,0.10000000000000417,0.10000000000582077,7.1281010309308e-12,0.09999999999126885,0.10000000000582077,0.10000000000582077,9.999999999417923,exact,stable,7.128101030930502e-11,False,VERIFIED_FROM_FILE,
Unsynchronised V and S Dataset/Uncategorised IOVNB (V and S) Dataset/V-Dataset/V-Vtb9.csv,time_of_day_s,True,s,457,0,66106.6,66152.2,45.59999999999127,estimated,True,0,0,0,0,0.09999999999998085,0.10000000000582077,7.132835065358458e-12,0.09999999999126885,0.10000000000582077,0.10000000000582077,9.999999999417923,exact,stable,7.132835065359823e-11,False,VERIFIED_FROM_FILE,
Unsynchronised V and S Dataset/Uncategorised IOVNB (V and S) Dataset/V-Dataset/V-Vw1.csv,time_of_day_s,True,s,20475,0,34575.4,36622.8,2047.4000000000015,estimated,True,0,0,0,0,0.10000000000000007,0.09999999999854481,2.910436350642183e-12,0.09999999999854481,0.10000000000582077,0.10000000000582077,10.00000000014552,exact,stable,2.910436350642181e-11,False,VERIFIED_FROM_FILE,
Unsynchronised V and S Dataset/Uncategorised IOVNB (V and S) Dataset/V-Dataset/V-Vw10.csv,time_of_day_s,True,s,670,0,58060.7,58127.6,66.90000000000146,estimated,True,0,0,0,0,0.10000000000000217,0.09999999999854481,2.9120131569485046e-12,0.09999999999854481,0.10000000000582077,0.10000000000582077,10.00000000014552,exact,stable,2.912013156948441e-11,False,VERIFIED_FROM_FILE,
Unsynchronised V and S Dataset/Uncategorised IOVNB (V and S) Dataset/V-Dataset/V-Vw11.csv,time_of_day_s,True,s,4924,0,58132.5,58624.8,492.3000000000029,estimated,True,0,0,0,0,0.10000000000000059,0.09999999999854481,2.910826337467207e-12,0.09999999999854481,0.10000000000582077,0.10000000000582077,10.00000000014552,exact,stable,2.91082633746719e-11,False,VERIFIED_FROM_FILE,
Unsynchronised V and S Dataset/Uncategorised IOVNB (V and S) Dataset/V-Dataset/V-Vw12.csv,time_of_day_s,True,s,1069,0,58630.2,58737.0,106.80000000000291,estimated,True,0,0,0,0,0.10000000000000273,0.09999999999854481,2.912424861975421e-12,0.09999999999854481,0.10000000000582077,0.10000000000582077,10.00000000014552,exact,stable,2.912424861975342e-11,False,VERIFIED_FROM_FILE,
Unsynchronised V and S Dataset/Uncategorised IOVNB (V and S) Dataset/V-Dataset/V-Vw13.csv,time_of_day_s,True,s,297,0,58823.8,58853.4,29.599999999998545,estimated,True,0,0,0,0,0.09999999999999508,0.09999999999854481,2.9066894089678124e-12,0.09999999999854481,0.10000000000582077,0.10000000000582077,10.00000000014552,exact,stable,2.9066894089679555e-11,False,VERIFIED_FROM_FILE,
Unsynchronised V and S Dataset/Uncategorised IOVNB (V and S) Dataset/V-Dataset/V-Vw14a.csv,time_of_day_s,True,s,3140,0,58870.0,59183.9,313.90000000000146,estimated,True,0,0,0,0,0.10000000000000046,0.09999999999854481,2.9107306763124566e-12,0.09999999999854481,0.10000000000582077,0.10000000000582077,10.00000000014552,exact,stable,2.910730676312443e-11,False,VERIFIED_FROM_FILE,
Unsynchronised V and S Dataset/Uncategorised IOVNB (V and S) Dataset/V-Dataset/V-Vw14b.csv,time_of_day_s,True,s,19600,0,59184.0,61143.9,1959.9000000000015,estimated,True,0,0,0,0,0.10000000000000007,0.09999999999854481,1.010178311266719e-05,0.09900000000197906,0.10099999999511056,0.10000000000582077,10.00000000014552,exact,stable,0.00010101783112667182,False,VERIFIED_FROM_FILE,
Unsynchronised V and S Dataset/Uncategorised IOVNB (V and S) Dataset/V-Dataset/V-Vw14c.csv,time_of_day_s,True,s,15857,0,61144.0,62729.6,1585.5999999999985,estimated,True,0,0,0,0,0.09999999999999991,0.09999999999854481,2.910314211825447e-12,0.09999999999854481,0.10000000000582077,0.10000000000582077,10.00000000014552,exact,stable,2.9103142118254496e-11,False,VERIFIED_FROM_FILE,
Unsynchronised V and S Dataset/Uncategorised IOVNB (V and S) Dataset/V-Dataset/V-Vw15.csv,time_of_day_s,True,s,1391,0,62986.9,63125.9,139.0,estimated,True,0,0,0,0,0.1,0.09999999999854481,2.9103830456786644e-12,0.09999999999854481,0.10000000000582077,0.10000000000582077,10.00000000014552,exact,stable,2.910383045678664e-11,False,VERIFIED_FROM_FILE,
Unsynchronised V and S Dataset/Uncategorised IOVNB (V and S) Dataset/V-Dataset/V-Vw16a.csv,time_of_day_s,True,s,6000,0,63131.8,63731.7,599.8999999999942,estimated,True,0,0,0,0,0.09999999999999903,0.09999999999854481,2.909655075844229e-12,0.09999999999854481,0.10000000000582077,0.10000000000582077,10.00000000014552,exact,stable,2.909655075844257e-11,False,VERIFIED_FROM_FILE,
Unsynchronised V and S Dataset/Uncategorised IOVNB (V and S) Dataset/V-Dataset/V-Vw16b.csv,time_of_day_s,True,s,1171,0,63731.8,63848.8,117.0,estimated,True,0,0,0,0,0.1,0.09999999999854481,2.9103830456786644e-12,0.09999999999854481,0.10000000000582077,0.10000000000582077,10.00000000014552,exact,stable,2.910383045678664e-11,False,VERIFIED_FROM_FILE,
Unsynchronised V and S Dataset/Uncategorised IOVNB (V and S) Dataset/V-Dataset/V-Vw17.csv,time_of_day_s,True,s,329,0,63853.1,63885.9,32.80000000000291,estimated,True,0,0,0,0,0.10000000000000887,0.09999999999854481,2.917016798568932e-12,0.09999999999854481,0.10000000000582077,0.10000000000582077,10.00000000014552,exact,stable,2.917016798568673e-11,False,VERIFIED_FROM_FILE,
Unsynchronised V and S Dataset/Uncategorised IOVNB (V and S) Dataset/V-Dataset/V-Vw2.csv,time_of_day_s,True,s,52712,0,36944.8,42215.9,5271.0999999999985,estimated,True,0,0,0,0,0.09999999999999998,0.09999999999854481,6.159768233484157e-06,0.0989999999947031,0.10100000000238651,0.10000000000582077,10.00000000014552,exact,stable,6.159768233484158e-05,False,VERIFIED_FROM_FILE,
Unsynchronised V and S Dataset/Uncategorised IOVNB (V and S) Dataset/V-Dataset/V-Vw3.csv,time_of_day_s,True,s,3941,0,42232.0,42626.0,394.0,estimated,True,0,0,0,0,0.1,0.09999999999854481,2.9103830456786644e-12,0.09999999999854481,0.10000000000582077,0.10000000000582077,10.00000000014552,exact,stable,2.910383045678664e-11,False,VERIFIED_FROM_FILE,
Unsynchronised V and S Dataset/Uncategorised IOVNB (V and S) Dataset/V-Dataset/V-Vw4.csv,time_of_day_s,True,s,126573,0,44122.1,56779.3,12657.200000000004,estimated,True,0,0,0,0,0.10000000000000003,0.09999999999854481,5.621615951958631e-06,0.09900000000197906,0.10099999999511056,0.10000000000582077,10.00000000014552,exact,stable,5.6216159519586287e-05,False,VERIFIED_FROM_FILE,
Unsynchronised V and S Dataset/Uncategorised IOVNB (V and S) Dataset/V-Dataset/V-Vw5.csv,time_of_day_s,True,s,1050,0,56790.4,56895.3,104.90000000000146,estimated,True,0,0,0,0,0.1000000000000014,0.09999999999854481,2.911422942680503e-12,0.09999999999854481,0.10000000000582077,0.10000000000582077,10.00000000014552,exact,stable,2.911422942680463e-11,False,VERIFIED_FROM_FILE,
Unsynchronised V and S Dataset/Uncategorised IOVNB (V and S) Dataset/V-Dataset/V-Vw6.csv,time_of_day_s,True,s,1288,0,56903.6,57032.3,128.70000000000437,estimated,True,0,0,0,0,0.10000000000000339,0.09999999999854481,2.91292400086507e-12,0.09999999999854481,0.10000000000582077,0.10000000000582077,10.00000000014552,exact,stable,2.912924000864971e-11,False,VERIFIED_FROM_FILE,
Unsynchronised V and S Dataset/Uncategorised IOVNB (V and S) Dataset/V-Dataset/V-Vw7.csv,time_of_day_s,True,s,1689,0,57468.2,57637.0,168.8000000000029,estimated,True,0,0,0,0,0.10000000000000173,0.09999999999854481,2.911675368471532e-12,0.09999999999854481,0.10000000000582077,0.10000000000582077,10.00000000014552,exact,stable,2.9116753684714816e-11,False,VERIFIED_FROM_FILE,
Unsynchronised V and S Dataset/Uncategorised IOVNB (V and S) Dataset/V-Dataset/V-Vw8.csv,time_of_day_s,True,s,1599,0,57643.1,57802.9,159.8000000000029,estimated,True,0,0,0,0,0.10000000000000182,0.09999999999854481,2.9117481051783115e-12,0.09999999999854481,0.10000000000582077,0.10000000000582077,10.00000000014552,exact,stable,2.9117481051782584e-11,False,VERIFIED_FROM_FILE,
Unsynchronised V and S Dataset/Uncategorised IOVNB (V and S) Dataset/V-Dataset/V-Vw9.csv,time_of_day_s,True,s,601,0,57835.1,57895.1,60.0,estimated,True,0,0,0,0,0.1,0.09999999999854481,2.9103830456786644e-12,0.09999999999854481,0.10000000000582077,0.10000000000582077,10.00000000014552,exact,stable,2.910383045678664e-11,False,VERIFIED_FROM_FILE,
Unsynchronised V and S Dataset/Uncategorised IOVNB (V and S) Dataset/V-Dataset/V-Y1.csv,time_of_day_s,True,s,70341,0,61954.4,69626.8,7672.4000000000015,estimated,True,0,0,0,0,0.10907591697469436,0.09999999999854481,1.7372946146239123,0.09900000001653098,384.6000000000058,0.10000000000582077,10.00000000014552,exact,severely_irregular,15.927389499067562,False,VERIFIED_FROM_FILE,
Unsynchronised V and S Dataset/Uncategorised IOVNB (V and S) Dataset/V-Dataset/V-Y2.csv,time_of_day_s,True,s,57213,0,35349.9,41071.1,5721.199999999997,estimated,True,0,0,0,0,0.09999999999999995,0.09999999999854481,2.910344892366041e-12,0.09999999999854481,0.10000000000582077,0.10000000000582077,10.00000000014552,exact,stable,2.9103448923660424e-11,False,VERIFIED_FROM_FILE,
